id,lemma,root,wazn,form,tense,voice,person,variant,text
001_110,فَعَلَ,فعل,فعَل يفعُل,I,past,active,3ms,1,فَعَلَ
001_110,فَعَلَ,فعل,فعَل يفعُل,I,past,active,3md,1,فَعَلا
001_110,فَعَلَ,فعل,فعَل يفعُل,I,past,active,3mp,1,فَعَلُوا
001_110,فَعَلَ,فعل,فعَل يفعُل,I,past,active,3fs,1,فَعَلَتْ
001_110,فَعَلَ,فعل,فعَل يفعُل,I,past,active,3fd,1,فَعَلَتا
001_110,فَعَلَ,فعل,فعَل يفعُل,I,past,active,3fp,1,فَعَلْنَ
001_110,فَعَلَ,فعل,فعَل يفعُل,I,past,active,2ms,1,فَعَلْتَ
001_110,فَعَلَ,فعل,فعَل يفعُل,I,past,active,2d,1,فَعَلْتُما
001_110,فَعَلَ,فعل,فعَل يفعُل,I,past,active,2mp,1,فَعَلْتُمْ
001_110,فَعَلَ,فعل,فعَل يفعُل,I,past,active,2fs,1,فَعَلْتِ
001_110,فَعَلَ,فعل,فعَل يفعُل,I,past,active,2fp,1,فَعَلْتُنَّ
001_110,فَعَلَ,فعل,فعَل يفعُل,I,past,active,1s,1,فَعَلْتُ
001_110,فَعَلَ,فعل,فعَل يفعُل,I,past,active,1p,1,فَعَلْنا
001_110,فَعَلَ,فعل,فعَل يفعُل,I,past,passive,3ms,1,فُعِلَ
001_110,فَعَلَ,فعل,فعَل يفعُل,I,past,passive,3md,1,فُعِلا
001_110,فَعَلَ,فعل,فعَل يفعُل,I,past,passive,3mp,1,فُعِلُوا
001_110,فَعَلَ,فعل,فعَل يفعُل,I,past,passive,3fs,1,فُعِلَتْ
001_110,فَعَلَ,فعل,فعَل يفعُل,I,past,passive,3fd,1,فُعِلَتا
001_110,فَعَلَ,فعل,فعَل يفعُل,I,past,passive,3fp,1,فُعِلْنَ
001_110,فَعَلَ,فعل,فعَل يفعُل,I,past,passive,2ms,1,فُعِلْتَ
001_110,فَعَلَ,فعل,فعَل يفعُل,I,past,passive,2d,1,فُعِلْتُما
001_110,فَعَلَ,فعل,فعَل يفعُل,I,past,passive,2mp,1,فُعِلْتُمْ
001_110,فَعَلَ,فعل,فعَل يفعُل,I,past,passive,2fs,1,فُعِلْتِ
001_110,فَعَلَ,فعل,فعَل يفعُل,I,past,passive,2fp,1,فُعِلْتُنَّ
001_110,فَعَلَ,فعل,فعَل يفعُل,I,past,passive,1s,1,فُعِلْتُ
001_110,فَعَلَ,فعل,فعَل يفعُل,I,past,passive,1p,1,فُعِلْنا
001_110,فَعَلَ,فعل,فعَل يفعُل,I,indicative,active,3ms,1,يَفْعُلُ
001_110,فَعَلَ,فعل,فعَل يفعُل,I,indicative,active,3md,1,يَفْعُلانِ
001_110,فَعَلَ,فعل,فعَل يفعُل,I,indicative,active,3mp,1,يَفْعُلونَ
001_110,فَعَلَ,فعل,فعَل يفعُل,I,indicative,active,3fs,1,تَفْعُلُ
001_110,فَعَلَ,فعل,فعَل يفعُل,I,indicative,active,3fd,1,تَفْعُلانِ
001_110,فَعَلَ,فعل,فعَل يفعُل,I,indicative,active,3fp,1,يَفْعُلْنَ
001_110,فَعَلَ,فعل,فعَل يفعُل,I,indicative,active,2ms,1,تَفْعُلُ
001_110,فَعَلَ,فعل,فعَل يفعُل,I,indicative,active,2d,1,تَفْعُلانِ
001_110,فَعَلَ,فعل,فعَل يفعُل,I,indicative,active,2mp,1,تَفْعُلونَ
001_110,فَعَلَ,فعل,فعَل يفعُل,I,indicative,active,2fs,1,تَفْعُلينَ
001_110,فَعَلَ,فعل,فعَل يفعُل,I,indicative,active,2fp,1,تَفْعُلْنَ
001_110,فَعَلَ,فعل,فعَل يفعُل,I,indicative,active,1s,1,أَفْعُلُ
001_110,فَعَلَ,فعل,فعَل يفعُل,I,indicative,active,1p,1,نَفْعُلُ
001_110,فَعَلَ,فعل,فعَل يفعُل,I,indicative,passive,3ms,1,يُفْعَلُ
001_110,فَعَلَ,فعل,فعَل يفعُل,I,indicative,passive,3md,1,يُفْعَلانِ
001_110,فَعَلَ,فعل,فعَل يفعُل,I,indicative,passive,3mp,1,يُفْعَلونَ
001_110,فَعَلَ,فعل,فعَل يفعُل,I,indicative,passive,3fs,1,تُفْعَلُ
001_110,فَعَلَ,فعل,فعَل يفعُل,I,indicative,passive,3fd,1,تُفْعَلانِ
001_110,فَعَلَ,فعل,فعَل يفعُل,I,indicative,passive,3fp,1,يُفْعَلْنَ
001_110,فَعَلَ,فعل,فعَل يفعُل,I,indicative,passive,2ms,1,تُفْعَلُ
001_110,فَعَلَ,فعل,فعَل يفعُل,I,indicative,passive,2d,1,تُفْعَلانِ
001_110,فَعَلَ,فعل,فعَل يفعُل,I,indicative,passive,2mp,1,تُفْعَلونَ
001_110,فَعَلَ,فعل,فعَل يفعُل,I,indicative,passive,2fs,1,تُفْعَلينَ
001_110,فَعَلَ,فعل,فعَل يفعُل,I,indicative,passive,2fp,1,تُفْعَلْنَ
001_110,فَعَلَ,فعل,فعَل يفعُل,I,indicative,passive,1s,1,أُفْعَلُ
001_110,فَعَلَ,فعل,فعَل يفعُل,I,indicative,passive,1p,1,نُفْعَلُ
001_110,فَعَلَ,فعل,فعَل يفعُل,I,imperative,active,2ms,1,اُفْعُلْ
001_110,فَعَلَ,فعل,فعَل يفعُل,I,imperative,active,2d,1,اُفْعُلا
001_110,فَعَلَ,فعل,فعَل يفعُل,I,imperative,active,2mp,1,اُفْعُلُوا
001_110,فَعَلَ,فعل,فعَل يفعُل,I,imperative,active,2fs,1,اُفْعُلي
001_110,فَعَلَ,فعل,فعَل يفعُل,I,imperative,active,2fp,1,اُفْعُلْنَ
002_143,رَؤُفَ,رأف,فعُل يفعُل,I,past,active,3ms,1,رَؤُفَ
002_143,رَؤُفَ,رأف,فعُل يفعُل,I,past,active,3md,1,رَؤُفا
002_143,رَؤُفَ,رأف,فعُل يفعُل,I,past,active,3mp,1,رَؤُفُوا
002_143,رَؤُفَ,رأف,فعُل يفعُل,I,past,active,3fs,1,رَؤُفَتْ
002_143,رَؤُفَ,رأف,فعُل يفعُل,I,past,active,3fd,1,رَؤُفَتا
002_143,رَؤُفَ,رأف,فعُل يفعُل,I,past,active,3fp,1,رَؤُفْنَ
002_143,رَؤُفَ,رأف,فعُل يفعُل,I,past,active,2ms,1,رَؤُفْتَ
002_143,رَؤُفَ,رأف,فعُل يفعُل,I,past,active,2d,1,رَؤُفْتُما
002_143,رَؤُفَ,رأف,فعُل يفعُل,I,past,active,2mp,1,رَؤُفْتُمْ
002_143,رَؤُفَ,رأف,فعُل يفعُل,I,past,active,2fs,1,رَؤُفْتِ
002_143,رَؤُفَ,رأف,فعُل يفعُل,I,past,active,2fp,1,رَؤُفْتُنَّ
002_143,رَؤُفَ,رأف,فعُل يفعُل,I,past,active,1s,1,رَؤُفْتُ
002_143,رَؤُفَ,رأف,فعُل يفعُل,I,past,active,1p,1,رَؤُفْنا
002_143,رَؤُفَ,رأف,فعُل يفعُل,I,indicative,active,3ms,1,يَرْؤُفُ
002_143,رَؤُفَ,رأف,فعُل يفعُل,I,indicative,active,3md,1,يَرْؤُفانِ
002_143,رَؤُفَ,رأف,فعُل يفعُل,I,indicative,active,3mp,1,يَرْؤُفُونَ
002_143,رَؤُفَ,رأف,فعُل يفعُل,I,indicative,active,3fs,1,تَرْؤُفُ
002_143,رَؤُفَ,رأف,فعُل يفعُل,I,indicative,active,3fd,1,تَرْؤُفانِ
002_143,رَؤُفَ,رأف,فعُل يفعُل,I,indicative,active,3fp,1,يَرْؤُفْنَ
002_143,رَؤُفَ,رأف,فعُل يفعُل,I,indicative,active,2ms,1,تَرْؤُفُ
002_143,رَؤُفَ,رأف,فعُل يفعُل,I,indicative,active,2d,1,تَرْؤُفانِ
002_143,رَؤُفَ,رأف,فعُل يفعُل,I,indicative,active,2mp,1,تَرْؤُفُونَ
002_143,رَؤُفَ,رأف,فعُل يفعُل,I,indicative,active,2fs,1,تَرْؤُفِينَ
002_143,رَؤُفَ,رأف,فعُل يفعُل,I,indicative,active,2fp,1,تَرْؤُفْنَ
002_143,رَؤُفَ,رأف,فعُل يفعُل,I,indicative,active,1s,1,أَرْؤُفُ
002_143,رَؤُفَ,رأف,فعُل يفعُل,I,indicative,active,1p,1,نَرْؤُفُ
002_143,رَؤُفَ,رأف,فعُل يفعُل,I,imperative,active,2ms,1,اُرْؤُفْ
002_143,رَؤُفَ,رأف,فعُل يفعُل,I,imperative,active,2d,1,اُرْؤُفا
002_143,رَؤُفَ,رأف,فعُل يفعُل,I,imperative,active,2mp,1,اُرْؤُفُوا
002_143,رَؤُفَ,رأف,فعُل يفعُل,I,imperative,active,2fs,1,اُرْؤُفِي
002_143,رَؤُفَ,رأف,فعُل يفعُل,I,imperative,active,2fp,1,اُرْؤُفْنَ
003_143,ضَؤُلَ,ضأل,فعُل يفعُل,I,past,active,3ms,1,ضَؤُلَ
003_143,ضَؤُلَ,ضأل,فعُل يفعُل,I,past,active,3md,1,ضَؤُلا
003_143,ضَؤُلَ,ضأل,فعُل يفعُل,I,past,active,3mp,1,ضَؤُلُوا
003_143,ضَؤُلَ,ضأل,فعُل يفعُل,I,past,active,3fs,1,ضَؤُلَتْ
003_143,ضَؤُلَ,ضأل,فعُل يفعُل,I,past,active,3fd,1,ضَؤُلَتا
003_143,ضَؤُلَ,ضأل,فعُل يفعُل,I,past,active,3fp,1,ضَؤُلْنَ
003_143,ضَؤُلَ,ضأل,فعُل يفعُل,I,past,active,2ms,1,ضَؤُلْتَ
003_143,ضَؤُلَ,ضأل,فعُل يفعُل,I,past,active,2d,1,ضَؤُلْتُما
003_143,ضَؤُلَ,ضأل,فعُل يفعُل,I,past,active,2mp,1,ضَؤُلْتُمْ
003_143,ضَؤُلَ,ضأل,فعُل يفعُل,I,past,active,2fs,1,ضَؤُلْتِ
003_143,ضَؤُلَ,ضأل,فعُل يفعُل,I,past,active,2fp,1,ضَؤُلْتُنَّ
003_143,ضَؤُلَ,ضأل,فعُل يفعُل,I,past,active,1s,1,ضَؤُلْتُ
003_143,ضَؤُلَ,ضأل,فعُل يفعُل,I,past,active,1p,1,ضَؤُلْنا
003_143,ضَؤُلَ,ضأل,فعُل يفعُل,I,indicative,active,3ms,1,يَضْؤُلُ
003_143,ضَؤُلَ,ضأل,فعُل يفعُل,I,indicative,active,3md,1,يَضْؤُلانِ
003_143,ضَؤُلَ,ضأل,فعُل يفعُل,I,indicative,active,3mp,1,يَضْؤُلُونَ
003_143,ضَؤُلَ,ضأل,فعُل يفعُل,I,indicative,active,3fs,1,تَضْؤُلُ
003_143,ضَؤُلَ,ضأل,فعُل يفعُل,I,indicative,active,3fd,1,تَضْؤُلانِ
003_143,ضَؤُلَ,ضأل,فعُل يفعُل,I,indicative,active,3fp,1,يَضْؤُلْنَ
003_143,ضَؤُلَ,ضأل,فعُل يفعُل,I,indicative,active,2ms,1,تَضْؤُلُ
003_143,ضَؤُلَ,ضأل,فعُل يفعُل,I,indicative,active,2d,1,تَضْؤُلانِ
003_143,ضَؤُلَ,ضأل,فعُل يفعُل,I,indicative,active,2mp,1,تَضْؤُلُونَ
003_143,ضَؤُلَ,ضأل,فعُل يفعُل,I,indicative,active,2fs,1,تَضْؤُلِينَ
003_143,ضَؤُلَ,ضأل,فعُل يفعُل,I,indicative,active,2fp,1,تَضْؤُلْنَ
003_143,ضَؤُلَ,ضأل,فعُل يفعُل,I,indicative,active,1s,1,أَضْؤُلُ
003_143,ضَؤُلَ,ضأل,فعُل يفعُل,I,indicative,active,1p,1,نَضْؤُلُ
003_143,ضَؤُلَ,ضأل,فعُل يفعُل,I,imperative,active,2ms,1,اُضْؤُلْ
003_143,ضَؤُلَ,ضأل,فعُل يفعُل,I,imperative,active,2d,1,اُضْؤُلا
003_143,ضَؤُلَ,ضأل,فعُل يفعُل,I,imperative,active,2mp,1,اُضْؤُلُوا
003_143,ضَؤُلَ,ضأل,فعُل يفعُل,I,imperative,active,2fs,1,اُضْؤُلِي
003_143,ضَؤُلَ,ضأل,فعُل يفعُل,I,imperative,active,2fp,1,اُضْؤُلْنَ
004_212,آخَذَ,أخذ,فاعل,III,past,active,3ms,1,آخَذَ
004_212,آخَذَ,أخذ,فاعل,III,past,active,3md,1,آخَذا
004_212,آخَذَ,أخذ,فاعل,III,past,active,3mp,1,آخَذوا
004_212,آخَذَ,أخذ,فاعل,III,past,active,3fs,1,آخَذَتْ
004_212,آخَذَ,أخذ,فاعل,III,past,active,3fd,1,آخَذَتا
004_212,آخَذَ,أخذ,فاعل,III,past,active,3fp,1,آخَذْنَ
004_212,آخَذَ,أخذ,فاعل,III,past,active,2ms,1,آخَذْتَ
004_212,آخَذَ,أخذ,فاعل,III,past,active,2d,1,آخَذْتُما
004_212,آخَذَ,أخذ,فاعل,III,past,active,2mp,1,آخَذْتُمْ
004_212,آخَذَ,أخذ,فاعل,III,past,active,2fs,1,آخَذْتِ
004_212,آخَذَ,أخذ,فاعل,III,past,active,2fp,1,آخَذْتُنَّ
004_212,آخَذَ,أخذ,فاعل,III,past,active,1s,1,آخَذْتُ
004_212,آخَذَ,أخذ,فاعل,III,past,active,1p,1,آخَذْنا
004_212,آخَذَ,أخذ,فاعل,III,indicative,active,3ms,1,يُؤَاخِذُ
004_212,آخَذَ,أخذ,فاعل,III,indicative,active,3md,1,يُؤَاخِذانِ
004_212,آخَذَ,أخذ,فاعل,III,indicative,active,3mp,1,يُؤَاخِذونَ
004_212,آخَذَ,أخذ,فاعل,III,indicative,active,3fs,1,تُؤَاخِذُ
004_212,آخَذَ,أخذ,فاعل,III,indicative,active,3fd,1,تُؤَاخِذانِ
004_212,آخَذَ,أخذ,فاعل,III,indicative,active,3fp,1,يُؤَاخِذْنَ
004_212,آخَذَ,أخذ,فاعل,III,indicative,active,2ms,1,تُؤَاخِذُ
004_212,آخَذَ,أخذ,فاعل,III,indicative,active,2d,1,تُؤَاخِذانِ
004_212,آخَذَ,أخذ,فاعل,III,indicative,active,2mp,1,تُؤَاخِذونَ
004_212,آخَذَ,أخذ,فاعل,III,indicative,active,2fs,1,تُؤَاخِذينَ
004_212,آخَذَ,أخذ,فاعل,III,indicative,active,2fp,1,تُؤَاخِذْنَ
004_212,آخَذَ,أخذ,فاعل,III,indicative,active,1s,1,أُؤَاخِذُ
004_212,آخَذَ,أخذ,فاعل,III,indicative,active,1p,1,نُؤَاخِذُ
004_212,آخَذَ,أخذ,فاعل,III,imperative,active,2ms,1,آخِذْ
004_212,آخَذَ,أخذ,فاعل,III,imperative,active,2d,1,آخِذا
004_212,آخَذَ,أخذ,فاعل,III,imperative,active,2mp,1,آخِذوا
004_212,آخَذَ,أخذ,فاعل,III,imperative,active,2fs,1,آخِذي
004_212,آخَذَ,أخذ,فاعل,III,imperative,active,2fp,1,آخِذْنَ
005_260,اِدَّعَمَ,دعم,افتعل,VIII,past,active,3ms,1,اِدَّعَمَ
005_260,اِدَّعَمَ,دعم,افتعل,VIII,past,active,3md,1,اِدَّعَما
005_260,اِدَّعَمَ,دعم,افتعل,VIII,past,active,3mp,1,اِدَّعَمُوا
005_260,اِدَّعَمَ,دعم,افتعل,VIII,past,active,3fs,1,اِدَّعَمَتْ
005_260,اِدَّعَمَ,دعم,افتعل,VIII,past,active,3fd,1,اِدَّعَمَتا
005_260,اِدَّعَمَ,دعم,افتعل,VIII,past,active,3fp,1,اِدَّعَمْنَ
005_260,اِدَّعَمَ,دعم,افتعل,VIII,past,active,2ms,1,اِدَّعَمْتَ
005_260,اِدَّعَمَ,دعم,افتعل,VIII,past,active,2d,1,اِدَّعَمْتُما
005_260,اِدَّعَمَ,دعم,افتعل,VIII,past,active,2mp,1,اِدَّعَمْتُمْ
005_260,اِدَّعَمَ,دعم,افتعل,VIII,past,active,2fs,1,اِدَّعَمْتِ
005_260,اِدَّعَمَ,دعم,افتعل,VIII,past,active,2fp,1,اِدَّعَمْتُنَّ
005_260,اِدَّعَمَ,دعم,افتعل,VIII,past,active,1s,1,اِدَّعَمْتُ
005_260,اِدَّعَمَ,دعم,افتعل,VIII,past,active,1p,1,اِدَّعَمْنا
005_260,اِدَّعَمَ,دعم,افتعل,VIII,indicative,active,3ms,1,يَدَّعِمُ
005_260,اِدَّعَمَ,دعم,افتعل,VIII,indicative,active,3md,1,يَدَّعِمانِ
005_260,اِدَّعَمَ,دعم,افتعل,VIII,indicative,active,3mp,1,يَدَّعِمونَ
005_260,اِدَّعَمَ,دعم,افتعل,VIII,indicative,active,3fs,1,تَدَّعِمُ
005_260,اِدَّعَمَ,دعم,افتعل,VIII,indicative,active,3fd,1,تَدَّعِمانِ
005_260,اِدَّعَمَ,دعم,افتعل,VIII,indicative,active,3fp,1,يَدَّعِمْنَ
005_260,اِدَّعَمَ,دعم,افتعل,VIII,indicative,active,2ms,1,تَدَّعِمُ
005_260,اِدَّعَمَ,دعم,افتعل,VIII,indicative,active,2d,1,تَدَّعِمانِ
005_260,اِدَّعَمَ,دعم,افتعل,VIII,indicative,active,2mp,1,تَدَّعِمونَ
005_260,اِدَّعَمَ,دعم,افتعل,VIII,indicative,active,2fs,1,تَدَّعِمينَ
005_260,اِدَّعَمَ,دعم,افتعل,VIII,indicative,active,2fp,1,تَدَّعِمْنَ
005_260,اِدَّعَمَ,دعم,افتعل,VIII,indicative,active,1s,1,أَدَّعِمُ
005_260,اِدَّعَمَ,دعم,افتعل,VIII,indicative,active,1p,1,نَدَّعِمُ
005_260,اِدَّعَمَ,دعم,افتعل,VIII,imperative,active,2ms,1,اِدَّعِمْ
005_260,اِدَّعَمَ,دعم,افتعل,VIII,imperative,active,2d,1,اِدَّعِما
005_260,اِدَّعَمَ,دعم,افتعل,VIII,imperative,active,2mp,1,اِدَّعِمُوا
005_260,اِدَّعَمَ,دعم,افتعل,VIII,imperative,active,2fs,1,اِدَّعِمي
005_260,اِدَّعَمَ,دعم,افتعل,VIII,imperative,active,2fp,1,اِدَّعِمْنَ
006_114,هَنَأَ,هنأ,فعَل يفعُل,I,past,active,3ms,1,هَنَأَ
006_114,هَنَأَ,هنأ,فعَل يفعُل,I,past,active,3md,1,هَنَآ
006_114,هَنَأَ,هنأ,فعَل يفعُل,I,past,active,3mp,1,هَنَؤُوا
006_114,هَنَأَ,هنأ,فعَل يفعُل,I,past,active,3fs,1,هَنَأَتْ
006_114,هَنَأَ,هنأ,فعَل يفعُل,I,past,active,3fd,1,هَنَأَتا
006_114,هَنَأَ,هنأ,فعَل يفعُل,I,past,active,3fp,1,هَنَأْنَ
006_114,هَنَأَ,هنأ,فعَل يفعُل,I,past,active,2ms,1,هَنَأْتَ
006_114,هَنَأَ,هنأ,فعَل يفعُل,I,past,active,2d,1,هَنَأْتُما
006_114,هَنَأَ,هنأ,فعَل يفعُل,I,past,active,2mp,1,هَنَأْتُمْ
006_114,هَنَأَ,هنأ,فعَل يفعُل,I,past,active,2fs,1,هَنَأْتِ
006_114,هَنَأَ,هنأ,فعَل يفعُل,I,past,active,2fp,1,هَنَأْتُنَّ
006_114,هَنَأَ,هنأ,فعَل يفعُل,I,past,active,1s,1,هَنَأْتُ
006_114,هَنَأَ,هنأ,فعَل يفعُل,I,past,active,1p,1,هَنَأْنا
006_114,هَنَأَ,هنأ,فعَل يفعُل,I,past,passive,3ms,1,هُنِئَ
006_114,هَنَأَ,هنأ,فعَل يفعُل,I,past,passive,3md,1,هُنِئا
006_114,هَنَأَ,هنأ,فعَل يفعُل,I,past,passive,3mp,1,هُنِئُوا
006_114,هَنَأَ,هنأ,فعَل يفعُل,I,past,passive,3fs,1,هُنِئَتْ
006_114,هَنَأَ,هنأ,فعَل يفعُل,I,past,passive,3fd,1,هُنِئَتا
006_114,هَنَأَ,هنأ,فعَل يفعُل,I,past,passive,3fp,1,هُنِئْنَ
006_114,هَنَأَ,هنأ,فعَل يفعُل,I,past,passive,2ms,1,هُنِئْتَ
006_114,هَنَأَ,هنأ,فعَل يفعُل,I,past,passive,2d,1,هُنِئْتُما
006_114,هَنَأَ,هنأ,فعَل يفعُل,I,past,passive,2mp,1,هُنِئْتُمْ
006_114,هَنَأَ,هنأ,فعَل يفعُل,I,past,passive,2fs,1,هُنِئْتِ
006_114,هَنَأَ,هنأ,فعَل يفعُل,I,past,passive,2fp,1,هُنِئْتُنَّ
006_114,هَنَأَ,هنأ,فعَل يفعُل,I,past,passive,1s,1,هُنِئْتُ
006_114,هَنَأَ,هنأ,فعَل يفعُل,I,past,passive,1p,1,هُنِئْنا
006_114,هَنَأَ,هنأ,فعَل يفعُل,I,indicative,active,3ms,1,يَهْنُؤُ
006_114,هَنَأَ,هنأ,فعَل يفعُل,I,indicative,active,3md,1,يَهْنُؤَانِ
006_114,هَنَأَ,هنأ,فعَل يفعُل,I,indicative,active,3mp,1,يَهْنُؤُونَ
006_114,هَنَأَ,هنأ,فعَل يفعُل,I,indicative,active,3fs,1,تَهْنُؤُ
006_114,هَنَأَ,هنأ,فعَل يفعُل,I,indicative,active,3fd,1,تَهْنُؤَانِ
006_114,هَنَأَ,هنأ,فعَل يفعُل,I,indicative,active,3fp,1,يَهْنُؤْنَ
006_114,هَنَأَ,هنأ,فعَل يفعُل,I,indicative,active,2ms,1,تَهْنُؤُ
006_114,هَنَأَ,هنأ,فعَل يفعُل,I,indicative,active,2d,1,تَهْنُؤَانِ
006_114,هَنَأَ,هنأ,فعَل يفعُل,I,indicative,active,2mp,1,تَهْنُؤُونَ
006_114,هَنَأَ,هنأ,فعَل يفعُل,I,indicative,active,2fs,1,تَهْنُئِينَ
006_114,هَنَأَ,هنأ,فعَل يفعُل,I,indicative,active,2fp,1,تَهْنُؤْنَ
006_114,هَنَأَ,هنأ,فعَل يفعُل,I,indicative,active,1s,1,أَهْنُؤُ
006_114,هَنَأَ,هنأ,فعَل يفعُل,I,indicative,active,1p,1,نَهْنُؤُ
006_114,هَنَأَ,هنأ,فعَل يفعُل,I,indicative,passive,3ms,1,يُهْنَأُ
006_114,هَنَأَ,هنأ,فعَل يفعُل,I,indicative,passive,3md,1,يُهْنَآنِ
006_114,هَنَأَ,هنأ,فعَل يفعُل,I,indicative,passive,3mp,1,يُهْنَؤُونَ
006_114,هَنَأَ,هنأ,فعَل يفعُل,I,indicative,passive,3fs,1,تُهْنَأُ
006_114,هَنَأَ,هنأ,فعَل يفعُل,I,indicative,passive,3fd,1,تُهْنَآنِ
006_114,هَنَأَ,هنأ,فعَل يفعُل,I,indicative,passive,3fp,1,يُهْنَأْنَ
006_114,هَنَأَ,هنأ,فعَل يفعُل,I,indicative,passive,2ms,1,تُهْنَأُ
006_114,هَنَأَ,هنأ,فعَل يفعُل,I,indicative,passive,2d,1,تُهْنَآنِ
006_114,هَنَأَ,هنأ,فعَل يفعُل,I,indicative,passive,2mp,1,تُهْنَؤُونَ
006_114,هَنَأَ,هنأ,فعَل يفعُل,I,indicative,passive,2fs,1,تُهْنَئِينَ
006_114,هَنَأَ,هنأ,فعَل يفعُل,I,indicative,passive,2fp,1,تُهْنَأْنَ
006_114,هَنَأَ,هنأ,فعَل يفعُل,I,indicative,passive,1s,1,أُهْنَأُ
006_114,هَنَأَ,هنأ,فعَل يفعُل,I,indicative,passive,1p,1,نُهْنَأُ
006_114,هَنَأَ,هنأ,فعَل يفعُل,I,imperative,active,2ms,1,اُهْنُؤْ
006_114,هَنَأَ,هنأ,فعَل يفعُل,I,imperative,active,2d,1,اُهْنُؤَا
006_114,هَنَأَ,هنأ,فعَل يفعُل,I,imperative,active,2mp,1,اُهْنُؤُوا
006_114,هَنَأَ,هنأ,فعَل يفعُل,I,imperative,active,2fs,1,اُهْنُئِي
006_114,هَنَأَ,هنأ,فعَل يفعُل,I,imperative,active,2fp,1,اُهْنُؤْنَ
007_117,دَعا,دعو,فعَل يفعُل,I,past,active,3ms,1,دَعا
007_117,دَعا,دعو,فعَل يفعُل,I,past,active,3md,1,دَعَوَا
007_117,دَعا,دعو,فعَل يفعُل,I,past,active,3mp,1,دَعَوْا
007_117,دَعا,دعو,فعَل يفعُل,I,past,active,3fs,1,دَعَتْ
007_117,دَعا,دعو,فعَل يفعُل,I,past,active,3fd,1,دَعَتا
007_117,دَعا,دعو,فعَل يفعُل,I,past,active,3fp,1,دَعَوْنَ
007_117,دَعا,دعو,فعَل يفعُل,I,past,active,2ms,1,دَعَوْتَ
007_117,دَعا,دعو,فعَل يفعُل,I,past,active,2d,1,دَعَوْتُما
007_117,دَعا,دعو,فعَل يفعُل,I,past,active,2mp,1,دَعَوْتُمْ
007_117,دَعا,دعو,فعَل يفعُل,I,past,active,2fs,1,دَعَوْتِ
007_117,دَعا,دعو,فعَل يفعُل,I,past,active,2fp,1,دَعَوْتُنَّ
007_117,دَعا,دعو,فعَل يفعُل,I,past,active,1s,1,دَعَوْتُ
007_117,دَعا,دعو,فعَل يفعُل,I,past,active,1p,1,دَعَوْنا
007_117,دَعا,دعو,فعَل يفعُل,I,past,passive,3ms,1,دُعِيَ
007_117,دَعا,دعو,فعَل يفعُل,I,past,passive,3md,1,دُعِيا
007_117,دَعا,دعو,فعَل يفعُل,I,past,passive,3mp,1,دُعُوا
007_117,دَعا,دعو,فعَل يفعُل,I,past,passive,3fs,1,دُعِيَتْ
007_117,دَعا,دعو,فعَل يفعُل,I,past,passive,3fd,1,دُعِيَتا
007_117,دَعا,دعو,فعَل يفعُل,I,past,passive,3fp,1,دُعِينَ
007_117,دَعا,دعو,فعَل يفعُل,I,past,passive,2ms,1,دُعِيتَ
007_117,دَعا,دعو,فعَل يفعُل,I,past,passive,2d,1,دُعِيتُما
007_117,دَعا,دعو,فعَل يفعُل,I,past,passive,2mp,1,دُعِيتُمْ
007_117,دَعا,دعو,فعَل يفعُل,I,past,passive,2fs,1,دُعِيتِ
007_117,دَعا,دعو,فعَل يفعُل,I,past,passive,2fp,1,دُعِيتُنَّ
007_117,دَعا,دعو,فعَل يفعُل,I,past,passive,1s,1,دُعِيتُ
007_117,دَعا,دعو,فعَل يفعُل,I,past,passive,1p,1,دُعِينا
007_117,دَعا,دعو,فعَل يفعُل,I,indicative,active,3ms,1,يَدْعُو
007_117,دَعا,دعو,فعَل يفعُل,I,indicative,active,3md,1,يَدْعُوَانِ
007_117,دَعا,دعو,فعَل يفعُل,I,indicative,active,3mp,1,يَدْعُونَ
007_117,دَعا,دعو,فعَل يفعُل,I,indicative,active,3fs,1,تَدْعُو
007_117,دَعا,دعو,فعَل يفعُل,I,indicative,active,3fd,1,تَدْعُوَانِ
007_117,دَعا,دعو,فعَل يفعُل,I,indicative,active,3fp,1,يَدْعُونَ
007_117,دَعا,دعو,فعَل يفعُل,I,indicative,active,2ms,1,تَدْعُو
007_117,دَعا,دعو,فعَل يفعُل,I,indicative,active,2d,1,تَدْعُوَانِ
007_117,دَعا,دعو,فعَل يفعُل,I,indicative,active,2mp,1,تَدْعُونَ
007_117,دَعا,دعو,فعَل يفعُل,I,indicative,active,2fs,1,تَدْعِينَ
007_117,دَعا,دعو,فعَل يفعُل,I,indicative,active,2fp,1,تَدْعُونَ
007_117,دَعا,دعو,فعَل يفعُل,I,indicative,active,1s,1,أَدْعُو
007_117,دَعا,دعو,فعَل يفعُل,I,indicative,active,1p,1,نَدْعُو
007_117,دَعا,دعو,فعَل يفعُل,I,indicative,passive,3ms,1,يُدْعَى
007_117,دَعا,دعو,فعَل يفعُل,I,indicative,passive,3md,1,يُدْعَيَانِ
007_117,دَعا,دعو,فعَل يفعُل,I,indicative,passive,3mp,1,يُدْعَوْنَ
007_117,دَعا,دعو,فعَل يفعُل,I,indicative,passive,3fs,1,تُدْعَى
007_117,دَعا,دعو,فعَل يفعُل,I,indicative,passive,3fd,1,تُدْعَيَانِ
007_117,دَعا,دعو,فعَل يفعُل,I,indicative,passive,3fp,1,يُدْعَيْنَ
007_117,دَعا,دعو,فعَل يفعُل,I,indicative,passive,2ms,1,تُدْعَى
007_117,دَعا,دعو,فعَل يفعُل,I,indicative,passive,2d,1,تُدْعَيَانِ
007_117,دَعا,دعو,فعَل يفعُل,I,indicative,passive,2mp,1,تُدْعَوْنَ
007_117,دَعا,دعو,فعَل يفعُل,I,indicative,passive,2fs,1,تُدْعَيْنَ
007_117,دَعا,دعو,فعَل يفعُل,I,indicative,passive,2fp,1,تُدْعَيْنَ
007_117,دَعا,دعو,فعَل يفعُل,I,indicative,passive,1s,1,أُدْعَى
007_117,دَعا,دعو,فعَل يفعُل,I,indicative,passive,1p,1,نُدْعَى
007_117,دَعا,دعو,فعَل يفعُل,I,imperative,active,2ms,1,اُدْعُ
007_117,دَعا,دعو,فعَل يفعُل,I,imperative,active,2d,1,اُدْعُوَا
007_117,دَعا,دعو,فعَل يفعُل,I,imperative,active,2mp,1,اُدْعُوا
007_117,دَعا,دعو,فعَل يفعُل,I,imperative,active,2fs,1,اُدْعِي
007_117,دَعا,دعو,فعَل يفعُل,I,imperative,active,2fp,1,اُدْعُونَ
008_146,هَيُؤَ,هيأ,فعُل يفعُل,I,past,active,3ms,1,هَيُؤَ
008_146,هَيُؤَ,هيأ,فعُل يفعُل,I,past,active,3md,1,هَيُؤَا
008_146,هَيُؤَ,هيأ,فعُل يفعُل,I,past,active,3mp,1,هَيُؤُوا
008_146,هَيُؤَ,هيأ,فعُل يفعُل,I,past,active,3fs,1,هَيُؤَتْ
008_146,هَيُؤَ,هيأ,فعُل يفعُل,I,past,active,3fd,1,هَيُؤَتا
008_146,هَيُؤَ,هيأ,فعُل يفعُل,I,past,active,3fp,1,هَيُؤْنَ
008_146,هَيُؤَ,هيأ,فعُل يفعُل,I,past,active,2ms,1,هَيُؤْتَ
008_146,هَيُؤَ,هيأ,فعُل يفعُل,I,past,active,2d,1,هَيُؤْتُما
008_146,هَيُؤَ,هيأ,فعُل يفعُل,I,past,active,2mp,1,هَيُؤْتُمْ
008_146,هَيُؤَ,هيأ,فعُل يفعُل,I,past,active,2fs,1,هَيُؤْتِ
008_146,هَيُؤَ,هيأ,فعُل يفعُل,I,past,active,2fp,1,هَيُؤْتُنَّ
008_146,هَيُؤَ,هيأ,فعُل يفعُل,I,past,active,1s,1,هَيُؤْتُ
008_146,هَيُؤَ,هيأ,فعُل يفعُل,I,past,active,1p,1,هَيُؤْنا
008_146,هَيُؤَ,هيأ,فعُل يفعُل,I,indicative,active,3ms,1,يَهْيُؤُ
008_146,هَيُؤَ,هيأ,فعُل يفعُل,I,indicative,active,3md,1,يَهْيُؤَانِ
008_146,هَيُؤَ,هيأ,فعُل يفعُل,I,indicative,active,3mp,1,يَهْيُؤُونَ
008_146,هَيُؤَ,هيأ,فعُل يفعُل,I,indicative,active,3fs,1,تَهْيُؤُ
008_146,هَيُؤَ,هيأ,فعُل يفعُل,I,indicative,active,3fd,1,تَهْيُؤَانِ
008_146,هَيُؤَ,هيأ,فعُل يفعُل,I,indicative,active,3fp,1,يَهْيُؤْنَ
008_146,هَيُؤَ,هيأ,فعُل يفعُل,I,indicative,active,2ms,1,تَهْيُؤُ
008_146,هَيُؤَ,هيأ,فعُل يفعُل,I,indicative,active,2d,1,تَهْيُؤَانِ
008_146,هَيُؤَ,هيأ,فعُل يفعُل,I,indicative,active,2mp,1,تَهْيُؤُونَ
008_146,هَيُؤَ,هيأ,فعُل يفعُل,I,indicative,active,2fs,1,تَهْيُئِينَ
008_146,هَيُؤَ,هيأ,فعُل يفعُل,I,indicative,active,2fp,1,تَهْيُؤْنَ
008_146,هَيُؤَ,هيأ,فعُل يفعُل,I,indicative,active,1s,1,أَهْيُؤُ
008_146,هَيُؤَ,هيأ,فعُل يفعُل,I,indicative,active,1p,1,نَهْيُؤُ
008_146,هَيُؤَ,هيأ,فعُل يفعُل,I,imperative,active,2ms,1,اُهْيُؤْ
008_146,هَيُؤَ,هيأ,فعُل يفعُل,I,imperative,active,2d,1,اُهْيُؤَا
008_146,هَيُؤَ,هيأ,فعُل يفعُل,I,imperative,active,2mp,1,اُهْيُؤُوا
008_146,هَيُؤَ,هيأ,فعُل يفعُل,I,imperative,active,2fs,1,اُهْيُئِي
008_146,هَيُؤَ,هيأ,فعُل يفعُل,I,imperative,active,2fp,1,اُهْيُؤْنَ
009_128,وَفَى,وفي,فعَل يفعِل,I,past,active,3ms,1,وَفَى
009_128,وَفَى,وفي,فعَل يفعِل,I,past,active,3md,1,وَفَيا
009_128,وَفَى,وفي,فعَل يفعِل,I,past,active,3mp,1,وَفَوْا
009_128,وَفَى,وفي,فعَل يفعِل,I,past,active,3fs,1,وَفَتْ
009_128,وَفَى,وفي,فعَل يفعِل,I,past,active,3fd,1,وَفَتا
009_128,وَفَى,وفي,فعَل يفعِل,I,past,active,3fp,1,وَفَيْنَ
009_128,وَفَى,وفي,فعَل يفعِل,I,past,active,2ms,1,وَفَيْتَ
009_128,وَفَى,وفي,فعَل يفعِل,I,past,active,2d,1,وَفَيْتُما
009_128,وَفَى,وفي,فعَل يفعِل,I,past,active,2mp,1,وَفَيْتُمْ
009_128,وَفَى,وفي,فعَل يفعِل,I,past,active,2fs,1,وَفَيْتِ
009_128,وَفَى,وفي,فعَل يفعِل,I,past,active,2fp,1,وَفَيْتُنَّ
009_128,وَفَى,وفي,فعَل يفعِل,I,past,active,1s,1,وَفَيْتُ
009_128,وَفَى,وفي,فعَل يفعِل,I,past,active,1p,1,وَفَيْنا
009_128,وَفَى,وفي,فعَل يفعِل,I,past,passive,3ms,1,وُفِيَ
009_128,وَفَى,وفي,فعَل يفعِل,I,past,passive,3md,1,وُفِيا
009_128,وَفَى,وفي,فعَل يفعِل,I,past,passive,3mp,1,وُفُوا
009_128,وَفَى,وفي,فعَل يفعِل,I,past,passive,3fs,1,وُفِيَتْ
009_128,وَفَى,وفي,فعَل يفعِل,I,past,passive,3fd,1,وُفِيَتا
009_128,وَفَى,وفي,فعَل يفعِل,I,past,passive,3fp,1,وُفِينَ
009_128,وَفَى,وفي,فعَل يفعِل,I,past,passive,2ms,1,وُفِيتَ
009_128,وَفَى,وفي,فعَل يفعِل,I,past,passive,2d,1,وُفِيتُما
009_128,وَفَى,وفي,فعَل يفعِل,I,past,passive,2mp,1,وُفِيتُمْ
009_128,وَفَى,وفي,فعَل يفعِل,I,past,passive,2fs,1,وُفِيتِ
009_128,وَفَى,وفي,فعَل يفعِل,I,past,passive,2fp,1,وُفِيتُنَّ
009_128,وَفَى,وفي,فعَل يفعِل,I,past,passive,1s,1,وُفِيتُ
009_128,وَفَى,وفي,فعَل يفعِل,I,past,passive,1p,1,وُفِينا
009_128,وَفَى,وفي,فعَل يفعِل,I,indicative,active,3ms,1,يَفِي
009_128,وَفَى,وفي,فعَل يفعِل,I,indicative,active,3md,1,يَفِيانِ
009_128,وَفَى,وفي,فعَل يفعِل,I,indicative,active,3mp,1,يَفُونَ
009_128,وَفَى,وفي,فعَل يفعِل,I,indicative,active,3fs,1,تَفِي
009_128,وَفَى,وفي,فعَل يفعِل,I,indicative,active,3fd,1,تَفِيانِ
009_128,وَفَى,وفي,فعَل يفعِل,I,indicative,active,3fp,1,يَفِينَ
009_128,وَفَى,وفي,فعَل يفعِل,I,indicative,active,2ms,1,تَفِي
009_128,وَفَى,وفي,فعَل يفعِل,I,indicative,active,2d,1,تَفِيانِ
009_128,وَفَى,وفي,فعَل يفعِل,I,indicative,active,2mp,1,تَفُونَ
009_128,وَفَى,وفي,فعَل يفعِل,I,indicative,active,2fs,1,تَفِينَ
009_128,وَفَى,وفي,فعَل يفعِل,I,indicative,active,2fp,1,تَفِينَ
009_128,وَفَى,وفي,فعَل يفعِل,I,indicative,active,1s,1,أَفِي
009_128,وَفَى,وفي,فعَل يفعِل,I,indicative,active,1p,1,نَفِي
009_128,وَفَى,وفي,فعَل يفعِل,I,indicative,passive,3ms,1,يُوفَى
009_128,وَفَى,وفي,فعَل يفعِل,I,indicative,passive,3md,1,يُوفَيانِ
009_128,وَفَى,وفي,فعَل يفعِل,I,indicative,passive,3mp,1,يُوفَوْنَ
009_128,وَفَى,وفي,فعَل يفعِل,I,indicative,passive,3fs,1,تُوفَى
009_128,وَفَى,وفي,فعَل يفعِل,I,indicative,passive,3fd,1,تُوفَيانِ
009_128,وَفَى,وفي,فعَل يفعِل,I,indicative,passive,3fp,1,يُوفَيْنَ
009_128,وَفَى,وفي,فعَل يفعِل,I,indicative,passive,2ms,1,تُوفَى
009_128,وَفَى,وفي,فعَل يفعِل,I,indicative,passive,2d,1,تُوفَيانِ
009_128,وَفَى,وفي,فعَل يفعِل,I,indicative,passive,2mp,1,تُوفَوْنَ
009_128,وَفَى,وفي,فعَل يفعِل,I,indicative,passive,2fs,1,تُوفَيْنَ
009_128,وَفَى,وفي,فعَل يفعِل,I,indicative,passive,2fp,1,تُوفَيْنَ
009_128,وَفَى,وفي,فعَل يفعِل,I,indicative,passive,1s,1,أُوفَى
009_128,وَفَى,وفي,فعَل يفعِل,I,indicative,passive,1p,1,نُوفَى
009_128,وَفَى,وفي,فعَل يفعِل,I,imperative,active,2ms,1,فِ
009_128,وَفَى,وفي,فعَل يفعِل,I,imperative,active,2d,1,فِيا
009_128,وَفَى,وفي,فعَل يفعِل,I,imperative,active,2mp,1,فُوا
009_128,وَفَى,وفي,فعَل يفعِل,I,imperative,active,2fs,1,فِي
009_128,وَفَى,وفي,فعَل يفعِل,I,imperative,active,2fp,1,فِينَ
010_168,وَلِيَ,ولي,فعِل يفعِل,I,past,active,3ms,1,وَلِيَ
010_168,وَلِيَ,ولي,فعِل يفعِل,I,past,active,3md,1,وَلِيا
010_168,وَلِيَ,ولي,فعِل يفعِل,I,past,active,3mp,1,وَلُوا
010_168,وَلِيَ,ولي,فعِل يفعِل,I,past,active,3fs,1,وَلِيَتْ
010_168,وَلِيَ,ولي,فعِل يفعِل,I,past,active,3fd,1,وَلِيَتا
010_168,وَلِيَ,ولي,فعِل يفعِل,I,past,active,3fp,1,وَلِينَ
010_168,وَلِيَ,ولي,فعِل يفعِل,I,past,active,2ms,1,وَلِيتَ
010_168,وَلِيَ,ولي,فعِل يفعِل,I,past,active,2d,1,وَلِيتُما
010_168,وَلِيَ,ولي,فعِل يفعِل,I,past,active,2mp,1,وَلِيتُمْ
010_168,وَلِيَ,ولي,فعِل يفعِل,I,past,active,2fs,1,وَلِيتِ
010_168,وَلِيَ,ولي,فعِل يفعِل,I,past,active,2fp,1,وَلِيتُنَّ
010_168,وَلِيَ,ولي,فعِل يفعِل,I,past,active,1s,1,وَلِيتُ
010_168,وَلِيَ,ولي,فعِل يفعِل,I,past,active,1p,1,وَلِينا
010_168,وَلِيَ,ولي,فعِل يفعِل,I,past,passive,3ms,1,وُلِيَ
010_168,وَلِيَ,ولي,فعِل يفعِل,I,past,passive,3md,1,وُلِيا
010_168,وَلِيَ,ولي,فعِل يفعِل,I,past,passive,3mp,1,وُلُوا
010_168,وَلِيَ,ولي,فعِل يفعِل,I,past,passive,3fs,1,وُلِيَتْ
010_168,وَلِيَ,ولي,فعِل يفعِل,I,past,passive,3fd,1,وُلِيَتا
010_168,وَلِيَ,ولي,فعِل يفعِل,I,past,passive,3fp,1,وُلِينَ
010_168,وَلِيَ,ولي,فعِل يفعِل,I,past,passive,2ms,1,وُلِيتَ
010_168,وَلِيَ,ولي,فعِل يفعِل,I,past,passive,2d,1,وُلِيتُما
010_168,وَلِيَ,ولي,فعِل يفعِل,I,past,passive,2mp,1,وُلِيتُمْ
010_168,وَلِيَ,ولي,فعِل يفعِل,I,past,passive,2fs,1,وُلِيتِ
010_168,وَلِيَ,ولي,فعِل يفعِل,I,past,passive,2fp,1,وُلِيتُنَّ
010_168,وَلِيَ,ولي,فعِل يفعِل,I,past,passive,1s,1,وُلِيتُ
010_168,وَلِيَ,ولي,فعِل يفعِل,I,past,passive,1p,1,وُلِينا
010_168,وَلِيَ,ولي,فعِل يفعِل,I,indicative,active,3ms,1,يَلِي
010_168,وَلِيَ,ولي,فعِل يفعِل,I,indicative,active,3md,1,يَلِيانِ
010_168,وَلِيَ,ولي,فعِل يفعِل,I,indicative,active,3mp,1,يَلُونَ
010_168,وَلِيَ,ولي,فعِل يفعِل,I,indicative,active,3fs,1,تَلِي
010_168,وَلِيَ,ولي,فعِل يفعِل,I,indicative,active,3fd,1,تَلِيانِ
010_168,وَلِيَ,ولي,فعِل يفعِل,I,indicative,active,3fp,1,يَلِينَ
010_168,وَلِيَ,ولي,فعِل يفعِل,I,indicative,active,2ms,1,تَلِي
010_168,وَلِيَ,ولي,فعِل يفعِل,I,indicative,active,2d,1,تَلِيانِ
010_168,وَلِيَ,ولي,فعِل يفعِل,I,indicative,active,2mp,1,تَلُونَ
010_168,وَلِيَ,ولي,فعِل يفعِل,I,indicative,active,2fs,1,تَلِينَ
010_168,وَلِيَ,ولي,فعِل يفعِل,I,indicative,active,2fp,1,تَلِينَ
010_168,وَلِيَ,ولي,فعِل يفعِل,I,indicative,active,1s,1,أَلِي
010_168,وَلِيَ,ولي,فعِل يفعِل,I,indicative,active,1p,1,نَلِي
010_168,وَلِيَ,ولي,فعِل يفعِل,I,indicative,passive,3ms,1,يُولَى
010_168,وَلِيَ,ولي,فعِل يفعِل,I,indicative,passive,3md,1,يُولَيانِ
010_168,وَلِيَ,ولي,فعِل يفعِل,I,indicative,passive,3mp,1,يُولَوْنَ
010_168,وَلِيَ,ولي,فعِل يفعِل,I,indicative,passive,3fs,1,تُولَى
010_168,وَلِيَ,ولي,فعِل يفعِل,I,indicative,passive,3fd,1,تُولَيانِ
010_168,وَلِيَ,ولي,فعِل يفعِل,I,indicative,passive,3fp,1,يُولَيْنَ
010_168,وَلِيَ,ولي,فعِل يفعِل,I,indicative,passive,2ms,1,تُولَى
010_168,وَلِيَ,ولي,فعِل يفعِل,I,indicative,passive,2d,1,تُولَيانِ
010_168,وَلِيَ,ولي,فعِل يفعِل,I,indicative,passive,2mp,1,تُولَوْنَ
010_168,وَلِيَ,ولي,فعِل يفعِل,I,indicative,passive,2fs,1,تُولَيْنَ
010_168,وَلِيَ,ولي,فعِل يفعِل,I,indicative,passive,2fp,1,تُولَيْنَ
010_168,وَلِيَ,ولي,فعِل يفعِل,I,indicative,passive,1s,1,أُولَى
010_168,وَلِيَ,ولي,فعِل يفعِل,I,indicative,passive,1p,1,نُولَى
010_168,وَلِيَ,ولي,فعِل يفعِل,I,imperative,active,2ms,1,لِ
010_168,وَلِيَ,ولي,فعِل يفعِل,I,imperative,active,2d,1,لِيا
010_168,وَلِيَ,ولي,فعِل يفعِل,I,imperative,active,2mp,1,لُوا
010_168,وَلِيَ,ولي,فعِل يفعِل,I,imperative,active,2fs,1,لِي
010_168,وَلِيَ,ولي,فعِل يفعِل,I,imperative,active,2fp,1,لِينَ
011_240,تَفاعَلَ,فعل,تفاعل,VI,past,active,3ms,1,تَفاعَلَ
011_240,تَفاعَلَ,فعل,تفاعل,VI,past,active,3md,1,تَفاعَلا
011_240,تَفاعَلَ,فعل,تفاعل,VI,past,active,3mp,1,تَفاعَلوا
011_240,تَفاعَلَ,فعل,تفاعل,VI,past,active,3fs,1,تَفاعَلَتْ
011_240,تَفاعَلَ,فعل,تفاعل,VI,past,active,3fd,1,تَفاعَلَتا
011_240,تَفاعَلَ,فعل,تفاعل,VI,past,active,3fp,1,تَفاعَلْنَ
011_240,تَفاعَلَ,فعل,تفاعل,VI,past,active,2ms,1,تَفاعَلْتَ
011_240,تَفاعَلَ,فعل,تفاعل,VI,past,active,2d,1,تَفاعَلْتُما
011_240,تَفاعَلَ,فعل,تفاعل,VI,past,active,2mp,1,تَفاعَلْتُمْ
011_240,تَفاعَلَ,فعل,تفاعل,VI,past,active,2fs,1,تَفاعَلْتِ
011_240,تَفاعَلَ,فعل,تفاعل,VI,past,active,2fp,1,تَفاعَلْتُنَّ
011_240,تَفاعَلَ,فعل,تفاعل,VI,past,active,1s,1,تَفاعَلْتُ
011_240,تَفاعَلَ,فعل,تفاعل,VI,past,active,1p,1,تَفاعَلْنا
011_240,تَفاعَلَ,فعل,تفاعل,VI,past,passive,3ms,1,تُفوعِلَ
011_240,تَفاعَلَ,فعل,تفاعل,VI,past,passive,3md,1,تُفوعِلا
011_240,تَفاعَلَ,فعل,تفاعل,VI,past,passive,3mp,1,تُفوعِلوا
011_240,تَفاعَلَ,فعل,تفاعل,VI,past,passive,3fs,1,تُفوعِلَتْ
011_240,تَفاعَلَ,فعل,تفاعل,VI,past,passive,3fd,1,تُفوعِلَتا
011_240,تَفاعَلَ,فعل,تفاعل,VI,past,passive,3fp,1,تُفوعِلْنَ
011_240,تَفاعَلَ,فعل,تفاعل,VI,past,passive,2ms,1,تُفوعِلْتَ
011_240,تَفاعَلَ,فعل,تفاعل,VI,past,passive,2d,1,تُفوعِلْتُما
011_240,تَفاعَلَ,فعل,تفاعل,VI,past,passive,2mp,1,تُفوعِلْتُمْ
011_240,تَفاعَلَ,فعل,تفاعل,VI,past,passive,2fs,1,تُفوعِلْتِ
011_240,تَفاعَلَ,فعل,تفاعل,VI,past,passive,2fp,1,تُفوعِلْتُنَّ
011_240,تَفاعَلَ,فعل,تفاعل,VI,past,passive,1s,1,تُفوعِلْتُ
011_240,تَفاعَلَ,فعل,تفاعل,VI,past,passive,1p,1,تُفوعِلْنا
011_240,تَفاعَلَ,فعل,تفاعل,VI,indicative,active,3ms,1,يَتَفاعَلُ
011_240,تَفاعَلَ,فعل,تفاعل,VI,indicative,active,3md,1,يَتَفاعَلانِ
011_240,تَفاعَلَ,فعل,تفاعل,VI,indicative,active,3mp,1,يَتَفاعَلونَ
011_240,تَفاعَلَ,فعل,تفاعل,VI,indicative,active,3fs,1,تَتَفاعَلُ
011_240,تَفاعَلَ,فعل,تفاعل,VI,indicative,active,3fd,1,تَتَفاعَلانِ
011_240,تَفاعَلَ,فعل,تفاعل,VI,indicative,active,3fp,1,يَتَفاعَلْنَ
011_240,تَفاعَلَ,فعل,تفاعل,VI,indicative,active,2ms,1,تَتَفاعَلُ
011_240,تَفاعَلَ,فعل,تفاعل,VI,indicative,active,2d,1,تَتَفاعَلانِ
011_240,تَفاعَلَ,فعل,تفاعل,VI,indicative,active,2mp,1,تَتَفاعَلونَ
011_240,تَفاعَلَ,فعل,تفاعل,VI,indicative,active,2fs,1,تَتَفاعَلينَ
011_240,تَفاعَلَ,فعل,تفاعل,VI,indicative,active,2fp,1,تَتَفاعَلْنَ
011_240,تَفاعَلَ,فعل,تفاعل,VI,indicative,active,1s,1,أَتَفاعَلُ
011_240,تَفاعَلَ,فعل,تفاعل,VI,indicative,active,1p,1,نَتَفاعَلُ
011_240,تَفاعَلَ,فعل,تفاعل,VI,indicative,passive,3ms,1,يُتَفاعَلُ
011_240,تَفاعَلَ,فعل,تفاعل,VI,indicative,passive,3md,1,يُتَفاعَلانِ
011_240,تَفاعَلَ,فعل,تفاعل,VI,indicative,passive,3mp,1,يُتَفاعَلونَ
011_240,تَفاعَلَ,فعل,تفاعل,VI,indicative,passive,3fs,1,تُتَفاعَلُ
011_240,تَفاعَلَ,فعل,تفاعل,VI,indicative,passive,3fd,1,تُتَفاعَلانِ
011_240,تَفاعَلَ,فعل,تفاعل,VI,indicative,passive,3fp,1,يُتَفاعَلْنَ
011_240,تَفاعَلَ,فعل,تفاعل,VI,indicative,passive,2ms,1,تُتَفاعَلُ
011_240,تَفاعَلَ,فعل,تفاعل,VI,indicative,passive,2d,1,تُتَفاعَلانِ
011_240,تَفاعَلَ,فعل,تفاعل,VI,indicative,passive,2mp,1,تُتَفاعَلونَ
011_240,تَفاعَلَ,فعل,تفاعل,VI,indicative,passive,2fs,1,تُتَفاعَلينَ
011_240,تَفاعَلَ,فعل,تفاعل,VI,indicative,passive,2fp,1,تُتَفاعَلْنَ
011_240,تَفاعَلَ,فعل,تفاعل,VI,indicative,passive,1s,1,أُتَفاعَلُ
011_240,تَفاعَلَ,فعل,تفاعل,VI,indicative,passive,1p,1,نُتَفاعَلُ
011_240,تَفاعَلَ,فعل,تفاعل,VI,imperative,active,2ms,1,تَفاعَلْ
011_240,تَفاعَلَ,فعل,تفاعل,VI,imperative,active,2d,1,تَفاعَلا
011_240,تَفاعَلَ,فعل,تفاعل,VI,imperative,active,2mp,1,تَفاعَلوا
011_240,تَفاعَلَ,فعل,تفاعل,VI,imperative,active,2fs,1,تَفاعَلي
011_240,تَفاعَلَ,فعل,تفاعل,VI,imperative,active,2fp,1,تَفاعَلْنَ
012_121,فَرَّ,فرر,فعَل يفعِل,I,past,active,3ms,1,فَرَّ
012_121,فَرَّ,فرر,فعَل يفعِل,I,past,active,3md,1,فَرّا
012_121,فَرَّ,فرر,فعَل يفعِل,I,past,active,3mp,1,فَرّوا
012_121,فَرَّ,فرر,فعَل يفعِل,I,past,active,3fs,1,فَرَّتْ
012_121,فَرَّ,فرر,فعَل يفعِل,I,past,active,3fd,1,فَرَّتا
012_121,فَرَّ,فرر,فعَل يفعِل,I,past,active,3fp,1,فَرَرْنَ
012_121,فَرَّ,فرر,فعَل يفعِل,I,past,active,2ms,1,فَرَرْتَ
012_121,فَرَّ,فرر,فعَل يفعِل,I,past,active,2d,1,فَرَرْتُما
012_121,فَرَّ,فرر,فعَل يفعِل,I,past,active,2mp,1,فَرَرْتُمْ
012_121,فَرَّ,فرر,فعَل يفعِل,I,past,active,2fs,1,فَرَرْتِ
012_121,فَرَّ,فرر,فعَل يفعِل,I,past,active,2fp,1,فَرَرْتُنَّ
012_121,فَرَّ,فرر,فعَل يفعِل,I,past,active,1s,1,فَرَرْتُ
012_121,فَرَّ,فرر,فعَل يفعِل,I,past,active,1p,1,فَرَرْنا
012_121,فَرَّ,فرر,فعَل يفعِل,I,past,passive,3ms,1,فُرَّ
012_121,فَرَّ,فرر,فعَل يفعِل,I,past,passive,3md,1,فُرّا
012_121,فَرَّ,فرر,فعَل يفعِل,I,past,passive,3mp,1,فُرّوا
012_121,فَرَّ,فرر,فعَل يفعِل,I,past,passive,3fs,1,فُرَّتْ
012_121,فَرَّ,فرر,فعَل يفعِل,I,past,passive,3fd,1,فُرَّتا
012_121,فَرَّ,فرر,فعَل يفعِل,I,past,passive,3fp,1,فُرِرْنَ
012_121,فَرَّ,فرر,فعَل يفعِل,I,past,passive,2ms,1,فُرِرْتَ
012_121,فَرَّ,فرر,فعَل يفعِل,I,past,passive,2d,1,فُرِرْتُما
012_121,فَرَّ,فرر,فعَل يفعِل,I,past,passive,2mp,1,فُرِرْتُمْ
012_121,فَرَّ,فرر,فعَل يفعِل,I,past,passive,2fs,1,فُرِرْتِ
012_121,فَرَّ,فرر,فعَل يفعِل,I,past,passive,2fp,1,فُرِرْتُنَّ
012_121,فَرَّ,فرر,فعَل يفعِل,I,past,passive,1s,1,فُرِرْتُ
012_121,فَرَّ,فرر,فعَل يفعِل,I,past,passive,1p,1,فُرِرْنا
012_121,فَرَّ,فرر,فعَل يفعِل,I,indicative,active,3ms,1,يَفِرُّ
012_121,فَرَّ,فرر,فعَل يفعِل,I,indicative,active,3md,1,يَفِرّانِ
012_121,فَرَّ,فرر,فعَل يفعِل,I,indicative,active,3mp,1,يَفِرّونَ
012_121,فَرَّ,فرر,فعَل يفعِل,I,indicative,active,3fs,1,تَفِرُّ
012_121,فَرَّ,فرر,فعَل يفعِل,I,indicative,active,3fd,1,تَفِرّانِ
012_121,فَرَّ,فرر,فعَل يفعِل,I,indicative,active,3fp,1,يَفْرِرْنَ
012_121,فَرَّ,فرر,فعَل يفعِل,I,indicative,active,2ms,1,تَفِرُّ
012_121,فَرَّ,فرر,فعَل يفعِل,I,indicative,active,2d,1,تَفِرّانِ
012_121,فَرَّ,فرر,فعَل يفعِل,I,indicative,active,2mp,1,تَفِرّونَ
012_121,فَرَّ,فرر,فعَل يفعِل,I,indicative,active,2fs,1,تَفِرّينَ
012_121,فَرَّ,فرر,فعَل يفعِل,I,indicative,active,2fp,1,تَفْرِرْنَ
012_121,فَرَّ,فرر,فعَل يفعِل,I,indicative,active,1s,1,أَفِرُّ
012_121,فَرَّ,فرر,فعَل يفعِل,I,indicative,active,1p,1,نَفِرُّ
012_121,فَرَّ,فرر,فعَل يفعِل,I,indicative,passive,3ms,1,يُفَرُّ
012_121,فَرَّ,فرر,فعَل يفعِل,I,indicative,passive,3md,1,يُفَرّانِ
012_121,فَرَّ,فرر,فعَل يفعِل,I,indicative,passive,3mp,1,يُفَرّونَ
012_121,فَرَّ,فرر,فعَل يفعِل,I,indicative,passive,3fs,1,تُفَرُّ
012_121,فَرَّ,فرر,فعَل يفعِل,I,indicative,passive,3fd,1,تُفَرّانِ
012_121,فَرَّ,فرر,فعَل يفعِل,I,indicative,passive,3fp,1,يُفْرَرْنَ
012_121,فَرَّ,فرر,فعَل يفعِل,I,indicative,passive,2ms,1,تُفَرُّ
012_121,فَرَّ,فرر,فعَل يفعِل,I,indicative,passive,2d,1,تُفَرّانِ
012_121,فَرَّ,فرر,فعَل يفعِل,I,indicative,passive,2mp,1,تُفَرّونَ
012_121,فَرَّ,فرر,فعَل يفعِل,I,indicative,passive,2fs,1,تُفَرّينَ
012_121,فَرَّ,فرر,فعَل يفعِل,I,indicative,passive,2fp,1,تُفْرَرْنَ
012_121,فَرَّ,فرر,فعَل يفعِل,I,indicative,passive,1s,1,أُفَرُّ
012_121,فَرَّ,فرر,فعَل يفعِل,I,indicative,passive,1p,1,نُفَرُّ
012_121,فَرَّ,فرر,فعَل يفعِل,I,imperative,active,2ms,1,فِرَّ
012_121,فَرَّ,فرر,فعَل يفعِل,I,imperative,active,2d,1,فِرّا
012_121,فَرَّ,فرر,فعَل يفعِل,I,imperative,active,2mp,1,فِرّوا
012_121,فَرَّ,فرر,فعَل يفعِل,I,imperative,active,2fs,1,فِرّي
012_121,فَرَّ,فرر,فعَل يفعِل,I,imperative,active,2fp,1,اِفْرِرْنَ
013_156,خافَ,خوف,فعِل يفعَل,I,past,active,3ms,1,خافَ
013_156,خافَ,خوف,فعِل يفعَل,I,past,active,3md,1,خافا
013_156,خافَ,خوف,فعِل يفعَل,I,past,active,3mp,1,خافوا
013_156,خافَ,خوف,فعِل يفعَل,I,past,active,3fs,1,خافَتْ
013_156,خافَ,خوف,فعِل يفعَل,I,past,active,3fd,1,خافَتا
013_156,خافَ,خوف,فعِل يفعَل,I,past,active,3fp,1,خِفْنَ
013_156,خافَ,خوف,فعِل يفعَل,I,past,active,2ms,1,خِفْتَ
013_156,خافَ,خوف,فعِل يفعَل,I,past,active,2d,1,خِفْتُما
013_156,خافَ,خوف,فعِل يفعَل,I,past,active,2mp,1,خِفْتُمْ
013_156,خافَ,خوف,فعِل يفعَل,I,past,active,2fs,1,خِفْتِ
013_156,خافَ,خوف,فعِل يفعَل,I,past,active,2fp,1,خِفْتُنَّ
013_156,خافَ,خوف,فعِل يفعَل,I,past,active,1s,1,خِفْتُ
013_156,خافَ,خوف,فعِل يفعَل,I,past,active,1p,1,خِفْنا
013_156,خافَ,خوف,فعِل يفعَل,I,past,passive,3ms,1,خِيفَ
013_156,خافَ,خوف,فعِل يفعَل,I,past,passive,3md,1,خِيفا
013_156,خافَ,خوف,فعِل يفعَل,I,past,passive,3mp,1,خِيفوا
013_156,خافَ,خوف,فعِل يفعَل,I,past,passive,3fs,1,خِيفَتْ
013_156,خافَ,خوف,فعِل يفعَل,I,past,passive,3fd,1,خِيفَتا
013_156,خافَ,خوف,فعِل يفعَل,I,past,passive,3fp,1,خُفْنَ
013_156,خافَ,خوف,فعِل يفعَل,I,past,passive,2ms,1,خُفْتَ
013_156,خافَ,خوف,فعِل يفعَل,I,past,passive,2d,1,خُفْتُما
013_156,خافَ,خوف,فعِل يفعَل,I,past,passive,2mp,1,خُفْتُمْ
013_156,خافَ,خوف,فعِل يفعَل,I,past,passive,2fs,1,خُفْتِ
013_156,خافَ,خوف,فعِل يفعَل,I,past,passive,2fp,1,خُفْتُنَّ
013_156,خافَ,خوف,فعِل يفعَل,I,past,passive,1s,1,خُفْتُ
013_156,خافَ,خوف,فعِل يفعَل,I,past,passive,1p,1,خُفْنا
013_156,خافَ,خوف,فعِل يفعَل,I,indicative,active,3ms,1,يَخافُ
013_156,خافَ,خوف,فعِل يفعَل,I,indicative,active,3md,1,يَخافانِ
013_156,خافَ,خوف,فعِل يفعَل,I,indicative,active,3mp,1,يَخافونَ
013_156,خافَ,خوف,فعِل يفعَل,I,indicative,active,3fs,1,تَخافُ
013_156,خافَ,خوف,فعِل يفعَل,I,indicative,active,3fd,1,تَخافانِ
013_156,خافَ,خوف,فعِل يفعَل,I,indicative,active,3fp,1,يَخَفْنَ
013_156,خافَ,خوف,فعِل يفعَل,I,indicative,active,2ms,1,تَخافُ
013_156,خافَ,خوف,فعِل يفعَل,I,indicative,active,2d,1,تَخافانِ
013_156,خافَ,خوف,فعِل يفعَل,I,indicative,active,2mp,1,تَخافونَ
013_156,خافَ,خوف,فعِل يفعَل,I,indicative,active,2fs,1,تَخافينَ
013_156,خافَ,خوف,فعِل يفعَل,I,indicative,active,2fp,1,تَخَفْنَ
013_156,خافَ,خوف,فعِل يفعَل,I,indicative,active,1s,1,أَخافُ
013_156,خافَ,خوف,فعِل يفعَل,I,indicative,active,1p,1,نَخافُ
013_156,خافَ,خوف,فعِل يفعَل,I,indicative,passive,3ms,1,يُخافُ
013_156,خافَ,خوف,فعِل يفعَل,I,indicative,passive,3md,1,يُخافانِ
013_156,خافَ,خوف,فعِل يفعَل,I,indicative,passive,3mp,1,يُخافونَ
013_156,خافَ,خوف,فعِل يفعَل,I,indicative,passive,3fs,1,تُخافُ
013_156,خافَ,خوف,فعِل يفعَل,I,indicative,passive,3fd,1,تُخافانِ
013_156,خافَ,خوف,فعِل يفعَل,I,indicative,passive,3fp,1,يُخَفْنَ
013_156,خافَ,خوف,فعِل يفعَل,I,indicative,passive,2ms,1,تُخافُ
013_156,خافَ,خوف,فعِل يفعَل,I,indicative,passive,2d,1,تُخافانِ
013_156,خافَ,خوف,فعِل يفعَل,I,indicative,passive,2mp,1,تُخافونَ
013_156,خافَ,خوف,فعِل يفعَل,I,indicative,passive,2fs,1,تُخافينَ
013_156,خافَ,خوف,فعِل يفعَل,I,indicative,passive,2fp,1,تُخَفْنَ
013_156,خافَ,خوف,فعِل يفعَل,I,indicative,passive,1s,1,أُخافُ
013_156,خافَ,خوف,فعِل يفعَل,I,indicative,passive,1p,1,نُخافُ
013_156,خافَ,خوف,فعِل يفعَل,I,imperative,active,2ms,1,خَفْ
013_156,خافَ,خوف,فعِل يفعَل,I,imperative,active,2d,1,خافا
013_156,خافَ,خوف,فعِل يفعَل,I,imperative,active,2mp,1,خافوا
013_156,خافَ,خوف,فعِل يفعَل,I,imperative,active,2fs,1,خافي
013_156,خافَ,خوف,فعِل يفعَل,I,imperative,active,2fp,1,خَفْنَ
014_310,فَعْلَلَ,فعلل,فعلل,Iq,past,active,3ms,1,فَعْلَلَ
014_310,فَعْلَلَ,فعلل,فعلل,Iq,past,active,3md,1,فَعْلَلا
014_310,فَعْلَلَ,فعلل,فعلل,Iq,past,active,3mp,1,فَعْلَلوا
014_310,فَعْلَلَ,فعلل,فعلل,Iq,past,active,3fs,1,فَعْلَلَتْ
014_310,فَعْلَلَ,فعلل,فعلل,Iq,past,active,3fd,1,فَعْلَلَتا
014_310,فَعْلَلَ,فعلل,فعلل,Iq,past,active,3fp,1,فَعْلَلْنَ
014_310,فَعْلَلَ,فعلل,فعلل,Iq,past,active,2ms,1,فَعْلَلْتَ
014_310,فَعْلَلَ,فعلل,فعلل,Iq,past,active,2d,1,فَعْلَلْتُما
014_310,فَعْلَلَ,فعلل,فعلل,Iq,past,active,2mp,1,فَعْلَلْتُمْ
014_310,فَعْلَلَ,فعلل,فعلل,Iq,past,active,2fs,1,فَعْلَلْتِ
014_310,فَعْلَلَ,فعلل,فعلل,Iq,past,active,2fp,1,فَعْلَلْتُنَّ
014_310,فَعْلَلَ,فعلل,فعلل,Iq,past,active,1s,1,فَعْلَلْتُ
014_310,فَعْلَلَ,فعلل,فعلل,Iq,past,active,1p,1,فَعْلَلْنا
014_310,فَعْلَلَ,فعلل,فعلل,Iq,past,passive,3ms,1,فُعْلِلَ
014_310,فَعْلَلَ,فعلل,فعلل,Iq,past,passive,3md,1,فُعْلِلا
014_310,فَعْلَلَ,فعلل,فعلل,Iq,past,passive,3mp,1,فُعْلِلوا
014_310,فَعْلَلَ,فعلل,فعلل,Iq,past,passive,3fs,1,فُعْلِلَتْ
014_310,فَعْلَلَ,فعلل,فعلل,Iq,past,passive,3fd,1,فُعْلِلَتا
014_310,فَعْلَلَ,فعلل,فعلل,Iq,past,passive,3fp,1,فُعْلِلْنَ
014_310,فَعْلَلَ,فعلل,فعلل,Iq,past,passive,2ms,1,فُعْلِلْتَ
014_310,فَعْلَلَ,فعلل,فعلل,Iq,past,passive,2d,1,فُعْلِلْتُما
014_310,فَعْلَلَ,فعلل,فعلل,Iq,past,passive,2mp,1,فُعْلِلْتُمْ
014_310,فَعْلَلَ,فعلل,فعلل,Iq,past,passive,2fs,1,فُعْلِلْتِ
014_310,فَعْلَلَ,فعلل,فعلل,Iq,past,passive,2fp,1,فُعْلِلْتُنَّ
014_310,فَعْلَلَ,فعلل,فعلل,Iq,past,passive,1s,1,فُعْلِلْتُ
014_310,فَعْلَلَ,فعلل,فعلل,Iq,past,passive,1p,1,فُعْلِلْنا
014_310,فَعْلَلَ,فعلل,فعلل,Iq,indicative,active,3ms,1,يُفَعْلِلُ
014_310,فَعْلَلَ,فعلل,فعلل,Iq,indicative,active,3md,1,يُفَعْلِلانِ
014_310,فَعْلَلَ,فعلل,فعلل,Iq,indicative,active,3mp,1,يُفَعْلِلونَ
014_310,فَعْلَلَ,فعلل,فعلل,Iq,indicative,active,3fs,1,تُفَعْلِلُ
014_310,فَعْلَلَ,فعلل,فعلل,Iq,indicative,active,3fd,1,تُفَعْلِلانِ
014_310,فَعْلَلَ,فعلل,فعلل,Iq,indicative,active,3fp,1,يُفَعْلِلْنَ
014_310,فَعْلَلَ,فعلل,فعلل,Iq,indicative,active,2ms,1,تُفَعْلِلُ
014_310,فَعْلَلَ,فعلل,فعلل,Iq,indicative,active,2d,1,تُفَعْلِلانِ
014_310,فَعْلَلَ,فعلل,فعلل,Iq,indicative,active,2mp,1,تُفَعْلِلونَ
014_310,فَعْلَلَ,فعلل,فعلل,Iq,indicative,active,2fs,1,تُفَعْلِلينَ
014_310,فَعْلَلَ,فعلل,فعلل,Iq,indicative,active,2fp,1,تُفَعْلِلْنَ
014_310,فَعْلَلَ,فعلل,فعلل,Iq,indicative,active,1s,1,أُفَعْلِلُ
014_310,فَعْلَلَ,فعلل,فعلل,Iq,indicative,active,1p,1,نُفَعْلِلُ
014_310,فَعْلَلَ,فعلل,فعلل,Iq,indicative,passive,3ms,1,يُفَعْلَلُ
014_310,فَعْلَلَ,فعلل,فعلل,Iq,indicative,passive,3md,1,يُفَعْلَلانِ
014_310,فَعْلَلَ,فعلل,فعلل,Iq,indicative,passive,3mp,1,يُفَعْلَلونَ
014_310,فَعْلَلَ,فعلل,فعلل,Iq,indicative,passive,3fs,1,تُفَعْلَلُ
014_310,فَعْلَلَ,فعلل,فعلل,Iq,indicative,passive,3fd,1,تُفَعْلَلانِ
014_310,فَعْلَلَ,فعلل,فعلل,Iq,indicative,passive,3fp,1,يُفَعْلَلْنَ
014_310,فَعْلَلَ,فعلل,فعلل,Iq,indicative,passive,2ms,1,تُفَعْلَلُ
014_310,فَعْلَلَ,فعلل,فعلل,Iq,indicative,passive,2d,1,تُفَعْلَلانِ
014_310,فَعْلَلَ,فعلل,فعلل,Iq,indicative,passive,2mp,1,تُفَعْلَلونَ
014_310,فَعْلَلَ,فعلل,فعلل,Iq,indicative,passive,2fs,1,تُفَعْلَلينَ
014_310,فَعْلَلَ,فعلل,فعلل,Iq,indicative,passive,2fp,1,تُفَعْلَلْنَ
014_310,فَعْلَلَ,فعلل,فعلل,Iq,indicative,passive,1s,1,أُفَعْلَلُ
014_310,فَعْلَلَ,فعلل,فعلل,Iq,indicative,passive,1p,1,نُفَعْلَلُ
014_310,فَعْلَلَ,فعلل,فعلل,Iq,imperative,active,2ms,1,فَعْلِلْ
014_310,فَعْلَلَ,فعلل,فعلل,Iq,imperative,active,2d,1,فَعْلِلا
014_310,فَعْلَلَ,فعلل,فعلل,Iq,imperative,active,2mp,1,فَعْلِلوا
014_310,فَعْلَلَ,فعلل,فعلل,Iq,imperative,active,2fs,1,فَعْلِلي
014_310,فَعْلَلَ,فعلل,فعلل,Iq,imperative,active,2fp,1,فَعْلِلْنَ
015_230,اِسَّمَّعَ,سمع,تفعّل,V,past,active,3ms,1,اِسَّمَّعَ
015_230,اِسَّمَّعَ,سمع,تفعّل,V,past,active,3md,1,اِسَّمَّعا
015_230,اِسَّمَّعَ,سمع,تفعّل,V,past,active,3mp,1,اِسَّمَّعُوا
015_230,اِسَّمَّعَ,سمع,تفعّل,V,past,active,3fs,1,اِسَّمَّعَتْ
015_230,اِسَّمَّعَ,سمع,تفعّل,V,past,active,3fd,1,اِسَّمَّعَتا
015_230,اِسَّمَّعَ,سمع,تفعّل,V,past,active,3fp,1,اِسَّمَّعْنَ
015_230,اِسَّمَّعَ,سمع,تفعّل,V,past,active,2ms,1,اِسَّمَّعْتَ
015_230,اِسَّمَّعَ,سمع,تفعّل,V,past,active,2d,1,اِسَّمَّعْتُما
015_230,اِسَّمَّعَ,سمع,تفعّل,V,past,active,2mp,1,اِسَّمَّعْتُمْ
015_230,اِسَّمَّعَ,سمع,تفعّل,V,past,active,2fs,1,اِسَّمَّعْتِ
015_230,اِسَّمَّعَ,سمع,تفعّل,V,past,active,2fp,1,اِسَّمَّعْتُنَّ
015_230,اِسَّمَّعَ,سمع,تفعّل,V,past,active,1s,1,اِسَّمَّعْتُ
015_230,اِسَّمَّعَ,سمع,تفعّل,V,past,active,1p,1,اِسَّمَّعْنا
015_230,اِسَّمَّعَ,سمع,تفعّل,V,indicative,active,3ms,1,يَسَّمَّعُ
015_230,اِسَّمَّعَ,سمع,تفعّل,V,indicative,active,3md,1,يَسَّمَّعانِ
015_230,اِسَّمَّعَ,سمع,تفعّل,V,indicative,active,3mp,1,يَسَّمَّعُونَ
015_230,اِسَّمَّعَ,سمع,تفعّل,V,indicative,active,3fs,1,تَسَّمَّعُ
015_230,اِسَّمَّعَ,سمع,تفعّل,V,indicative,active,3fd,1,تَسَّمَّعانِ
015_230,اِسَّمَّعَ,سمع,تفعّل,V,indicative,active,3fp,1,يَسَّمَّعْنَ
015_230,اِسَّمَّعَ,سمع,تفعّل,V,indicative,active,2ms,1,تَسَّمَّعُ
015_230,اِسَّمَّعَ,سمع,تفعّل,V,indicative,active,2d,1,تَسَّمَّعانِ
015_230,اِسَّمَّعَ,سمع,تفعّل,V,indicative,active,2mp,1,تَسَّمَّعُونَ
015_230,اِسَّمَّعَ,سمع,تفعّل,V,indicative,active,2fs,1,تَسَّمَّعينَ
015_230,اِسَّمَّعَ,سمع,تفعّل,V,indicative,active,2fp,1,تَسَّمَّعْنَ
015_230,اِسَّمَّعَ,سمع,تفعّل,V,indicative,active,1s,1,أَسَّمَّعُ
015_230,اِسَّمَّعَ,سمع,تفعّل,V,indicative,active,1p,1,نَسَّمَّعُ
015_230,اِسَّمَّعَ,سمع,تفعّل,V,imperative,active,2ms,1,اِسَّمَّعْ
015_230,اِسَّمَّعَ,سمع,تفعّل,V,imperative,active,2d,1,اِسَّمَّعا
015_230,اِسَّمَّعَ,سمع,تفعّل,V,imperative,active,2mp,1,اِسَّمَّعُوا
015_230,اِسَّمَّعَ,سمع,تفعّل,V,imperative,active,2fs,1,اِسَّمَّعي
015_230,اِسَّمَّعَ,سمع,تفعّل,V,imperative,active,2fp,1,اِسَّمَّعْنَ
016_200,فَعَّلَ,فعل,فعّل,II,past,active,3ms,1,فَعَّلَ
016_200,فَعَّلَ,فعل,فعّل,II,past,active,3md,1,فَعَّلا
016_200,فَعَّلَ,فعل,فعّل,II,past,active,3mp,1,فَعَّلوا
016_200,فَعَّلَ,فعل,فعّل,II,past,active,3fs,1,فَعَّلَتْ
016_200,فَعَّلَ,فعل,فعّل,II,past,active,3fd,1,فَعَّلَتا
016_200,فَعَّلَ,فعل,فعّل,II,past,active,3fp,1,فَعَّلْنَ
016_200,فَعَّلَ,فعل,فعّل,II,past,active,2ms,1,فَعَّلْتَ
016_200,فَعَّلَ,فعل,فعّل,II,past,active,2d,1,فَعَّلْتُما
016_200,فَعَّلَ,فعل,فعّل,II,past,active,2mp,1,فَعَّلْتُمْ
016_200,فَعَّلَ,فعل,فعّل,II,past,active,2fs,1,فَعَّلْتِ
016_200,فَعَّلَ,فعل,فعّل,II,past,active,2fp,1,فَعَّلْتُنَّ
016_200,فَعَّلَ,فعل,فعّل,II,past,active,1s,1,فَعَّلْتُ
016_200,فَعَّلَ,فعل,فعّل,II,past,active,1p,1,فَعَّلْنا
016_200,فَعَّلَ,فعل,فعّل,II,past,passive,3ms,1,فُعِّلَ
016_200,فَعَّلَ,فعل,فعّل,II,past,passive,3md,1,فُعِّلا
016_200,فَعَّلَ,فعل,فعّل,II,past,passive,3mp,1,فُعِّلوا
016_200,فَعَّلَ,فعل,فعّل,II,past,passive,3fs,1,فُعِّلَتْ
016_200,فَعَّلَ,فعل,فعّل,II,past,passive,3fd,1,فُعِّلَتا
016_200,فَعَّلَ,فعل,فعّل,II,past,passive,3fp,1,فُعِّلْنَ
016_200,فَعَّلَ,فعل,فعّل,II,past,passive,2ms,1,فُعِّلْتَ
016_200,فَعَّلَ,فعل,فعّل,II,past,passive,2d,1,فُعِّلْتُما
016_200,فَعَّلَ,فعل,فعّل,II,past,passive,2mp,1,فُعِّلْتُمْ
016_200,فَعَّلَ,فعل,فعّل,II,past,passive,2fs,1,فُعِّلْتِ
016_200,فَعَّلَ,فعل,فعّل,II,past,passive,2fp,1,فُعِّلْتُنَّ
016_200,فَعَّلَ,فعل,فعّل,II,past,passive,1s,1,فُعِّلْتُ
016_200,فَعَّلَ,فعل,فعّل,II,past,passive,1p,1,فُعِّلْنا
016_200,فَعَّلَ,فعل,فعّل,II,indicative,active,3ms,1,يُفَعِّلُ
016_200,فَعَّلَ,فعل,فعّل,II,indicative,active,3md,1,يُفَعِّلانِ
016_200,فَعَّلَ,فعل,فعّل,II,indicative,active,3mp,1,يُفَعِّلونَ
016_200,فَعَّلَ,فعل,فعّل,II,indicative,active,3fs,1,تُفَعِّلُ
016_200,فَعَّلَ,فعل,فعّل,II,indicative,active,3fd,1,تُفَعِّلانِ
016_200,فَعَّلَ,فعل,فعّل,II,indicative,active,3fp,1,يُفَعِّلْنَ
016_200,فَعَّلَ,فعل,فعّل,II,indicative,active,2ms,1,تُفَعِّلُ
016_200,فَعَّلَ,فعل,فعّل,II,indicative,active,2d,1,تُفَعِّلانِ
016_200,فَعَّلَ,فعل,فعّل,II,indicative,active,2mp,1,تُفَعِّلونَ
016_200,فَعَّلَ,فعل,فعّل,II,indicative,active,2fs,1,تُفَعِّلينَ
016_200,فَعَّلَ,فعل,فعّل,II,indicative,active,2fp,1,تُفَعِّلْنَ
016_200,فَعَّلَ,فعل,فعّل,II,indicative,active,1s,1,أُفَعِّلُ
016_200,فَعَّلَ,فعل,فعّل,II,indicative,active,1p,1,نُفَعِّلُ
016_200,فَعَّلَ,فعل,فعّل,II,indicative,passive,3ms,1,يُفَعَّلُ
016_200,فَعَّلَ,فعل,فعّل,II,indicative,passive,3md,1,يُفَعَّلانِ
016_200,فَعَّلَ,فعل,فعّل,II,indicative,passive,3mp,1,يُفَعَّلونَ
016_200,فَعَّلَ,فعل,فعّل,II,indicative,passive,3fs,1,تُفَعَّلُ
016_200,فَعَّلَ,فعل,فعّل,II,indicative,passive,3fd,1,تُفَعَّلانِ
016_200,فَعَّلَ,فعل,فعّل,II,indicative,passive,3fp,1,يُفَعَّلْنَ
016_200,فَعَّلَ,فعل,فعّل,II,indicative,passive,2ms,1,تُفَعَّلُ
016_200,فَعَّلَ,فعل,فعّل,II,indicative,passive,2d,1,تُفَعَّلانِ
016_200,فَعَّلَ,فعل,فعّل,II,indicative,passive,2mp,1,تُفَعَّلونَ
016_200,فَعَّلَ,فعل,فعّل,II,indicative,passive,2fs,1,تُفَعَّلينَ
016_200,فَعَّلَ,فعل,فعّل,II,indicative,passive,2fp,1,تُفَعَّلْنَ
016_200,فَعَّلَ,فعل,فعّل,II,indicative,passive,1s,1,أُفَعَّلُ
016_200,فَعَّلَ,فعل,فعّل,II,indicative,passive,1p,1,نُفَعَّلُ
016_200,فَعَّلَ,فعل,فعّل,II,imperative,active,2ms,1,فَعِّلْ
016_200,فَعَّلَ,فعل,فعّل,II,imperative,active,2d,1,فَعِّلا
016_200,فَعَّلَ,فعل,فعّل,II,imperative,active,2mp,1,فَعِّلوا
016_200,فَعَّلَ,فعل,فعّل,II,imperative,active,2fs,1,فَعِّلي
016_200,فَعَّلَ,فعل,فعّل,II,imperative,active,2fp,1,فَعِّلْنَ
017_159,حَيِيَ,حيي,فعِل يفعَل,I,past,active,3ms,1,حَيِيَ
017_159,حَيِيَ,حيي,فعِل يفعَل,I,past,active,3md,1,حَيِيا
017_159,حَيِيَ,حيي,فعِل يفعَل,I,past,active,3mp,1,حَيُوا
017_159,حَيِيَ,حيي,فعِل يفعَل,I,past,active,3fs,1,حَيِيَتْ
017_159,حَيِيَ,حيي,فعِل يفعَل,I,past,active,3fd,1,حَيِيَتا
017_159,حَيِيَ,حيي,فعِل يفعَل,I,past,active,3fp,1,حَيِينَ
017_159,حَيِيَ,حيي,فعِل يفعَل,I,past,active,2ms,1,حَيِيتَ
017_159,حَيِيَ,حيي,فعِل يفعَل,I,past,active,2d,1,حَيِيتُما
017_159,حَيِيَ,حيي,فعِل يفعَل,I,past,active,2mp,1,حَيِيتُمْ
017_159,حَيِيَ,حيي,فعِل يفعَل,I,past,active,2fs,1,حَيِيتِ
017_159,حَيِيَ,حيي,فعِل يفعَل,I,past,active,2fp,1,حَيِيتُنَّ
017_159,حَيِيَ,حيي,فعِل يفعَل,I,past,active,1s,1,حَيِيتُ
017_159,حَيِيَ,حيي,فعِل يفعَل,I,past,active,1p,1,حَيِينا
017_159,حَيِيَ,حيي,فعِل يفعَل,I,past,passive,3ms,1,حُيِيَ
017_159,حَيِيَ,حيي,فعِل يفعَل,I,past,passive,3md,1,حُيِيا
017_159,حَيِيَ,حيي,فعِل يفعَل,I,past,passive,3mp,1,حُيُوا
017_159,حَيِيَ,حيي,فعِل يفعَل,I,past,passive,3fs,1,حُيِيَتْ
017_159,حَيِيَ,حيي,فعِل يفعَل,I,past,passive,3fd,1,حُيِيَتا
017_159,حَيِيَ,حيي,فعِل يفعَل,I,past,passive,3fp,1,حُيِينَ
017_159,حَيِيَ,حيي,فعِل يفعَل,I,past,passive,2ms,1,حُيِيتَ
017_159,حَيِيَ,حيي,فعِل يفعَل,I,past,passive,2d,1,حُيِيتُما
017_159,حَيِيَ,حيي,فعِل يفعَل,I,past,passive,2mp,1,حُيِيتُمْ
017_159,حَيِيَ,حيي,فعِل يفعَل,I,past,passive,2fs,1,حُيِيتِ
017_159,حَيِيَ,حيي,فعِل يفعَل,I,past,passive,2fp,1,حُيِيتُنَّ
017_159,حَيِيَ,حيي,فعِل يفعَل,I,past,passive,1s,1,حُيِيتُ
017_159,حَيِيَ,حيي,فعِل يفعَل,I,past,passive,1p,1,حُيِينا
017_159,حَيِيَ,حيي,فعِل يفعَل,I,indicative,active,3ms,1,يَحْيا
017_159,حَيِيَ,حيي,فعِل يفعَل,I,indicative,active,3md,1,يَحْيَيانِ
017_159,حَيِيَ,حيي,فعِل يفعَل,I,indicative,active,3mp,1,يَحْيَوْنَ
017_159,حَيِيَ,حيي,فعِل يفعَل,I,indicative,active,3fs,1,تَحْيا
017_159,حَيِيَ,حيي,فعِل يفعَل,I,indicative,active,3fd,1,تَحْيَيانِ
017_159,حَيِيَ,حيي,فعِل يفعَل,I,indicative,active,3fp,1,يَحْيَيْنَ
017_159,حَيِيَ,حيي,فعِل يفعَل,I,indicative,active,2ms,1,تَحْيا
017_159,حَيِيَ,حيي,فعِل يفعَل,I,indicative,active,2d,1,تَحْيَيانِ
017_159,حَيِيَ,حيي,فعِل يفعَل,I,indicative,active,2mp,1,تَحْيَوْنَ
017_159,حَيِيَ,حيي,فعِل يفعَل,I,indicative,active,2fs,1,تَحْيَيْنَ
017_159,حَيِيَ,حيي,فعِل يفعَل,I,indicative,active,2fp,1,تَحْيَيْنَ
017_159,حَيِيَ,حيي,فعِل يفعَل,I,indicative,active,1s,1,أَحْيا
017_159,حَيِيَ,حيي,فعِل يفعَل,I,indicative,active,1p,1,نَحْيا
017_159,حَيِيَ,حيي,فعِل يفعَل,I,indicative,passive,3ms,1,يُحْيا
017_159,حَيِيَ,حيي,فعِل يفعَل,I,indicative,passive,3md,1,يُحْيَيانِ
017_159,حَيِيَ,حيي,فعِل يفعَل,I,indicative,passive,3mp,1,يُحْيَوْنَ
017_159,حَيِيَ,حيي,فعِل يفعَل,I,indicative,passive,3fs,1,تُحْيا
017_159,حَيِيَ,حيي,فعِل يفعَل,I,indicative,passive,3fd,1,تُحْيَيانِ
017_159,حَيِيَ,حيي,فعِل يفعَل,I,indicative,passive,3fp,1,يُحْيَيْنَ
017_159,حَيِيَ,حيي,فعِل يفعَل,I,indicative,passive,2ms,1,تُحْيا
017_159,حَيِيَ,حيي,فعِل يفعَل,I,indicative,passive,2d,1,تُحْيَيانِ
017_159,حَيِيَ,حيي,فعِل يفعَل,I,indicative,passive,2mp,1,تُحْيَوْنَ
017_159,حَيِيَ,حيي,فعِل يفعَل,I,indicative,passive,2fs,1,تُحْيَيْنَ
017_159,حَيِيَ,حيي,فعِل يفعَل,I,indicative,passive,2fp,1,تُحْيَيْنَ
017_159,حَيِيَ,حيي,فعِل يفعَل,I,indicative,passive,1s,1,أُحْيا
017_159,حَيِيَ,حيي,فعِل يفعَل,I,indicative,passive,1p,1,نُحْيا
017_159,حَيِيَ,حيي,فعِل يفعَل,I,imperative,active,2ms,1,اِحْيَ
017_159,حَيِيَ,حيي,فعِل يفعَل,I,imperative,active,2d,1,اِحْيَيا
017_159,حَيِيَ,حيي,فعِل يفعَل,I,imperative,active,2mp,1,اِحْيَوْا
017_159,حَيِيَ,حيي,فعِل يفعَل,I,imperative,active,2fs,1,اِحْيَيْ
017_159,حَيِيَ,حيي,فعِل يفعَل,I,imperative,active,2fp,1,اِحْيَيْنَ
018_426,اِحْوَنْصَلَ,حوصل,افعنلل,IIIq,past,active,3ms,1,اِحْوَنْصَلَ
018_426,اِحْوَنْصَلَ,حوصل,افعنلل,IIIq,past,active,3md,1,اِحْوَنْصَلا
018_426,اِحْوَنْصَلَ,حوصل,افعنلل,IIIq,past,active,3mp,1,اِحْوَنْصَلُوا
018_426,اِحْوَنْصَلَ,حوصل,افعنلل,IIIq,past,active,3fs,1,اِحْوَنْصَلَتْ
018_426,اِحْوَنْصَلَ,حوصل,افعنلل,IIIq,past,active,3fd,1,اِحْوَنْصَلَتا
018_426,اِحْوَنْصَلَ,حوصل,افعنلل,IIIq,past,active,3fp,1,اِحْوَنْصَلْنَ
018_426,اِحْوَنْصَلَ,حوصل,افعنلل,IIIq,past,active,2ms,1,اِحْوَنْصَلْتَ
018_426,اِحْوَنْصَلَ,حوصل,افعنلل,IIIq,past,active,2d,1,اِحْوَنْصَلْتُما
018_426,اِحْوَنْصَلَ,حوصل,افعنلل,IIIq,past,active,2mp,1,اِحْوَنْصَلْتُمْ
018_426,اِحْوَنْصَلَ,حوصل,افعنلل,IIIq,past,active,2fs,1,اِحْوَنْصَلْتِ
018_426,اِحْوَنْصَلَ,حوصل,افعنلل,IIIq,past,active,2fp,1,اِحْوَنْصَلْتُنَّ
018_426,اِحْوَنْصَلَ,حوصل,افعنلل,IIIq,past,active,1s,1,اِحْوَنْصَلْتُ
018_426,اِحْوَنْصَلَ,حوصل,افعنلل,IIIq,past,active,1p,1,اِحْوَنْصَلْنا
018_426,اِحْوَنْصَلَ,حوصل,افعنلل,IIIq,indicative,active,3ms,1,يَحْوَنْصِلُ
018_426,اِحْوَنْصَلَ,حوصل,افعنلل,IIIq,indicative,active,3md,1,يَحْوَنْصِلانِ
018_426,اِحْوَنْصَلَ,حوصل,افعنلل,IIIq,indicative,active,3mp,1,يَحْوَنْصِلونَ
018_426,اِحْوَنْصَلَ,حوصل,افعنلل,IIIq,indicative,active,3fs,1,تَحْوَنْصِلُ
018_426,اِحْوَنْصَلَ,حوصل,افعنلل,IIIq,indicative,active,3fd,1,تَحْوَنْصِلانِ
018_426,اِحْوَنْصَلَ,حوصل,افعنلل,IIIq,indicative,active,3fp,1,يَحْوَنْصِلْنَ
018_426,اِحْوَنْصَلَ,حوصل,افعنلل,IIIq,indicative,active,2ms,1,تَحْوَنْصِلُ
018_426,اِحْوَنْصَلَ,حوصل,افعنلل,IIIq,indicative,active,2d,1,تَحْوَنْصِلانِ
018_426,اِحْوَنْصَلَ,حوصل,افعنلل,IIIq,indicative,active,2mp,1,تَحْوَنْصِلونَ
018_426,اِحْوَنْصَلَ,حوصل,افعنلل,IIIq,indicative,active,2fs,1,تَحْوَنْصِلينَ
018_426,اِحْوَنْصَلَ,حوصل,افعنلل,IIIq,indicative,active,2fp,1,تَحْوَنْصِلْنَ
018_426,اِحْوَنْصَلَ,حوصل,افعنلل,IIIq,indicative,active,1s,1,أَحْوَنْصِلُ
018_426,اِحْوَنْصَلَ,حوصل,افعنلل,IIIq,indicative,active,1p,1,نَحْوَنْصِلُ
018_426,اِحْوَنْصَلَ,حوصل,افعنلل,IIIq,imperative,active,2ms,1,اِحْوَنْصِلْ
018_426,اِحْوَنْصَلَ,حوصل,افعنلل,IIIq,imperative,active,2d,1,اِحْوَنْصِلا
018_426,اِحْوَنْصَلَ,حوصل,افعنلل,IIIq,imperative,active,2mp,1,اِحْوَنْصِلُوا
018_426,اِحْوَنْصَلَ,حوصل,افعنلل,IIIq,imperative,active,2fs,1,اِحْوَنْصِلي
018_426,اِحْوَنْصَلَ,حوصل,افعنلل,IIIq,imperative,active,2fp,1,اِحْوَنْصِلْنَ
019_277,اِرْعَوَى,رعو,افعلّ,IX,past,active,3ms,1,اِرْعَوَى
019_277,اِرْعَوَى,رعو,افعلّ,IX,past,active,3md,1,اِرْعَوَيا
019_277,اِرْعَوَى,رعو,افعلّ,IX,past,active,3mp,1,اِرْعَوَوْا
019_277,اِرْعَوَى,رعو,افعلّ,IX,past,active,3fs,1,اِرْعَوَتْ
019_277,اِرْعَوَى,رعو,افعلّ,IX,past,active,3fd,1,اِرْعَوَتا
019_277,اِرْعَوَى,رعو,افعلّ,IX,past,active,3fp,1,اِرْعَوَيْنَ
019_277,اِرْعَوَى,رعو,افعلّ,IX,past,active,2ms,1,اِرْعَوَيْتَ
019_277,اِرْعَوَى,رعو,افعلّ,IX,past,active,2d,1,اِرْعَوَيْتُما
019_277,اِرْعَوَى,رعو,افعلّ,IX,past,active,2mp,1,اِرْعَوَيْتُمْ
019_277,اِرْعَوَى,رعو,افعلّ,IX,past,active,2fs,1,اِرْعَوَيْتِ
019_277,اِرْعَوَى,رعو,افعلّ,IX,past,active,2fp,1,اِرْعَوَيْتُنَّ
019_277,اِرْعَوَى,رعو,افعلّ,IX,past,active,1s,1,اِرْعَوَيْتُ
019_277,اِرْعَوَى,رعو,افعلّ,IX,past,active,1p,1,اِرْعَوَيْنا
019_277,اِرْعَوَى,رعو,افعلّ,IX,indicative,active,3ms,1,يَرْعَوِي
019_277,اِرْعَوَى,رعو,افعلّ,IX,indicative,active,3md,1,يَرْعَوِيانِ
019_277,اِرْعَوَى,رعو,افعلّ,IX,indicative,active,3mp,1,يَرْعَوُونَ
019_277,اِرْعَوَى,رعو,افعلّ,IX,indicative,active,3fs,1,تَرْعَوِي
019_277,اِرْعَوَى,رعو,افعلّ,IX,indicative,active,3fd,1,تَرْعَوِيانِ
019_277,اِرْعَوَى,رعو,افعلّ,IX,indicative,active,3fp,1,يَرْعَوِينَ
019_277,اِرْعَوَى,رعو,افعلّ,IX,indicative,active,2ms,1,تَرْعَوِي
019_277,اِرْعَوَى,رعو,افعلّ,IX,indicative,active,2d,1,تَرْعَوِيانِ
019_277,اِرْعَوَى,رعو,افعلّ,IX,indicative,active,2mp,1,تَرْعَوُونَ
019_277,اِرْعَوَى,رعو,افعلّ,IX,indicative,active,2fs,1,تَرْعَوِينَ
019_277,اِرْعَوَى,رعو,افعلّ,IX,indicative,active,2fp,1,تَرْعَوِينَ
019_277,اِرْعَوَى,رعو,افعلّ,IX,indicative,active,1s,1,أَرْعَوِي
019_277,اِرْعَوَى,رعو,افعلّ,IX,indicative,active,1p,1,نَرْعَوِي
019_277,اِرْعَوَى,رعو,افعلّ,IX,imperative,active,2ms,1,اِرْعَوِ
019_277,اِرْعَوَى,رعو,افعلّ,IX,imperative,active,2d,1,اِرْعَوِيا
019_277,اِرْعَوَى,رعو,افعلّ,IX,imperative,active,2mp,1,اِرْعَوُوا
019_277,اِرْعَوَى,رعو,افعلّ,IX,imperative,active,2fs,1,اِرْعَوِي
019_277,اِرْعَوَى,رعو,افعلّ,IX,imperative,active,2fp,1,اِرْعَوِينَ
020_416,تَفَوْعَلَ,فوعل,تفعلل,IIq,past,active,3ms,1,تَفَوْعَلَ
020_416,تَفَوْعَلَ,فوعل,تفعلل,IIq,past,active,3md,1,تَفَوْعَلا
020_416,تَفَوْعَلَ,فوعل,تفعلل,IIq,past,active,3mp,1,تَفَوْعَلُوا
020_416,تَفَوْعَلَ,فوعل,تفعلل,IIq,past,active,3fs,1,تَفَوْعَلَتْ
020_416,تَفَوْعَلَ,فوعل,تفعلل,IIq,past,active,3fd,1,تَفَوْعَلَتا
020_416,تَفَوْعَلَ,فوعل,تفعلل,IIq,past,active,3fp,1,تَفَوْعَلْنَ
020_416,تَفَوْعَلَ,فوعل,تفعلل,IIq,past,active,2ms,1,تَفَوْعَلْتَ
020_416,تَفَوْعَلَ,فوعل,تفعلل,IIq,past,active,2d,1,تَفَوْعَلْتُما
020_416,تَفَوْعَلَ,فوعل,تفعلل,IIq,past,active,2mp,1,تَفَوْعَلْتُمْ
020_416,تَفَوْعَلَ,فوعل,تفعلل,IIq,past,active,2fs,1,تَفَوْعَلْتِ
020_416,تَفَوْعَلَ,فوعل,تفعلل,IIq,past,active,2fp,1,تَفَوْعَلْتُنَّ
020_416,تَفَوْعَلَ,فوعل,تفعلل,IIq,past,active,1s,1,تَفَوْعَلْتُ
020_416,تَفَوْعَلَ,فوعل,تفعلل,IIq,past,active,1p,1,تَفَوْعَلْنا
020_416,تَفَوْعَلَ,فوعل,تفعلل,IIq,past,passive,3ms,1,تُفوعِلَ
020_416,تَفَوْعَلَ,فوعل,تفعلل,IIq,past,passive,3md,1,تُفوعِلا
020_416,تَفَوْعَلَ,فوعل,تفعلل,IIq,past,passive,3mp,1,تُفوعِلُوا
020_416,تَفَوْعَلَ,فوعل,تفعلل,IIq,past,passive,3fs,1,تُفوعِلَتْ
020_416,تَفَوْعَلَ,فوعل,تفعلل,IIq,past,passive,3fd,1,تُفوعِلَتا
020_416,تَفَوْعَلَ,فوعل,تفعلل,IIq,past,passive,3fp,1,تُفوعِلْنَ
020_416,تَفَوْعَلَ,فوعل,تفعلل,IIq,past,passive,2ms,1,تُفوعِلْتَ
020_416,تَفَوْعَلَ,فوعل,تفعلل,IIq,past,passive,2d,1,تُفوعِلْتُما
020_416,تَفَوْعَلَ,فوعل,تفعلل,IIq,past,passive,2mp,1,تُفوعِلْتُمْ
020_416,تَفَوْعَلَ,فوعل,تفعلل,IIq,past,passive,2fs,1,تُفوعِلْتِ
020_416,تَفَوْعَلَ,فوعل,تفعلل,IIq,past,passive,2fp,1,تُفوعِلْتُنَّ
020_416,تَفَوْعَلَ,فوعل,تفعلل,IIq,past,passive,1s,1,تُفوعِلْتُ
020_416,تَفَوْعَلَ,فوعل,تفعلل,IIq,past,passive,1p,1,تُفوعِلْنا
020_416,تَفَوْعَلَ,فوعل,تفعلل,IIq,indicative,active,3ms,1,يَتَفَوْعَلُ
020_416,تَفَوْعَلَ,فوعل,تفعلل,IIq,indicative,active,3md,1,يَتَفَوْعَلانِ
020_416,تَفَوْعَلَ,فوعل,تفعلل,IIq,indicative,active,3mp,1,يَتَفَوْعَلونَ
020_416,تَفَوْعَلَ,فوعل,تفعلل,IIq,indicative,active,3fs,1,تَتَفَوْعَلُ
020_416,تَفَوْعَلَ,فوعل,تفعلل,IIq,indicative,active,3fd,1,تَتَفَوْعَلانِ
020_416,تَفَوْعَلَ,فوعل,تفعلل,IIq,indicative,active,3fp,1,يَتَفَوْعَلْنَ
020_416,تَفَوْعَلَ,فوعل,تفعلل,IIq,indicative,active,2ms,1,تَتَفَوْعَلُ
020_416,تَفَوْعَلَ,فوعل,تفعلل,IIq,indicative,active,2d,1,تَتَفَوْعَلانِ
020_416,تَفَوْعَلَ,فوعل,تفعلل,IIq,indicative,active,2mp,1,تَتَفَوْعَلونَ
020_416,تَفَوْعَلَ,فوعل,تفعلل,IIq,indicative,active,2fs,1,تَتَفَوْعَلينَ
020_416,تَفَوْعَلَ,فوعل,تفعلل,IIq,indicative,active,2fp,1,تَتَفَوْعَلْنَ
020_416,تَفَوْعَلَ,فوعل,تفعلل,IIq,indicative,active,1s,1,أَتَفَوْعَلُ
020_416,تَفَوْعَلَ,فوعل,تفعلل,IIq,indicative,active,1p,1,نَتَفَوْعَلُ
020_416,تَفَوْعَلَ,فوعل,تفعلل,IIq,indicative,passive,3ms,1,يُتَفَوْعَلُ
020_416,تَفَوْعَلَ,فوعل,تفعلل,IIq,indicative,passive,3md,1,يُتَفَوْعَلانِ
020_416,تَفَوْعَلَ,فوعل,تفعلل,IIq,indicative,passive,3mp,1,يُتَفَوْعَلونَ
020_416,تَفَوْعَلَ,فوعل,تفعلل,IIq,indicative,passive,3fs,1,تُتَفَوْعَلُ
020_416,تَفَوْعَلَ,فوعل,تفعلل,IIq,indicative,passive,3fd,1,تُتَفَوْعَلانِ
020_416,تَفَوْعَلَ,فوعل,تفعلل,IIq,indicative,passive,3fp,1,يُتَفَوْعَلْنَ
020_416,تَفَوْعَلَ,فوعل,تفعلل,IIq,indicative,passive,2ms,1,تُتَفَوْعَلُ
020_416,تَفَوْعَلَ,فوعل,تفعلل,IIq,indicative,passive,2d,1,تُتَفَوْعَلانِ
020_416,تَفَوْعَلَ,فوعل,تفعلل,IIq,indicative,passive,2mp,1,تُتَفَوْعَلونَ
020_416,تَفَوْعَلَ,فوعل,تفعلل,IIq,indicative,passive,2fs,1,تُتَفَوْعَلينَ
020_416,تَفَوْعَلَ,فوعل,تفعلل,IIq,indicative,passive,2fp,1,تُتَفَوْعَلْنَ
020_416,تَفَوْعَلَ,فوعل,تفعلل,IIq,indicative,passive,1s,1,أُتَفَوْعَلُ
020_416,تَفَوْعَلَ,فوعل,تفعلل,IIq,indicative,passive,1p,1,نُتَفَوْعَلُ
020_416,تَفَوْعَلَ,فوعل,تفعلل,IIq,imperative,active,2ms,1,تَفَوْعَلْ
020_416,تَفَوْعَلَ,فوعل,تفعلل,IIq,imperative,active,2d,1,تَفَوْعَلا
020_416,تَفَوْعَلَ,فوعل,تفعلل,IIq,imperative,active,2mp,1,تَفَوْعَلُوا
020_416,تَفَوْعَلَ,فوعل,تفعلل,IIq,imperative,active,2fs,1,تَفَوْعَلي
020_416,تَفَوْعَلَ,فوعل,تفعلل,IIq,imperative,active,2fp,1,تَفَوْعَلْنَ
021_261,اِظَّنَّ,ظنن,افتعل,VIII,past,active,3ms,1,اِظَّنَّ
021_261,اِظَّنَّ,ظنن,افتعل,VIII,past,active,3md,1,اِظَّنَّا
021_261,اِظَّنَّ,ظنن,افتعل,VIII,past,active,3mp,1,اِظَّنُّوا
021_261,اِظَّنَّ,ظنن,افتعل,VIII,past,active,3fs,1,اِظَّنَّتْ
021_261,اِظَّنَّ,ظنن,افتعل,VIII,past,active,3fd,1,اِظَّنَّتا
021_261,اِظَّنَّ,ظنن,افتعل,VIII,past,active,3fp,1,اِظَّنَنَّ
021_261,اِظَّنَّ,ظنن,افتعل,VIII,past,active,2ms,1,اِظَّنَنْتَ
021_261,اِظَّنَّ,ظنن,افتعل,VIII,past,active,2d,1,اِظَّنَنْتُما
021_261,اِظَّنَّ,ظنن,افتعل,VIII,past,active,2mp,1,اِظَّنَنْتُمْ
021_261,اِظَّنَّ,ظنن,افتعل,VIII,past,active,2fs,1,اِظَّنَنْتِ
021_261,اِظَّنَّ,ظنن,افتعل,VIII,past,active,2fp,1,اِظَّنَنْتُنَّ
021_261,اِظَّنَّ,ظنن,افتعل,VIII,past,active,1s,1,اِظَّنَنْتُ
021_261,اِظَّنَّ,ظنن,افتعل,VIII,past,active,1p,1,اِظَّنَنّا
021_261,اِظَّنَّ,ظنن,افتعل,VIII,indicative,active,3ms,1,يَظَّنُّ
021_261,اِظَّنَّ,ظنن,افتعل,VIII,indicative,active,3md,1,يَظَّنّانِ
021_261,اِظَّنَّ,ظنن,افتعل,VIII,indicative,active,3mp,1,يَظَّنّونَ
021_261,اِظَّنَّ,ظنن,افتعل,VIII,indicative,active,3fs,1,تَظَّنُّ
021_261,اِظَّنَّ,ظنن,افتعل,VIII,indicative,active,3fd,1,تَظَّنّانِ
021_261,اِظَّنَّ,ظنن,افتعل,VIII,indicative,active,3fp,1,يَظَّنِنَّ
021_261,اِظَّنَّ,ظنن,افتعل,VIII,indicative,active,2ms,1,تَظَّنُّ
021_261,اِظَّنَّ,ظنن,افتعل,VIII,indicative,active,2d,1,تَظَّنّانِ
021_261,اِظَّنَّ,ظنن,افتعل,VIII,indicative,active,2mp,1,تَظَّنّونَ
021_261,اِظَّنَّ,ظنن,افتعل,VIII,indicative,active,2fs,1,تَظَّنّينَ
021_261,اِظَّنَّ,ظنن,افتعل,VIII,indicative,active,2fp,1,تَظَّنِنَّ
021_261,اِظَّنَّ,ظنن,افتعل,VIII,indicative,active,1s,1,أَظَّنُّ
021_261,اِظَّنَّ,ظنن,افتعل,VIII,indicative,active,1p,1,نَظَّنُّ
021_261,اِظَّنَّ,ظنن,افتعل,VIII,imperative,active,2ms,1,اِظَّنَّ
021_261,اِظَّنَّ,ظنن,افتعل,VIII,imperative,active,2d,1,اِظَّنَّا
021_261,اِظَّنَّ,ظنن,افتعل,VIII,imperative,active,2mp,1,اِظَّنُّوا
021_261,اِظَّنَّ,ظنن,افتعل,VIII,imperative,active,2fs,1,اِظَّنِّي
021_261,اِظَّنَّ,ظنن,افتعل,VIII,imperative,active,2fp,1,اِظَّنِنَّ
022_240,اِصّاعَدَ,صعد,تفاعل,VI,past,active,3ms,1,اِصّاعَدَ
022_240,اِصّاعَدَ,صعد,تفاعل,VI,past,active,3md,1,اِصّاعَدا
022_240,اِصّاعَدَ,صعد,تفاعل,VI,past,active,3mp,1,اِصّاعَدُوا
022_240,اِصّاعَدَ,صعد,تفاعل,VI,past,active,3fs,1,اِصّاعَدَتْ
022_240,اِصّاعَدَ,صعد,تفاعل,VI,past,active,3fd,1,اِصّاعَدَتا
022_240,اِصّاعَدَ,صعد,تفاعل,VI,past,active,3fp,1,اِصّاعَدْنَ
022_240,اِصّاعَدَ,صعد,تفاعل,VI,past,active,2ms,1,اِصّاعَدْتَ
022_240,اِصّاعَدَ,صعد,تفاعل,VI,past,active,2d,1,اِصّاعَدْتُما
022_240,اِصّاعَدَ,صعد,تفاعل,VI,past,active,2mp,1,اِصّاعَدْتُمْ
022_240,اِصّاعَدَ,صعد,تفاعل,VI,past,active,2fs,1,اِصّاعَدْتِ
022_240,اِصّاعَدَ,صعد,تفاعل,VI,past,active,2fp,1,اِصّاعَدْتُنَّ
022_240,اِصّاعَدَ,صعد,تفاعل,VI,past,active,1s,1,اِصّاعَدْتُ
022_240,اِصّاعَدَ,صعد,تفاعل,VI,past,active,1p,1,اِصّاعَدْنا
022_240,اِصّاعَدَ,صعد,تفاعل,VI,indicative,active,3ms,1,يَصّاعَدُ
022_240,اِصّاعَدَ,صعد,تفاعل,VI,indicative,active,3md,1,يَصّاعَدانِ
022_240,اِصّاعَدَ,صعد,تفاعل,VI,indicative,active,3mp,1,يَصّاعَدُونَ
022_240,اِصّاعَدَ,صعد,تفاعل,VI,indicative,active,3fs,1,تَصّاعَدُ
022_240,اِصّاعَدَ,صعد,تفاعل,VI,indicative,active,3fd,1,تَصّاعَدانِ
022_240,اِصّاعَدَ,صعد,تفاعل,VI,indicative,active,3fp,1,يَصّاعَدْنَ
022_240,اِصّاعَدَ,صعد,تفاعل,VI,indicative,active,2ms,1,تَصّاعَدُ
022_240,اِصّاعَدَ,صعد,تفاعل,VI,indicative,active,2d,1,تَصّاعَدانِ
022_240,اِصّاعَدَ,صعد,تفاعل,VI,indicative,active,2mp,1,تَصّاعَدُونَ
022_240,اِصّاعَدَ,صعد,تفاعل,VI,indicative,active,2fs,1,تَصّاعَدينَ
022_240,اِصّاعَدَ,صعد,تفاعل,VI,indicative,active,2fp,1,تَصّاعَدْنَ
022_240,اِصّاعَدَ,صعد,تفاعل,VI,indicative,active,1s,1,أَصّاعَدُ
022_240,اِصّاعَدَ,صعد,تفاعل,VI,indicative,active,1p,1,نَصّاعَدُ
022_240,اِصّاعَدَ,صعد,تفاعل,VI,imperative,active,2ms,1,اِصّاعَدْ
022_240,اِصّاعَدَ,صعد,تفاعل,VI,imperative,active,2d,1,اِصّاعَدا
022_240,اِصّاعَدَ,صعد,تفاعل,VI,imperative,active,2mp,1,اِصّاعَدُوا
022_240,اِصّاعَدَ,صعد,تفاعل,VI,imperative,active,2fs,1,اِصّاعَدي
022_240,اِصّاعَدَ,صعد,تفاعل,VI,imperative,active,2fp,1,اِصّاعَدْنَ
023_210,فاعَلَ,فعل,فاعل,III,past,active,3ms,1,فاعَلَ
023_210,فاعَلَ,فعل,فاعل,III,past,active,3md,1,فاعَلا
023_210,فاعَلَ,فعل,فاعل,III,past,active,3mp,1,فاعَلوا
023_210,فاعَلَ,فعل,فاعل,III,past,active,3fs,1,فاعَلَتْ
023_210,فاعَلَ,فعل,فاعل,III,past,active,3fd,1,فاعَلَتا
023_210,فاعَلَ,فعل,فاعل,III,past,active,3fp,1,فاعَلْنَ
023_210,فاعَلَ,فعل,فاعل,III,past,active,2ms,1,فاعَلْتَ
023_210,فاعَلَ,فعل,فاعل,III,past,active,2d,1,فاعَلْتُما
023_210,فاعَلَ,فعل,فاعل,III,past,active,2mp,1,فاعَلْتُمْ
023_210,فاعَلَ,فعل,فاعل,III,past,active,2fs,1,فاعَلْتِ
023_210,فاعَلَ,فعل,فاعل,III,past,active,2fp,1,فاعَلْتُنَّ
023_210,فاعَلَ,فعل,فاعل,III,past,active,1s,1,فاعَلْتُ
023_210,فاعَلَ,فعل,فاعل,III,past,active,1p,1,فاعَلْنا
023_210,فاعَلَ,فعل,فاعل,III,past,passive,3ms,1,فُوعِلَ
023_210,فاعَلَ,فعل,فاعل,III,past,passive,3md,1,فُوعِلا
023_210,فاعَلَ,فعل,فاعل,III,past,passive,3mp,1,فُوعِلوا
023_210,فاعَلَ,فعل,فاعل,III,past,passive,3fs,1,فُوعِلَتْ
023_210,فاعَلَ,فعل,فاعل,III,past,passive,3fd,1,فُوعِلَتا
023_210,فاعَلَ,فعل,فاعل,III,past,passive,3fp,1,فُوعِلْنَ
023_210,فاعَلَ,فعل,فاعل,III,past,passive,2ms,1,فُوعِلْتَ
023_210,فاعَلَ,فعل,فاعل,III,past,passive,2d,1,فُوعِلْتُما
023_210,فاعَلَ,فعل,فاعل,III,past,passive,2mp,1,فُوعِلْتُمْ
023_210,فاعَلَ,فعل,فاعل,III,past,passive,2fs,1,فُوعِلْتِ
023_210,فاعَلَ,فعل,فاعل,III,past,passive,2fp,1,فُوعِلْتُنَّ
023_210,فاعَلَ,فعل,فاعل,III,past,passive,1s,1,فُوعِلْتُ
023_210,فاعَلَ,فعل,فاعل,III,past,passive,1p,1,فُوعِلْنا
023_210,فاعَلَ,فعل,فاعل,III,indicative,active,3ms,1,يُفاعِلُ
023_210,فاعَلَ,فعل,فاعل,III,indicative,active,3md,1,يُفاعِلانِ
023_210,فاعَلَ,فعل,فاعل,III,indicative,active,3mp,1,يُفاعِلونَ
023_210,فاعَلَ,فعل,فاعل,III,indicative,active,3fs,1,تُفاعِلُ
023_210,فاعَلَ,فعل,فاعل,III,indicative,active,3fd,1,تُفاعِلانِ
023_210,فاعَلَ,فعل,فاعل,III,indicative,active,3fp,1,يُفاعِلْنَ
023_210,فاعَلَ,فعل,فاعل,III,indicative,active,2ms,1,تُفاعِلُ
023_210,فاعَلَ,فعل,فاعل,III,indicative,active,2d,1,تُفاعِلانِ
023_210,فاعَلَ,فعل,فاعل,III,indicative,active,2mp,1,تُفاعِلونَ
023_210,فاعَلَ,فعل,فاعل,III,indicative,active,2fs,1,تُفاعِلينَ
023_210,فاعَلَ,فعل,فاعل,III,indicative,active,2fp,1,تُفاعِلْنَ
023_210,فاعَلَ,فعل,فاعل,III,indicative,active,1s,1,أُفاعِلُ
023_210,فاعَلَ,فعل,فاعل,III,indicative,active,1p,1,نُفاعِلُ
023_210,فاعَلَ,فعل,فاعل,III,indicative,passive,3ms,1,يُفاعَلُ
023_210,فاعَلَ,فعل,فاعل,III,indicative,passive,3md,1,يُفاعَلانِ
023_210,فاعَلَ,فعل,فاعل,III,indicative,passive,3mp,1,يُفاعَلونَ
023_210,فاعَلَ,فعل,فاعل,III,indicative,passive,3fs,1,تُفاعَلُ
023_210,فاعَلَ,فعل,فاعل,III,indicative,passive,3fd,1,تُفاعَلانِ
023_210,فاعَلَ,فعل,فاعل,III,indicative,passive,3fp,1,يُفاعَلْنَ
023_210,فاعَلَ,فعل,فاعل,III,indicative,passive,2ms,1,تُفاعَلُ
023_210,فاعَلَ,فعل,فاعل,III,indicative,passive,2d,1,تُفاعَلانِ
023_210,فاعَلَ,فعل,فاعل,III,indicative,passive,2mp,1,تُفاعَلونَ
023_210,فاعَلَ,فعل,فاعل,III,indicative,passive,2fs,1,تُفاعَلينَ
023_210,فاعَلَ,فعل,فاعل,III,indicative,passive,2fp,1,تُفاعَلْنَ
023_210,فاعَلَ,فعل,فاعل,III,indicative,passive,1s,1,أُفاعَلُ
023_210,فاعَلَ,فعل,فاعل,III,indicative,passive,1p,1,نُفاعَلُ
023_210,فاعَلَ,فعل,فاعل,III,imperative,active,2ms,1,فاعِلْ
023_210,فاعَلَ,فعل,فاعل,III,imperative,active,2d,1,فاعِلا
023_210,فاعَلَ,فعل,فاعل,III,imperative,active,2mp,1,فاعِلوا
023_210,فاعَلَ,فعل,فاعل,III,imperative,active,2fs,1,فاعِلي
023_210,فاعَلَ,فعل,فاعل,III,imperative,active,2fp,1,فاعِلْنَ
024_157,بَقِيَ,بقي,فعِل يفعَل,I,past,active,3ms,1,بَقِيَ
024_157,بَقِيَ,بقي,فعِل يفعَل,I,past,active,3md,1,بَقِيا
024_157,بَقِيَ,بقي,فعِل يفعَل,I,past,active,3mp,1,بَقُوا
024_157,بَقِيَ,بقي,فعِل يفعَل,I,past,active,3fs,1,بَقِيَتْ
024_157,بَقِيَ,بقي,فعِل يفعَل,I,past,active,3fd,1,بَقِيَتا
024_157,بَقِيَ,بقي,فعِل يفعَل,I,past,active,3fp,1,بَقِينَ
024_157,بَقِيَ,بقي,فعِل يفعَل,I,past,active,2ms,1,بَقِيتَ
024_157,بَقِيَ,بقي,فعِل يفعَل,I,past,active,2d,1,بَقِيتُما
024_157,بَقِيَ,بقي,فعِل يفعَل,I,past,active,2mp,1,بَقِيتُمْ
024_157,بَقِيَ,بقي,فعِل يفعَل,I,past,active,2fs,1,بَقِيتِ
024_157,بَقِيَ,بقي,فعِل يفعَل,I,past,active,2fp,1,بَقِيتُنَّ
024_157,بَقِيَ,بقي,فعِل يفعَل,I,past,active,1s,1,بَقِيتُ
024_157,بَقِيَ,بقي,فعِل يفعَل,I,past,active,1p,1,بَقِينا
024_157,بَقِيَ,بقي,فعِل يفعَل,I,indicative,active,3ms,1,يَبْقَى
024_157,بَقِيَ,بقي,فعِل يفعَل,I,indicative,active,3md,1,يَبْقَيانِ
024_157,بَقِيَ,بقي,فعِل يفعَل,I,indicative,active,3mp,1,يَبْقَوْنَ
024_157,بَقِيَ,بقي,فعِل يفعَل,I,indicative,active,3fs,1,تَبْقَى
024_157,بَقِيَ,بقي,فعِل يفعَل,I,indicative,active,3fd,1,تَبْقَيانِ
024_157,بَقِيَ,بقي,فعِل يفعَل,I,indicative,active,3fp,1,يَبْقَيْنَ
024_157,بَقِيَ,بقي,فعِل يفعَل,I,indicative,active,2ms,1,تَبْقَى
024_157,بَقِيَ,بقي,فعِل يفعَل,I,indicative,active,2d,1,تَبْقَيانِ
024_157,بَقِيَ,بقي,فعِل يفعَل,I,indicative,active,2mp,1,تَبْقَوْنَ
024_157,بَقِيَ,بقي,فعِل يفعَل,I,indicative,active,2fs,1,تَبْقَيْنَ
024_157,بَقِيَ,بقي,فعِل يفعَل,I,indicative,active,2fp,1,تَبْقَيْنَ
024_157,بَقِيَ,بقي,فعِل يفعَل,I,indicative,active,1s,1,أَبْقَى
024_157,بَقِيَ,بقي,فعِل يفعَل,I,indicative,active,1p,1,نَبْقَى
024_157,بَقِيَ,بقي,فعِل يفعَل,I,imperative,active,2ms,1,اِبْقَ
024_157,بَقِيَ,بقي,فعِل يفعَل,I,imperative,active,2d,1,اِبْقَيا
024_157,بَقِيَ,بقي,فعِل يفعَل,I,imperative,active,2mp,1,اِبْقَوْا
024_157,بَقِيَ,بقي,فعِل يفعَل,I,imperative,active,2fs,1,اِبْقَيْ
024_157,بَقِيَ,بقي,فعِل يفعَل,I,imperative,active,2fp,1,اِبْقَيْنَ
025_255,اِنْوَرَبَ,ورب,انفعل,VII,past,active,3ms,1,اِنْوَرَبَ
025_255,اِنْوَرَبَ,ورب,انفعل,VII,past,active,3md,1,اِنْوَرَبا
025_255,اِنْوَرَبَ,ورب,انفعل,VII,past,active,3mp,1,اِنْوَرَبُوا
025_255,اِنْوَرَبَ,ورب,انفعل,VII,past,active,3fs,1,اِنْوَرَبَتْ
025_255,اِنْوَرَبَ,ورب,انفعل,VII,past,active,3fd,1,اِنْوَرَبَتا
025_255,اِنْوَرَبَ,ورب,انفعل,VII,past,active,3fp,1,اِنْوَرَبْنَ
025_255,اِنْوَرَبَ,ورب,انفعل,VII,past,active,2ms,1,اِنْوَرَبْتَ
025_255,اِنْوَرَبَ,ورب,انفعل,VII,past,active,2d,1,اِنْوَرَبْتُما
025_255,اِنْوَرَبَ,ورب,انفعل,VII,past,active,2mp,1,اِنْوَرَبْتُمْ
025_255,اِنْوَرَبَ,ورب,انفعل,VII,past,active,2fs,1,اِنْوَرَبْتِ
025_255,اِنْوَرَبَ,ورب,انفعل,VII,past,active,2fp,1,اِنْوَرَبْتُنَّ
025_255,اِنْوَرَبَ,ورب,انفعل,VII,past,active,1s,1,اِنْوَرَبْتُ
025_255,اِنْوَرَبَ,ورب,انفعل,VII,past,active,1p,1,اِنْوَرَبْنا
025_255,اِنْوَرَبَ,ورب,انفعل,VII,indicative,active,3ms,1,يَنْوَرِبُ
025_255,اِنْوَرَبَ,ورب,انفعل,VII,indicative,active,3md,1,يَنْوَرِبانِ
025_255,اِنْوَرَبَ,ورب,انفعل,VII,indicative,active,3mp,1,يَنْوَرِبُونَ
025_255,اِنْوَرَبَ,ورب,انفعل,VII,indicative,active,3fs,1,تَنْوَرِبُ
025_255,اِنْوَرَبَ,ورب,انفعل,VII,indicative,active,3fd,1,تَنْوَرِبانِ
025_255,اِنْوَرَبَ,ورب,انفعل,VII,indicative,active,3fp,1,يَنْوَرِبْنَ
025_255,اِنْوَرَبَ,ورب,انفعل,VII,indicative,active,2ms,1,تَنْوَرِبُ
025_255,اِنْوَرَبَ,ورب,انفعل,VII,indicative,active,2d,1,تَنْوَرِبانِ
025_255,اِنْوَرَبَ,ورب,انفعل,VII,indicative,active,2mp,1,تَنْوَرِبُونَ
025_255,اِنْوَرَبَ,ورب,انفعل,VII,indicative,active,2fs,1,تَنْوَرِبينَ
025_255,اِنْوَرَبَ,ورب,انفعل,VII,indicative,active,2fp,1,تَنْوَرِبْنَ
025_255,اِنْوَرَبَ,ورب,انفعل,VII,indicative,active,1s,1,أَنْوَرِبُ
025_255,اِنْوَرَبَ,ورب,انفعل,VII,indicative,active,1p,1,نَنْوَرِبُ
025_255,اِنْوَرَبَ,ورب,انفعل,VII,imperative,active,2ms,1,اِنْوَرِبْ
025_255,اِنْوَرَبَ,ورب,انفعل,VII,imperative,active,2d,1,اِنْوَرِبا
025_255,اِنْوَرَبَ,ورب,انفعل,VII,imperative,active,2mp,1,اِنْوَرِبُوا
025_255,اِنْوَرَبَ,ورب,انفعل,VII,imperative,active,2fs,1,اِنْوَرِبي
025_255,اِنْوَرَبَ,ورب,انفعل,VII,imperative,active,2fp,1,اِنْوَرِبْنَ
026_111,مَدَّ,مدد,فعَل يفعُل,I,past,active,3ms,1,مَدَّ
026_111,مَدَّ,مدد,فعَل يفعُل,I,past,active,3md,1,مَدَّا
026_111,مَدَّ,مدد,فعَل يفعُل,I,past,active,3mp,1,مَدُّوا
026_111,مَدَّ,مدد,فعَل يفعُل,I,past,active,3fs,1,مَدَّتْ
026_111,مَدَّ,مدد,فعَل يفعُل,I,past,active,3fd,1,مَدَّتَا
026_111,مَدَّ,مدد,فعَل يفعُل,I,past,active,3fp,1,مَدَدْنَ
026_111,مَدَّ,مدد,فعَل يفعُل,I,past,active,2ms,1,مَدَدْتَ
026_111,مَدَّ,مدد,فعَل يفعُل,I,past,active,2d,1,مَدَدْتُمَا
026_111,مَدَّ,مدد,فعَل يفعُل,I,past,active,2mp,1,مَدَدْتُمْ
026_111,مَدَّ,مدد,فعَل يفعُل,I,past,active,2fs,1,مَدَدْتِ
026_111,مَدَّ,مدد,فعَل يفعُل,I,past,active,2fp,1,مَدَدْتُنَّ
026_111,مَدَّ,مدد,فعَل يفعُل,I,past,active,1s,1,مَدَدْتُ
026_111,مَدَّ,مدد,فعَل يفعُل,I,past,active,1p,1,مَدَدْنَا
026_111,مَدَّ,مدد,فعَل يفعُل,I,past,passive,3ms,1,مُدَّ
026_111,مَدَّ,مدد,فعَل يفعُل,I,past,passive,3md,1,مُدَّا
026_111,مَدَّ,مدد,فعَل يفعُل,I,past,passive,3mp,1,مُدُّوا
026_111,مَدَّ,مدد,فعَل يفعُل,I,past,passive,3fs,1,مُدَّتْ
026_111,مَدَّ,مدد,فعَل يفعُل,I,past,passive,3fd,1,مُدَّتَا
026_111,مَدَّ,مدد,فعَل يفعُل,I,past,passive,3fp,1,مُدِدْنَ
026_111,مَدَّ,مدد,فعَل يفعُل,I,past,passive,2ms,1,مُدِدْتَ
026_111,مَدَّ,مدد,فعَل يفعُل,I,past,passive,2d,1,مُدِدْتُمَا
026_111,مَدَّ,مدد,فعَل يفعُل,I,past,passive,2mp,1,مُدِدْتُمْ
026_111,مَدَّ,مدد,فعَل يفعُل,I,past,passive,2fs,1,مُدِدْتِ
026_111,مَدَّ,مدد,فعَل يفعُل,I,past,passive,2fp,1,مُدِدْتُنَّ
026_111,مَدَّ,مدد,فعَل يفعُل,I,past,passive,1s,1,مُدِدْتُ
026_111,مَدَّ,مدد,فعَل يفعُل,I,past,passive,1p,1,مُدِدْنَا
026_111,مَدَّ,مدد,فعَل يفعُل,I,indicative,active,3ms,1,يَمُدُّ
026_111,مَدَّ,مدد,فعَل يفعُل,I,indicative,active,3md,1,يَمُدَّانِ
026_111,مَدَّ,مدد,فعَل يفعُل,I,indicative,active,3mp,1,يَمُدُّونَ
026_111,مَدَّ,مدد,فعَل يفعُل,I,indicative,active,3fs,1,تَمُدُّ
026_111,مَدَّ,مدد,فعَل يفعُل,I,indicative,active,3fd,1,تَمُدَّانِ
026_111,مَدَّ,مدد,فعَل يفعُل,I,indicative,active,3fp,1,يَمْدُدْنَ
026_111,مَدَّ,مدد,فعَل يفعُل,I,indicative,active,2ms,1,تَمُدُّ
026_111,مَدَّ,مدد,فعَل يفعُل,I,indicative,active,2d,1,تَمُدَّانِ
026_111,مَدَّ,مدد,فعَل يفعُل,I,indicative,active,2mp,1,تَمُدُّونَ
026_111,مَدَّ,مدد,فعَل يفعُل,I,indicative,active,2fs,1,تَمُدِّينَ
026_111,مَدَّ,مدد,فعَل يفعُل,I,indicative,active,2fp,1,تَمْدُدْنَ
026_111,مَدَّ,مدد,فعَل يفعُل,I,indicative,active,1s,1,أَمُدُّ
026_111,مَدَّ,مدد,فعَل يفعُل,I,indicative,active,1p,1,نَمُدُّ
026_111,مَدَّ,مدد,فعَل يفعُل,I,indicative,passive,3ms,1,يُمَدُّ
026_111,مَدَّ,مدد,فعَل يفعُل,I,indicative,passive,3md,1,يُمَدَّانِ
026_111,مَدَّ,مدد,فعَل يفعُل,I,indicative,passive,3mp,1,يُمَدُّونَ
026_111,مَدَّ,مدد,فعَل يفعُل,I,indicative,passive,3fs,1,تُمَدُّ
026_111,مَدَّ,مدد,فعَل يفعُل,I,indicative,passive,3fd,1,تُمَدَّانِ
026_111,مَدَّ,مدد,فعَل يفعُل,I,indicative,passive,3fp,1,يُمْدَدْنَ
026_111,مَدَّ,مدد,فعَل يفعُل,I,indicative,passive,2ms,1,تُمَدُّ
026_111,مَدَّ,مدد,فعَل يفعُل,I,indicative,passive,2d,1,تُمَدَّانِ
026_111,مَدَّ,مدد,فعَل يفعُل,I,indicative,passive,2mp,1,تُمَدُّونَ
026_111,مَدَّ,مدد,فعَل يفعُل,I,indicative,passive,2fs,1,تُمَدِّينَ
026_111,مَدَّ,مدد,فعَل يفعُل,I,indicative,passive,2fp,1,تُمْدَدْنَ
026_111,مَدَّ,مدد,فعَل يفعُل,I,indicative,passive,1s,1,أُمَدُّ
026_111,مَدَّ,مدد,فعَل يفعُل,I,indicative,passive,1p,1,نُمَدُّ
026_111,مَدَّ,مدد,فعَل يفعُل,I,imperative,active,2ms,1,مُدَّ
026_111,مَدَّ,مدد,فعَل يفعُل,I,imperative,active,2d,1,مُدَّا
026_111,مَدَّ,مدد,فعَل يفعُل,I,imperative,active,2mp,1,مُدُّوا
026_111,مَدَّ,مدد,فعَل يفعُل,I,imperative,active,2fs,1,مُدِّي
026_111,مَدَّ,مدد,فعَل يفعُل,I,imperative,active,2fp,1,اُمْدُدْنَ
027_112,أَكَلَ,أكل,فعَل يفعُل,I,past,active,3ms,1,أَكَلَ
027_112,أَكَلَ,أكل,فعَل يفعُل,I,past,active,3md,1,أَكَلَا
027_112,أَكَلَ,أكل,فعَل يفعُل,I,past,active,3mp,1,أَكَلُوا
027_112,أَكَلَ,أكل,فعَل يفعُل,I,past,active,3fs,1,أَكَلَتْ
027_112,أَكَلَ,أكل,فعَل يفعُل,I,past,active,3fd,1,أَكَلَتَا
027_112,أَكَلَ,أكل,فعَل يفعُل,I,past,active,3fp,1,أَكَلْنَ
027_112,أَكَلَ,أكل,فعَل يفعُل,I,past,active,2ms,1,أَكَلْتَ
027_112,أَكَلَ,أكل,فعَل يفعُل,I,past,active,2d,1,أَكَلْتُمَا
027_112,أَكَلَ,أكل,فعَل يفعُل,I,past,active,2mp,1,أَكَلْتُمْ
027_112,أَكَلَ,أكل,فعَل يفعُل,I,past,active,2fs,1,أَكَلْتِ
027_112,أَكَلَ,أكل,فعَل يفعُل,I,past,active,2fp,1,أَكَلْتُنَّ
027_112,أَكَلَ,أكل,فعَل يفعُل,I,past,active,1s,1,أَكَلْتُ
027_112,أَكَلَ,أكل,فعَل يفعُل,I,past,active,1p,1,أَكَلْنَا
027_112,أَكَلَ,أكل,فعَل يفعُل,I,past,passive,3ms,1,أُكِلَ
027_112,أَكَلَ,أكل,فعَل يفعُل,I,past,passive,3md,1,أُكِلا
027_112,أَكَلَ,أكل,فعَل يفعُل,I,past,passive,3mp,1,أُكِلُوا
027_112,أَكَلَ,أكل,فعَل يفعُل,I,past,passive,3fs,1,أُكِلَتْ
027_112,أَكَلَ,أكل,فعَل يفعُل,I,past,passive,3fd,1,أُكِلَتا
027_112,أَكَلَ,أكل,فعَل يفعُل,I,past,passive,3fp,1,أُكِلْنَ
027_112,أَكَلَ,أكل,فعَل يفعُل,I,past,passive,2ms,1,أُكِلْتَ
027_112,أَكَلَ,أكل,فعَل يفعُل,I,past,passive,2d,1,أُكِلْتُما
027_112,أَكَلَ,أكل,فعَل يفعُل,I,past,passive,2mp,1,أُكِلْتُمْ
027_112,أَكَلَ,أكل,فعَل يفعُل,I,past,passive,2fs,1,أُكِلْتِ
027_112,أَكَلَ,أكل,فعَل يفعُل,I,past,passive,2fp,1,أُكِلْتُنَّ
027_112,أَكَلَ,أكل,فعَل يفعُل,I,past,passive,1s,1,أُكِلْتُ
027_112,أَكَلَ,أكل,فعَل يفعُل,I,past,passive,1p,1,أُكِلْنا
027_112,أَكَلَ,أكل,فعَل يفعُل,I,indicative,active,3ms,1,يَأْكُلُ
027_112,أَكَلَ,أكل,فعَل يفعُل,I,indicative,active,3md,1,يَأْكُلَانِ
027_112,أَكَلَ,أكل,فعَل يفعُل,I,indicative,active,3mp,1,يَأْكُلُونَ
027_112,أَكَلَ,أكل,فعَل يفعُل,I,indicative,active,3fs,1,تَأْكُلُ
027_112,أَكَلَ,أكل,فعَل يفعُل,I,indicative,active,3fd,1,تَأْكُلَانِ
027_112,أَكَلَ,أكل,فعَل يفعُل,I,indicative,active,3fp,1,يَأْكُلْنَ
027_112,أَكَلَ,أكل,فعَل يفعُل,I,indicative,active,2ms,1,تَأْكُلُ
027_112,أَكَلَ,أكل,فعَل يفعُل,I,indicative,active,2d,1,تَأْكُلَانِ
027_112,أَكَلَ,أكل,فعَل يفعُل,I,indicative,active,2mp,1,تَأْكُلُونَ
027_112,أَكَلَ,أكل,فعَل يفعُل,I,indicative,active,2fs,1,تَأْكُلِينَ
027_112,أَكَلَ,أكل,فعَل يفعُل,I,indicative,active,2fp,1,تَأْكُلْنَ
027_112,أَكَلَ,أكل,فعَل يفعُل,I,indicative,active,1s,1,آكُلُ
027_112,أَكَلَ,أكل,فعَل يفعُل,I,indicative,active,1p,1,نَأْكُلُ
027_112,أَكَلَ,أكل,فعَل يفعُل,I,indicative,passive,3ms,1,يُؤْكَلُ
027_112,أَكَلَ,أكل,فعَل يفعُل,I,indicative,passive,3md,1,يُؤْكَلانِ
027_112,أَكَلَ,أكل,فعَل يفعُل,I,indicative,passive,3mp,1,يُؤْكَلُونَ
027_112,أَكَلَ,أكل,فعَل يفعُل,I,indicative,passive,3fs,1,تُؤْكَلُ
027_112,أَكَلَ,أكل,فعَل يفعُل,I,indicative,passive,3fd,1,تُؤْكَلانِ
027_112,أَكَلَ,أكل,فعَل يفعُل,I,indicative,passive,3fp,1,يُؤْكَلْنَ
027_112,أَكَلَ,أكل,فعَل يفعُل,I,indicative,passive,2ms,1,تُؤْكَلُ
027_112,أَكَلَ,أكل,فعَل يفعُل,I,indicative,passive,2d,1,تُؤْكَلانِ
027_112,أَكَلَ,أكل,فعَل يفعُل,I,indicative,passive,2mp,1,تُؤْكَلُونَ
027_112,أَكَلَ,أكل,فعَل يفعُل,I,indicative,passive,2fs,1,تُؤْكَلِينَ
027_112,أَكَلَ,أكل,فعَل يفعُل,I,indicative,passive,2fp,1,تُؤْكَلْنَ
027_112,أَكَلَ,أكل,فعَل يفعُل,I,indicative,passive,1s,1,أُؤْكَلُ
027_112,أَكَلَ,أكل,فعَل يفعُل,I,indicative,passive,1p,1,نُؤْكَلُ
027_112,أَكَلَ,أكل,فعَل يفعُل,I,imperative,active,2ms,1,كُلْ
027_112,أَكَلَ,أكل,فعَل يفعُل,I,imperative,active,2d,1,كُلَا
027_112,أَكَلَ,أكل,فعَل يفعُل,I,imperative,active,2mp,1,كُلُوا
027_112,أَكَلَ,أكل,فعَل يفعُل,I,imperative,active,2fs,1,كُلِي
027_112,أَكَلَ,أكل,فعَل يفعُل,I,imperative,active,2fp,1,كُلْنَ
028_116,قَالَ,قول,فعَل يفعُل,I,past,active,3ms,1,قَالَ
028_116,قَالَ,قول,فعَل يفعُل,I,past,active,3md,1,قَالا
028_116,قَالَ,قول,فعَل يفعُل,I,past,active,3mp,1,قَالُوا
028_116,قَالَ,قول,فعَل يفعُل,I,past,active,3fs,1,قَالَتْ
028_116,قَالَ,قول,فعَل يفعُل,I,past,active,3fd,1,قَالَتَا
028_116,قَالَ,قول,فعَل يفعُل,I,past,active,3fp,1,قُلْنَ
028_116,قَالَ,قول,فعَل يفعُل,I,past,active,2ms,1,قُلْتَ
028_116,قَالَ,قول,فعَل يفعُل,I,past,active,2d,1,قُلْتُمَا
028_116,قَالَ,قول,فعَل يفعُل,I,past,active,2mp,1,قُلْتُمْ
028_116,قَالَ,قول,فعَل يفعُل,I,past,active,2fs,1,قُلْتِ
028_116,قَالَ,قول,فعَل يفعُل,I,past,active,2fp,1,قُلْتُنَّ
028_116,قَالَ,قول,فعَل يفعُل,I,past,active,1s,1,قُلْتُ
028_116,قَالَ,قول,فعَل يفعُل,I,past,active,1p,1,قُلْنَا
028_116,قَالَ,قول,فعَل يفعُل,I,past,passive,3ms,1,قِيلَ
028_116,قَالَ,قول,فعَل يفعُل,I,past,passive,3md,1,قِيلا
028_116,قَالَ,قول,فعَل يفعُل,I,past,passive,3mp,1,قِيلُوا
028_116,قَالَ,قول,فعَل يفعُل,I,past,passive,3fs,1,قِيلَتْ
028_116,قَالَ,قول,فعَل يفعُل,I,past,passive,3fd,1,قِيلَتَا
028_116,قَالَ,قول,فعَل يفعُل,I,past,passive,3fp,1,قِلْنَ
028_116,قَالَ,قول,فعَل يفعُل,I,past,passive,2ms,1,قِلْتَ
028_116,قَالَ,قول,فعَل يفعُل,I,past,passive,2d,1,قِلْتُمَا
028_116,قَالَ,قول,فعَل يفعُل,I,past,passive,2mp,1,قِلْتُمْ
028_116,قَالَ,قول,فعَل يفعُل,I,past,passive,2fs,1,قِلْتِ
028_116,قَالَ,قول,فعَل يفعُل,I,past,passive,2fp,1,قِلْتُنَّ
028_116,قَالَ,قول,فعَل يفعُل,I,past,passive,1s,1,قِلْتُ
028_116,قَالَ,قول,فعَل يفعُل,I,past,passive,1p,1,قِلْنَا
028_116,قَالَ,قول,فعَل يفعُل,I,indicative,active,3ms,1,يَقُولُ
028_116,قَالَ,قول,فعَل يفعُل,I,indicative,active,3md,1,يَقُولانِ
028_116,قَالَ,قول,فعَل يفعُل,I,indicative,active,3mp,1,يَقُولُونَ
028_116,قَالَ,قول,فعَل يفعُل,I,indicative,active,3fs,1,تَقُولُ
028_116,قَالَ,قول,فعَل يفعُل,I,indicative,active,3fd,1,تَقُولانِ
028_116,قَالَ,قول,فعَل يفعُل,I,indicative,active,3fp,1,يَقُلْنَ
028_116,قَالَ,قول,فعَل يفعُل,I,indicative,active,2ms,1,تَقُولُ
028_116,قَالَ,قول,فعَل يفعُل,I,indicative,active,2d,1,تَقُولانِ
028_116,قَالَ,قول,فعَل يفعُل,I,indicative,active,2mp,1,تَقُولُونَ
028_116,قَالَ,قول,فعَل يفعُل,I,indicative,active,2fs,1,تَقُولِينَ
028_116,قَالَ,قول,فعَل يفعُل,I,indicative,active,2fp,1,تَقُلْنَ
028_116,قَالَ,قول,فعَل يفعُل,I,indicative,active,1s,1,أَقُولُ
028_116,قَالَ,قول,فعَل يفعُل,I,indicative,active,1p,1,نَقُولُ
028_116,قَالَ,قول,فعَل يفعُل,I,indicative,passive,3ms,1,يُقَالُ
028_116,قَالَ,قول,فعَل يفعُل,I,indicative,passive,3md,1,يُقَالانِ
028_116,قَالَ,قول,فعَل يفعُل,I,indicative,passive,3mp,1,يُقَالُونَ
028_116,قَالَ,قول,فعَل يفعُل,I,indicative,passive,3fs,1,تُقَالُ
028_116,قَالَ,قول,فعَل يفعُل,I,indicative,passive,3fd,1,تُقَالانِ
028_116,قَالَ,قول,فعَل يفعُل,I,indicative,passive,3fp,1,يُقَلْنَ
028_116,قَالَ,قول,فعَل يفعُل,I,indicative,passive,2ms,1,تُقَالُ
028_116,قَالَ,قول,فعَل يفعُل,I,indicative,passive,2d,1,تُقَالانِ
028_116,قَالَ,قول,فعَل يفعُل,I,indicative,passive,2mp,1,تُقَالُونَ
028_116,قَالَ,قول,فعَل يفعُل,I,indicative,passive,2fs,1,تُقَالِينَ
028_116,قَالَ,قول,فعَل يفعُل,I,indicative,passive,2fp,1,تُقَلْنَ
028_116,قَالَ,قول,فعَل يفعُل,I,indicative,passive,1s,1,أُقَالُ
028_116,قَالَ,قول,فعَل يفعُل,I,indicative,passive,1p,1,نُقَالُ
028_116,قَالَ,قول,فعَل يفعُل,I,imperative,active,2ms,1,قُلْ
028_116,قَالَ,قول,فعَل يفعُل,I,imperative,active,2d,1,قولا
028_116,قَالَ,قول,فعَل يفعُل,I,imperative,active,2mp,1,قولوا
028_116,قَالَ,قول,فعَل يفعُل,I,imperative,active,2fs,1,قولي
028_116,قَالَ,قول,فعَل يفعُل,I,imperative,active,2fp,1,قُلْنَ
029_120,ضَرَبَ,ضرب,فعَل يفعِل,I,past,active,3ms,1,ضَرَبَ
029_120,ضَرَبَ,ضرب,فعَل يفعِل,I,past,active,3md,1,ضَرَبَا
029_120,ضَرَبَ,ضرب,فعَل يفعِل,I,past,active,3mp,1,ضَرَبُوا
029_120,ضَرَبَ,ضرب,فعَل يفعِل,I,past,active,3fs,1,ضَرَبَتْ
029_120,ضَرَبَ,ضرب,فعَل يفعِل,I,past,active,3fd,1,ضَرَبَتَا
029_120,ضَرَبَ,ضرب,فعَل يفعِل,I,past,active,3fp,1,ضَرَبْنَ
029_120,ضَرَبَ,ضرب,فعَل يفعِل,I,past,active,2ms,1,ضَرَبْتَ
029_120,ضَرَبَ,ضرب,فعَل يفعِل,I,past,active,2d,1,ضَرَبْتُمَا
029_120,ضَرَبَ,ضرب,فعَل يفعِل,I,past,active,2mp,1,ضَرَبْتُمْ
029_120,ضَرَبَ,ضرب,فعَل يفعِل,I,past,active,2fs,1,ضَرَبْتِ
029_120,ضَرَبَ,ضرب,فعَل يفعِل,I,past,active,2fp,1,ضَرَبْتُنَّ
029_120,ضَرَبَ,ضرب,فعَل يفعِل,I,past,active,1s,1,ضَرَبْتُ
029_120,ضَرَبَ,ضرب,فعَل يفعِل,I,past,active,1p,1,ضَرَبْنَا
029_120,ضَرَبَ,ضرب,فعَل يفعِل,I,past,passive,3ms,1,ضُرِبَ
029_120,ضَرَبَ,ضرب,فعَل يفعِل,I,past,passive,3md,1,ضُرِبَا
029_120,ضَرَبَ,ضرب,فعَل يفعِل,I,past,passive,3mp,1,ضُرِبُوا
029_120,ضَرَبَ,ضرب,فعَل يفعِل,I,past,passive,3fs,1,ضُرِبَتْ
029_120,ضَرَبَ,ضرب,فعَل يفعِل,I,past,passive,3fd,1,ضُرِبَتَا
029_120,ضَرَبَ,ضرب,فعَل يفعِل,I,past,passive,3fp,1,ضُرِبْنَ
029_120,ضَرَبَ,ضرب,فعَل يفعِل,I,past,passive,2ms,1,ضُرِبْتَ
029_120,ضَرَبَ,ضرب,فعَل يفعِل,I,past,passive,2d,1,ضُرِبْتُمَا
029_120,ضَرَبَ,ضرب,فعَل يفعِل,I,past,passive,2mp,1,ضُرِبْتُمْ
029_120,ضَرَبَ,ضرب,فعَل يفعِل,I,past,passive,2fs,1,ضُرِبْتِ
029_120,ضَرَبَ,ضرب,فعَل يفعِل,I,past,passive,2fp,1,ضُرِبْتُنَّ
029_120,ضَرَبَ,ضرب,فعَل يفعِل,I,past,passive,1s,1,ضُرِبْتُ
029_120,ضَرَبَ,ضرب,فعَل يفعِل,I,past,passive,1p,1,ضُرِبْنَا
029_120,ضَرَبَ,ضرب,فعَل يفعِل,I,indicative,active,3ms,1,يَضْرِبُ
029_120,ضَرَبَ,ضرب,فعَل يفعِل,I,indicative,active,3md,1,يَضْرِبَانِ
029_120,ضَرَبَ,ضرب,فعَل يفعِل,I,indicative,active,3mp,1,يَضْرِبُونَ
029_120,ضَرَبَ,ضرب,فعَل يفعِل,I,indicative,active,3fs,1,تَضْرِبُ
029_120,ضَرَبَ,ضرب,فعَل يفعِل,I,indicative,active,3fd,1,تَضْرِبَانِ
029_120,ضَرَبَ,ضرب,فعَل يفعِل,I,indicative,active,3fp,1,يَضْرِبْنَ
029_120,ضَرَبَ,ضرب,فعَل يفعِل,I,indicative,active,2ms,1,تَضْرِبُ
029_120,ضَرَبَ,ضرب,فعَل يفعِل,I,indicative,active,2d,1,تَضْرِبَانِ
029_120,ضَرَبَ,ضرب,فعَل يفعِل,I,indicative,active,2mp,1,تَضْرِبُونَ
029_120,ضَرَبَ,ضرب,فعَل يفعِل,I,indicative,active,2fs,1,تَضْرِبِينَ
029_120,ضَرَبَ,ضرب,فعَل يفعِل,I,indicative,active,2fp,1,تَضْرِبْنَ
029_120,ضَرَبَ,ضرب,فعَل يفعِل,I,indicative,active,1s,1,أَضْرِبُ
029_120,ضَرَبَ,ضرب,فعَل يفعِل,I,indicative,active,1p,1,نَضْرِبُ
029_120,ضَرَبَ,ضرب,فعَل يفعِل,I,indicative,passive,3ms,1,يُضْرَبُ
029_120,ضَرَبَ,ضرب,فعَل يفعِل,I,indicative,passive,3md,1,يُضْرَبَانِ
029_120,ضَرَبَ,ضرب,فعَل يفعِل,I,indicative,passive,3mp,1,يُضْرَبُونَ
029_120,ضَرَبَ,ضرب,فعَل يفعِل,I,indicative,passive,3fs,1,تُضْرَبُ
029_120,ضَرَبَ,ضرب,فعَل يفعِل,I,indicative,passive,3fd,1,تُضْرَبَانِ
029_120,ضَرَبَ,ضرب,فعَل يفعِل,I,indicative,passive,3fp,1,يُضْرَبْنَ
029_120,ضَرَبَ,ضرب,فعَل يفعِل,I,indicative,passive,2ms,1,تُضْرَبُ
029_120,ضَرَبَ,ضرب,فعَل يفعِل,I,indicative,passive,2d,1,تُضْرَبَانِ
029_120,ضَرَبَ,ضرب,فعَل يفعِل,I,indicative,passive,2mp,1,تُضْرَبُونَ
029_120,ضَرَبَ,ضرب,فعَل يفعِل,I,indicative,passive,2fs,1,تُضْرَبِينَ
029_120,ضَرَبَ,ضرب,فعَل يفعِل,I,indicative,passive,2fp,1,تُضْرَبْنَ
029_120,ضَرَبَ,ضرب,فعَل يفعِل,I,indicative,passive,1s,1,أُضْرَبُ
029_120,ضَرَبَ,ضرب,فعَل يفعِل,I,indicative,passive,1p,1,نُضْرَبُ
029_120,ضَرَبَ,ضرب,فعَل يفعِل,I,imperative,active,2ms,1,اِضْرِبْ
029_120,ضَرَبَ,ضرب,فعَل يفعِل,I,imperative,active,2d,1,اِضْرِبَا
029_120,ضَرَبَ,ضرب,فعَل يفعِل,I,imperative,active,2mp,1,اِضْرِبُوا
029_120,ضَرَبَ,ضرب,فعَل يفعِل,I,imperative,active,2fs,1,اِضْرِبِي
029_120,ضَرَبَ,ضرب,فعَل يفعِل,I,imperative,active,2fp,1,اِضْرِبْنَ
030_123,رَأَسَ,رأس,فعَل يفعِل,I,past,active,3ms,1,رَأَسَ
030_123,رَأَسَ,رأس,فعَل يفعِل,I,past,active,3md,1,رَأَسَا
030_123,رَأَسَ,رأس,فعَل يفعِل,I,past,active,3mp,1,رَأَسُوا
030_123,رَأَسَ,رأس,فعَل يفعِل,I,past,active,3fs,1,رَأَسَتْ
030_123,رَأَسَ,رأس,فعَل يفعِل,I,past,active,3fd,1,رَأَسَتَا
030_123,رَأَسَ,رأس,فعَل يفعِل,I,past,active,3fp,1,رَأَسْنَ
030_123,رَأَسَ,رأس,فعَل يفعِل,I,past,active,2ms,1,رَأَسْتَ
030_123,رَأَسَ,رأس,فعَل يفعِل,I,past,active,2d,1,رَأَسْتُمَا
030_123,رَأَسَ,رأس,فعَل يفعِل,I,past,active,2mp,1,رَأَسْتُمْ
030_123,رَأَسَ,رأس,فعَل يفعِل,I,past,active,2fs,1,رَأَسْتِ
030_123,رَأَسَ,رأس,فعَل يفعِل,I,past,active,2fp,1,رَأَسْتُنَّ
030_123,رَأَسَ,رأس,فعَل يفعِل,I,past,active,1s,1,رَأَسْتُ
030_123,رَأَسَ,رأس,فعَل يفعِل,I,past,active,1p,1,رَأَسْنَا
030_123,رَأَسَ,رأس,فعَل يفعِل,I,past,passive,3ms,1,رُئِسَ
030_123,رَأَسَ,رأس,فعَل يفعِل,I,past,passive,3md,1,رُئِسا
030_123,رَأَسَ,رأس,فعَل يفعِل,I,past,passive,3mp,1,رُئِسُوا
030_123,رَأَسَ,رأس,فعَل يفعِل,I,past,passive,3fs,1,رُئِسَتْ
030_123,رَأَسَ,رأس,فعَل يفعِل,I,past,passive,3fd,1,رُئِسَتا
030_123,رَأَسَ,رأس,فعَل يفعِل,I,past,passive,3fp,1,رُئِسْنَ
030_123,رَأَسَ,رأس,فعَل يفعِل,I,past,passive,2ms,1,رُئِسْتَ
030_123,رَأَسَ,رأس,فعَل يفعِل,I,past,passive,2d,1,رُئِسْتُما
030_123,رَأَسَ,رأس,فعَل يفعِل,I,past,passive,2mp,1,رُئِسْتُمْ
030_123,رَأَسَ,رأس,فعَل يفعِل,I,past,passive,2fs,1,رُئِسْتِ
030_123,رَأَسَ,رأس,فعَل يفعِل,I,past,passive,2fp,1,رُئِسْتُنَّ
030_123,رَأَسَ,رأس,فعَل يفعِل,I,past,passive,1s,1,رُئِسْتُ
030_123,رَأَسَ,رأس,فعَل يفعِل,I,past,passive,1p,1,رُئِسْنا
030_123,رَأَسَ,رأس,فعَل يفعِل,I,indicative,active,3ms,1,يَرْئِسُ
030_123,رَأَسَ,رأس,فعَل يفعِل,I,indicative,active,3md,1,يَرْئِسانِ
030_123,رَأَسَ,رأس,فعَل يفعِل,I,indicative,active,3mp,1,يَرْئِسُونَ
030_123,رَأَسَ,رأس,فعَل يفعِل,I,indicative,active,3fs,1,تَرْئِسُ
030_123,رَأَسَ,رأس,فعَل يفعِل,I,indicative,active,3fd,1,تَرْئِسانِ
030_123,رَأَسَ,رأس,فعَل يفعِل,I,indicative,active,3fp,1,يَرْئِسْنَ
030_123,رَأَسَ,رأس,فعَل يفعِل,I,indicative,active,2ms,1,تَرْئِسُ
030_123,رَأَسَ,رأس,فعَل يفعِل,I,indicative,active,2d,1,تَرْئِسانِ
030_123,رَأَسَ,رأس,فعَل يفعِل,I,indicative,active,2mp,1,تَرْئِسُونَ
030_123,رَأَسَ,رأس,فعَل يفعِل,I,indicative,active,2fs,1,تَرْئِسِينَ
030_123,رَأَسَ,رأس,فعَل يفعِل,I,indicative,active,2fp,1,تَرْئِسْنَ
030_123,رَأَسَ,رأس,فعَل يفعِل,I,indicative,active,1s,1,أَرْئِسُ
030_123,رَأَسَ,رأس,فعَل يفعِل,I,indicative,active,1p,1,نَرْئِسُ
030_123,رَأَسَ,رأس,فعَل يفعِل,I,indicative,passive,3ms,1,يُرْأَسُ
030_123,رَأَسَ,رأس,فعَل يفعِل,I,indicative,passive,3md,1,يُرْأَسَانِ
030_123,رَأَسَ,رأس,فعَل يفعِل,I,indicative,passive,3mp,1,يُرْأَسُونَ
030_123,رَأَسَ,رأس,فعَل يفعِل,I,indicative,passive,3fs,1,تُرْأَسُ
030_123,رَأَسَ,رأس,فعَل يفعِل,I,indicative,passive,3fd,1,تُرْأَسَانِ
030_123,رَأَسَ,رأس,فعَل يفعِل,I,indicative,passive,3fp,1,يُرْأَسْنَ
030_123,رَأَسَ,رأس,فعَل يفعِل,I,indicative,passive,2ms,1,تُرْأَسُ
030_123,رَأَسَ,رأس,فعَل يفعِل,I,indicative,passive,2d,1,تُرْأَسَانِ
030_123,رَأَسَ,رأس,فعَل يفعِل,I,indicative,passive,2mp,1,تُرْأَسُونَ
030_123,رَأَسَ,رأس,فعَل يفعِل,I,indicative,passive,2fs,1,تُرْأَسِينَ
030_123,رَأَسَ,رأس,فعَل يفعِل,I,indicative,passive,2fp,1,تُرْأَسْنَ
030_123,رَأَسَ,رأس,فعَل يفعِل,I,indicative,passive,1s,1,أُرْأَسُ
030_123,رَأَسَ,رأس,فعَل يفعِل,I,indicative,passive,1p,1,نُرْأَسُ
030_123,رَأَسَ,رأس,فعَل يفعِل,I,imperative,active,2ms,1,اِرْئِسْ
030_123,رَأَسَ,رأس,فعَل يفعِل,I,imperative,active,2d,1,اِرْئِسا
030_123,رَأَسَ,رأس,فعَل يفعِل,I,imperative,active,2mp,1,اِرْئِسُوا
030_123,رَأَسَ,رأس,فعَل يفعِل,I,imperative,active,2fs,1,اِرْئِسِي
030_123,رَأَسَ,رأس,فعَل يفعِل,I,imperative,active,2fp,1,اِرْئِسْنَ
031_125,وَصَلَ,وصل,فعَل يفعِل,I,past,active,3ms,1,وَصَلَ
031_125,وَصَلَ,وصل,فعَل يفعِل,I,past,active,3md,1,وَصَلا
031_125,وَصَلَ,وصل,فعَل يفعِل,I,past,active,3mp,1,وَصَلُوا
031_125,وَصَلَ,وصل,فعَل يفعِل,I,past,active,3fs,1,وَصَلَتْ
031_125,وَصَلَ,وصل,فعَل يفعِل,I,past,active,3fd,1,وَصَلَتا
031_125,وَصَلَ,وصل,فعَل يفعِل,I,past,active,3fp,1,وَصَلْنَ
031_125,وَصَلَ,وصل,فعَل يفعِل,I,past,active,2ms,1,وَصَلْتَ
031_125,وَصَلَ,وصل,فعَل يفعِل,I,past,active,2d,1,وَصَلْتُما
031_125,وَصَلَ,وصل,فعَل يفعِل,I,past,active,2mp,1,وَصَلْتُمْ
031_125,وَصَلَ,وصل,فعَل يفعِل,I,past,active,2fs,1,وَصَلْتِ
031_125,وَصَلَ,وصل,فعَل يفعِل,I,past,active,2fp,1,وَصَلْتُنَّ
031_125,وَصَلَ,وصل,فعَل يفعِل,I,past,active,1s,1,وَصَلْتُ
031_125,وَصَلَ,وصل,فعَل يفعِل,I,past,active,1p,1,وَصَلْنا
031_125,وَصَلَ,وصل,فعَل يفعِل,I,past,passive,3ms,1,وُصِلَ
031_125,وَصَلَ,وصل,فعَل يفعِل,I,past,passive,3md,1,وُصِلَا
031_125,وَصَلَ,وصل,فعَل يفعِل,I,past,passive,3mp,1,وُصِلُوا
031_125,وَصَلَ,وصل,فعَل يفعِل,I,past,passive,3fs,1,وُصِلَتْ
031_125,وَصَلَ,وصل,فعَل يفعِل,I,past,passive,3fd,1,وُصِلَتَا
031_125,وَصَلَ,وصل,فعَل يفعِل,I,past,passive,3fp,1,وُصِلْنَ
031_125,وَصَلَ,وصل,فعَل يفعِل,I,past,passive,2ms,1,وُصِلْتَ
031_125,وَصَلَ,وصل,فعَل يفعِل,I,past,passive,2d,1,وُصِلْتُمَا
031_125,وَصَلَ,وصل,فعَل يفعِل,I,past,passive,2mp,1,وُصِلْتُمْ
031_125,وَصَلَ,وصل,فعَل يفعِل,I,past,passive,2fs,1,وُصِلْتِ
031_125,وَصَلَ,وصل,فعَل يفعِل,I,past,passive,2fp,1,وُصِلْتُنَّ
031_125,وَصَلَ,وصل,فعَل يفعِل,I,past,passive,1s,1,وُصِلْتُ
031_125,وَصَلَ,وصل,فعَل يفعِل,I,past,passive,1p,1,وُصِلْنَا
031_125,وَصَلَ,وصل,فعَل يفعِل,I,indicative,active,3ms,1,يَصِلُ
031_125,وَصَلَ,وصل,فعَل يفعِل,I,indicative,active,3md,1,يَصِلانِ
031_125,وَصَلَ,وصل,فعَل يفعِل,I,indicative,active,3mp,1,يَصِلُونَ
031_125,وَصَلَ,وصل,فعَل يفعِل,I,indicative,active,3fs,1,تَصِلُ
031_125,وَصَلَ,وصل,فعَل يفعِل,I,indicative,active,3fd,1,تَصِلانِ
031_125,وَصَلَ,وصل,فعَل يفعِل,I,indicative,active,3fp,1,يَصِلْنَ
031_125,وَصَلَ,وصل,فعَل يفعِل,I,indicative,active,2ms,1,تَصِلُ
031_125,وَصَلَ,وصل,فعَل يفعِل,I,indicative,active,2d,1,تَصِلانِ
031_125,وَصَلَ,وصل,فعَل يفعِل,I,indicative,active,2mp,1,تَصِلُونَ
031_125,وَصَلَ,وصل,فعَل يفعِل,I,indicative,active,2fs,1,تَصِلِينَ
031_125,وَصَلَ,وصل,فعَل يفعِل,I,indicative,active,2fp,1,تَصِلْنَ
031_125,وَصَلَ,وصل,فعَل يفعِل,I,indicative,active,1s,1,أَصِلُ
031_125,وَصَلَ,وصل,فعَل يفعِل,I,indicative,active,1p,1,نَصِلُ
031_125,وَصَلَ,وصل,فعَل يفعِل,I,indicative,passive,3ms,1,يُوْصَلُ
031_125,وَصَلَ,وصل,فعَل يفعِل,I,indicative,passive,3md,1,يُوْصَلانِ
031_125,وَصَلَ,وصل,فعَل يفعِل,I,indicative,passive,3mp,1,يُوْصَلُونَ
031_125,وَصَلَ,وصل,فعَل يفعِل,I,indicative,passive,3fs,1,تُوْصَلُ
031_125,وَصَلَ,وصل,فعَل يفعِل,I,indicative,passive,3fd,1,تُوْصَلانِ
031_125,وَصَلَ,وصل,فعَل يفعِل,I,indicative,passive,3fp,1,يُوْصَلْنَ
031_125,وَصَلَ,وصل,فعَل يفعِل,I,indicative,passive,2ms,1,تُوْصَلُ
031_125,وَصَلَ,وصل,فعَل يفعِل,I,indicative,passive,2d,1,تُوْصَلانِ
031_125,وَصَلَ,وصل,فعَل يفعِل,I,indicative,passive,2mp,1,تُوْصَلُونَ
031_125,وَصَلَ,وصل,فعَل يفعِل,I,indicative,passive,2fs,1,تُوْصَلِينَ
031_125,وَصَلَ,وصل,فعَل يفعِل,I,indicative,passive,2fp,1,تُوْصَلْنَ
031_125,وَصَلَ,وصل,فعَل يفعِل,I,indicative,passive,1s,1,أُوْصَلُ
031_125,وَصَلَ,وصل,فعَل يفعِل,I,indicative,passive,1p,1,نُوْصَلُ
031_125,وَصَلَ,وصل,فعَل يفعِل,I,imperative,active,2ms,1,صِلْ
031_125,وَصَلَ,وصل,فعَل يفعِل,I,imperative,active,2d,1,صِلَا
031_125,وَصَلَ,وصل,فعَل يفعِل,I,imperative,active,2mp,1,صِلُوا
031_125,وَصَلَ,وصل,فعَل يفعِل,I,imperative,active,2fs,1,صِلِي
031_125,وَصَلَ,وصل,فعَل يفعِل,I,imperative,active,2fp,1,صِلْنَ
032_127,رَمَى,رمي,فعَل يفعِل,I,past,active,3ms,1,رَمَى
032_127,رَمَى,رمي,فعَل يفعِل,I,past,active,3md,1,رَمَيَا
032_127,رَمَى,رمي,فعَل يفعِل,I,past,active,3mp,1,رَمَوْا
032_127,رَمَى,رمي,فعَل يفعِل,I,past,active,3fs,1,رَمَتْ
032_127,رَمَى,رمي,فعَل يفعِل,I,past,active,3fd,1,رَمَتَا
032_127,رَمَى,رمي,فعَل يفعِل,I,past,active,3fp,1,رَمَيْنَ
032_127,رَمَى,رمي,فعَل يفعِل,I,past,active,2ms,1,رَمَيْتَ
032_127,رَمَى,رمي,فعَل يفعِل,I,past,active,2d,1,رَمَيْتُمَا
032_127,رَمَى,رمي,فعَل يفعِل,I,past,active,2mp,1,رَمَيْتُمْ
032_127,رَمَى,رمي,فعَل يفعِل,I,past,active,2fs,1,رَمَيْتِ
032_127,رَمَى,رمي,فعَل يفعِل,I,past,active,2fp,1,رَمَيْتُنَّ
032_127,رَمَى,رمي,فعَل يفعِل,I,past,active,1s,1,رَمَيْتُ
032_127,رَمَى,رمي,فعَل يفعِل,I,past,active,1p,1,رَمَيْنَا
032_127,رَمَى,رمي,فعَل يفعِل,I,past,passive,3ms,1,رُمِيَ
032_127,رَمَى,رمي,فعَل يفعِل,I,past,passive,3md,1,رُمِيَا
032_127,رَمَى,رمي,فعَل يفعِل,I,past,passive,3mp,1,رُمُوا
032_127,رَمَى,رمي,فعَل يفعِل,I,past,passive,3fs,1,رُمِيَتْ
032_127,رَمَى,رمي,فعَل يفعِل,I,past,passive,3fd,1,رُمِيَتَا
032_127,رَمَى,رمي,فعَل يفعِل,I,past,passive,3fp,1,رُمِينَ
032_127,رَمَى,رمي,فعَل يفعِل,I,past,passive,2ms,1,رُمِيتَ
032_127,رَمَى,رمي,فعَل يفعِل,I,past,passive,2d,1,رُمِيتُمَا
032_127,رَمَى,رمي,فعَل يفعِل,I,past,passive,2mp,1,رُمِيتُمْ
032_127,رَمَى,رمي,فعَل يفعِل,I,past,passive,2fs,1,رُمِيتِ
032_127,رَمَى,رمي,فعَل يفعِل,I,past,passive,2fp,1,رُمِيتُنَّ
032_127,رَمَى,رمي,فعَل يفعِل,I,past,passive,1s,1,رُمِيتُ
032_127,رَمَى,رمي,فعَل يفعِل,I,past,passive,1p,1,رُمِينَا
032_127,رَمَى,رمي,فعَل يفعِل,I,indicative,active,3ms,1,يَرْمِي
032_127,رَمَى,رمي,فعَل يفعِل,I,indicative,active,3md,1,يَرْمِيَانِ
032_127,رَمَى,رمي,فعَل يفعِل,I,indicative,active,3mp,1,يَرْمُونَ
032_127,رَمَى,رمي,فعَل يفعِل,I,indicative,active,3fs,1,تَرْمِي
032_127,رَمَى,رمي,فعَل يفعِل,I,indicative,active,3fd,1,تَرْمِيَانِ
032_127,رَمَى,رمي,فعَل يفعِل,I,indicative,active,3fp,1,يَرْمِينَ
032_127,رَمَى,رمي,فعَل يفعِل,I,indicative,active,2ms,1,تَرْمِي
032_127,رَمَى,رمي,فعَل يفعِل,I,indicative,active,2d,1,تَرْمِيَانِ
032_127,رَمَى,رمي,فعَل يفعِل,I,indicative,active,2mp,1,تَرْمُونَ
032_127,رَمَى,رمي,فعَل يفعِل,I,indicative,active,2fs,1,تَرْمِينَ
032_127,رَمَى,رمي,فعَل يفعِل,I,indicative,active,2fp,1,تَرْمِينَ
032_127,رَمَى,رمي,فعَل يفعِل,I,indicative,active,1s,1,أَرْمِي
032_127,رَمَى,رمي,فعَل يفعِل,I,indicative,active,1p,1,نَرْمِي
032_127,رَمَى,رمي,فعَل يفعِل,I,indicative,passive,3ms,1,يُرْمَى
032_127,رَمَى,رمي,فعَل يفعِل,I,indicative,passive,3md,1,يُرْمَيَانِ
032_127,رَمَى,رمي,فعَل يفعِل,I,indicative,passive,3mp,1,يُرْمَوْنَ
032_127,رَمَى,رمي,فعَل يفعِل,I,indicative,passive,3fs,1,تُرْمَى
032_127,رَمَى,رمي,فعَل يفعِل,I,indicative,passive,3fd,1,تُرْمَيَانِ
032_127,رَمَى,رمي,فعَل يفعِل,I,indicative,passive,3fp,1,يُرْمَيْنَ
032_127,رَمَى,رمي,فعَل يفعِل,I,indicative,passive,2ms,1,تُرْمَى
032_127,رَمَى,رمي,فعَل يفعِل,I,indicative,passive,2d,1,تُرْمَيَانِ
032_127,رَمَى,رمي,فعَل يفعِل,I,indicative,passive,2mp,1,تُرْمَوْنَ
032_127,رَمَى,رمي,فعَل يفعِل,I,indicative,passive,2fs,1,تُرْمَيْنَ
032_127,رَمَى,رمي,فعَل يفعِل,I,indicative,passive,2fp,1,تُرْمَيْنَ
032_127,رَمَى,رمي,فعَل يفعِل,I,indicative,passive,1s,1,أُرْمَى
032_127,رَمَى,رمي,فعَل يفعِل,I,indicative,passive,1p,1,نُرْمَى
032_127,رَمَى,رمي,فعَل يفعِل,I,imperative,active,2ms,1,اِرْمِ
032_127,رَمَى,رمي,فعَل يفعِل,I,imperative,active,2d,1,اِرْمِيَا
032_127,رَمَى,رمي,فعَل يفعِل,I,imperative,active,2mp,1,اِرْمُوا
032_127,رَمَى,رمي,فعَل يفعِل,I,imperative,active,2fs,1,اِرْمِي
032_127,رَمَى,رمي,فعَل يفعِل,I,imperative,active,2fp,1,اِرْمِينَ
033_130,فَعَلَ,فعل,فعَل يفعَل,I,past,active,3ms,1,فَعَلَ
033_130,فَعَلَ,فعل,فعَل يفعَل,I,past,active,3md,1,فَعَلا
033_130,فَعَلَ,فعل,فعَل يفعَل,I,past,active,3mp,1,فَعَلُوا
033_130,فَعَلَ,فعل,فعَل يفعَل,I,past,active,3fs,1,فَعَلَتْ
033_130,فَعَلَ,فعل,فعَل يفعَل,I,past,active,3fd,1,فَعَلَتا
033_130,فَعَلَ,فعل,فعَل يفعَل,I,past,active,3fp,1,فَعَلْنَ
033_130,فَعَلَ,فعل,فعَل يفعَل,I,past,active,2ms,1,فَعَلْتَ
033_130,فَعَلَ,فعل,فعَل يفعَل,I,past,active,2d,1,فَعَلْتُما
033_130,فَعَلَ,فعل,فعَل يفعَل,I,past,active,2mp,1,فَعَلْتُمْ
033_130,فَعَلَ,فعل,فعَل يفعَل,I,past,active,2fs,1,فَعَلْتِ
033_130,فَعَلَ,فعل,فعَل يفعَل,I,past,active,2fp,1,فَعَلْتُنَّ
033_130,فَعَلَ,فعل,فعَل يفعَل,I,past,active,1s,1,فَعَلْتُ
033_130,فَعَلَ,فعل,فعَل يفعَل,I,past,active,1p,1,فَعَلْنا
033_130,فَعَلَ,فعل,فعَل يفعَل,I,past,passive,3ms,1,فُعِلَ
033_130,فَعَلَ,فعل,فعَل يفعَل,I,past,passive,3md,1,فُعِلَا
033_130,فَعَلَ,فعل,فعَل يفعَل,I,past,passive,3mp,1,فُعِلُوا
033_130,فَعَلَ,فعل,فعَل يفعَل,I,past,passive,3fs,1,فُعِلَتْ
033_130,فَعَلَ,فعل,فعَل يفعَل,I,past,passive,3fd,1,فُعِلَتَا
033_130,فَعَلَ,فعل,فعَل يفعَل,I,past,passive,3fp,1,فُعِلْنَ
033_130,فَعَلَ,فعل,فعَل يفعَل,I,past,passive,2ms,1,فُعِلْتَ
033_130,فَعَلَ,فعل,فعَل يفعَل,I,past,passive,2d,1,فُعِلْتُمَا
033_130,فَعَلَ,فعل,فعَل يفعَل,I,past,passive,2mp,1,فُعِلْتُمْ
033_130,فَعَلَ,فعل,فعَل يفعَل,I,past,passive,2fs,1,فُعِلْتِ
033_130,فَعَلَ,فعل,فعَل يفعَل,I,past,passive,2fp,1,فُعِلْتُنَّ
033_130,فَعَلَ,فعل,فعَل يفعَل,I,past,passive,1s,1,فُعِلْتُ
033_130,فَعَلَ,فعل,فعَل يفعَل,I,past,passive,1p,1,فُعِلْنَا
033_130,فَعَلَ,فعل,فعَل يفعَل,I,indicative,active,3ms,1,يَفْعَلُ
033_130,فَعَلَ,فعل,فعَل يفعَل,I,indicative,active,3md,1,يَفْعَلانِ
033_130,فَعَلَ,فعل,فعَل يفعَل,I,indicative,active,3mp,1,يَفْعَلُونَ
033_130,فَعَلَ,فعل,فعَل يفعَل,I,indicative,active,3fs,1,تَفْعَلُ
033_130,فَعَلَ,فعل,فعَل يفعَل,I,indicative,active,3fd,1,تَفْعَلانِ
033_130,فَعَلَ,فعل,فعَل يفعَل,I,indicative,active,3fp,1,يَفْعَلْنَ
033_130,فَعَلَ,فعل,فعَل يفعَل,I,indicative,active,2ms,1,تَفْعَلُ
033_130,فَعَلَ,فعل,فعَل يفعَل,I,indicative,active,2d,1,تَفْعَلانِ
033_130,فَعَلَ,فعل,فعَل يفعَل,I,indicative,active,2mp,1,تَفْعَلُونَ
033_130,فَعَلَ,فعل,فعَل يفعَل,I,indicative,active,2fs,1,تَفْعَلِينَ
033_130,فَعَلَ,فعل,فعَل يفعَل,I,indicative,active,2fp,1,تَفْعَلْنَ
033_130,فَعَلَ,فعل,فعَل يفعَل,I,indicative,active,1s,1,أَفْعَلُ
033_130,فَعَلَ,فعل,فعَل يفعَل,I,indicative,active,1p,1,نَفْعَلُ
033_130,فَعَلَ,فعل,فعَل يفعَل,I,indicative,passive,3ms,1,يُفْعَلُ
033_130,فَعَلَ,فعل,فعَل يفعَل,I,indicative,passive,3md,1,يُفْعَلانِ
033_130,فَعَلَ,فعل,فعَل يفعَل,I,indicative,passive,3mp,1,يُفْعَلُونَ
033_130,فَعَلَ,فعل,فعَل يفعَل,I,indicative,passive,3fs,1,تُفْعَلُ
033_130,فَعَلَ,فعل,فعَل يفعَل,I,indicative,passive,3fd,1,تُفْعَلانِ
033_130,فَعَلَ,فعل,فعَل يفعَل,I,indicative,passive,3fp,1,يُفْعَلْنَ
033_130,فَعَلَ,فعل,فعَل يفعَل,I,indicative,passive,2ms,1,تُفْعَلُ
033_130,فَعَلَ,فعل,فعَل يفعَل,I,indicative,passive,2d,1,تُفْعَلانِ
033_130,فَعَلَ,فعل,فعَل يفعَل,I,indicative,passive,2mp,1,تُفْعَلُونَ
033_130,فَعَلَ,فعل,فعَل يفعَل,I,indicative,passive,2fs,1,تُفْعَلِينَ
033_130,فَعَلَ,فعل,فعَل يفعَل,I,indicative,passive,2fp,1,تُفْعَلْنَ
033_130,فَعَلَ,فعل,فعَل يفعَل,I,indicative,passive,1s,1,أُفْعَلُ
033_130,فَعَلَ,فعل,فعَل يفعَل,I,indicative,passive,1p,1,نُفْعَلُ
033_130,فَعَلَ,فعل,فعَل يفعَل,I,imperative,active,2ms,1,اِفْعَلْ
033_130,فَعَلَ,فعل,فعَل يفعَل,I,imperative,active,2d,1,اِفْعَلَا
033_130,فَعَلَ,فعل,فعَل يفعَل,I,imperative,active,2mp,1,اِفْعَلُوا
033_130,فَعَلَ,فعل,فعَل يفعَل,I,imperative,active,2fs,1,اِفْعَلِي
033_130,فَعَلَ,فعل,فعَل يفعَل,I,imperative,active,2fp,1,اِفْعَلْنَ
034_131,عَضَّ,عضض,فعَل يفعَل,I,past,active,3ms,1,عَضَّ
034_131,عَضَّ,عضض,فعَل يفعَل,I,past,active,3md,1,عَضَّا
034_131,عَضَّ,عضض,فعَل يفعَل,I,past,active,3mp,1,عَضُّوا
034_131,عَضَّ,عضض,فعَل يفعَل,I,past,active,3fs,1,عَضَّتْ
034_131,عَضَّ,عضض,فعَل يفعَل,I,past,active,3fd,1,عَضَّتَا
034_131,عَضَّ,عضض,فعَل يفعَل,I,past,active,3fp,1,عَضَضْنَ
034_131,عَضَّ,عضض,فعَل يفعَل,I,past,active,2ms,1,عَضَضْتَ
034_131,عَضَّ,عضض,فعَل يفعَل,I,past,active,2d,1,عَضَضْتُمَا
034_131,عَضَّ,عضض,فعَل يفعَل,I,past,active,2mp,1,عَضَضْتُمْ
034_131,عَضَّ,عضض,فعَل يفعَل,I,past,active,2fs,1,عَضَضْتِ
034_131,عَضَّ,عضض,فعَل يفعَل,I,past,active,2fp,1,عَضَضْتُنَّ
034_131,عَضَّ,عضض,فعَل يفعَل,I,past,active,1s,1,عَضَضْتُ
034_131,عَضَّ,عضض,فعَل يفعَل,I,past,active,1p,1,عَضَضْنَا
034_131,عَضَّ,عضض,فعَل يفعَل,I,past,passive,3ms,1,عُضَّ
034_131,عَضَّ,عضض,فعَل يفعَل,I,past,passive,3md,1,عُضَّا
034_131,عَضَّ,عضض,فعَل يفعَل,I,past,passive,3mp,1,عُضُّوا
034_131,عَضَّ,عضض,فعَل يفعَل,I,past,passive,3fs,1,عُضَّتْ
034_131,عَضَّ,عضض,فعَل يفعَل,I,past,passive,3fd,1,عُضَّتَا
034_131,عَضَّ,عضض,فعَل يفعَل,I,past,passive,3fp,1,عُضِضْنَ
034_131,عَضَّ,عضض,فعَل يفعَل,I,past,passive,2ms,1,عُضِضْتَ
034_131,عَضَّ,عضض,فعَل يفعَل,I,past,passive,2d,1,عُضِضْتُمَا
034_131,عَضَّ,عضض,فعَل يفعَل,I,past,passive,2mp,1,عُضِضْتُمْ
034_131,عَضَّ,عضض,فعَل يفعَل,I,past,passive,2fs,1,عُضِضْتِ
034_131,عَضَّ,عضض,فعَل يفعَل,I,past,passive,2fp,1,عُضِضْتُنَّ
034_131,عَضَّ,عضض,فعَل يفعَل,I,past,passive,1s,1,عُضِضْتُ
034_131,عَضَّ,عضض,فعَل يفعَل,I,past,passive,1p,1,عُضِضْنَا
034_131,عَضَّ,عضض,فعَل يفعَل,I,indicative,active,3ms,1,يَعَضُّ
034_131,عَضَّ,عضض,فعَل يفعَل,I,indicative,active,3md,1,يَعَضَّانِ
034_131,عَضَّ,عضض,فعَل يفعَل,I,indicative,active,3mp,1,يَعَضُّونَ
034_131,عَضَّ,عضض,فعَل يفعَل,I,indicative,active,3fs,1,تَعَضُّ
034_131,عَضَّ,عضض,فعَل يفعَل,I,indicative,active,3fd,1,تَعَضَّانِ
034_131,عَضَّ,عضض,فعَل يفعَل,I,indicative,active,3fp,1,يَعْضَضْنَ
034_131,عَضَّ,عضض,فعَل يفعَل,I,indicative,active,2ms,1,تَعَضُّ
034_131,عَضَّ,عضض,فعَل يفعَل,I,indicative,active,2d,1,تَعَضَّانِ
034_131,عَضَّ,عضض,فعَل يفعَل,I,indicative,active,2mp,1,تَعَضُّونَ
034_131,عَضَّ,عضض,فعَل يفعَل,I,indicative,active,2fs,1,تَعَضِّينَ
034_131,عَضَّ,عضض,فعَل يفعَل,I,indicative,active,2fp,1,تَعْضَضْنَ
034_131,عَضَّ,عضض,فعَل يفعَل,I,indicative,active,1s,1,أَعَضُّ
034_131,عَضَّ,عضض,فعَل يفعَل,I,indicative,active,1p,1,نَعَضُّ
034_131,عَضَّ,عضض,فعَل يفعَل,I,indicative,passive,3ms,1,يُعَضُّ
034_131,عَضَّ,عضض,فعَل يفعَل,I,indicative,passive,3md,1,يُعَضَّانِ
034_131,عَضَّ,عضض,فعَل يفعَل,I,indicative,passive,3mp,1,يُعَضُّونَ
034_131,عَضَّ,عضض,فعَل يفعَل,I,indicative,passive,3fs,1,تُعَضُّ
034_131,عَضَّ,عضض,فعَل يفعَل,I,indicative,passive,3fd,1,تُعَضَّانِ
034_131,عَضَّ,عضض,فعَل يفعَل,I,indicative,passive,3fp,1,يُعْضَضْنَ
034_131,عَضَّ,عضض,فعَل يفعَل,I,indicative,passive,2ms,1,تُعَضُّ
034_131,عَضَّ,عضض,فعَل يفعَل,I,indicative,passive,2d,1,تُعَضَّانِ
034_131,عَضَّ,عضض,فعَل يفعَل,I,indicative,passive,2mp,1,تُعَضُّونَ
034_131,عَضَّ,عضض,فعَل يفعَل,I,indicative,passive,2fs,1,تُعَضِّينَ
034_131,عَضَّ,عضض,فعَل يفعَل,I,indicative,passive,2fp,1,تُعْضَضْنَ
034_131,عَضَّ,عضض,فعَل يفعَل,I,indicative,passive,1s,1,أُعَضُّ
034_131,عَضَّ,عضض,فعَل يفعَل,I,indicative,passive,1p,1,نُعَضُّ
034_131,عَضَّ,عضض,فعَل يفعَل,I,imperative,active,2ms,1,عَضَّ
034_131,عَضَّ,عضض,فعَل يفعَل,I,imperative,active,2d,1,عَضَّا
034_131,عَضَّ,عضض,فعَل يفعَل,I,imperative,active,2mp,1,عَضُّوا
034_131,عَضَّ,عضض,فعَل يفعَل,I,imperative,active,2fs,1,عَضِّي
034_131,عَضَّ,عضض,فعَل يفعَل,I,imperative,active,2fp,1,اِعْضَضْنَ
035_132,أَلَهَ,أله,فعَل يفعَل,I,past,active,3ms,1,أَلَهَ
035_132,أَلَهَ,أله,فعَل يفعَل,I,past,active,3md,1,أَلَها
035_132,أَلَهَ,أله,فعَل يفعَل,I,past,active,3mp,1,أَلَهُوا
035_132,أَلَهَ,أله,فعَل يفعَل,I,past,active,3fs,1,أَلَهَتْ
035_132,أَلَهَ,أله,فعَل يفعَل,I,past,active,3fd,1,أَلَهَتا
035_132,أَلَهَ,أله,فعَل يفعَل,I,past,active,3fp,1,أَلَهْنَ
035_132,أَلَهَ,أله,فعَل يفعَل,I,past,active,2ms,1,أَلَهْتَ
035_132,أَلَهَ,أله,فعَل يفعَل,I,past,active,2d,1,أَلَهْتُما
035_132,أَلَهَ,أله,فعَل يفعَل,I,past,active,2mp,1,أَلَهْتُمْ
035_132,أَلَهَ,أله,فعَل يفعَل,I,past,active,2fs,1,أَلَهْتِ
035_132,أَلَهَ,أله,فعَل يفعَل,I,past,active,2fp,1,أَلَهْتُنَّ
035_132,أَلَهَ,أله,فعَل يفعَل,I,past,active,1s,1,أَلَهْتُ
035_132,أَلَهَ,أله,فعَل يفعَل,I,past,active,1p,1,أَلَهْنا
035_132,أَلَهَ,أله,فعَل يفعَل,I,past,passive,3ms,1,أُلِهَ
035_132,أَلَهَ,أله,فعَل يفعَل,I,past,passive,3md,1,أُلِهَا
035_132,أَلَهَ,أله,فعَل يفعَل,I,past,passive,3mp,1,أُلِهُوا
035_132,أَلَهَ,أله,فعَل يفعَل,I,past,passive,3fs,1,أُلِهَتْ
035_132,أَلَهَ,أله,فعَل يفعَل,I,past,passive,3fd,1,أُلِهَتَا
035_132,أَلَهَ,أله,فعَل يفعَل,I,past,passive,3fp,1,أُلِهْنَ
035_132,أَلَهَ,أله,فعَل يفعَل,I,past,passive,2ms,1,أُلِهْتَ
035_132,أَلَهَ,أله,فعَل يفعَل,I,past,passive,2d,1,أُلِهْتُما
035_132,أَلَهَ,أله,فعَل يفعَل,I,past,passive,2mp,1,أُلِهْتُمْ
035_132,أَلَهَ,أله,فعَل يفعَل,I,past,passive,2fs,1,أُلِهْتِ
035_132,أَلَهَ,أله,فعَل يفعَل,I,past,passive,2fp,1,أُلِهْتُنَّ
035_132,أَلَهَ,أله,فعَل يفعَل,I,past,passive,1s,1,أُلِهْتُ
035_132,أَلَهَ,أله,فعَل يفعَل,I,past,passive,1p,1,أُلِهْنَا
035_132,أَلَهَ,أله,فعَل يفعَل,I,indicative,active,3ms,1,يَأْلَهُ
035_132,أَلَهَ,أله,فعَل يفعَل,I,indicative,active,3md,1,يَأْلَهَانِ
035_132,أَلَهَ,أله,فعَل يفعَل,I,indicative,active,3mp,1,يَأْلَهُونَ
035_132,أَلَهَ,أله,فعَل يفعَل,I,indicative,active,3fs,1,تَأْلَهُ
035_132,أَلَهَ,أله,فعَل يفعَل,I,indicative,active,3fd,1,تَأْلَهَانِ
035_132,أَلَهَ,أله,فعَل يفعَل,I,indicative,active,3fp,1,يَأْلَهْنَ
035_132,أَلَهَ,أله,فعَل يفعَل,I,indicative,active,2ms,1,تَأْلَهُ
035_132,أَلَهَ,أله,فعَل يفعَل,I,indicative,active,2d,1,تَأْلَهَانِ
035_132,أَلَهَ,أله,فعَل يفعَل,I,indicative,active,2mp,1,تَأْلَهُونَ
035_132,أَلَهَ,أله,فعَل يفعَل,I,indicative,active,2fs,1,تَأْلَهِينَ
035_132,أَلَهَ,أله,فعَل يفعَل,I,indicative,active,2fp,1,تَأْلَهْنَ
035_132,أَلَهَ,أله,فعَل يفعَل,I,indicative,active,1s,1,آلَهُ
035_132,أَلَهَ,أله,فعَل يفعَل,I,indicative,active,1p,1,نَأْلَهُ
035_132,أَلَهَ,أله,فعَل يفعَل,I,indicative,passive,3ms,1,يُؤْلَهُ
035_132,أَلَهَ,أله,فعَل يفعَل,I,indicative,passive,3md,1,يُؤْلَهَانِ
035_132,أَلَهَ,أله,فعَل يفعَل,I,indicative,passive,3mp,1,يُؤْلَهُونَ
035_132,أَلَهَ,أله,فعَل يفعَل,I,indicative,passive,3fs,1,تُؤْلَهُ
035_132,أَلَهَ,أله,فعَل يفعَل,I,indicative,passive,3fd,1,تُؤْلَهَانِ
035_132,أَلَهَ,أله,فعَل يفعَل,I,indicative,passive,3fp,1,يُؤْلَهْنَ
035_132,أَلَهَ,أله,فعَل يفعَل,I,indicative,passive,2ms,1,تُؤْلَهُ
035_132,أَلَهَ,أله,فعَل يفعَل,I,indicative,passive,2d,1,تُؤْلَهَانِ
035_132,أَلَهَ,أله,فعَل يفعَل,I,indicative,passive,2mp,1,تُؤْلَهُونَ
035_132,أَلَهَ,أله,فعَل يفعَل,I,indicative,passive,2fs,1,تُؤْلَهِينَ
035_132,أَلَهَ,أله,فعَل يفعَل,I,indicative,passive,2fp,1,تُؤْلَهْنَ
035_132,أَلَهَ,أله,فعَل يفعَل,I,indicative,passive,1s,1,أُؤْلَهُ
035_132,أَلَهَ,أله,فعَل يفعَل,I,indicative,passive,1p,1,نُؤْلَهُ
035_132,أَلَهَ,أله,فعَل يفعَل,I,imperative,active,2ms,1,اِئْلَهْ
035_132,أَلَهَ,أله,فعَل يفعَل,I,imperative,active,2d,1,اِئْلَهَا
035_132,أَلَهَ,أله,فعَل يفعَل,I,imperative,active,2mp,1,اِئْلَهُوا
035_132,أَلَهَ,أله,فعَل يفعَل,I,imperative,active,2fs,1,اِئْلَهِي
035_132,أَلَهَ,أله,فعَل يفعَل,I,imperative,active,2fp,1,اِئْلَهْنَ
036_126,بَاعَ,بيع,فعَل يفعِل,I,past,active,3ms,1,بَاعَ
036_126,بَاعَ,بيع,فعَل يفعِل,I,past,active,3md,1,باعا
036_126,بَاعَ,بيع,فعَل يفعِل,I,past,active,3mp,1,باعُوا
036_126,بَاعَ,بيع,فعَل يفعِل,I,past,active,3fs,1,بَاعَتْ
036_126,بَاعَ,بيع,فعَل يفعِل,I,past,active,3fd,1,باعَتا
036_126,بَاعَ,بيع,فعَل يفعِل,I,past,active,3fp,1,بِعْنَ
036_126,بَاعَ,بيع,فعَل يفعِل,I,past,active,2ms,1,بِعْتَ
036_126,بَاعَ,بيع,فعَل يفعِل,I,past,active,2d,1,بِعْتُما
036_126,بَاعَ,بيع,فعَل يفعِل,I,past,active,2mp,1,بِعْتُمْ
036_126,بَاعَ,بيع,فعَل يفعِل,I,past,active,2fs,1,بِعْتِ
036_126,بَاعَ,بيع,فعَل يفعِل,I,past,active,2fp,1,بِعْتُنَّ
036_126,بَاعَ,بيع,فعَل يفعِل,I,past,active,1s,1,بِعْتُ
036_126,بَاعَ,بيع,فعَل يفعِل,I,past,active,1p,1,بِعْنا
036_126,بَاعَ,بيع,فعَل يفعِل,I,past,passive,3ms,1,بِيعَ
036_126,بَاعَ,بيع,فعَل يفعِل,I,past,passive,3md,1,بِيعَا
036_126,بَاعَ,بيع,فعَل يفعِل,I,past,passive,3mp,1,بِيعُوا
036_126,بَاعَ,بيع,فعَل يفعِل,I,past,passive,3fs,1,بِيعَتْ
036_126,بَاعَ,بيع,فعَل يفعِل,I,past,passive,3fd,1,بِيعَتَا
036_126,بَاعَ,بيع,فعَل يفعِل,I,past,passive,3fp,1,بُعْنَ
036_126,بَاعَ,بيع,فعَل يفعِل,I,past,passive,2ms,1,بُعْتَ
036_126,بَاعَ,بيع,فعَل يفعِل,I,past,passive,2d,1,بُعْتُمَا
036_126,بَاعَ,بيع,فعَل يفعِل,I,past,passive,2mp,1,بُعْتُمْ
036_126,بَاعَ,بيع,فعَل يفعِل,I,past,passive,2fs,1,بُعْتِ
036_126,بَاعَ,بيع,فعَل يفعِل,I,past,passive,2fp,1,بُعْتُنَّ
036_126,بَاعَ,بيع,فعَل يفعِل,I,past,passive,1s,1,بُعْتُ
036_126,بَاعَ,بيع,فعَل يفعِل,I,past,passive,1p,1,بُعْنَا
036_126,بَاعَ,بيع,فعَل يفعِل,I,indicative,active,3ms,1,يَبِيعُ
036_126,بَاعَ,بيع,فعَل يفعِل,I,indicative,active,3md,1,يَبِيعَانِ
036_126,بَاعَ,بيع,فعَل يفعِل,I,indicative,active,3mp,1,يَبِيعُونَ
036_126,بَاعَ,بيع,فعَل يفعِل,I,indicative,active,3fs,1,تَبِيعُ
036_126,بَاعَ,بيع,فعَل يفعِل,I,indicative,active,3fd,1,تَبِيعَانِ
036_126,بَاعَ,بيع,فعَل يفعِل,I,indicative,active,3fp,1,يَبِعْنَ
036_126,بَاعَ,بيع,فعَل يفعِل,I,indicative,active,2ms,1,تَبِيعُ
036_126,بَاعَ,بيع,فعَل يفعِل,I,indicative,active,2d,1,تَبِيعَانِ
036_126,بَاعَ,بيع,فعَل يفعِل,I,indicative,active,2mp,1,تَبِيعُونَ
036_126,بَاعَ,بيع,فعَل يفعِل,I,indicative,active,2fs,1,تَبِيعِينَ
036_126,بَاعَ,بيع,فعَل يفعِل,I,indicative,active,2fp,1,تَبِعْنَ
036_126,بَاعَ,بيع,فعَل يفعِل,I,indicative,active,1s,1,أَبِيعُ
036_126,بَاعَ,بيع,فعَل يفعِل,I,indicative,active,1p,1,نَبِيعُ
036_126,بَاعَ,بيع,فعَل يفعِل,I,indicative,passive,3ms,1,يُبَاعُ
036_126,بَاعَ,بيع,فعَل يفعِل,I,indicative,passive,3md,1,يُبَاعَانِ
036_126,بَاعَ,بيع,فعَل يفعِل,I,indicative,passive,3mp,1,يُبَاعُونَ
036_126,بَاعَ,بيع,فعَل يفعِل,I,indicative,passive,3fs,1,تُبَاعُ
036_126,بَاعَ,بيع,فعَل يفعِل,I,indicative,passive,3fd,1,تُبَاعَانِ
036_126,بَاعَ,بيع,فعَل يفعِل,I,indicative,passive,3fp,1,يُبَعْنَ
036_126,بَاعَ,بيع,فعَل يفعِل,I,indicative,passive,2ms,1,تُبَاعُ
036_126,بَاعَ,بيع,فعَل يفعِل,I,indicative,passive,2d,1,تُبَاعَانِ
036_126,بَاعَ,بيع,فعَل يفعِل,I,indicative,passive,2mp,1,تُبَاعُونَ
036_126,بَاعَ,بيع,فعَل يفعِل,I,indicative,passive,2fs,1,تُبَاعِينَ
036_126,بَاعَ,بيع,فعَل يفعِل,I,indicative,passive,2fp,1,تُبَعْنَ
036_126,بَاعَ,بيع,فعَل يفعِل,I,indicative,passive,1s,1,أُبَاعُ
036_126,بَاعَ,بيع,فعَل يفعِل,I,indicative,passive,1p,1,نُبَاعُ
036_126,بَاعَ,بيع,فعَل يفعِل,I,imperative,active,2ms,1,بِعْ
036_126,بَاعَ,بيع,فعَل يفعِل,I,imperative,active,2d,1,بِيعَا
036_126,بَاعَ,بيع,فعَل يفعِل,I,imperative,active,2mp,1,بِيعُوا
036_126,بَاعَ,بيع,فعَل يفعِل,I,imperative,active,2fs,1,بِيعِي
036_126,بَاعَ,بيع,فعَل يفعِل,I,imperative,active,2fp,1,بِعْنَ
037_129,طَوَى,طوي,فعَل يفعِل,I,past,active,3ms,1,طَوَى
037_129,طَوَى,طوي,فعَل يفعِل,I,past,active,3md,1,طَوَيَا
037_129,طَوَى,طوي,فعَل يفعِل,I,past,active,3mp,1,طَوَوْا
037_129,طَوَى,طوي,فعَل يفعِل,I,past,active,3fs,1,طَوَتْ
037_129,طَوَى,طوي,فعَل يفعِل,I,past,active,3fd,1,طَوَتَا
037_129,طَوَى,طوي,فعَل يفعِل,I,past,active,3fp,1,طَوَيْنَ
037_129,طَوَى,طوي,فعَل يفعِل,I,past,active,2ms,1,طَوَيْتَ
037_129,طَوَى,طوي,فعَل يفعِل,I,past,active,2d,1,طَوَيْتُمَا
037_129,طَوَى,طوي,فعَل يفعِل,I,past,active,2mp,1,طَوَيْتُمْ
037_129,طَوَى,طوي,فعَل يفعِل,I,past,active,2fs,1,طَوَيْتِ
037_129,طَوَى,طوي,فعَل يفعِل,I,past,active,2fp,1,طَوَيْتُنَّ
037_129,طَوَى,طوي,فعَل يفعِل,I,past,active,1s,1,طَوَيْتُ
037_129,طَوَى,طوي,فعَل يفعِل,I,past,active,1p,1,طَوَيْنَا
037_129,طَوَى,طوي,فعَل يفعِل,I,past,passive,3ms,1,طُوِيَ
037_129,طَوَى,طوي,فعَل يفعِل,I,past,passive,3md,1,طُوِيَا
037_129,طَوَى,طوي,فعَل يفعِل,I,past,passive,3mp,1,طُوُوا
037_129,طَوَى,طوي,فعَل يفعِل,I,past,passive,3fs,1,طُوِيَتْ
037_129,طَوَى,طوي,فعَل يفعِل,I,past,passive,3fd,1,طُوِيَتَا
037_129,طَوَى,طوي,فعَل يفعِل,I,past,passive,3fp,1,طُوِينَ
037_129,طَوَى,طوي,فعَل يفعِل,I,past,passive,2ms,1,طُوِيتَ
037_129,طَوَى,طوي,فعَل يفعِل,I,past,passive,2d,1,طُوِيتُمَا
037_129,طَوَى,طوي,فعَل يفعِل,I,past,passive,2mp,1,طُوِيتُمْ
037_129,طَوَى,طوي,فعَل يفعِل,I,past,passive,2fs,1,طُوِيتِ
037_129,طَوَى,طوي,فعَل يفعِل,I,past,passive,2fp,1,طُوِيتُنَّ
037_129,طَوَى,طوي,فعَل يفعِل,I,past,passive,1s,1,طُوِيتُ
037_129,طَوَى,طوي,فعَل يفعِل,I,past,passive,1p,1,طُوِينَا
037_129,طَوَى,طوي,فعَل يفعِل,I,indicative,active,3ms,1,يَطْوِي
037_129,طَوَى,طوي,فعَل يفعِل,I,indicative,active,3md,1,يَطْوِيَانِ
037_129,طَوَى,طوي,فعَل يفعِل,I,indicative,active,3mp,1,يَطْوُونَ
037_129,طَوَى,طوي,فعَل يفعِل,I,indicative,active,3fs,1,تَطْوِي
037_129,طَوَى,طوي,فعَل يفعِل,I,indicative,active,3fd,1,تَطْوِيَانِ
037_129,طَوَى,طوي,فعَل يفعِل,I,indicative,active,3fp,1,يَطْوِينَ
037_129,طَوَى,طوي,فعَل يفعِل,I,indicative,active,2ms,1,تَطْوِي
037_129,طَوَى,طوي,فعَل يفعِل,I,indicative,active,2d,1,تَطْوِيَانِ
037_129,طَوَى,طوي,فعَل يفعِل,I,indicative,active,2mp,1,تَطْوُونَ
037_129,طَوَى,طوي,فعَل يفعِل,I,indicative,active,2fs,1,تَطْوِينَ
037_129,طَوَى,طوي,فعَل يفعِل,I,indicative,active,2fp,1,تَطْوِينَ
037_129,طَوَى,طوي,فعَل يفعِل,I,indicative,active,1s,1,أَطْوِي
037_129,طَوَى,طوي,فعَل يفعِل,I,indicative,active,1p,1,نَطْوِي
037_129,طَوَى,طوي,فعَل يفعِل,I,indicative,passive,3ms,1,يُطْوَى
037_129,طَوَى,طوي,فعَل يفعِل,I,indicative,passive,3md,1,يُطْوَيَانِ
037_129,طَوَى,طوي,فعَل يفعِل,I,indicative,passive,3mp,1,يُطْوَوْنَ
037_129,طَوَى,طوي,فعَل يفعِل,I,indicative,passive,3fs,1,تُطْوَى
037_129,طَوَى,طوي,فعَل يفعِل,I,indicative,passive,3fd,1,تُطْوَيَانِ
037_129,طَوَى,طوي,فعَل يفعِل,I,indicative,passive,3fp,1,يُطْوَيْنَ
037_129,طَوَى,طوي,فعَل يفعِل,I,indicative,passive,2ms,1,تُطْوَى
037_129,طَوَى,طوي,فعَل يفعِل,I,indicative,passive,2d,1,تُطْوَيَانِ
037_129,طَوَى,طوي,فعَل يفعِل,I,indicative,passive,2mp,1,تُطْوَوْنَ
037_129,طَوَى,طوي,فعَل يفعِل,I,indicative,passive,2fs,1,تُطْوَيْنَ
037_129,طَوَى,طوي,فعَل يفعِل,I,indicative,passive,2fp,1,تُطْوَيْنَ
037_129,طَوَى,طوي,فعَل يفعِل,I,indicative,passive,1s,1,أُطْوَى
037_129,طَوَى,طوي,فعَل يفعِل,I,indicative,passive,1p,1,نُطْوَى
037_129,طَوَى,طوي,فعَل يفعِل,I,imperative,active,2ms,1,اِطْوِ
037_129,طَوَى,طوي,فعَل يفعِل,I,imperative,active,2d,1,اِطْوِيَا
037_129,طَوَى,طوي,فعَل يفعِل,I,imperative,active,2mp,1,اِطْوُوا
037_129,طَوَى,طوي,فعَل يفعِل,I,imperative,active,2fs,1,اِطْوِي
037_129,طَوَى,طوي,فعَل يفعِل,I,imperative,active,2fp,1,اِطْوِينَ
038_133,سَأَلَ,سأل,فعَل يفعَل,I,past,active,3ms,1,سَأَلَ
038_133,سَأَلَ,سأل,فعَل يفعَل,I,past,active,3md,1,سَأَلا
038_133,سَأَلَ,سأل,فعَل يفعَل,I,past,active,3mp,1,سَأَلُوا
038_133,سَأَلَ,سأل,فعَل يفعَل,I,past,active,3fs,1,سَأَلَتْ
038_133,سَأَلَ,سأل,فعَل يفعَل,I,past,active,3fd,1,سَأَلَتا
038_133,سَأَلَ,سأل,فعَل يفعَل,I,past,active,3fp,1,سَأَلْنَ
038_133,سَأَلَ,سأل,فعَل يفعَل,I,past,active,2ms,1,سَأَلْتَ
038_133,سَأَلَ,سأل,فعَل يفعَل,I,past,active,2d,1,سَأَلْتُما
038_133,سَأَلَ,سأل,فعَل يفعَل,I,past,active,2mp,1,سَأَلْتُمْ
038_133,سَأَلَ,سأل,فعَل يفعَل,I,past,active,2fs,1,سَأَلْتِ
038_133,سَأَلَ,سأل,فعَل يفعَل,I,past,active,2fp,1,سَأَلْتُنَّ
038_133,سَأَلَ,سأل,فعَل يفعَل,I,past,active,1s,1,سَأَلْتُ
038_133,سَأَلَ,سأل,فعَل يفعَل,I,past,active,1p,1,سَأَلْنا
038_133,سَأَلَ,سأل,فعَل يفعَل,I,past,passive,3ms,1,سُئِلَ
038_133,سَأَلَ,سأل,فعَل يفعَل,I,past,passive,3md,1,سُئِلَا
038_133,سَأَلَ,سأل,فعَل يفعَل,I,past,passive,3mp,1,سُئِلُوا
038_133,سَأَلَ,سأل,فعَل يفعَل,I,past,passive,3fs,1,سُئِلَتْ
038_133,سَأَلَ,سأل,فعَل يفعَل,I,past,passive,3fd,1,سُئِلَتَا
038_133,سَأَلَ,سأل,فعَل يفعَل,I,past,passive,3fp,1,سُئِلْنَ
038_133,سَأَلَ,سأل,فعَل يفعَل,I,past,passive,2ms,1,سُئِلْتَ
038_133,سَأَلَ,سأل,فعَل يفعَل,I,past,passive,2d,1,سُئِلْتُمَا
038_133,سَأَلَ,سأل,فعَل يفعَل,I,past,passive,2mp,1,سُئِلْتُمْ
038_133,سَأَلَ,سأل,فعَل يفعَل,I,past,passive,2fs,1,سُئِلْتِ
038_133,سَأَلَ,سأل,فعَل يفعَل,I,past,passive,2fp,1,سُئِلْتُنَّ
038_133,سَأَلَ,سأل,فعَل يفعَل,I,past,passive,1s,1,سُئِلْتُ
038_133,سَأَلَ,سأل,فعَل يفعَل,I,past,passive,1p,1,سُئِلْنَا
038_133,سَأَلَ,سأل,فعَل يفعَل,I,indicative,active,3ms,1,يَسْأَلُ
038_133,سَأَلَ,سأل,فعَل يفعَل,I,indicative,active,3md,1,يَسْأَلانِ
038_133,سَأَلَ,سأل,فعَل يفعَل,I,indicative,active,3mp,1,يَسْأَلُونَ
038_133,سَأَلَ,سأل,فعَل يفعَل,I,indicative,active,3fs,1,تَسْأَلُ
038_133,سَأَلَ,سأل,فعَل يفعَل,I,indicative,active,3fd,1,تَسْأَلانِ
038_133,سَأَلَ,سأل,فعَل يفعَل,I,indicative,active,3fp,1,يَسْأَلْنَ
038_133,سَأَلَ,سأل,فعَل يفعَل,I,indicative,active,2ms,1,تَسْأَلُ
038_133,سَأَلَ,سأل,فعَل يفعَل,I,indicative,active,2d,1,تَسْأَلانِ
038_133,سَأَلَ,سأل,فعَل يفعَل,I,indicative,active,2mp,1,تَسْأَلُونَ
038_133,سَأَلَ,سأل,فعَل يفعَل,I,indicative,active,2fs,1,تَسْأَلِينَ
038_133,سَأَلَ,سأل,فعَل يفعَل,I,indicative,active,2fp,1,تَسْأَلْنَ
038_133,سَأَلَ,سأل,فعَل يفعَل,I,indicative,active,1s,1,أَسْأَلُ
038_133,سَأَلَ,سأل,فعَل يفعَل,I,indicative,active,1p,1,نَسْأَلُ
038_133,سَأَلَ,سأل,فعَل يفعَل,I,indicative,passive,3ms,1,يُسْأَلُ
038_133,سَأَلَ,سأل,فعَل يفعَل,I,indicative,passive,3md,1,يُسْأَلانِ
038_133,سَأَلَ,سأل,فعَل يفعَل,I,indicative,passive,3mp,1,يُسْأَلُونَ
038_133,سَأَلَ,سأل,فعَل يفعَل,I,indicative,passive,3fs,1,تُسْأَلُ
038_133,سَأَلَ,سأل,فعَل يفعَل,I,indicative,passive,3fd,1,تُسْأَلانِ
038_133,سَأَلَ,سأل,فعَل يفعَل,I,indicative,passive,3fp,1,يُسْأَلْنَ
038_133,سَأَلَ,سأل,فعَل يفعَل,I,indicative,passive,2ms,1,تُسْأَلُ
038_133,سَأَلَ,سأل,فعَل يفعَل,I,indicative,passive,2d,1,تُسْأَلانِ
038_133,سَأَلَ,سأل,فعَل يفعَل,I,indicative,passive,2mp,1,تُسْأَلُونَ
038_133,سَأَلَ,سأل,فعَل يفعَل,I,indicative,passive,2fs,1,تُسْأَلِينَ
038_133,سَأَلَ,سأل,فعَل يفعَل,I,indicative,passive,2fp,1,تُسْأَلْنَ
038_133,سَأَلَ,سأل,فعَل يفعَل,I,indicative,passive,1s,1,أُسْأَلُ
038_133,سَأَلَ,سأل,فعَل يفعَل,I,indicative,passive,1p,1,نُسْأَلُ
038_133,سَأَلَ,سأل,فعَل يفعَل,I,imperative,active,2ms,1,اِسْأَلْ
038_133,سَأَلَ,سأل,فعَل يفعَل,I,imperative,active,2d,1,اِسْأَلَا
038_133,سَأَلَ,سأل,فعَل يفعَل,I,imperative,active,2mp,1,اِسْأَلُوا
038_133,سَأَلَ,سأل,فعَل يفعَل,I,imperative,active,2fs,1,اِسْأَلِي
038_133,سَأَلَ,سأل,فعَل يفعَل,I,imperative,active,2fp,1,اِسْأَلْنَ
039_136,بَاتَ,بيت,فعَل يفعَل,I,past,active,3ms,1,بَاتَ
039_136,بَاتَ,بيت,فعَل يفعَل,I,past,active,3md,1,بَاتَا
039_136,بَاتَ,بيت,فعَل يفعَل,I,past,active,3mp,1,بَاتُوا
039_136,بَاتَ,بيت,فعَل يفعَل,I,past,active,3fs,1,بَاتَتْ
039_136,بَاتَ,بيت,فعَل يفعَل,I,past,active,3fd,1,بَاتَتَا
039_136,بَاتَ,بيت,فعَل يفعَل,I,past,active,3fp,1,بِتْنَ
039_136,بَاتَ,بيت,فعَل يفعَل,I,past,active,2ms,1,بِتَّ
039_136,بَاتَ,بيت,فعَل يفعَل,I,past,active,2d,1,بِتُّمَا
039_136,بَاتَ,بيت,فعَل يفعَل,I,past,active,2mp,1,بِتُّمْ
039_136,بَاتَ,بيت,فعَل يفعَل,I,past,active,2fs,1,بِتِّ
039_136,بَاتَ,بيت,فعَل يفعَل,I,past,active,2fp,1,بِتُّنَّ
039_136,بَاتَ,بيت,فعَل يفعَل,I,past,active,1s,1,بِتُّ
039_136,بَاتَ,بيت,فعَل يفعَل,I,past,active,1p,1,بِتْنَا
039_136,بَاتَ,بيت,فعَل يفعَل,I,indicative,active,3ms,1,يَبَاتُ
039_136,بَاتَ,بيت,فعَل يفعَل,I,indicative,active,3md,1,يَبَاتَانِ
039_136,بَاتَ,بيت,فعَل يفعَل,I,indicative,active,3mp,1,يَبَاتُونَ
039_136,بَاتَ,بيت,فعَل يفعَل,I,indicative,active,3fs,1,تَبَاتُ
039_136,بَاتَ,بيت,فعَل يفعَل,I,indicative,active,3fd,1,تَبَاتَانِ
039_136,بَاتَ,بيت,فعَل يفعَل,I,indicative,active,3fp,1,يَبَتْنَ
039_136,بَاتَ,بيت,فعَل يفعَل,I,indicative,active,2ms,1,تَبَاتُ
039_136,بَاتَ,بيت,فعَل يفعَل,I,indicative,active,2d,1,تَبَاتَانِ
039_136,بَاتَ,بيت,فعَل يفعَل,I,indicative,active,2mp,1,تَبَاتُونَ
039_136,بَاتَ,بيت,فعَل يفعَل,I,indicative,active,2fs,1,تَبَاتِينَ
039_136,بَاتَ,بيت,فعَل يفعَل,I,indicative,active,2fp,1,تَبَتْنَ
039_136,بَاتَ,بيت,فعَل يفعَل,I,indicative,active,1s,1,أَبَاتُ
039_136,بَاتَ,بيت,فعَل يفعَل,I,indicative,active,1p,1,نَبَاتُ
039_136,بَاتَ,بيت,فعَل يفعَل,I,imperative,active,2ms,1,بَتْ
039_136,بَاتَ,بيت,فعَل يفعَل,I,imperative,active,2d,1,باتا
039_136,بَاتَ,بيت,فعَل يفعَل,I,imperative,active,2mp,1,باتوا
039_136,بَاتَ,بيت,فعَل يفعَل,I,imperative,active,2fs,1,باتي
039_136,بَاتَ,بيت,فعَل يفعَل,I,imperative,active,2fp,1,بَتْنَ
040_137,سَعَى,سعي,فعَل يفعَل,I,past,active,3ms,1,سَعَى
040_137,سَعَى,سعي,فعَل يفعَل,I,past,active,3md,1,سَعَيَا
040_137,سَعَى,سعي,فعَل يفعَل,I,past,active,3mp,1,سَعَوْا
040_137,سَعَى,سعي,فعَل يفعَل,I,past,active,3fs,1,سَعَتْ
040_137,سَعَى,سعي,فعَل يفعَل,I,past,active,3fd,1,سَعَتَا
040_137,سَعَى,سعي,فعَل يفعَل,I,past,active,3fp,1,سَعَيْنَ
040_137,سَعَى,سعي,فعَل يفعَل,I,past,active,2ms,1,سَعَيْتَ
040_137,سَعَى,سعي,فعَل يفعَل,I,past,active,2d,1,سَعَيْتُمَا
040_137,سَعَى,سعي,فعَل يفعَل,I,past,active,2mp,1,سَعَيْتُمْ
040_137,سَعَى,سعي,فعَل يفعَل,I,past,active,2fs,1,سَعَيْتِ
040_137,سَعَى,سعي,فعَل يفعَل,I,past,active,2fp,1,سَعَيْتُنَّ
040_137,سَعَى,سعي,فعَل يفعَل,I,past,active,1s,1,سَعَيْتُ
040_137,سَعَى,سعي,فعَل يفعَل,I,past,active,1p,1,سَعَيْنَا
040_137,سَعَى,سعي,فعَل يفعَل,I,past,passive,3ms,1,سُعِيَ
040_137,سَعَى,سعي,فعَل يفعَل,I,past,passive,3md,1,سُعِيَا
040_137,سَعَى,سعي,فعَل يفعَل,I,past,passive,3mp,1,سُعُوا
040_137,سَعَى,سعي,فعَل يفعَل,I,past,passive,3fs,1,سُعِيَتْ
040_137,سَعَى,سعي,فعَل يفعَل,I,past,passive,3fd,1,سُعِيَتَا
040_137,سَعَى,سعي,فعَل يفعَل,I,past,passive,3fp,1,سُعِينَ
040_137,سَعَى,سعي,فعَل يفعَل,I,past,passive,2ms,1,سُعِيتَ
040_137,سَعَى,سعي,فعَل يفعَل,I,past,passive,2d,1,سُعِيتُمَا
040_137,سَعَى,سعي,فعَل يفعَل,I,past,passive,2mp,1,سُعِيتُمْ
040_137,سَعَى,سعي,فعَل يفعَل,I,past,passive,2fs,1,سُعِيتِ
040_137,سَعَى,سعي,فعَل يفعَل,I,past,passive,2fp,1,سُعِيتُنَّ
040_137,سَعَى,سعي,فعَل يفعَل,I,past,passive,1s,1,سُعِيتُ
040_137,سَعَى,سعي,فعَل يفعَل,I,past,passive,1p,1,سُعِينَا
040_137,سَعَى,سعي,فعَل يفعَل,I,indicative,active,3ms,1,يَسْعَى
040_137,سَعَى,سعي,فعَل يفعَل,I,indicative,active,3md,1,يَسْعَيَانِ
040_137,سَعَى,سعي,فعَل يفعَل,I,indicative,active,3mp,1,يَسْعَوْنَ
040_137,سَعَى,سعي,فعَل يفعَل,I,indicative,active,3fs,1,تَسْعَى
040_137,سَعَى,سعي,فعَل يفعَل,I,indicative,active,3fd,1,تَسْعَيَانِ
040_137,سَعَى,سعي,فعَل يفعَل,I,indicative,active,3fp,1,يَسْعَيْنَ
040_137,سَعَى,سعي,فعَل يفعَل,I,indicative,active,2ms,1,تَسْعَى
040_137,سَعَى,سعي,فعَل يفعَل,I,indicative,active,2d,1,تَسْعَيَانِ
040_137,سَعَى,سعي,فعَل يفعَل,I,indicative,active,2mp,1,تَسْعَوْنَ
040_137,سَعَى,سعي,فعَل يفعَل,I,indicative,active,2fs,1,تَسْعَيْنَ
040_137,سَعَى,سعي,فعَل يفعَل,I,indicative,active,2fp,1,تَسْعَيْنَ
040_137,سَعَى,سعي,فعَل يفعَل,I,indicative,active,1s,1,أَسْعَى
040_137,سَعَى,سعي,فعَل يفعَل,I,indicative,active,1p,1,نَسْعَى
040_137,سَعَى,سعي,فعَل يفعَل,I,indicative,passive,3ms,1,يُسْعَى
040_137,سَعَى,سعي,فعَل يفعَل,I,indicative,passive,3md,1,يُسْعَيَانِ
040_137,سَعَى,سعي,فعَل يفعَل,I,indicative,passive,3mp,1,يُسْعَوْنَ
040_137,سَعَى,سعي,فعَل يفعَل,I,indicative,passive,3fs,1,تُسْعَى
040_137,سَعَى,سعي,فعَل يفعَل,I,indicative,passive,3fd,1,تُسْعَيَانِ
040_137,سَعَى,سعي,فعَل يفعَل,I,indicative,passive,3fp,1,يُسْعَيْنَ
040_137,سَعَى,سعي,فعَل يفعَل,I,indicative,passive,2ms,1,تُسْعَى
040_137,سَعَى,سعي,فعَل يفعَل,I,indicative,passive,2d,1,تُسْعَيَانِ
040_137,سَعَى,سعي,فعَل يفعَل,I,indicative,passive,2mp,1,تُسْعَوْنَ
040_137,سَعَى,سعي,فعَل يفعَل,I,indicative,passive,2fs,1,تُسْعَيْنَ
040_137,سَعَى,سعي,فعَل يفعَل,I,indicative,passive,2fp,1,تُسْعَيْنَ
040_137,سَعَى,سعي,فعَل يفعَل,I,indicative,passive,1s,1,أُسْعَى
040_137,سَعَى,سعي,فعَل يفعَل,I,indicative,passive,1p,1,نُسْعَى
040_137,سَعَى,سعي,فعَل يفعَل,I,imperative,active,2ms,1,اِسْعَ
040_137,سَعَى,سعي,فعَل يفعَل,I,imperative,active,2d,1,اِسْعَيَا
040_137,سَعَى,سعي,فعَل يفعَل,I,imperative,active,2mp,1,اِسْعَوْا
040_137,سَعَى,سعي,فعَل يفعَل,I,imperative,active,2fs,1,اِسْعَيْ
040_137,سَعَى,سعي,فعَل يفعَل,I,imperative,active,2fp,1,اِسْعَيْنَ
041_140,كَرُمَ,كرم,فعُل يفعُل,I,past,active,3ms,1,كَرُمَ
041_140,كَرُمَ,كرم,فعُل يفعُل,I,past,active,3md,1,كَرُمَا
041_140,كَرُمَ,كرم,فعُل يفعُل,I,past,active,3mp,1,كَرُمُوا
041_140,كَرُمَ,كرم,فعُل يفعُل,I,past,active,3fs,1,كَرُمَتْ
041_140,كَرُمَ,كرم,فعُل يفعُل,I,past,active,3fd,1,كَرُمَتَا
041_140,كَرُمَ,كرم,فعُل يفعُل,I,past,active,3fp,1,كَرُمْنَ
041_140,كَرُمَ,كرم,فعُل يفعُل,I,past,active,2ms,1,كَرُمْتَ
041_140,كَرُمَ,كرم,فعُل يفعُل,I,past,active,2d,1,كَرُمْتُمَا
041_140,كَرُمَ,كرم,فعُل يفعُل,I,past,active,2mp,1,كَرُمْتُمْ
041_140,كَرُمَ,كرم,فعُل يفعُل,I,past,active,2fs,1,كَرُمْتِ
041_140,كَرُمَ,كرم,فعُل يفعُل,I,past,active,2fp,1,كَرُمْتُنَّ
041_140,كَرُمَ,كرم,فعُل يفعُل,I,past,active,1s,1,كَرُمْتُ
041_140,كَرُمَ,كرم,فعُل يفعُل,I,past,active,1p,1,كَرُمْنَا
041_140,كَرُمَ,كرم,فعُل يفعُل,I,indicative,active,3ms,1,يَكْرُمُ
041_140,كَرُمَ,كرم,فعُل يفعُل,I,indicative,active,3md,1,يَكْرُمَانِ
041_140,كَرُمَ,كرم,فعُل يفعُل,I,indicative,active,3mp,1,يَكْرُمُونَ
041_140,كَرُمَ,كرم,فعُل يفعُل,I,indicative,active,3fs,1,تَكْرُمُ
041_140,كَرُمَ,كرم,فعُل يفعُل,I,indicative,active,3fd,1,تَكْرُمَانِ
041_140,كَرُمَ,كرم,فعُل يفعُل,I,indicative,active,3fp,1,يَكْرُمْنَ
041_140,كَرُمَ,كرم,فعُل يفعُل,I,indicative,active,2ms,1,تَكْرُمُ
041_140,كَرُمَ,كرم,فعُل يفعُل,I,indicative,active,2d,1,تَكْرُمَانِ
041_140,كَرُمَ,كرم,فعُل يفعُل,I,indicative,active,2mp,1,تَكْرُمُونَ
041_140,كَرُمَ,كرم,فعُل يفعُل,I,indicative,active,2fs,1,تَكْرُمِينَ
041_140,كَرُمَ,كرم,فعُل يفعُل,I,indicative,active,2fp,1,تَكْرُمْنَ
041_140,كَرُمَ,كرم,فعُل يفعُل,I,indicative,active,1s,1,أَكْرُمُ
041_140,كَرُمَ,كرم,فعُل يفعُل,I,indicative,active,1p,1,نَكْرُمُ
041_140,كَرُمَ,كرم,فعُل يفعُل,I,imperative,active,2ms,1,أُكْرُمْ
041_140,كَرُمَ,كرم,فعُل يفعُل,I,imperative,active,2d,1,أُكْرُمَا
041_140,كَرُمَ,كرم,فعُل يفعُل,I,imperative,active,2mp,1,أُكْرُمُوا
041_140,كَرُمَ,كرم,فعُل يفعُل,I,imperative,active,2fs,1,أُكْرُمِي
041_140,كَرُمَ,كرم,فعُل يفعُل,I,imperative,active,2fp,1,أُكْرُمْنَ
042_141,هَمَّ,همم,فعَل يفعُل,I,past,active,3ms,1,هَمَّ
042_141,هَمَّ,همم,فعَل يفعُل,I,past,active,3md,1,هَمَّا
042_141,هَمَّ,همم,فعَل يفعُل,I,past,active,3mp,1,هَمُّوا
042_141,هَمَّ,همم,فعَل يفعُل,I,past,active,3fs,1,هَمَّتْ
042_141,هَمَّ,همم,فعَل يفعُل,I,past,active,3fd,1,هَمَّتَا
042_141,هَمَّ,همم,فعَل يفعُل,I,past,active,3fp,1,هَمُمْنَ
042_141,هَمَّ,همم,فعَل يفعُل,I,past,active,2ms,1,هَمُمْتَ
042_141,هَمَّ,همم,فعَل يفعُل,I,past,active,2d,1,هَمُمْتُمَا
042_141,هَمَّ,همم,فعَل يفعُل,I,past,active,2mp,1,هَمُمْتُمْ
042_141,هَمَّ,همم,فعَل يفعُل,I,past,active,2fs,1,هَمُمْتِ
042_141,هَمَّ,همم,فعَل يفعُل,I,past,active,2fp,1,هَمُمْتُنَّ
042_141,هَمَّ,همم,فعَل يفعُل,I,past,active,1s,1,هَمُمْتُ
042_141,هَمَّ,همم,فعَل يفعُل,I,past,active,1p,1,هَمُمْنَا
042_141,هَمَّ,همم,فعَل يفعُل,I,indicative,active,3ms,1,يَهُمُّ
042_141,هَمَّ,همم,فعَل يفعُل,I,indicative,active,3md,1,يَهُمَّانِ
042_141,هَمَّ,همم,فعَل يفعُل,I,indicative,active,3mp,1,يَهُمُّونَ
042_141,هَمَّ,همم,فعَل يفعُل,I,indicative,active,3fs,1,تَهُمُّ
042_141,هَمَّ,همم,فعَل يفعُل,I,indicative,active,3fd,1,تَهُمَّانِ
042_141,هَمَّ,همم,فعَل يفعُل,I,indicative,active,3fp,1,يَهْمُمْنَ
042_141,هَمَّ,همم,فعَل يفعُل,I,indicative,active,2ms,1,تَهُمُّ
042_141,هَمَّ,همم,فعَل يفعُل,I,indicative,active,2d,1,تَهُمَّانِ
042_141,هَمَّ,همم,فعَل يفعُل,I,indicative,active,2mp,1,تَهُمُّونَ
042_141,هَمَّ,همم,فعَل يفعُل,I,indicative,active,2fs,1,تَهُمِّينَ
042_141,هَمَّ,همم,فعَل يفعُل,I,indicative,active,2fp,1,تَهْمُمْنَ
042_141,هَمَّ,همم,فعَل يفعُل,I,indicative,active,1s,1,أَهُمُّ
042_141,هَمَّ,همم,فعَل يفعُل,I,indicative,active,1p,1,نَهُمُّ
042_141,هَمَّ,همم,فعَل يفعُل,I,imperative,active,2ms,1,هُمَّ
042_141,هَمَّ,همم,فعَل يفعُل,I,imperative,active,2d,1,هُمَّا
042_141,هَمَّ,همم,فعَل يفعُل,I,imperative,active,2mp,1,هُمُّوا
042_141,هَمَّ,همم,فعَل يفعُل,I,imperative,active,2fs,1,هُمِّي
042_141,هَمَّ,همم,فعَل يفعُل,I,imperative,active,2fp,1,أُهْمُمْنَ
043_142,أَصُلَ,أصل,فعُل يفعُل,I,past,active,3ms,1,أَصُلَ
043_142,أَصُلَ,أصل,فعُل يفعُل,I,past,active,3md,1,أَصُلَا
043_142,أَصُلَ,أصل,فعُل يفعُل,I,past,active,3mp,1,أَصُلُوا
043_142,أَصُلَ,أصل,فعُل يفعُل,I,past,active,3fs,1,أَصُلَتْ
043_142,أَصُلَ,أصل,فعُل يفعُل,I,past,active,3fd,1,أَصُلَتَا
043_142,أَصُلَ,أصل,فعُل يفعُل,I,past,active,3fp,1,أَصُلْنَ
043_142,أَصُلَ,أصل,فعُل يفعُل,I,past,active,2ms,1,أَصُلْتَ
043_142,أَصُلَ,أصل,فعُل يفعُل,I,past,active,2d,1,أَصُلْتُمَا
043_142,أَصُلَ,أصل,فعُل يفعُل,I,past,active,2mp,1,أَصُلْتُمْ
043_142,أَصُلَ,أصل,فعُل يفعُل,I,past,active,2fs,1,أَصُلْتِ
043_142,أَصُلَ,أصل,فعُل يفعُل,I,past,active,2fp,1,أَصُلْتُنَّ
043_142,أَصُلَ,أصل,فعُل يفعُل,I,past,active,1s,1,أَصُلْتُ
043_142,أَصُلَ,أصل,فعُل يفعُل,I,past,active,1p,1,أَصُلْنَا
043_142,أَصُلَ,أصل,فعُل يفعُل,I,indicative,active,3ms,1,يَأْصُلُ
043_142,أَصُلَ,أصل,فعُل يفعُل,I,indicative,active,3md,1,يَأْصُلَانِ
043_142,أَصُلَ,أصل,فعُل يفعُل,I,indicative,active,3mp,1,يَأْصُلُونَ
043_142,أَصُلَ,أصل,فعُل يفعُل,I,indicative,active,3fs,1,تَأْصُلُ
043_142,أَصُلَ,أصل,فعُل يفعُل,I,indicative,active,3fd,1,تَأْصُلَانِ
043_142,أَصُلَ,أصل,فعُل يفعُل,I,indicative,active,3fp,1,يَأْصُلْنَ
043_142,أَصُلَ,أصل,فعُل يفعُل,I,indicative,active,2ms,1,تَأْصُلُ
043_142,أَصُلَ,أصل,فعُل يفعُل,I,indicative,active,2d,1,تَأْصُلَانِ
043_142,أَصُلَ,أصل,فعُل يفعُل,I,indicative,active,2mp,1,تَأْصُلُونَ
043_142,أَصُلَ,أصل,فعُل يفعُل,I,indicative,active,2fs,1,تَأْصُلِينَ
043_142,أَصُلَ,أصل,فعُل يفعُل,I,indicative,active,2fp,1,تَأْصُلْنَ
043_142,أَصُلَ,أصل,فعُل يفعُل,I,indicative,active,1s,1,آصُلُ
043_142,أَصُلَ,أصل,فعُل يفعُل,I,indicative,active,1p,1,نَأْصُلُ
043_142,أَصُلَ,أصل,فعُل يفعُل,I,imperative,active,2ms,1,أُؤْصُلْ
043_142,أَصُلَ,أصل,فعُل يفعُل,I,imperative,active,2d,1,أُؤْصُلَا
043_142,أَصُلَ,أصل,فعُل يفعُل,I,imperative,active,2mp,1,أُؤْصُلُوا
043_142,أَصُلَ,أصل,فعُل يفعُل,I,imperative,active,2fs,1,أُؤْصُلِي
043_142,أَصُلَ,أصل,فعُل يفعُل,I,imperative,active,2fp,1,أُؤْصُلْنَ
044_144,جَرُؤَ,جرأ,فعُل يفعُل,I,past,active,3ms,1,جَرُؤَ
044_144,جَرُؤَ,جرأ,فعُل يفعُل,I,past,active,3md,1,جَرُؤَا
044_144,جَرُؤَ,جرأ,فعُل يفعُل,I,past,active,3mp,1,جَرُؤُوا
044_144,جَرُؤَ,جرأ,فعُل يفعُل,I,past,active,3fs,1,جَرُؤَتْ
044_144,جَرُؤَ,جرأ,فعُل يفعُل,I,past,active,3fd,1,جَرُؤَتَا
044_144,جَرُؤَ,جرأ,فعُل يفعُل,I,past,active,3fp,1,جَرُؤْنَ
044_144,جَرُؤَ,جرأ,فعُل يفعُل,I,past,active,2ms,1,جَرُؤْتَ
044_144,جَرُؤَ,جرأ,فعُل يفعُل,I,past,active,2d,1,جَرُؤْتُمَا
044_144,جَرُؤَ,جرأ,فعُل يفعُل,I,past,active,2mp,1,جَرُؤْتُمْ
044_144,جَرُؤَ,جرأ,فعُل يفعُل,I,past,active,2fs,1,جَرُؤْتِ
044_144,جَرُؤَ,جرأ,فعُل يفعُل,I,past,active,2fp,1,جَرُؤْتُنَّ
044_144,جَرُؤَ,جرأ,فعُل يفعُل,I,past,active,1s,1,جَرُؤْتُ
044_144,جَرُؤَ,جرأ,فعُل يفعُل,I,past,active,1p,1,جَرُؤْنَا
044_144,جَرُؤَ,جرأ,فعُل يفعُل,I,indicative,active,3ms,1,يَجْرُؤُ
044_144,جَرُؤَ,جرأ,فعُل يفعُل,I,indicative,active,3md,1,يَجْرُؤَانِ
044_144,جَرُؤَ,جرأ,فعُل يفعُل,I,indicative,active,3mp,1,يَجْرُؤُونَ
044_144,جَرُؤَ,جرأ,فعُل يفعُل,I,indicative,active,3fs,1,تَجْرُؤُ
044_144,جَرُؤَ,جرأ,فعُل يفعُل,I,indicative,active,3fd,1,تَجْرُؤَانِ
044_144,جَرُؤَ,جرأ,فعُل يفعُل,I,indicative,active,3fp,1,يَجْرُؤْنَ
044_144,جَرُؤَ,جرأ,فعُل يفعُل,I,indicative,active,2ms,1,تَجْرُؤُ
044_144,جَرُؤَ,جرأ,فعُل يفعُل,I,indicative,active,2d,1,تَجْرُؤَانِ
044_144,جَرُؤَ,جرأ,فعُل يفعُل,I,indicative,active,2mp,1,تَجْرُؤُونَ
044_144,جَرُؤَ,جرأ,فعُل يفعُل,I,indicative,active,2fs,1,تَجْرُئِينَ
044_144,جَرُؤَ,جرأ,فعُل يفعُل,I,indicative,active,2fp,1,تَجْرُؤْنَ
044_144,جَرُؤَ,جرأ,فعُل يفعُل,I,indicative,active,1s,1,أَجْرُؤُ
044_144,جَرُؤَ,جرأ,فعُل يفعُل,I,indicative,active,1p,1,نَجْرُؤُ
044_144,جَرُؤَ,جرأ,فعُل يفعُل,I,imperative,active,2ms,1,أُجْرُؤْ
044_144,جَرُؤَ,جرأ,فعُل يفعُل,I,imperative,active,2d,1,أُجْرُؤَا
044_144,جَرُؤَ,جرأ,فعُل يفعُل,I,imperative,active,2mp,1,أُجْرُؤُوا
044_144,جَرُؤَ,جرأ,فعُل يفعُل,I,imperative,active,2fs,1,أُجْرُئِي
044_144,جَرُؤَ,جرأ,فعُل يفعُل,I,imperative,active,2fp,1,أُجْرُؤْنَ
045_145,يَسُرَ,يسر,فعُل يفعُل,I,past,active,3ms,1,يَسُرَ
045_145,يَسُرَ,يسر,فعُل يفعُل,I,past,active,3md,1,يَسُرَا
045_145,يَسُرَ,يسر,فعُل يفعُل,I,past,active,3mp,1,يَسُرُوا
045_145,يَسُرَ,يسر,فعُل يفعُل,I,past,active,3fs,1,يَسُرَتْ
045_145,يَسُرَ,يسر,فعُل يفعُل,I,past,active,3fd,1,يَسُرَتَا
045_145,يَسُرَ,يسر,فعُل يفعُل,I,past,active,3fp,1,يَسُرْنَ
045_145,يَسُرَ,يسر,فعُل يفعُل,I,past,active,2ms,1,يَسُرْتَ
045_145,يَسُرَ,يسر,فعُل يفعُل,I,past,active,2d,1,يَسُرْتُمَا
045_145,يَسُرَ,يسر,فعُل يفعُل,I,past,active,2mp,1,يَسُرْتُمْ
045_145,يَسُرَ,يسر,فعُل يفعُل,I,past,active,2fs,1,يَسُرْتِ
045_145,يَسُرَ,يسر,فعُل يفعُل,I,past,active,2fp,1,يَسُرْتُنَّ
045_145,يَسُرَ,يسر,فعُل يفعُل,I,past,active,1s,1,يَسُرْتُ
045_145,يَسُرَ,يسر,فعُل يفعُل,I,past,active,1p,1,يَسُرْنَا
045_145,يَسُرَ,يسر,فعُل يفعُل,I,indicative,active,3ms,1,يَيْسُرُ
045_145,يَسُرَ,يسر,فعُل يفعُل,I,indicative,active,3md,1,يَيْسُرَانِ
045_145,يَسُرَ,يسر,فعُل يفعُل,I,indicative,active,3mp,1,يَيْسُرُونَ
045_145,يَسُرَ,يسر,فعُل يفعُل,I,indicative,active,3fs,1,تَيْسُرُ
045_145,يَسُرَ,يسر,فعُل يفعُل,I,indicative,active,3fd,1,تَيْسُرَانِ
045_145,يَسُرَ,يسر,فعُل يفعُل,I,indicative,active,3fp,1,يَيْسُرْنَ
045_145,يَسُرَ,يسر,فعُل يفعُل,I,indicative,active,2ms,1,تَيْسُرُ
045_145,يَسُرَ,يسر,فعُل يفعُل,I,indicative,active,2d,1,تَيْسُرَانِ
045_145,يَسُرَ,يسر,فعُل يفعُل,I,indicative,active,2mp,1,تَيْسُرُونَ
045_145,يَسُرَ,يسر,فعُل يفعُل,I,indicative,active,2fs,1,تَيْسُرِينَ
045_145,يَسُرَ,يسر,فعُل يفعُل,I,indicative,active,2fp,1,تَيْسُرْنَ
045_145,يَسُرَ,يسر,فعُل يفعُل,I,indicative,active,1s,1,أَيْسُرُ
045_145,يَسُرَ,يسر,فعُل يفعُل,I,indicative,active,1p,1,نَيْسُرُ
045_145,يَسُرَ,يسر,فعُل يفعُل,I,imperative,active,2ms,1,أُوْسُرْ
045_145,يَسُرَ,يسر,فعُل يفعُل,I,imperative,active,2d,1,أُوْسُرَا
045_145,يَسُرَ,يسر,فعُل يفعُل,I,imperative,active,2mp,1,أُوْسُرُوا
045_145,يَسُرَ,يسر,فعُل يفعُل,I,imperative,active,2fs,1,أُوْسُرِي
045_145,يَسُرَ,يسر,فعُل يفعُل,I,imperative,active,2fp,1,أُوْسُرْنَ
046_147,سَهُوَ,سهو,فعُل يفعُل,I,past,active,3ms,1,سَهُوَ
046_147,سَهُوَ,سهو,فعُل يفعُل,I,past,active,3md,1,سَهُوَا
046_147,سَهُوَ,سهو,فعُل يفعُل,I,past,active,3mp,1,سَهُوْا
046_147,سَهُوَ,سهو,فعُل يفعُل,I,past,active,3fs,1,سَهُوَتْ
046_147,سَهُوَ,سهو,فعُل يفعُل,I,past,active,3fd,1,سَهُوَتَا
046_147,سَهُوَ,سهو,فعُل يفعُل,I,past,active,3fp,1,سَهُوْنَ
046_147,سَهُوَ,سهو,فعُل يفعُل,I,past,active,2ms,1,سَهُوْتَ
046_147,سَهُوَ,سهو,فعُل يفعُل,I,past,active,2d,1,سَهُوْتُمَا
046_147,سَهُوَ,سهو,فعُل يفعُل,I,past,active,2mp,1,سَهُوْتُمْ
046_147,سَهُوَ,سهو,فعُل يفعُل,I,past,active,2fs,1,سَهُوْتِ
046_147,سَهُوَ,سهو,فعُل يفعُل,I,past,active,2fp,1,سَهُوْتُنَّ
046_147,سَهُوَ,سهو,فعُل يفعُل,I,past,active,1s,1,سَهُوْتُ
046_147,سَهُوَ,سهو,فعُل يفعُل,I,past,active,1p,1,سَهُوْنَا
046_147,سَهُوَ,سهو,فعُل يفعُل,I,indicative,active,3ms,1,يَسْهُو
046_147,سَهُوَ,سهو,فعُل يفعُل,I,indicative,active,3md,1,يَسْهُوَانِ
046_147,سَهُوَ,سهو,فعُل يفعُل,I,indicative,active,3mp,1,يَسْهُونَ
046_147,سَهُوَ,سهو,فعُل يفعُل,I,indicative,active,3fs,1,تَسْهُو
046_147,سَهُوَ,سهو,فعُل يفعُل,I,indicative,active,3fd,1,تَسْهُوَانِ
046_147,سَهُوَ,سهو,فعُل يفعُل,I,indicative,active,3fp,1,يَسْهُونَ
046_147,سَهُوَ,سهو,فعُل يفعُل,I,indicative,active,2ms,1,تَسْهُو
046_147,سَهُوَ,سهو,فعُل يفعُل,I,indicative,active,2d,1,تَسْهُوَانِ
046_147,سَهُوَ,سهو,فعُل يفعُل,I,indicative,active,2mp,1,تَسْهُونَ
046_147,سَهُوَ,سهو,فعُل يفعُل,I,indicative,active,2fs,1,تَسْهُوِينَ
046_147,سَهُوَ,سهو,فعُل يفعُل,I,indicative,active,2fp,1,تَسْهُونَ
046_147,سَهُوَ,سهو,فعُل يفعُل,I,indicative,active,1s,1,أَسْهُو
046_147,سَهُوَ,سهو,فعُل يفعُل,I,indicative,active,1p,1,نَسْهُو
046_147,سَهُوَ,سهو,فعُل يفعُل,I,imperative,active,2ms,1,اُسْهُ
046_147,سَهُوَ,سهو,فعُل يفعُل,I,imperative,active,2d,1,اُسْهُوَا
046_147,سَهُوَ,سهو,فعُل يفعُل,I,imperative,active,2mp,1,اُسْهُوا
046_147,سَهُوَ,سهو,فعُل يفعُل,I,imperative,active,2fs,1,اُسْهُوِي
046_147,سَهُوَ,سهو,فعُل يفعُل,I,imperative,active,2fp,1,اُسْهُونَ
047_150,عَلِمَ,علم,فعِل يفعَل,I,past,active,3ms,1,عَلِمَ
047_150,عَلِمَ,علم,فعِل يفعَل,I,past,active,3md,1,عَلِمَا
047_150,عَلِمَ,علم,فعِل يفعَل,I,past,active,3mp,1,عَلِمُوا
047_150,عَلِمَ,علم,فعِل يفعَل,I,past,active,3fs,1,عَلِمَتْ
047_150,عَلِمَ,علم,فعِل يفعَل,I,past,active,3fd,1,عَلِمَتَا
047_150,عَلِمَ,علم,فعِل يفعَل,I,past,active,3fp,1,عَلِمْنَ
047_150,عَلِمَ,علم,فعِل يفعَل,I,past,active,2ms,1,عَلِمْتَ
047_150,عَلِمَ,علم,فعِل يفعَل,I,past,active,2d,1,عَلِمْتُمَا
047_150,عَلِمَ,علم,فعِل يفعَل,I,past,active,2mp,1,عَلِمْتُمْ
047_150,عَلِمَ,علم,فعِل يفعَل,I,past,active,2fs,1,عَلِمْتِ
047_150,عَلِمَ,علم,فعِل يفعَل,I,past,active,2fp,1,عَلِمْتُنَّ
047_150,عَلِمَ,علم,فعِل يفعَل,I,past,active,1s,1,عَلِمْتُ
047_150,عَلِمَ,علم,فعِل يفعَل,I,past,active,1p,1,عَلِمْنَا
047_150,عَلِمَ,علم,فعِل يفعَل,I,past,passive,3ms,1,عُلِمَ
047_150,عَلِمَ,علم,فعِل يفعَل,I,past,passive,3md,1,عُلِمَا
047_150,عَلِمَ,علم,فعِل يفعَل,I,past,passive,3mp,1,عُلِمُوا
047_150,عَلِمَ,علم,فعِل يفعَل,I,past,passive,3fs,1,عُلِمَتْ
047_150,عَلِمَ,علم,فعِل يفعَل,I,past,passive,3fd,1,عُلِمَتَا
047_150,عَلِمَ,علم,فعِل يفعَل,I,past,passive,3fp,1,عُلِمْنَ
047_150,عَلِمَ,علم,فعِل يفعَل,I,past,passive,2ms,1,عُلِمْتَ
047_150,عَلِمَ,علم,فعِل يفعَل,I,past,passive,2d,1,عُلِمْتُمَا
047_150,عَلِمَ,علم,فعِل يفعَل,I,past,passive,2mp,1,عُلِمْتُمْ
047_150,عَلِمَ,علم,فعِل يفعَل,I,past,passive,2fs,1,عُلِمْتِ
047_150,عَلِمَ,علم,فعِل يفعَل,I,past,passive,2fp,1,عُلِمْتُنَّ
047_150,عَلِمَ,علم,فعِل يفعَل,I,past,passive,1s,1,عُلِمْتُ
047_150,عَلِمَ,علم,فعِل يفعَل,I,past,passive,1p,1,عُلِمْنَا
047_150,عَلِمَ,علم,فعِل يفعَل,I,indicative,active,3ms,1,يَعْلَمُ
047_150,عَلِمَ,علم,فعِل يفعَل,I,indicative,active,3md,1,يَعْلَمَانِ
047_150,عَلِمَ,علم,فعِل يفعَل,I,indicative,active,3mp,1,يَعْلَمُونَ
047_150,عَلِمَ,علم,فعِل يفعَل,I,indicative,active,3fs,1,تَعْلَمُ
047_150,عَلِمَ,علم,فعِل يفعَل,I,indicative,active,3fd,1,تَعْلَمَانِ
047_150,عَلِمَ,علم,فعِل يفعَل,I,indicative,active,3fp,1,يَعْلَمْنَ
047_150,عَلِمَ,علم,فعِل يفعَل,I,indicative,active,2ms,1,تَعْلَمُ
047_150,عَلِمَ,علم,فعِل يفعَل,I,indicative,active,2d,1,تَعْلَمَانِ
047_150,عَلِمَ,علم,فعِل يفعَل,I,indicative,active,2mp,1,تَعْلَمُونَ
047_150,عَلِمَ,علم,فعِل يفعَل,I,indicative,active,2fs,1,تَعْلَمِينَ
047_150,عَلِمَ,علم,فعِل يفعَل,I,indicative,active,2fp,1,تَعْلَمْنَ
047_150,عَلِمَ,علم,فعِل يفعَل,I,indicative,active,1s,1,أَعْلَمُ
047_150,عَلِمَ,علم,فعِل يفعَل,I,indicative,active,1p,1,نَعْلَمُ
047_150,عَلِمَ,علم,فعِل يفعَل,I,indicative,passive,3ms,1,يُعْلَمُ
047_150,عَلِمَ,علم,فعِل يفعَل,I,indicative,passive,3md,1,يُعْلَمَانِ
047_150,عَلِمَ,علم,فعِل يفعَل,I,indicative,passive,3mp,1,يُعْلَمُونَ
047_150,عَلِمَ,علم,فعِل يفعَل,I,indicative,passive,3fs,1,تُعْلَمُ
047_150,عَلِمَ,علم,فعِل يفعَل,I,indicative,passive,3fd,1,تُعْلَمَانِ
047_150,عَلِمَ,علم,فعِل يفعَل,I,indicative,passive,3fp,1,يُعْلَمْنَ
047_150,عَلِمَ,علم,فعِل يفعَل,I,indicative,passive,2ms,1,تُعْلَمُ
047_150,عَلِمَ,علم,فعِل يفعَل,I,indicative,passive,2d,1,تُعْلَمَانِ
047_150,عَلِمَ,علم,فعِل يفعَل,I,indicative,passive,2mp,1,تُعْلَمُونَ
047_150,عَلِمَ,علم,فعِل يفعَل,I,indicative,passive,2fs,1,تُعْلَمِينَ
047_150,عَلِمَ,علم,فعِل يفعَل,I,indicative,passive,2fp,1,تُعْلَمْنَ
047_150,عَلِمَ,علم,فعِل يفعَل,I,indicative,passive,1s,1,أُعْلَمُ
047_150,عَلِمَ,علم,فعِل يفعَل,I,indicative,passive,1p,1,نُعْلَمُ
047_150,عَلِمَ,علم,فعِل يفعَل,I,imperative,active,2ms,1,اِعْلَمْ
047_150,عَلِمَ,علم,فعِل يفعَل,I,imperative,active,2d,1,اِعْلَمَا
047_150,عَلِمَ,علم,فعِل يفعَل,I,imperative,active,2mp,1,اِعْلَمُوا
047_150,عَلِمَ,علم,فعِل يفعَل,I,imperative,active,2fs,1,اِعْلَمِي
047_150,عَلِمَ,علم,فعِل يفعَل,I,imperative,active,2fp,1,اِعْلَمْنَ
048_151,ظَلَّ,ظلل,فعِل يفعَل,I,past,active,3ms,1,ظَلَّ
048_151,ظَلَّ,ظلل,فعِل يفعَل,I,past,active,3md,1,ظَلَّا
048_151,ظَلَّ,ظلل,فعِل يفعَل,I,past,active,3mp,1,ظَلُّوا
048_151,ظَلَّ,ظلل,فعِل يفعَل,I,past,active,3fs,1,ظَلَّتْ
048_151,ظَلَّ,ظلل,فعِل يفعَل,I,past,active,3fd,1,ظَلَّتا
048_151,ظَلَّ,ظلل,فعِل يفعَل,I,past,active,3fp,1,ظَلِلْنَ
048_151,ظَلَّ,ظلل,فعِل يفعَل,I,past,active,2ms,1,ظَلِلْتَ
048_151,ظَلَّ,ظلل,فعِل يفعَل,I,past,active,2d,1,ظَلِلْتُما
048_151,ظَلَّ,ظلل,فعِل يفعَل,I,past,active,2mp,1,ظَلِلْتُمْ
048_151,ظَلَّ,ظلل,فعِل يفعَل,I,past,active,2fs,1,ظَلِلْتِ
048_151,ظَلَّ,ظلل,فعِل يفعَل,I,past,active,2fp,1,ظَلِلْتُنَّ
048_151,ظَلَّ,ظلل,فعِل يفعَل,I,past,active,1s,1,ظَلِلْتُ
048_151,ظَلَّ,ظلل,فعِل يفعَل,I,past,active,1p,1,ظَلِلْنَا
048_151,ظَلَّ,ظلل,فعِل يفعَل,I,indicative,active,3ms,1,يَظَلُّ
048_151,ظَلَّ,ظلل,فعِل يفعَل,I,indicative,active,3md,1,يَظَلَّانِ
048_151,ظَلَّ,ظلل,فعِل يفعَل,I,indicative,active,3mp,1,يَظَلُّونَ
048_151,ظَلَّ,ظلل,فعِل يفعَل,I,indicative,active,3fs,1,تَظَلُّ
048_151,ظَلَّ,ظلل,فعِل يفعَل,I,indicative,active,3fd,1,تَظَلَّانِ
048_151,ظَلَّ,ظلل,فعِل يفعَل,I,indicative,active,3fp,1,يَظْلَلْنَ
048_151,ظَلَّ,ظلل,فعِل يفعَل,I,indicative,active,2ms,1,تَظَلُّ
048_151,ظَلَّ,ظلل,فعِل يفعَل,I,indicative,active,2d,1,تَظَلَّانِ
048_151,ظَلَّ,ظلل,فعِل يفعَل,I,indicative,active,2mp,1,تَظَلُّونَ
048_151,ظَلَّ,ظلل,فعِل يفعَل,I,indicative,active,2fs,1,تَظَلِّينَ
048_151,ظَلَّ,ظلل,فعِل يفعَل,I,indicative,active,2fp,1,تَظْلَلْنَ
048_151,ظَلَّ,ظلل,فعِل يفعَل,I,indicative,active,1s,1,أَظَلُّ
048_151,ظَلَّ,ظلل,فعِل يفعَل,I,indicative,active,1p,1,نَظَلُّ
048_151,ظَلَّ,ظلل,فعِل يفعَل,I,imperative,active,2ms,1,ظَلَّ
048_151,ظَلَّ,ظلل,فعِل يفعَل,I,imperative,active,2d,1,ظَلَّا
048_151,ظَلَّ,ظلل,فعِل يفعَل,I,imperative,active,2mp,1,ظَلُّوا
048_151,ظَلَّ,ظلل,فعِل يفعَل,I,imperative,active,2fs,1,ظَلِّي
048_151,ظَلَّ,ظلل,فعِل يفعَل,I,imperative,active,2fp,1,اِظْلَلْنَ
049_152,أَلِفَ,ألف,فعِل يفعَل,I,past,active,3ms,1,أَلِفَ
049_152,أَلِفَ,ألف,فعِل يفعَل,I,past,active,3md,1,أَلِفا
049_152,أَلِفَ,ألف,فعِل يفعَل,I,past,active,3mp,1,أَلِفوا
049_152,أَلِفَ,ألف,فعِل يفعَل,I,past,active,3fs,1,أَلِفَتْ
049_152,أَلِفَ,ألف,فعِل يفعَل,I,past,active,3fd,1,أَلِفَتا
049_152,أَلِفَ,ألف,فعِل يفعَل,I,past,active,3fp,1,أَلِفْنَ
049_152,أَلِفَ,ألف,فعِل يفعَل,I,past,active,2ms,1,أَلِفْتَ
049_152,أَلِفَ,ألف,فعِل يفعَل,I,past,active,2d,1,أَلِفْتُما
049_152,أَلِفَ,ألف,فعِل يفعَل,I,past,active,2mp,1,أَلِفْتُمْ
049_152,أَلِفَ,ألف,فعِل يفعَل,I,past,active,2fs,1,أَلِفْتِ
049_152,أَلِفَ,ألف,فعِل يفعَل,I,past,active,2fp,1,أَلِفْتُنَّ
049_152,أَلِفَ,ألف,فعِل يفعَل,I,past,active,1s,1,أَلِفْتُ
049_152,أَلِفَ,ألف,فعِل يفعَل,I,past,active,1p,1,أَلِفْنا
049_152,أَلِفَ,ألف,فعِل يفعَل,I,past,passive,3ms,1,أُلِفَ
049_152,أَلِفَ,ألف,فعِل يفعَل,I,past,passive,3md,1,أُلِفَا
049_152,أَلِفَ,ألف,فعِل يفعَل,I,past,passive,3mp,1,أُلِفُوا
049_152,أَلِفَ,ألف,فعِل يفعَل,I,past,passive,3fs,1,أُلِفَتْ
049_152,أَلِفَ,ألف,فعِل يفعَل,I,past,passive,3fd,1,أُلِفَتَا
049_152,أَلِفَ,ألف,فعِل يفعَل,I,past,passive,3fp,1,أُلِفْنَ
049_152,أَلِفَ,ألف,فعِل يفعَل,I,past,passive,2ms,1,أُلِفْتَ
049_152,أَلِفَ,ألف,فعِل يفعَل,I,past,passive,2d,1,أُلِفْتُمَا
049_152,أَلِفَ,ألف,فعِل يفعَل,I,past,passive,2mp,1,أُلِفْتُمْ
049_152,أَلِفَ,ألف,فعِل يفعَل,I,past,passive,2fs,1,أُلِفْتِ
049_152,أَلِفَ,ألف,فعِل يفعَل,I,past,passive,2fp,1,أُلِفْتُنَّ
049_152,أَلِفَ,ألف,فعِل يفعَل,I,past,passive,1s,1,أُلِفْتُ
049_152,أَلِفَ,ألف,فعِل يفعَل,I,past,passive,1p,1,أُلِفْنَا
049_152,أَلِفَ,ألف,فعِل يفعَل,I,indicative,active,3ms,1,يَأْلَفُ
049_152,أَلِفَ,ألف,فعِل يفعَل,I,indicative,active,3md,1,يَأْلَفَانِ
049_152,أَلِفَ,ألف,فعِل يفعَل,I,indicative,active,3mp,1,يَأْلَفُونَ
049_152,أَلِفَ,ألف,فعِل يفعَل,I,indicative,active,3fs,1,تَأْلَفُ
049_152,أَلِفَ,ألف,فعِل يفعَل,I,indicative,active,3fd,1,تَأْلَفَانِ
049_152,أَلِفَ,ألف,فعِل يفعَل,I,indicative,active,3fp,1,يَأْلَفْنَ
049_152,أَلِفَ,ألف,فعِل يفعَل,I,indicative,active,2ms,1,تَأْلَفُ
049_152,أَلِفَ,ألف,فعِل يفعَل,I,indicative,active,2d,1,تَأْلَفَانِ
049_152,أَلِفَ,ألف,فعِل يفعَل,I,indicative,active,2mp,1,تَأْلَفُونَ
049_152,أَلِفَ,ألف,فعِل يفعَل,I,indicative,active,2fs,1,تَأْلَفِينَ
049_152,أَلِفَ,ألف,فعِل يفعَل,I,indicative,active,2fp,1,تَأْلَفْنَ
049_152,أَلِفَ,ألف,فعِل يفعَل,I,indicative,active,1s,1,آلَفُ
049_152,أَلِفَ,ألف,فعِل يفعَل,I,indicative,active,1p,1,نَأْلَفُ
049_152,أَلِفَ,ألف,فعِل يفعَل,I,indicative,passive,3ms,1,يُؤْلَفُ
049_152,أَلِفَ,ألف,فعِل يفعَل,I,indicative,passive,3md,1,يُؤْلَفَانِ
049_152,أَلِفَ,ألف,فعِل يفعَل,I,indicative,passive,3mp,1,يُؤْلَفُونَ
049_152,أَلِفَ,ألف,فعِل يفعَل,I,indicative,passive,3fs,1,تُؤْلَفُ
049_152,أَلِفَ,ألف,فعِل يفعَل,I,indicative,passive,3fd,1,تُؤْلَفَانِ
049_152,أَلِفَ,ألف,فعِل يفعَل,I,indicative,passive,3fp,1,يُؤْلَفْنَ
049_152,أَلِفَ,ألف,فعِل يفعَل,I,indicative,passive,2ms,1,تُؤْلَفُ
049_152,أَلِفَ,ألف,فعِل يفعَل,I,indicative,passive,2d,1,تُؤْلَفَانِ
049_152,أَلِفَ,ألف,فعِل يفعَل,I,indicative,passive,2mp,1,تُؤْلَفُونَ
049_152,أَلِفَ,ألف,فعِل يفعَل,I,indicative,passive,2fs,1,تُؤْلَفِينَ
049_152,أَلِفَ,ألف,فعِل يفعَل,I,indicative,passive,2fp,1,تُؤْلَفْنَ
049_152,أَلِفَ,ألف,فعِل يفعَل,I,indicative,passive,1s,1,أُؤْلَفُ
049_152,أَلِفَ,ألف,فعِل يفعَل,I,indicative,passive,1p,1,نُؤْلَفُ
049_152,أَلِفَ,ألف,فعِل يفعَل,I,imperative,active,2ms,1,اِئْلَفْ
049_152,أَلِفَ,ألف,فعِل يفعَل,I,imperative,active,2d,1,اِئْلَفَا
049_152,أَلِفَ,ألف,فعِل يفعَل,I,imperative,active,2mp,1,اِئْلَفُوا
049_152,أَلِفَ,ألف,فعِل يفعَل,I,imperative,active,2fs,1,اِئْلَفِي
049_152,أَلِفَ,ألف,فعِل يفعَل,I,imperative,active,2fp,1,اِئْلَفْنَ
050_153,بَئِسَ,بأس,فعِل يفعَل,I,past,active,3ms,1,بَئِسَ
050_153,بَئِسَ,بأس,فعِل يفعَل,I,past,active,3md,1,بَئِسا
050_153,بَئِسَ,بأس,فعِل يفعَل,I,past,active,3mp,1,بَئِسُوا
050_153,بَئِسَ,بأس,فعِل يفعَل,I,past,active,3fs,1,بَئِسَتْ
050_153,بَئِسَ,بأس,فعِل يفعَل,I,past,active,3fd,1,بَئِسَتَا
050_153,بَئِسَ,بأس,فعِل يفعَل,I,past,active,3fp,1,بَئِسْنَ
050_153,بَئِسَ,بأس,فعِل يفعَل,I,past,active,2ms,1,بَئِسْتَ
050_153,بَئِسَ,بأس,فعِل يفعَل,I,past,active,2d,1,بَئِسْتُمَا
050_153,بَئِسَ,بأس,فعِل يفعَل,I,past,active,2mp,1,بَئِسْتُمْ
050_153,بَئِسَ,بأس,فعِل يفعَل,I,past,active,2fs,1,بَئِسْتِ
050_153,بَئِسَ,بأس,فعِل يفعَل,I,past,active,2fp,1,بَئِسْتُنَّ
050_153,بَئِسَ,بأس,فعِل يفعَل,I,past,active,1s,1,بَئِسْتُ
050_153,بَئِسَ,بأس,فعِل يفعَل,I,past,active,1p,1,بَئِسْنَا
050_153,بَئِسَ,بأس,فعِل يفعَل,I,indicative,active,3ms,1,يَبْأَسُ
050_153,بَئِسَ,بأس,فعِل يفعَل,I,indicative,active,3md,1,يَبْأَسَانِ
050_153,بَئِسَ,بأس,فعِل يفعَل,I,indicative,active,3mp,1,يَبْأَسُونَ
050_153,بَئِسَ,بأس,فعِل يفعَل,I,indicative,active,3fs,1,تَبْأَسُ
050_153,بَئِسَ,بأس,فعِل يفعَل,I,indicative,active,3fd,1,تَبْأَسَانِ
050_153,بَئِسَ,بأس,فعِل يفعَل,I,indicative,active,3fp,1,يَبْأَسْنَ
050_153,بَئِسَ,بأس,فعِل يفعَل,I,indicative,active,2ms,1,تَبْأَسُ
050_153,بَئِسَ,بأس,فعِل يفعَل,I,indicative,active,2d,1,تَبْأَسَانِ
050_153,بَئِسَ,بأس,فعِل يفعَل,I,indicative,active,2mp,1,تَبْأَسُونَ
050_153,بَئِسَ,بأس,فعِل يفعَل,I,indicative,active,2fs,1,تَبْأَسِينَ
050_153,بَئِسَ,بأس,فعِل يفعَل,I,indicative,active,2fp,1,تَبْأَسْنَ
050_153,بَئِسَ,بأس,فعِل يفعَل,I,indicative,active,1s,1,أَبْأَسُ
050_153,بَئِسَ,بأس,فعِل يفعَل,I,indicative,active,1p,1,نَبْأَسُ
050_153,بَئِسَ,بأس,فعِل يفعَل,I,imperative,active,2ms,1,اِبْأَسْ
050_153,بَئِسَ,بأس,فعِل يفعَل,I,imperative,active,2d,1,اِبْأَسَا
050_153,بَئِسَ,بأس,فعِل يفعَل,I,imperative,active,2mp,1,اِبْأَسُوا
050_153,بَئِسَ,بأس,فعِل يفعَل,I,imperative,active,2fs,1,اِبْأَسِي
050_153,بَئِسَ,بأس,فعِل يفعَل,I,imperative,active,2fp,1,اِبْأَسْنَ
051_154,خَطِئَ,خطأ,فعِل يفعَل,I,past,active,3ms,1,خَطِئَ
051_154,خَطِئَ,خطأ,فعِل يفعَل,I,past,active,3md,1,خَطِئَا
051_154,خَطِئَ,خطأ,فعِل يفعَل,I,past,active,3mp,1,خَطِئُوا
051_154,خَطِئَ,خطأ,فعِل يفعَل,I,past,active,3fs,1,خَطِئَتْ
051_154,خَطِئَ,خطأ,فعِل يفعَل,I,past,active,3fd,1,خَطِئَتَا
051_154,خَطِئَ,خطأ,فعِل يفعَل,I,past,active,3fp,1,خَطِئْنَ
051_154,خَطِئَ,خطأ,فعِل يفعَل,I,past,active,2ms,1,خَطِئْتَ
051_154,خَطِئَ,خطأ,فعِل يفعَل,I,past,active,2d,1,خَطِئْتُمَا
051_154,خَطِئَ,خطأ,فعِل يفعَل,I,past,active,2mp,1,خَطِئْتُمْ
051_154,خَطِئَ,خطأ,فعِل يفعَل,I,past,active,2fs,1,خَطِئْتِ
051_154,خَطِئَ,خطأ,فعِل يفعَل,I,past,active,2fp,1,خَطِئْتُنَّ
051_154,خَطِئَ,خطأ,فعِل يفعَل,I,past,active,1s,1,خَطِئْتُ
051_154,خَطِئَ,خطأ,فعِل يفعَل,I,past,active,1p,1,خَطِئْنَا
051_154,خَطِئَ,خطأ,فعِل يفعَل,I,past,passive,3ms,1,خُطِئَ
051_154,خَطِئَ,خطأ,فعِل يفعَل,I,past,passive,3md,1,خُطِئَا
051_154,خَطِئَ,خطأ,فعِل يفعَل,I,past,passive,3mp,1,خُطِئُوا
051_154,خَطِئَ,خطأ,فعِل يفعَل,I,past,passive,3fs,1,خُطِئَتْ
051_154,خَطِئَ,خطأ,فعِل يفعَل,I,past,passive,3fd,1,خُطِئَتَا
051_154,خَطِئَ,خطأ,فعِل يفعَل,I,past,passive,3fp,1,خُطِئْنَ
051_154,خَطِئَ,خطأ,فعِل يفعَل,I,past,passive,2ms,1,خُطِئْتَ
051_154,خَطِئَ,خطأ,فعِل يفعَل,I,past,passive,2d,1,خُطِئْتُمَا
051_154,خَطِئَ,خطأ,فعِل يفعَل,I,past,passive,2mp,1,خُطِئْتُمْ
051_154,خَطِئَ,خطأ,فعِل يفعَل,I,past,passive,2fs,1,خُطِئْتِ
051_154,خَطِئَ,خطأ,فعِل يفعَل,I,past,passive,2fp,1,خُطِئْتُنَّ
051_154,خَطِئَ,خطأ,فعِل يفعَل,I,past,passive,1s,1,خُطِئْتُ
051_154,خَطِئَ,خطأ,فعِل يفعَل,I,past,passive,1p,1,خُطِئْنَا
051_154,خَطِئَ,خطأ,فعِل يفعَل,I,indicative,active,3ms,1,يَخْطَأُ
051_154,خَطِئَ,خطأ,فعِل يفعَل,I,indicative,active,3md,1,يَخْطَآنِ
051_154,خَطِئَ,خطأ,فعِل يفعَل,I,indicative,active,3mp,1,يَخْطَؤُونَ
051_154,خَطِئَ,خطأ,فعِل يفعَل,I,indicative,active,3fs,1,تَخْطَأُ
051_154,خَطِئَ,خطأ,فعِل يفعَل,I,indicative,active,3fd,1,تَخْطَآنِ
051_154,خَطِئَ,خطأ,فعِل يفعَل,I,indicative,active,3fp,1,يَخْطَأْنَ
051_154,خَطِئَ,خطأ,فعِل يفعَل,I,indicative,active,2ms,1,تَخْطَأُ
051_154,خَطِئَ,خطأ,فعِل يفعَل,I,indicative,active,2d,1,تَخْطَآنِ
051_154,خَطِئَ,خطأ,فعِل يفعَل,I,indicative,active,2mp,1,تَخْطَؤُونَ
051_154,خَطِئَ,خطأ,فعِل يفعَل,I,indicative,active,2fs,1,تَخْطَئِينَ
051_154,خَطِئَ,خطأ,فعِل يفعَل,I,indicative,active,2fp,1,تَخْطَأْنَ
051_154,خَطِئَ,خطأ,فعِل يفعَل,I,indicative,active,1s,1,أَخْطَأُ
051_154,خَطِئَ,خطأ,فعِل يفعَل,I,indicative,active,1p,1,نَخْطَأُ
051_154,خَطِئَ,خطأ,فعِل يفعَل,I,indicative,passive,3ms,1,يُخْطَأُ
051_154,خَطِئَ,خطأ,فعِل يفعَل,I,indicative,passive,3md,1,يُخْطَآنِ
051_154,خَطِئَ,خطأ,فعِل يفعَل,I,indicative,passive,3mp,1,يُخْطَؤُونَ
051_154,خَطِئَ,خطأ,فعِل يفعَل,I,indicative,passive,3fs,1,تُخْطَأُ
051_154,خَطِئَ,خطأ,فعِل يفعَل,I,indicative,passive,3fd,1,تُخْطَآنِ
051_154,خَطِئَ,خطأ,فعِل يفعَل,I,indicative,passive,3fp,1,يُخْطَأْنَ
051_154,خَطِئَ,خطأ,فعِل يفعَل,I,indicative,passive,2ms,1,تُخْطَأُ
051_154,خَطِئَ,خطأ,فعِل يفعَل,I,indicative,passive,2d,1,تُخْطَآنِ
051_154,خَطِئَ,خطأ,فعِل يفعَل,I,indicative,passive,2mp,1,تُخْطَؤُونَ
051_154,خَطِئَ,خطأ,فعِل يفعَل,I,indicative,passive,2fs,1,تُخْطَئِينَ
051_154,خَطِئَ,خطأ,فعِل يفعَل,I,indicative,passive,2fp,1,تُخْطَأْنَ
051_154,خَطِئَ,خطأ,فعِل يفعَل,I,indicative,passive,1s,1,أُخْطَأُ
051_154,خَطِئَ,خطأ,فعِل يفعَل,I,indicative,passive,1p,1,نُخْطَأُ
051_154,خَطِئَ,خطأ,فعِل يفعَل,I,imperative,active,2ms,1,اِخْطَأْ
051_154,خَطِئَ,خطأ,فعِل يفعَل,I,imperative,active,2d,1,اِخْطَآ
051_154,خَطِئَ,خطأ,فعِل يفعَل,I,imperative,active,2mp,1,اِخْطَؤُوا
051_154,خَطِئَ,خطأ,فعِل يفعَل,I,imperative,active,2fs,1,اِخْطَئِي
051_154,خَطِئَ,خطأ,فعِل يفعَل,I,imperative,active,2fp,1,اِخْطَأْنَ
052_155,يَقِظَ,يقظ,فعِل يفعَل,I,past,active,3ms,1,يَقِظَ
052_155,يَقِظَ,يقظ,فعِل يفعَل,I,past,active,3md,1,يَقِظا
052_155,يَقِظَ,يقظ,فعِل يفعَل,I,past,active,3mp,1,يَقِظُوا
052_155,يَقِظَ,يقظ,فعِل يفعَل,I,past,active,3fs,1,يَقِظَتْ
052_155,يَقِظَ,يقظ,فعِل يفعَل,I,past,active,3fd,1,يَقِظَتَا
052_155,يَقِظَ,يقظ,فعِل يفعَل,I,past,active,3fp,1,يَقِظْنَ
052_155,يَقِظَ,يقظ,فعِل يفعَل,I,past,active,2ms,1,يَقِظْتَ
052_155,يَقِظَ,يقظ,فعِل يفعَل,I,past,active,2d,1,يَقِظْتُمَا
052_155,يَقِظَ,يقظ,فعِل يفعَل,I,past,active,2mp,1,يَقِظْتُمْ
052_155,يَقِظَ,يقظ,فعِل يفعَل,I,past,active,2fs,1,يَقِظْتِ
052_155,يَقِظَ,يقظ,فعِل يفعَل,I,past,active,2fp,1,يَقِظْتُنَّ
052_155,يَقِظَ,يقظ,فعِل يفعَل,I,past,active,1s,1,يَقِظْتُ
052_155,يَقِظَ,يقظ,فعِل يفعَل,I,past,active,1p,1,يَقِظْنَا
052_155,يَقِظَ,يقظ,فعِل يفعَل,I,indicative,active,3ms,1,يَيْقَظُ
052_155,يَقِظَ,يقظ,فعِل يفعَل,I,indicative,active,3md,1,يَيْقَظانِ
052_155,يَقِظَ,يقظ,فعِل يفعَل,I,indicative,active,3mp,1,يَيْقَظُونَ
052_155,يَقِظَ,يقظ,فعِل يفعَل,I,indicative,active,3fs,1,تَيْقَظُ
052_155,يَقِظَ,يقظ,فعِل يفعَل,I,indicative,active,3fd,1,تَيْقَظانِ
052_155,يَقِظَ,يقظ,فعِل يفعَل,I,indicative,active,3fp,1,يَيْقَظْنَ
052_155,يَقِظَ,يقظ,فعِل يفعَل,I,indicative,active,2ms,1,تَيْقَظُ
052_155,يَقِظَ,يقظ,فعِل يفعَل,I,indicative,active,2d,1,تَيْقَظانِ
052_155,يَقِظَ,يقظ,فعِل يفعَل,I,indicative,active,2mp,1,تَيْقَظُونَ
052_155,يَقِظَ,يقظ,فعِل يفعَل,I,indicative,active,2fs,1,تَيْقَظِينَ
052_155,يَقِظَ,يقظ,فعِل يفعَل,I,indicative,active,2fp,1,تَيْقَظْنَ
052_155,يَقِظَ,يقظ,فعِل يفعَل,I,indicative,active,1s,1,أَيْقَظُ
052_155,يَقِظَ,يقظ,فعِل يفعَل,I,indicative,active,1p,1,نَيْقَظُ
052_155,يَقِظَ,يقظ,فعِل يفعَل,I,imperative,active,2ms,1,اِيْقَظْ
052_155,يَقِظَ,يقظ,فعِل يفعَل,I,imperative,active,2d,1,اِيْقَظَا
052_155,يَقِظَ,يقظ,فعِل يفعَل,I,imperative,active,2mp,1,اِيْقَظُوا
052_155,يَقِظَ,يقظ,فعِل يفعَل,I,imperative,active,2fs,1,اِيْقَظِي
052_155,يَقِظَ,يقظ,فعِل يفعَل,I,imperative,active,2fp,1,اِيْقَظْنَ
053_158,وَنِيَ,وني,فعِل يفعَل,I,past,active,3ms,1,وَنِيَ
053_158,وَنِيَ,وني,فعِل يفعَل,I,past,active,3md,1,وَنِيَا
053_158,وَنِيَ,وني,فعِل يفعَل,I,past,active,3mp,1,وَنُوا
053_158,وَنِيَ,وني,فعِل يفعَل,I,past,active,3fs,1,وَنِيَتْ
053_158,وَنِيَ,وني,فعِل يفعَل,I,past,active,3fd,1,وَنِيَتَا
053_158,وَنِيَ,وني,فعِل يفعَل,I,past,active,3fp,1,وَنِيْنَ
053_158,وَنِيَ,وني,فعِل يفعَل,I,past,active,2ms,1,وَنِيْتَ
053_158,وَنِيَ,وني,فعِل يفعَل,I,past,active,2d,1,وَنِيْتُمَا
053_158,وَنِيَ,وني,فعِل يفعَل,I,past,active,2mp,1,وَنِيْتُمْ
053_158,وَنِيَ,وني,فعِل يفعَل,I,past,active,2fs,1,وَنِيْتِ
053_158,وَنِيَ,وني,فعِل يفعَل,I,past,active,2fp,1,وَنِيْتُنَّ
053_158,وَنِيَ,وني,فعِل يفعَل,I,past,active,1s,1,وَنِيْتُ
053_158,وَنِيَ,وني,فعِل يفعَل,I,past,active,1p,1,وَنِيْنَا
053_158,وَنِيَ,وني,فعِل يفعَل,I,past,passive,3ms,1,وُنِيَ
053_158,وَنِيَ,وني,فعِل يفعَل,I,past,passive,3md,1,وُنِيَا
053_158,وَنِيَ,وني,فعِل يفعَل,I,past,passive,3mp,1,وُنُوا
053_158,وَنِيَ,وني,فعِل يفعَل,I,past,passive,3fs,1,وُنِيَتْ
053_158,وَنِيَ,وني,فعِل يفعَل,I,past,passive,3fd,1,وُنِيَتَا
053_158,وَنِيَ,وني,فعِل يفعَل,I,past,passive,3fp,1,وُنِينَ
053_158,وَنِيَ,وني,فعِل يفعَل,I,past,passive,2ms,1,وُنِيتَ
053_158,وَنِيَ,وني,فعِل يفعَل,I,past,passive,2d,1,وُنِيتُمَا
053_158,وَنِيَ,وني,فعِل يفعَل,I,past,passive,2mp,1,وُنِيتُمْ
053_158,وَنِيَ,وني,فعِل يفعَل,I,past,passive,2fs,1,وُنِيتِ
053_158,وَنِيَ,وني,فعِل يفعَل,I,past,passive,2fp,1,وُنِيتُنَّ
053_158,وَنِيَ,وني,فعِل يفعَل,I,past,passive,1s,1,وُنِيتُ
053_158,وَنِيَ,وني,فعِل يفعَل,I,past,passive,1p,1,وُنِينَا
053_158,وَنِيَ,وني,فعِل يفعَل,I,indicative,active,3ms,1,يَوْنَى
053_158,وَنِيَ,وني,فعِل يفعَل,I,indicative,active,3md,1,يَوْنَيَانِ
053_158,وَنِيَ,وني,فعِل يفعَل,I,indicative,active,3mp,1,يَوْنَوْنَ
053_158,وَنِيَ,وني,فعِل يفعَل,I,indicative,active,3fs,1,تَوْنَى
053_158,وَنِيَ,وني,فعِل يفعَل,I,indicative,active,3fd,1,تَوْنَيَانِ
053_158,وَنِيَ,وني,فعِل يفعَل,I,indicative,active,3fp,1,يَوْنَيْنَ
053_158,وَنِيَ,وني,فعِل يفعَل,I,indicative,active,2ms,1,تَوْنَى
053_158,وَنِيَ,وني,فعِل يفعَل,I,indicative,active,2d,1,تَوْنَيَانِ
053_158,وَنِيَ,وني,فعِل يفعَل,I,indicative,active,2mp,1,تَوْنَوْنَ
053_158,وَنِيَ,وني,فعِل يفعَل,I,indicative,active,2fs,1,تَوْنَيْنَ
053_158,وَنِيَ,وني,فعِل يفعَل,I,indicative,active,2fp,1,تَوْنَيْنَ
053_158,وَنِيَ,وني,فعِل يفعَل,I,indicative,active,1s,1,أَوْنَى
053_158,وَنِيَ,وني,فعِل يفعَل,I,indicative,active,1p,1,نَوْنَى
053_158,وَنِيَ,وني,فعِل يفعَل,I,indicative,passive,3ms,1,يُوْنَى
053_158,وَنِيَ,وني,فعِل يفعَل,I,indicative,passive,3md,1,يُوْنَيَانِ
053_158,وَنِيَ,وني,فعِل يفعَل,I,indicative,passive,3mp,1,يُوْنَوْنَ
053_158,وَنِيَ,وني,فعِل يفعَل,I,indicative,passive,3fs,1,تُوْنَى
053_158,وَنِيَ,وني,فعِل يفعَل,I,indicative,passive,3fd,1,تُوْنَيَانِ
053_158,وَنِيَ,وني,فعِل يفعَل,I,indicative,passive,3fp,1,يُوْنَيْنَ
053_158,وَنِيَ,وني,فعِل يفعَل,I,indicative,passive,2ms,1,تُوْنَى
053_158,وَنِيَ,وني,فعِل يفعَل,I,indicative,passive,2d,1,تُوْنَيَانِ
053_158,وَنِيَ,وني,فعِل يفعَل,I,indicative,passive,2mp,1,تُوْنَوْنَ
053_158,وَنِيَ,وني,فعِل يفعَل,I,indicative,passive,2fs,1,تُوْنَيْنَ
053_158,وَنِيَ,وني,فعِل يفعَل,I,indicative,passive,2fp,1,تُوْنَيْنَ
053_158,وَنِيَ,وني,فعِل يفعَل,I,indicative,passive,1s,1,أُوْنَى
053_158,وَنِيَ,وني,فعِل يفعَل,I,indicative,passive,1p,1,نُوْنَى
053_158,وَنِيَ,وني,فعِل يفعَل,I,imperative,active,2ms,1,اِوْنَ
053_158,وَنِيَ,وني,فعِل يفعَل,I,imperative,active,2d,1,اِوْنَيا
053_158,وَنِيَ,وني,فعِل يفعَل,I,imperative,active,2mp,1,اِوْنَوْا
053_158,وَنِيَ,وني,فعِل يفعَل,I,imperative,active,2fp,1,اِوْنَيْنَ
054_165,وَثِقَ,وثق,فعِل يفعِل,I,past,active,3ms,1,وَثِقَ
054_165,وَثِقَ,وثق,فعِل يفعِل,I,past,active,3md,1,وَثِقَا
054_165,وَثِقَ,وثق,فعِل يفعِل,I,past,active,3mp,1,وَثِقُوا
054_165,وَثِقَ,وثق,فعِل يفعِل,I,past,active,3fs,1,وَثِقَتْ
054_165,وَثِقَ,وثق,فعِل يفعِل,I,past,active,3fd,1,وَثِقَتَا
054_165,وَثِقَ,وثق,فعِل يفعِل,I,past,active,3fp,1,وَثِقْنَ
054_165,وَثِقَ,وثق,فعِل يفعِل,I,past,active,2ms,1,وَثِقْتَ
054_165,وَثِقَ,وثق,فعِل يفعِل,I,past,active,2d,1,وَثِقْتُمَا
054_165,وَثِقَ,وثق,فعِل يفعِل,I,past,active,2mp,1,وَثِقْتُمْ
054_165,وَثِقَ,وثق,فعِل يفعِل,I,past,active,2fs,1,وَثِقْتِ
054_165,وَثِقَ,وثق,فعِل يفعِل,I,past,active,2fp,1,وَثِقْتُنَّ
054_165,وَثِقَ,وثق,فعِل يفعِل,I,past,active,1s,1,وَثِقْتُ
054_165,وَثِقَ,وثق,فعِل يفعِل,I,past,active,1p,1,وَثِقْنَا
054_165,وَثِقَ,وثق,فعِل يفعِل,I,past,passive,3ms,1,وُثِقَ
054_165,وَثِقَ,وثق,فعِل يفعِل,I,past,passive,3md,1,وُثِقَا
054_165,وَثِقَ,وثق,فعِل يفعِل,I,past,passive,3mp,1,وُثِقُوا
054_165,وَثِقَ,وثق,فعِل يفعِل,I,past,passive,3fs,1,وُثِقَتْ
054_165,وَثِقَ,وثق,فعِل يفعِل,I,past,passive,3fd,1,وُثِقَتَا
054_165,وَثِقَ,وثق,فعِل يفعِل,I,past,passive,3fp,1,وُثِقْنَ
054_165,وَثِقَ,وثق,فعِل يفعِل,I,past,passive,2ms,1,وُثِقْتَ
054_165,وَثِقَ,وثق,فعِل يفعِل,I,past,passive,2d,1,وُثِقْتُمَا
054_165,وَثِقَ,وثق,فعِل يفعِل,I,past,passive,2mp,1,وُثِقْتُمْ
054_165,وَثِقَ,وثق,فعِل يفعِل,I,past,passive,2fs,1,وُثِقْتِ
054_165,وَثِقَ,وثق,فعِل يفعِل,I,past,passive,2fp,1,وُثِقْتُنَّ
054_165,وَثِقَ,وثق,فعِل يفعِل,I,past,passive,1s,1,وُثِقْتُ
054_165,وَثِقَ,وثق,فعِل يفعِل,I,past,passive,1p,1,وُثِقْنَا
054_165,وَثِقَ,وثق,فعِل يفعِل,I,indicative,active,3ms,1,يَثِقُ
054_165,وَثِقَ,وثق,فعِل يفعِل,I,indicative,active,3md,1,يَثِقَانِ
054_165,وَثِقَ,وثق,فعِل يفعِل,I,indicative,active,3mp,1,يَثِقُونَ
054_165,وَثِقَ,وثق,فعِل يفعِل,I,indicative,active,3fs,1,تَثِقُ
054_165,وَثِقَ,وثق,فعِل يفعِل,I,indicative,active,3fd,1,تَثِقَانِ
054_165,وَثِقَ,وثق,فعِل يفعِل,I,indicative,active,3fp,1,يَثِقْنَ
054_165,وَثِقَ,وثق,فعِل يفعِل,I,indicative,active,2ms,1,تَثِقُ
054_165,وَثِقَ,وثق,فعِل يفعِل,I,indicative,active,2d,1,تَثِقَانِ
054_165,وَثِقَ,وثق,فعِل يفعِل,I,indicative,active,2mp,1,تَثِقُونَ
054_165,وَثِقَ,وثق,فعِل يفعِل,I,indicative,active,2fs,1,تَثِقِينَ
054_165,وَثِقَ,وثق,فعِل يفعِل,I,indicative,active,2fp,1,تَثِقْنَ
054_165,وَثِقَ,وثق,فعِل يفعِل,I,indicative,active,1s,1,أَثِقُ
054_165,وَثِقَ,وثق,فعِل يفعِل,I,indicative,active,1p,1,نَثِقُ
054_165,وَثِقَ,وثق,فعِل يفعِل,I,indicative,passive,3ms,1,يُوْثَقُ
054_165,وَثِقَ,وثق,فعِل يفعِل,I,indicative,passive,3md,1,يُوْثَقَانِ
054_165,وَثِقَ,وثق,فعِل يفعِل,I,indicative,passive,3mp,1,يُوْثَقُونَ
054_165,وَثِقَ,وثق,فعِل يفعِل,I,indicative,passive,3fs,1,تُوْثَقُ
054_165,وَثِقَ,وثق,فعِل يفعِل,I,indicative,passive,3fd,1,تُوْثَقَانِ
054_165,وَثِقَ,وثق,فعِل يفعِل,I,indicative,passive,3fp,1,يُوْثَقْنَ
054_165,وَثِقَ,وثق,فعِل يفعِل,I,indicative,passive,2ms,1,تُوْثَقُ
054_165,وَثِقَ,وثق,فعِل يفعِل,I,indicative,passive,2d,1,تُوْثَقَانِ
054_165,وَثِقَ,وثق,فعِل يفعِل,I,indicative,passive,2mp,1,تُوْثَقُونَ
054_165,وَثِقَ,وثق,فعِل يفعِل,I,indicative,passive,2fs,1,تُوْثَقِينَ
054_165,وَثِقَ,وثق,فعِل يفعِل,I,indicative,passive,2fp,1,تُوْثَقْنَ
054_165,وَثِقَ,وثق,فعِل يفعِل,I,indicative,passive,1s,1,أُوْثَقُ
054_165,وَثِقَ,وثق,فعِل يفعِل,I,indicative,passive,1p,1,نُوْثَقُ
054_165,وَثِقَ,وثق,فعِل يفعِل,I,imperative,active,2ms,1,ثِقْ
054_165,وَثِقَ,وثق,فعِل يفعِل,I,imperative,active,2d,1,ثِقَا
054_165,وَثِقَ,وثق,فعِل يفعِل,I,imperative,active,2mp,1,ثِقُوا
054_165,وَثِقَ,وثق,فعِل يفعِل,I,imperative,active,2fs,1,ثِقِي
054_165,وَثِقَ,وثق,فعِل يفعِل,I,imperative,active,2fp,1,ثِقْنَ
055_220,أَفْعَلَ,فعل,أفعل,IV,past,active,3ms,1,أَفْعَلَ
055_220,أَفْعَلَ,فعل,أفعل,IV,past,active,3md,1,أَفْعَلَا
055_220,أَفْعَلَ,فعل,أفعل,IV,past,active,3mp,1,أَفْعَلُوا
055_220,أَفْعَلَ,فعل,أفعل,IV,past,active,3fs,1,أَفْعَلَتْ
055_220,أَفْعَلَ,فعل,أفعل,IV,past,active,3fd,1,أَفْعَلَتَا
055_220,أَفْعَلَ,فعل,أفعل,IV,past,active,3fp,1,أَفْعَلْنَ
055_220,أَفْعَلَ,فعل,أفعل,IV,past,active,2ms,1,أَفْعَلْتَ
055_220,أَفْعَلَ,فعل,أفعل,IV,past,active,2d,1,أَفْعَلْتُمَا
055_220,أَفْعَلَ,فعل,أفعل,IV,past,active,2mp,1,أَفْعَلْتُمْ
055_220,أَفْعَلَ,فعل,أفعل,IV,past,active,2fs,1,أَفْعَلْتِ
055_220,أَفْعَلَ,فعل,أفعل,IV,past,active,2fp,1,أَفْعَلْتُنَّ
055_220,أَفْعَلَ,فعل,أفعل,IV,past,active,1s,1,أَفْعَلْتُ
055_220,أَفْعَلَ,فعل,أفعل,IV,past,active,1p,1,أَفْعَلْنَا
055_220,أَفْعَلَ,فعل,أفعل,IV,past,passive,3ms,1,أُفْعِلَ
055_220,أَفْعَلَ,فعل,أفعل,IV,past,passive,3md,1,أُفْعِلَا
055_220,أَفْعَلَ,فعل,أفعل,IV,past,passive,3mp,1,أُفْعِلُوا
055_220,أَفْعَلَ,فعل,أفعل,IV,past,passive,3fs,1,أُفْعِلَتْ
055_220,أَفْعَلَ,فعل,أفعل,IV,past,passive,3fd,1,أُفْعِلَتَا
055_220,أَفْعَلَ,فعل,أفعل,IV,past,passive,3fp,1,أُفْعِلْنَ
055_220,أَفْعَلَ,فعل,أفعل,IV,past,passive,2ms,1,أُفْعِلْتَ
055_220,أَفْعَلَ,فعل,أفعل,IV,past,passive,2d,1,أُفْعِلْتُمَا
055_220,أَفْعَلَ,فعل,أفعل,IV,past,passive,2mp,1,أُفْعِلْتُمْ
055_220,أَفْعَلَ,فعل,أفعل,IV,past,passive,2fs,1,أُفْعِلْتِ
055_220,أَفْعَلَ,فعل,أفعل,IV,past,passive,2fp,1,أُفْعِلْتُنَّ
055_220,أَفْعَلَ,فعل,أفعل,IV,past,passive,1s,1,أُفْعِلْتُ
055_220,أَفْعَلَ,فعل,أفعل,IV,past,passive,1p,1,أُفْعِلْنَا
055_220,أَفْعَلَ,فعل,أفعل,IV,indicative,active,3ms,1,يُفْعِلُ
055_220,أَفْعَلَ,فعل,أفعل,IV,indicative,active,3md,1,يُفْعِلَانِ
055_220,أَفْعَلَ,فعل,أفعل,IV,indicative,active,3mp,1,يُفْعِلُونَ
055_220,أَفْعَلَ,فعل,أفعل,IV,indicative,active,3fs,1,تُفْعِلُ
055_220,أَفْعَلَ,فعل,أفعل,IV,indicative,active,3fd,1,تُفْعِلَانِ
055_220,أَفْعَلَ,فعل,أفعل,IV,indicative,active,3fp,1,يُفْعِلْنَ
055_220,أَفْعَلَ,فعل,أفعل,IV,indicative,active,2ms,1,تُفْعِلُ
055_220,أَفْعَلَ,فعل,أفعل,IV,indicative,active,2d,1,تُفْعِلَانِ
055_220,أَفْعَلَ,فعل,أفعل,IV,indicative,active,2mp,1,تُفْعِلُونَ
055_220,أَفْعَلَ,فعل,أفعل,IV,indicative,active,2fs,1,تُفْعِلِينَ
055_220,أَفْعَلَ,فعل,أفعل,IV,indicative,active,2fp,1,تُفْعِلْنَ
055_220,أَفْعَلَ,فعل,أفعل,IV,indicative,active,1s,1,أُفْعِلُ
055_220,أَفْعَلَ,فعل,أفعل,IV,indicative,active,1p,1,نُفْعِلُ
055_220,أَفْعَلَ,فعل,أفعل,IV,indicative,passive,3ms,1,يُفْعَلُ
055_220,أَفْعَلَ,فعل,أفعل,IV,indicative,passive,3md,1,يُفْعَلانِ
055_220,أَفْعَلَ,فعل,أفعل,IV,indicative,passive,3mp,1,يُفْعَلُونَ
055_220,أَفْعَلَ,فعل,أفعل,IV,indicative,passive,3fs,1,تُفْعَلُ
055_220,أَفْعَلَ,فعل,أفعل,IV,indicative,passive,3fd,1,تُفْعَلانِ
055_220,أَفْعَلَ,فعل,أفعل,IV,indicative,passive,3fp,1,يُفْعَلْنَ
055_220,أَفْعَلَ,فعل,أفعل,IV,indicative,passive,2ms,1,تُفْعَلُ
055_220,أَفْعَلَ,فعل,أفعل,IV,indicative,passive,2d,1,تُفْعَلانِ
055_220,أَفْعَلَ,فعل,أفعل,IV,indicative,passive,2mp,1,تُفْعَلُونَ
055_220,أَفْعَلَ,فعل,أفعل,IV,indicative,passive,2fs,1,تُفْعَلِينَ
055_220,أَفْعَلَ,فعل,أفعل,IV,indicative,passive,2fp,1,تُفْعَلْنَ
055_220,أَفْعَلَ,فعل,أفعل,IV,indicative,passive,1s,1,أُفْعَلُ
055_220,أَفْعَلَ,فعل,أفعل,IV,indicative,passive,1p,1,نُفْعَلُ
055_220,أَفْعَلَ,فعل,أفعل,IV,imperative,active,2ms,1,أَفْعِلْ
055_220,أَفْعَلَ,فعل,أفعل,IV,imperative,active,2d,1,أَفْعِلا
055_220,أَفْعَلَ,فعل,أفعل,IV,imperative,active,2mp,1,أَفْعِلُوا
055_220,أَفْعَلَ,فعل,أفعل,IV,imperative,active,2fs,1,أَفْعِلِي
055_220,أَفْعَلَ,فعل,أفعل,IV,imperative,active,2fp,1,أَفْعِلْنَ
056_115,وَجَلَ,وجل,فعَل يفعُل,I,past,active,3ms,1,وَجَلَ
056_115,وَجَلَ,وجل,فعَل يفعُل,I,past,active,3md,1,وَجَلَا
056_115,وَجَلَ,وجل,فعَل يفعُل,I,past,active,3mp,1,وَجَلُوا
056_115,وَجَلَ,وجل,فعَل يفعُل,I,past,active,3fs,1,وَجَلَتْ
056_115,وَجَلَ,وجل,فعَل يفعُل,I,past,active,3fd,1,وَجَلَتَا
056_115,وَجَلَ,وجل,فعَل يفعُل,I,past,active,3fp,1,وَجَلْنَ
056_115,وَجَلَ,وجل,فعَل يفعُل,I,past,active,2ms,1,وَجَلْتَ
056_115,وَجَلَ,وجل,فعَل يفعُل,I,past,active,2d,1,وَجَلْتُمَا
056_115,وَجَلَ,وجل,فعَل يفعُل,I,past,active,2mp,1,وَجَلْتُمْ
056_115,وَجَلَ,وجل,فعَل يفعُل,I,past,active,2fs,1,وَجَلْتِ
056_115,وَجَلَ,وجل,فعَل يفعُل,I,past,active,2fp,1,وَجَلْتُنَّ
056_115,وَجَلَ,وجل,فعَل يفعُل,I,past,active,1s,1,وَجَلْتُ
056_115,وَجَلَ,وجل,فعَل يفعُل,I,past,active,1p,1,وَجَلْنَا
056_115,وَجَلَ,وجل,فعَل يفعُل,I,past,passive,3ms,1,وُجِلَ
056_115,وَجَلَ,وجل,فعَل يفعُل,I,past,passive,3md,1,وُجِلَا
056_115,وَجَلَ,وجل,فعَل يفعُل,I,past,passive,3mp,1,وُجِلُوا
056_115,وَجَلَ,وجل,فعَل يفعُل,I,past,passive,3fs,1,وُجِلَتْ
056_115,وَجَلَ,وجل,فعَل يفعُل,I,past,passive,3fd,1,وُجِلَتَا
056_115,وَجَلَ,وجل,فعَل يفعُل,I,past,passive,3fp,1,وُجِلْنَ
056_115,وَجَلَ,وجل,فعَل يفعُل,I,past,passive,2ms,1,وُجِلْتَ
056_115,وَجَلَ,وجل,فعَل يفعُل,I,past,passive,2d,1,وُجِلْتُمَا
056_115,وَجَلَ,وجل,فعَل يفعُل,I,past,passive,2mp,1,وُجِلْتُمْ
056_115,وَجَلَ,وجل,فعَل يفعُل,I,past,passive,2fs,1,وُجِلْتِ
056_115,وَجَلَ,وجل,فعَل يفعُل,I,past,passive,2fp,1,وُجِلْتُنَّ
056_115,وَجَلَ,وجل,فعَل يفعُل,I,past,passive,1s,1,وُجِلْتُ
056_115,وَجَلَ,وجل,فعَل يفعُل,I,past,passive,1p,1,وُجِلْنَا
056_115,وَجَلَ,وجل,فعَل يفعُل,I,indicative,active,3ms,1,يَوْجُلُ
056_115,وَجَلَ,وجل,فعَل يفعُل,I,indicative,active,3md,1,يَوْجُلَانِ
056_115,وَجَلَ,وجل,فعَل يفعُل,I,indicative,active,3mp,1,يَوْجُلُونَ
056_115,وَجَلَ,وجل,فعَل يفعُل,I,indicative,active,3fs,1,تَوْجُلُ
056_115,وَجَلَ,وجل,فعَل يفعُل,I,indicative,active,3fd,1,تَوْجُلَانِ
056_115,وَجَلَ,وجل,فعَل يفعُل,I,indicative,active,3fp,1,يَوْجُلْنَ
056_115,وَجَلَ,وجل,فعَل يفعُل,I,indicative,active,2ms,1,تَوْجُلُ
056_115,وَجَلَ,وجل,فعَل يفعُل,I,indicative,active,2d,1,تَوْجُلَانِ
056_115,وَجَلَ,وجل,فعَل يفعُل,I,indicative,active,2mp,1,تَوْجُلُونَ
056_115,وَجَلَ,وجل,فعَل يفعُل,I,indicative,active,2fs,1,تَوْجُلِينَ
056_115,وَجَلَ,وجل,فعَل يفعُل,I,indicative,active,2fp,1,تَوْجُلْنَ
056_115,وَجَلَ,وجل,فعَل يفعُل,I,indicative,active,1s,1,أَوْجُلُ
056_115,وَجَلَ,وجل,فعَل يفعُل,I,indicative,active,1p,1,نَوْجُلُ
056_115,وَجَلَ,وجل,فعَل يفعُل,I,indicative,passive,3ms,1,يُوْجَلُ
056_115,وَجَلَ,وجل,فعَل يفعُل,I,indicative,passive,3md,1,يُوْجَلانِ
056_115,وَجَلَ,وجل,فعَل يفعُل,I,indicative,passive,3mp,1,يُوْجَلُونَ
056_115,وَجَلَ,وجل,فعَل يفعُل,I,indicative,passive,3fs,1,تُوْجَلُ
056_115,وَجَلَ,وجل,فعَل يفعُل,I,indicative,passive,3fd,1,تُوْجَلانِ
056_115,وَجَلَ,وجل,فعَل يفعُل,I,indicative,passive,3fp,1,يُوْجَلْنَ
056_115,وَجَلَ,وجل,فعَل يفعُل,I,indicative,passive,2ms,1,تُوْجَلُ
056_115,وَجَلَ,وجل,فعَل يفعُل,I,indicative,passive,2d,1,تُوْجَلانِ
056_115,وَجَلَ,وجل,فعَل يفعُل,I,indicative,passive,2mp,1,تُوْجَلُونَ
056_115,وَجَلَ,وجل,فعَل يفعُل,I,indicative,passive,2fs,1,تُوْجَلِينَ
056_115,وَجَلَ,وجل,فعَل يفعُل,I,indicative,passive,2fp,1,تُوْجَلْنَ
056_115,وَجَلَ,وجل,فعَل يفعُل,I,indicative,passive,1s,1,أُوْجَلُ
056_115,وَجَلَ,وجل,فعَل يفعُل,I,indicative,passive,1p,1,نُوْجَلُ
056_115,وَجَلَ,وجل,فعَل يفعُل,I,imperative,active,2ms,1,اُوْجُلْ
056_115,وَجَلَ,وجل,فعَل يفعُل,I,imperative,active,2d,1,اُوْجُلَا
056_115,وَجَلَ,وجل,فعَل يفعُل,I,imperative,active,2mp,1,اُوْجُلُوا
056_115,وَجَلَ,وجل,فعَل يفعُل,I,imperative,active,2fs,1,اُوْجُلِي
056_115,وَجَلَ,وجل,فعَل يفعُل,I,imperative,active,2fp,1,اُوْجُلْنَ
057_122,أَثَرَ,أثر,فعَل يفعِل,I,past,active,3ms,1,أَثَرَ
057_122,أَثَرَ,أثر,فعَل يفعِل,I,past,active,3md,1,أَثَرَا
057_122,أَثَرَ,أثر,فعَل يفعِل,I,past,active,3mp,1,أَثَرُوا
057_122,أَثَرَ,أثر,فعَل يفعِل,I,past,active,3fs,1,أَثَرَتْ
057_122,أَثَرَ,أثر,فعَل يفعِل,I,past,active,3fd,1,أَثَرَتَا
057_122,أَثَرَ,أثر,فعَل يفعِل,I,past,active,3fp,1,أَثَرْنَ
057_122,أَثَرَ,أثر,فعَل يفعِل,I,past,active,2ms,1,أَثَرْتَ
057_122,أَثَرَ,أثر,فعَل يفعِل,I,past,active,2d,1,أَثَرْتُمَا
057_122,أَثَرَ,أثر,فعَل يفعِل,I,past,active,2mp,1,أَثَرْتُمْ
057_122,أَثَرَ,أثر,فعَل يفعِل,I,past,active,2fs,1,أَثَرْتِ
057_122,أَثَرَ,أثر,فعَل يفعِل,I,past,active,2fp,1,أَثَرْتُنَّ
057_122,أَثَرَ,أثر,فعَل يفعِل,I,past,active,1s,1,أَثَرْتُ
057_122,أَثَرَ,أثر,فعَل يفعِل,I,past,active,1p,1,أَثَرْنَا
057_122,أَثَرَ,أثر,فعَل يفعِل,I,past,passive,3ms,1,أُثِرَ
057_122,أَثَرَ,أثر,فعَل يفعِل,I,past,passive,3md,1,أُثِرَا
057_122,أَثَرَ,أثر,فعَل يفعِل,I,past,passive,3mp,1,أُثِرُوا
057_122,أَثَرَ,أثر,فعَل يفعِل,I,past,passive,3fs,1,أُثِرَتْ
057_122,أَثَرَ,أثر,فعَل يفعِل,I,past,passive,3fd,1,أُثِرَتَا
057_122,أَثَرَ,أثر,فعَل يفعِل,I,past,passive,3fp,1,أُثِرْنَ
057_122,أَثَرَ,أثر,فعَل يفعِل,I,past,passive,2ms,1,أُثِرْتَ
057_122,أَثَرَ,أثر,فعَل يفعِل,I,past,passive,2d,1,أُثِرْتُمَا
057_122,أَثَرَ,أثر,فعَل يفعِل,I,past,passive,2mp,1,أُثِرْتُمْ
057_122,أَثَرَ,أثر,فعَل يفعِل,I,past,passive,2fs,1,أُثِرْتِ
057_122,أَثَرَ,أثر,فعَل يفعِل,I,past,passive,2fp,1,أُثِرْتُنَّ
057_122,أَثَرَ,أثر,فعَل يفعِل,I,past,passive,1s,1,أُثِرْتُ
057_122,أَثَرَ,أثر,فعَل يفعِل,I,past,passive,1p,1,أُثِرْنَا
057_122,أَثَرَ,أثر,فعَل يفعِل,I,indicative,active,3ms,1,يَأْثِرُ
057_122,أَثَرَ,أثر,فعَل يفعِل,I,indicative,active,3md,1,يَأْثِرَانِ
057_122,أَثَرَ,أثر,فعَل يفعِل,I,indicative,active,3mp,1,يَأْثِرُونَ
057_122,أَثَرَ,أثر,فعَل يفعِل,I,indicative,active,3fs,1,تَأْثِرُ
057_122,أَثَرَ,أثر,فعَل يفعِل,I,indicative,active,3fd,1,تَأْثِرَانِ
057_122,أَثَرَ,أثر,فعَل يفعِل,I,indicative,active,3fp,1,يَأْثِرْنَ
057_122,أَثَرَ,أثر,فعَل يفعِل,I,indicative,active,2ms,1,تَأْثِرُ
057_122,أَثَرَ,أثر,فعَل يفعِل,I,indicative,active,2d,1,تَأْثِرَانِ
057_122,أَثَرَ,أثر,فعَل يفعِل,I,indicative,active,2mp,1,تَأْثِرُونَ
057_122,أَثَرَ,أثر,فعَل يفعِل,I,indicative,active,2fs,1,تَأْثِرِينَ
057_122,أَثَرَ,أثر,فعَل يفعِل,I,indicative,active,2fp,1,تَأْثِرْنَ
057_122,أَثَرَ,أثر,فعَل يفعِل,I,indicative,active,1s,1,آثِرُ
057_122,أَثَرَ,أثر,فعَل يفعِل,I,indicative,active,1p,1,نَأْثِرُ
057_122,أَثَرَ,أثر,فعَل يفعِل,I,indicative,passive,3ms,1,يُؤْثَرُ
057_122,أَثَرَ,أثر,فعَل يفعِل,I,indicative,passive,3md,1,يُؤْثَرانِ
057_122,أَثَرَ,أثر,فعَل يفعِل,I,indicative,passive,3mp,1,يُؤْثَرُونَ
057_122,أَثَرَ,أثر,فعَل يفعِل,I,indicative,passive,3fs,1,تُؤْثَرُ
057_122,أَثَرَ,أثر,فعَل يفعِل,I,indicative,passive,3fd,1,تُؤْثَرانِ
057_122,أَثَرَ,أثر,فعَل يفعِل,I,indicative,passive,3fp,1,يُؤْثَرْنَ
057_122,أَثَرَ,أثر,فعَل يفعِل,I,indicative,passive,2ms,1,تُؤْثَرُ
057_122,أَثَرَ,أثر,فعَل يفعِل,I,indicative,passive,2d,1,تُؤْثَرانِ
057_122,أَثَرَ,أثر,فعَل يفعِل,I,indicative,passive,2mp,1,تُؤْثَرُونَ
057_122,أَثَرَ,أثر,فعَل يفعِل,I,indicative,passive,2fs,1,تُؤْثَرِينَ
057_122,أَثَرَ,أثر,فعَل يفعِل,I,indicative,passive,2fp,1,تُؤْثَرْنَ
057_122,أَثَرَ,أثر,فعَل يفعِل,I,indicative,passive,1s,1,أُؤْثَرُ
057_122,أَثَرَ,أثر,فعَل يفعِل,I,indicative,passive,1p,1,نُؤْثَرُ
057_122,أَثَرَ,أثر,فعَل يفعِل,I,imperative,active,2ms,1,إِيْثِرْ
057_122,أَثَرَ,أثر,فعَل يفعِل,I,imperative,active,2d,1,إِيْثِرَا
057_122,أَثَرَ,أثر,فعَل يفعِل,I,imperative,active,2mp,1,إِيْثِرُوا
057_122,أَثَرَ,أثر,فعَل يفعِل,I,imperative,active,2fs,1,إِيْثِرِي
057_122,أَثَرَ,أثر,فعَل يفعِل,I,imperative,active,2fp,1,إِيْثِرْنَ
058_134,بَدَأَ,بدأ,فعَل يفعَل,I,past,active,3ms,1,بَدَأَ
058_134,بَدَأَ,بدأ,فعَل يفعَل,I,past,active,3md,1,بَدَآ
058_134,بَدَأَ,بدأ,فعَل يفعَل,I,past,active,3mp,1,بَدَؤُوا
058_134,بَدَأَ,بدأ,فعَل يفعَل,I,past,active,3fs,1,بَدَأَتْ
058_134,بَدَأَ,بدأ,فعَل يفعَل,I,past,active,3fd,1,بَدَأَتَا
058_134,بَدَأَ,بدأ,فعَل يفعَل,I,past,active,3fp,1,بَدَأْنَ
058_134,بَدَأَ,بدأ,فعَل يفعَل,I,past,active,2ms,1,بَدَأْتَ
058_134,بَدَأَ,بدأ,فعَل يفعَل,I,past,active,2d,1,بَدَأْتُمَا
058_134,بَدَأَ,بدأ,فعَل يفعَل,I,past,active,2mp,1,بَدَأْتُمْ
058_134,بَدَأَ,بدأ,فعَل يفعَل,I,past,active,2fs,1,بَدَأْتِ
058_134,بَدَأَ,بدأ,فعَل يفعَل,I,past,active,2fp,1,بَدَأْتُنَّ
058_134,بَدَأَ,بدأ,فعَل يفعَل,I,past,active,1s,1,بَدَأْتُ
058_134,بَدَأَ,بدأ,فعَل يفعَل,I,past,active,1p,1,بَدَأْنَا
058_134,بَدَأَ,بدأ,فعَل يفعَل,I,past,passive,3ms,1,بُدِئَ
058_134,بَدَأَ,بدأ,فعَل يفعَل,I,past,passive,3md,1,بُدِئَا
058_134,بَدَأَ,بدأ,فعَل يفعَل,I,past,passive,3mp,1,بُدِئُوا
058_134,بَدَأَ,بدأ,فعَل يفعَل,I,past,passive,3fs,1,بُدِئَتْ
058_134,بَدَأَ,بدأ,فعَل يفعَل,I,past,passive,3fd,1,بُدِئَتَا
058_134,بَدَأَ,بدأ,فعَل يفعَل,I,past,passive,3fp,1,بُدِئْنَ
058_134,بَدَأَ,بدأ,فعَل يفعَل,I,past,passive,2ms,1,بُدِئْتَ
058_134,بَدَأَ,بدأ,فعَل يفعَل,I,past,passive,2d,1,بُدِئْتُمَا
058_134,بَدَأَ,بدأ,فعَل يفعَل,I,past,passive,2mp,1,بُدِئْتُمْ
058_134,بَدَأَ,بدأ,فعَل يفعَل,I,past,passive,2fs,1,بُدِئْتِ
058_134,بَدَأَ,بدأ,فعَل يفعَل,I,past,passive,2fp,1,بُدِئْتُنَّ
058_134,بَدَأَ,بدأ,فعَل يفعَل,I,past,passive,1s,1,بُدِئْتُ
058_134,بَدَأَ,بدأ,فعَل يفعَل,I,past,passive,1p,1,بُدِئْنَا
058_134,بَدَأَ,بدأ,فعَل يفعَل,I,indicative,active,3ms,1,يَبْدَأُ
058_134,بَدَأَ,بدأ,فعَل يفعَل,I,indicative,active,3md,1,يَبْدَآنِ
058_134,بَدَأَ,بدأ,فعَل يفعَل,I,indicative,active,3mp,1,يَبْدَؤُونَ
058_134,بَدَأَ,بدأ,فعَل يفعَل,I,indicative,active,3fs,1,تَبْدَأُ
058_134,بَدَأَ,بدأ,فعَل يفعَل,I,indicative,active,3fd,1,تَبْدَآنِ
058_134,بَدَأَ,بدأ,فعَل يفعَل,I,indicative,active,3fp,1,يَبْدَأْنَ
058_134,بَدَأَ,بدأ,فعَل يفعَل,I,indicative,active,2ms,1,تَبْدَأُ
058_134,بَدَأَ,بدأ,فعَل يفعَل,I,indicative,active,2d,1,تَبْدَآنِ
058_134,بَدَأَ,بدأ,فعَل يفعَل,I,indicative,active,2mp,1,تَبْدَؤُونَ
058_134,بَدَأَ,بدأ,فعَل يفعَل,I,indicative,active,2fs,1,تَبْدَئِينَ
058_134,بَدَأَ,بدأ,فعَل يفعَل,I,indicative,active,2fp,1,تَبْدَأْنَ
058_134,بَدَأَ,بدأ,فعَل يفعَل,I,indicative,active,1s,1,أَبْدَأُ
058_134,بَدَأَ,بدأ,فعَل يفعَل,I,indicative,active,1p,1,نَبْدَأُ
058_134,بَدَأَ,بدأ,فعَل يفعَل,I,indicative,passive,3ms,1,يُبْدَأُ
058_134,بَدَأَ,بدأ,فعَل يفعَل,I,indicative,passive,3md,1,يُبْدَآنِ
058_134,بَدَأَ,بدأ,فعَل يفعَل,I,indicative,passive,3mp,1,يُبْدَؤُونَ
058_134,بَدَأَ,بدأ,فعَل يفعَل,I,indicative,passive,3fs,1,تُبْدَأُ
058_134,بَدَأَ,بدأ,فعَل يفعَل,I,indicative,passive,3fd,1,تُبْدَآنِ
058_134,بَدَأَ,بدأ,فعَل يفعَل,I,indicative,passive,3fp,1,يُبْدَأْنَ
058_134,بَدَأَ,بدأ,فعَل يفعَل,I,indicative,passive,2ms,1,تُبْدَأُ
058_134,بَدَأَ,بدأ,فعَل يفعَل,I,indicative,passive,2d,1,تُبْدَآنِ
058_134,بَدَأَ,بدأ,فعَل يفعَل,I,indicative,passive,2mp,1,تُبْدَؤُونَ
058_134,بَدَأَ,بدأ,فعَل يفعَل,I,indicative,passive,2fs,1,تُبْدَئِينَ
058_134,بَدَأَ,بدأ,فعَل يفعَل,I,indicative,passive,2fp,1,تُبْدَأْنَ
058_134,بَدَأَ,بدأ,فعَل يفعَل,I,indicative,passive,1s,1,أُبْدَأُ
058_134,بَدَأَ,بدأ,فعَل يفعَل,I,indicative,passive,1p,1,نُبْدَأُ
058_134,بَدَأَ,بدأ,فعَل يفعَل,I,imperative,active,2ms,1,اِبْدَأْ
058_134,بَدَأَ,بدأ,فعَل يفعَل,I,imperative,active,2d,1,اِبْدَآ
058_134,بَدَأَ,بدأ,فعَل يفعَل,I,imperative,active,2mp,1,اِبْدَؤُوا
058_134,بَدَأَ,بدأ,فعَل يفعَل,I,imperative,active,2fs,1,اِبْدَئِي
058_134,بَدَأَ,بدأ,فعَل يفعَل,I,imperative,active,2fp,1,اِبْدَأْنَ
059_160,حَسِبَ,حسب,فعِل يفعِل,I,past,active,3ms,1,حَسِبَ
059_160,حَسِبَ,حسب,فعِل يفعِل,I,past,active,3md,1,حَسِبا
059_160,حَسِبَ,حسب,فعِل يفعِل,I,past,active,3mp,1,حَسِبُوا
059_160,حَسِبَ,حسب,فعِل يفعِل,I,past,active,3fs,1,حَسِبَتْ
059_160,حَسِبَ,حسب,فعِل يفعِل,I,past,active,3fd,1,حَسِبَتا
059_160,حَسِبَ,حسب,فعِل يفعِل,I,past,active,3fp,1,حَسِبْنَ
059_160,حَسِبَ,حسب,فعِل يفعِل,I,past,active,2ms,1,حَسِبْتَ
059_160,حَسِبَ,حسب,فعِل يفعِل,I,past,active,2d,1,حَسِبْتُما
059_160,حَسِبَ,حسب,فعِل يفعِل,I,past,active,2mp,1,حَسِبْتُمْ
059_160,حَسِبَ,حسب,فعِل يفعِل,I,past,active,2fs,1,حَسِبْتِ
059_160,حَسِبَ,حسب,فعِل يفعِل,I,past,active,2fp,1,حَسِبْتُنَّ
059_160,حَسِبَ,حسب,فعِل يفعِل,I,past,active,1s,1,حَسِبْتُ
059_160,حَسِبَ,حسب,فعِل يفعِل,I,past,active,1p,1,حَسِبْنا
059_160,حَسِبَ,حسب,فعِل يفعِل,I,past,passive,3ms,1,حُسِبَ
059_160,حَسِبَ,حسب,فعِل يفعِل,I,past,passive,3md,1,حُسِبَا
059_160,حَسِبَ,حسب,فعِل يفعِل,I,past,passive,3mp,1,حُسِبُوا
059_160,حَسِبَ,حسب,فعِل يفعِل,I,past,passive,3fs,1,حُسِبَتْ
059_160,حَسِبَ,حسب,فعِل يفعِل,I,past,passive,3fd,1,حُسِبَتَا
059_160,حَسِبَ,حسب,فعِل يفعِل,I,past,passive,3fp,1,حُسِبْنَ
059_160,حَسِبَ,حسب,فعِل يفعِل,I,past,passive,2ms,1,حُسِبْتَ
059_160,حَسِبَ,حسب,فعِل يفعِل,I,past,passive,2d,1,حُسِبْتُمَا
059_160,حَسِبَ,حسب,فعِل يفعِل,I,past,passive,2mp,1,حُسِبْتُمْ
059_160,حَسِبَ,حسب,فعِل يفعِل,I,past,passive,2fs,1,حُسِبْتِ
059_160,حَسِبَ,حسب,فعِل يفعِل,I,past,passive,2fp,1,حُسِبْتُنَّ
059_160,حَسِبَ,حسب,فعِل يفعِل,I,past,passive,1s,1,حُسِبْتُ
059_160,حَسِبَ,حسب,فعِل يفعِل,I,past,passive,1p,1,حُسِبْنَا
059_160,حَسِبَ,حسب,فعِل يفعِل,I,indicative,active,3ms,1,يَحْسِبُ
059_160,حَسِبَ,حسب,فعِل يفعِل,I,indicative,active,3md,1,يَحْسِبَانِ
059_160,حَسِبَ,حسب,فعِل يفعِل,I,indicative,active,3mp,1,يَحْسِبُونَ
059_160,حَسِبَ,حسب,فعِل يفعِل,I,indicative,active,3fs,1,تَحْسِبُ
059_160,حَسِبَ,حسب,فعِل يفعِل,I,indicative,active,3fd,1,تَحْسِبَانِ
059_160,حَسِبَ,حسب,فعِل يفعِل,I,indicative,active,3fp,1,يَحْسِبْنَ
059_160,حَسِبَ,حسب,فعِل يفعِل,I,indicative,active,2ms,1,تَحْسِبُ
059_160,حَسِبَ,حسب,فعِل يفعِل,I,indicative,active,2d,1,تَحْسِبَانِ
059_160,حَسِبَ,حسب,فعِل يفعِل,I,indicative,active,2mp,1,تَحْسِبُونَ
059_160,حَسِبَ,حسب,فعِل يفعِل,I,indicative,active,2fs,1,تَحْسِبِينَ
059_160,حَسِبَ,حسب,فعِل يفعِل,I,indicative,active,2fp,1,تَحْسِبْنَ
059_160,حَسِبَ,حسب,فعِل يفعِل,I,indicative,active,1s,1,أَحْسِبُ
059_160,حَسِبَ,حسب,فعِل يفعِل,I,indicative,active,1p,1,نَحْسِبُ
059_160,حَسِبَ,حسب,فعِل يفعِل,I,indicative,passive,3ms,1,يُحْسَبُ
059_160,حَسِبَ,حسب,فعِل يفعِل,I,indicative,passive,3md,1,يُحْسَبَانِ
059_160,حَسِبَ,حسب,فعِل يفعِل,I,indicative,passive,3mp,1,يُحْسَبُونَ
059_160,حَسِبَ,حسب,فعِل يفعِل,I,indicative,passive,3fs,1,تُحْسَبُ
059_160,حَسِبَ,حسب,فعِل يفعِل,I,indicative,passive,3fd,1,تُحْسَبَانِ
059_160,حَسِبَ,حسب,فعِل يفعِل,I,indicative,passive,3fp,1,يُحْسَبْنَ
059_160,حَسِبَ,حسب,فعِل يفعِل,I,indicative,passive,2ms,1,تُحْسَبُ
059_160,حَسِبَ,حسب,فعِل يفعِل,I,indicative,passive,2d,1,تُحْسَبَانِ
059_160,حَسِبَ,حسب,فعِل يفعِل,I,indicative,passive,2mp,1,تُحْسَبُونَ
059_160,حَسِبَ,حسب,فعِل يفعِل,I,indicative,passive,2fs,1,تُحْسَبِينَ
059_160,حَسِبَ,حسب,فعِل يفعِل,I,indicative,passive,2fp,1,تُحْسَبْنَ
059_160,حَسِبَ,حسب,فعِل يفعِل,I,indicative,passive,1s,1,أُحْسَبُ
059_160,حَسِبَ,حسب,فعِل يفعِل,I,indicative,passive,1p,1,نُحْسَبُ
059_160,حَسِبَ,حسب,فعِل يفعِل,I,imperative,active,2ms,1,اِحْسِبْ
059_160,حَسِبَ,حسب,فعِل يفعِل,I,imperative,active,2d,1,اِحْسِبا
059_160,حَسِبَ,حسب,فعِل يفعِل,I,imperative,active,2mp,1,اِحْسِبُوا
059_160,حَسِبَ,حسب,فعِل يفعِل,I,imperative,active,2fs,1,اِحْسِبي
059_160,حَسِبَ,حسب,فعِل يفعِل,I,imperative,active,2fp,1,اِحْسِبْنَ
060_244,اِدَّارَأَ,درأ,تفاعل,VI,past,active,3ms,1,اِدَّارَأَ
060_244,اِدَّارَأَ,درأ,تفاعل,VI,past,active,3md,1,اِدَّارَآ
060_244,اِدَّارَأَ,درأ,تفاعل,VI,past,active,3mp,1,اِدَّارَؤُوا
060_244,اِدَّارَأَ,درأ,تفاعل,VI,past,active,3fs,1,اِدَّارَأَتْ
060_244,اِدَّارَأَ,درأ,تفاعل,VI,past,active,3fd,1,اِدَّارَأَتَا
060_244,اِدَّارَأَ,درأ,تفاعل,VI,past,active,3fp,1,اِدَّارَأْنَ
060_244,اِدَّارَأَ,درأ,تفاعل,VI,past,active,2ms,1,اِدَّارَأْتَ
060_244,اِدَّارَأَ,درأ,تفاعل,VI,past,active,2d,1,اِدَّارَأْتُمَا
060_244,اِدَّارَأَ,درأ,تفاعل,VI,past,active,2mp,1,اِدَّارَأْتُمْ
060_244,اِدَّارَأَ,درأ,تفاعل,VI,past,active,2fs,1,اِدَّارَأْتِ
060_244,اِدَّارَأَ,درأ,تفاعل,VI,past,active,2fp,1,اِدَّارَأْتُنَّ
060_244,اِدَّارَأَ,درأ,تفاعل,VI,past,active,1s,1,اِدَّارَأْتُ
060_244,اِدَّارَأَ,درأ,تفاعل,VI,past,active,1p,1,اِدَّارَأْنَا
060_244,اِدَّارَأَ,درأ,تفاعل,VI,indicative,active,3ms,1,يَدَّارَأُ
060_244,اِدَّارَأَ,درأ,تفاعل,VI,indicative,active,3md,1,يَدَّارَآنِ
060_244,اِدَّارَأَ,درأ,تفاعل,VI,indicative,active,3mp,1,يَدَّارَؤُونَ
060_244,اِدَّارَأَ,درأ,تفاعل,VI,indicative,active,3fs,1,تَدَّارَأُ
060_244,اِدَّارَأَ,درأ,تفاعل,VI,indicative,active,3fd,1,تَدَّارَآنِ
060_244,اِدَّارَأَ,درأ,تفاعل,VI,indicative,active,3fp,1,يَدَّارَأْنَ
060_244,اِدَّارَأَ,درأ,تفاعل,VI,indicative,active,2ms,1,تَدَّارَأُ
060_244,اِدَّارَأَ,درأ,تفاعل,VI,indicative,active,2d,1,تَدَّارَآنِ
060_244,اِدَّارَأَ,درأ,تفاعل,VI,indicative,active,2mp,1,تَدَّارَؤُونَ
060_244,اِدَّارَأَ,درأ,تفاعل,VI,indicative,active,2fs,1,تَدَّارَئِينَ
060_244,اِدَّارَأَ,درأ,تفاعل,VI,indicative,active,2fp,1,تَدَّارَأْنَ
060_244,اِدَّارَأَ,درأ,تفاعل,VI,indicative,active,1s,1,أَدَّارَأُ
060_244,اِدَّارَأَ,درأ,تفاعل,VI,indicative,active,1p,1,نَدَّارَأُ
060_244,اِدَّارَأَ,درأ,تفاعل,VI,imperative,active,2ms,1,اِدَّارَأْ
060_244,اِدَّارَأَ,درأ,تفاعل,VI,imperative,active,2d,1,اِدَّارَآ
060_244,اِدَّارَأَ,درأ,تفاعل,VI,imperative,active,2mp,1,اِدَّارَؤُوا
060_244,اِدَّارَأَ,درأ,تفاعل,VI,imperative,active,2fs,1,اِدَّارَئِي
060_244,اِدَّارَأَ,درأ,تفاعل,VI,imperative,active,2fp,1,اِدَّارَأْنَ
061_246,اِتَّايَعَ,تيع,تفاعل,VI,past,active,3ms,1,اِتَّايَعَ
061_246,اِتَّايَعَ,تيع,تفاعل,VI,past,active,3md,1,اِتَّايَعَا
061_246,اِتَّايَعَ,تيع,تفاعل,VI,past,active,3mp,1,اِتَّايَعُوا
061_246,اِتَّايَعَ,تيع,تفاعل,VI,past,active,3fs,1,اِتَّايَعَتْ
061_246,اِتَّايَعَ,تيع,تفاعل,VI,past,active,3fd,1,اِتَّايَعَتَا
061_246,اِتَّايَعَ,تيع,تفاعل,VI,past,active,3fp,1,اِتَّايَعْنَ
061_246,اِتَّايَعَ,تيع,تفاعل,VI,past,active,2ms,1,اِتَّايَعْتَ
061_246,اِتَّايَعَ,تيع,تفاعل,VI,past,active,2d,1,اِتَّايَعْتُمَا
061_246,اِتَّايَعَ,تيع,تفاعل,VI,past,active,2mp,1,اِتَّايَعْتُمْ
061_246,اِتَّايَعَ,تيع,تفاعل,VI,past,active,2fs,1,اِتَّايَعْتِ
061_246,اِتَّايَعَ,تيع,تفاعل,VI,past,active,2fp,1,اِتَّايَعْتُنَّ
061_246,اِتَّايَعَ,تيع,تفاعل,VI,past,active,1s,1,اِتَّايَعْتُ
061_246,اِتَّايَعَ,تيع,تفاعل,VI,past,active,1p,1,اِتَّايَعْنَا
061_246,اِتَّايَعَ,تيع,تفاعل,VI,indicative,active,3ms,1,يَتَّايَعُ
061_246,اِتَّايَعَ,تيع,تفاعل,VI,indicative,active,3md,1,يَتَّايَعَانِ
061_246,اِتَّايَعَ,تيع,تفاعل,VI,indicative,active,3mp,1,يَتَّايَعُونَ
061_246,اِتَّايَعَ,تيع,تفاعل,VI,indicative,active,3fs,1,تَتَّايَعُ
061_246,اِتَّايَعَ,تيع,تفاعل,VI,indicative,active,3fd,1,تَتَّايَعَانِ
061_246,اِتَّايَعَ,تيع,تفاعل,VI,indicative,active,3fp,1,يَتَّايَعْنَ
061_246,اِتَّايَعَ,تيع,تفاعل,VI,indicative,active,2ms,1,تَتَّايَعُ
061_246,اِتَّايَعَ,تيع,تفاعل,VI,indicative,active,2d,1,تَتَّايَعَانِ
061_246,اِتَّايَعَ,تيع,تفاعل,VI,indicative,active,2mp,1,تَتَّايَعُونَ
061_246,اِتَّايَعَ,تيع,تفاعل,VI,indicative,active,2fs,1,تَتَّايَعِينَ
061_246,اِتَّايَعَ,تيع,تفاعل,VI,indicative,active,2fp,1,تَتَّايَعْنَ
061_246,اِتَّايَعَ,تيع,تفاعل,VI,indicative,active,1s,1,أَتَّايَعُ
061_246,اِتَّايَعَ,تيع,تفاعل,VI,indicative,active,1p,1,نَتَّايَعُ
061_246,اِتَّايَعَ,تيع,تفاعل,VI,imperative,active,2ms,1,إِتَّايَعْ
061_246,اِتَّايَعَ,تيع,تفاعل,VI,imperative,active,2d,1,إِتَّايَعَا
061_246,اِتَّايَعَ,تيع,تفاعل,VI,imperative,active,2mp,1,إِتَّايَعُوا
061_246,اِتَّايَعَ,تيع,تفاعل,VI,imperative,active,2fs,1,إِتَّايَعِي
061_246,اِتَّايَعَ,تيع,تفاعل,VI,imperative,active,2fp,1,إِتَّايَعْنَ
062_250,اِنْفَعَلَ,فعل,انفعل,VII,past,active,3ms,1,اِنْفَعَلَ
062_250,اِنْفَعَلَ,فعل,انفعل,VII,past,active,3md,1,اِنْفَعَلا
062_250,اِنْفَعَلَ,فعل,انفعل,VII,past,active,3mp,1,اِنْفَعَلُوا
062_250,اِنْفَعَلَ,فعل,انفعل,VII,past,active,3fs,1,اِنْفَعَلَتْ
062_250,اِنْفَعَلَ,فعل,انفعل,VII,past,active,3fd,1,اِنْفَعَلَتا
062_250,اِنْفَعَلَ,فعل,انفعل,VII,past,active,3fp,1,اِنْفَعَلْنَ
062_250,اِنْفَعَلَ,فعل,انفعل,VII,past,active,2ms,1,اِنْفَعَلْتَ
062_250,اِنْفَعَلَ,فعل,انفعل,VII,past,active,2d,1,اِنْفَعَلْتُما
062_250,اِنْفَعَلَ,فعل,انفعل,VII,past,active,2mp,1,اِنْفَعَلْتُمْ
062_250,اِنْفَعَلَ,فعل,انفعل,VII,past,active,2fs,1,اِنْفَعَلْتِ
062_250,اِنْفَعَلَ,فعل,انفعل,VII,past,active,2fp,1,اِنْفَعَلْتُنَّ
062_250,اِنْفَعَلَ,فعل,انفعل,VII,past,active,1s,1,اِنْفَعَلْتُ
062_250,اِنْفَعَلَ,فعل,انفعل,VII,past,active,1p,1,اِنْفَعَلْنا
062_250,اِنْفَعَلَ,فعل,انفعل,VII,indicative,active,3ms,1,يَنْفَعِلُ
062_250,اِنْفَعَلَ,فعل,انفعل,VII,indicative,active,3md,1,يَنْفَعِلانِ
062_250,اِنْفَعَلَ,فعل,انفعل,VII,indicative,active,3mp,1,يَنْفَعِلُونَ
062_250,اِنْفَعَلَ,فعل,انفعل,VII,indicative,active,3fs,1,تَنْفَعِلُ
062_250,اِنْفَعَلَ,فعل,انفعل,VII,indicative,active,3fd,1,تَنْفَعِلانِ
062_250,اِنْفَعَلَ,فعل,انفعل,VII,indicative,active,3fp,1,يَنْفَعِلْنَ
062_250,اِنْفَعَلَ,فعل,انفعل,VII,indicative,active,2ms,1,تَنْفَعِلُ
062_250,اِنْفَعَلَ,فعل,انفعل,VII,indicative,active,2d,1,تَنْفَعِلانِ
062_250,اِنْفَعَلَ,فعل,انفعل,VII,indicative,active,2mp,1,تَنْفَعِلُونَ
062_250,اِنْفَعَلَ,فعل,انفعل,VII,indicative,active,2fs,1,تَنْفَعِلِينَ
062_250,اِنْفَعَلَ,فعل,انفعل,VII,indicative,active,2fp,1,تَنْفَعِلْنَ
062_250,اِنْفَعَلَ,فعل,انفعل,VII,indicative,active,1s,1,أَنْفَعِلُ
062_250,اِنْفَعَلَ,فعل,انفعل,VII,indicative,active,1p,1,نَنْفَعِلُ
062_250,اِنْفَعَلَ,فعل,انفعل,VII,imperative,active,2ms,1,اِنْفَعِلْ
062_250,اِنْفَعَلَ,فعل,انفعل,VII,imperative,active,2d,1,اِنْفَعِلا
062_250,اِنْفَعَلَ,فعل,انفعل,VII,imperative,active,2mp,1,اِنْفَعِلُوا
062_250,اِنْفَعَلَ,فعل,انفعل,VII,imperative,active,2fs,1,اِنْفَعِلِي
062_250,اِنْفَعَلَ,فعل,انفعل,VII,imperative,active,2fp,1,اِنْفَعِلْنَ
063_252,اِنْأَطَرَ,أطر,انفعل,VII,past,active,3ms,1,اِنْأَطَرَ
063_252,اِنْأَطَرَ,أطر,انفعل,VII,past,active,3md,1,اِنْأَطَرا
063_252,اِنْأَطَرَ,أطر,انفعل,VII,past,active,3mp,1,اِنْأَطَرُوا
063_252,اِنْأَطَرَ,أطر,انفعل,VII,past,active,3fs,1,اِنْأَطَرَتْ
063_252,اِنْأَطَرَ,أطر,انفعل,VII,past,active,3fd,1,اِنْأَطَرَتا
063_252,اِنْأَطَرَ,أطر,انفعل,VII,past,active,3fp,1,اِنْأَطَرْنَ
063_252,اِنْأَطَرَ,أطر,انفعل,VII,past,active,2ms,1,اِنْأَطَرْتَ
063_252,اِنْأَطَرَ,أطر,انفعل,VII,past,active,2d,1,اِنْأَطَرْتُما
063_252,اِنْأَطَرَ,أطر,انفعل,VII,past,active,2mp,1,اِنْأَطَرْتُمْ
063_252,اِنْأَطَرَ,أطر,انفعل,VII,past,active,2fs,1,اِنْأَطَرْتِ
063_252,اِنْأَطَرَ,أطر,انفعل,VII,past,active,2fp,1,اِنْأَطَرْتُنَّ
063_252,اِنْأَطَرَ,أطر,انفعل,VII,past,active,1s,1,اِنْأَطَرْتُ
063_252,اِنْأَطَرَ,أطر,انفعل,VII,past,active,1p,1,اِنْأَطَرْنا
063_252,اِنْأَطَرَ,أطر,انفعل,VII,indicative,active,3ms,1,يَنْأَطِرُ
063_252,اِنْأَطَرَ,أطر,انفعل,VII,indicative,active,3md,1,يَنْأَطِرَانِ
063_252,اِنْأَطَرَ,أطر,انفعل,VII,indicative,active,3mp,1,يَنْأَطِرُونَ
063_252,اِنْأَطَرَ,أطر,انفعل,VII,indicative,active,3fs,1,تَنْأَطِرُ
063_252,اِنْأَطَرَ,أطر,انفعل,VII,indicative,active,3fd,1,تَنْأَطِرَانِ
063_252,اِنْأَطَرَ,أطر,انفعل,VII,indicative,active,3fp,1,يَنْأَطِرْنَ
063_252,اِنْأَطَرَ,أطر,انفعل,VII,indicative,active,2ms,1,تَنْأَطِرُ
063_252,اِنْأَطَرَ,أطر,انفعل,VII,indicative,active,2d,1,تَنْأَطِرَانِ
063_252,اِنْأَطَرَ,أطر,انفعل,VII,indicative,active,2mp,1,تَنْأَطِرُونَ
063_252,اِنْأَطَرَ,أطر,انفعل,VII,indicative,active,2fs,1,تَنْأَطِرِينَ
063_252,اِنْأَطَرَ,أطر,انفعل,VII,indicative,active,2fp,1,تَنْأَطِرْنَ
063_252,اِنْأَطَرَ,أطر,انفعل,VII,indicative,active,1s,1,أَنْأَطِرُ
063_252,اِنْأَطَرَ,أطر,انفعل,VII,indicative,active,1p,1,نَنْأَطِرُ
063_252,اِنْأَطَرَ,أطر,انفعل,VII,imperative,active,2ms,1,اِنْأَطِرْ
063_252,اِنْأَطَرَ,أطر,انفعل,VII,imperative,active,2d,1,اِنْأَطِرا
063_252,اِنْأَطَرَ,أطر,انفعل,VII,imperative,active,2mp,1,اِنْأَطِرُوا
063_252,اِنْأَطَرَ,أطر,انفعل,VII,imperative,active,2fs,1,اِنْأَطِرِي
063_252,اِنْأَطَرَ,أطر,انفعل,VII,imperative,active,2fp,1,اِنْأَطِرْنَ
064_270,اِفْعَلَّ,فعل,افعلّ,IX,past,active,3ms,1,اِفْعَلَّ
064_270,اِفْعَلَّ,فعل,افعلّ,IX,past,active,3md,1,اِفْعَلَّا
064_270,اِفْعَلَّ,فعل,افعلّ,IX,past,active,3mp,1,اِفْعَلُّوا
064_270,اِفْعَلَّ,فعل,افعلّ,IX,past,active,3fs,1,اِفْعَلَّتْ
064_270,اِفْعَلَّ,فعل,افعلّ,IX,past,active,3fd,1,اِفْعَلَّتَا
064_270,اِفْعَلَّ,فعل,افعلّ,IX,past,active,3fp,1,اِفْعَلَلْنَ
064_270,اِفْعَلَّ,فعل,افعلّ,IX,past,active,2ms,1,اِفْعَلَلْتَ
064_270,اِفْعَلَّ,فعل,افعلّ,IX,past,active,2d,1,اِفْعَلَلْتُمَا
064_270,اِفْعَلَّ,فعل,افعلّ,IX,past,active,2mp,1,اِفْعَلَلْتُمْ
064_270,اِفْعَلَّ,فعل,افعلّ,IX,past,active,2fs,1,اِفْعَلَلْتِ
064_270,اِفْعَلَّ,فعل,افعلّ,IX,past,active,2fp,1,اِفْعَلَلْتُنَّ
064_270,اِفْعَلَّ,فعل,افعلّ,IX,past,active,1s,1,اِفْعَلَلْتُ
064_270,اِفْعَلَّ,فعل,افعلّ,IX,past,active,1p,1,اِفْعَلَلْنَا
064_270,اِفْعَلَّ,فعل,افعلّ,IX,indicative,active,3ms,1,يَفْعَلُّ
064_270,اِفْعَلَّ,فعل,افعلّ,IX,indicative,active,3md,1,يَفْعَلَّانِ
064_270,اِفْعَلَّ,فعل,افعلّ,IX,indicative,active,3mp,1,يَفْعَلُّونَ
064_270,اِفْعَلَّ,فعل,افعلّ,IX,indicative,active,3fs,1,تَفْعَلُّ
064_270,اِفْعَلَّ,فعل,افعلّ,IX,indicative,active,3fd,1,تَفْعَلَّانِ
064_270,اِفْعَلَّ,فعل,افعلّ,IX,indicative,active,3fp,1,يَفْعَلِلْنَ
064_270,اِفْعَلَّ,فعل,افعلّ,IX,indicative,active,2ms,1,تَفْعَلُّ
064_270,اِفْعَلَّ,فعل,افعلّ,IX,indicative,active,2d,1,تَفْعَلَّانِ
064_270,اِفْعَلَّ,فعل,افعلّ,IX,indicative,active,2mp,1,تَفْعَلُّونَ
064_270,اِفْعَلَّ,فعل,افعلّ,IX,indicative,active,2fs,1,تَفْعَلِّينَ
064_270,اِفْعَلَّ,فعل,افعلّ,IX,indicative,active,2fp,1,تَفْعَلِلْنَ
064_270,اِفْعَلَّ,فعل,افعلّ,IX,indicative,active,1s,1,أَفْعَلُّ
064_270,اِفْعَلَّ,فعل,افعلّ,IX,indicative,active,1p,1,نَفْعَلُّ
064_270,اِفْعَلَّ,فعل,افعلّ,IX,imperative,active,2ms,1,اِفْعَلَّ
064_270,اِفْعَلَّ,فعل,افعلّ,IX,imperative,active,2d,1,اِفْعَلَّا
064_270,اِفْعَلَّ,فعل,افعلّ,IX,imperative,active,2mp,1,اِفْعَلُّوا
064_270,اِفْعَلَّ,فعل,افعلّ,IX,imperative,active,2fs,1,اِفْعَلِّي
064_270,اِفْعَلَّ,فعل,افعلّ,IX,imperative,active,2fp,1,اِفْعَلِلْنَ
065_280,اِسْتَفْعَلَ,فعل,استفعل,X,past,active,3ms,1,اِسْتَفْعَلَ
065_280,اِسْتَفْعَلَ,فعل,استفعل,X,past,active,3md,1,اِسْتَفْعَلا
065_280,اِسْتَفْعَلَ,فعل,استفعل,X,past,active,3mp,1,اِسْتَفْعَلُوا
065_280,اِسْتَفْعَلَ,فعل,استفعل,X,past,active,3fs,1,اِسْتَفْعَلَتْ
065_280,اِسْتَفْعَلَ,فعل,استفعل,X,past,active,3fd,1,اِسْتَفْعَلَتا
065_280,اِسْتَفْعَلَ,فعل,استفعل,X,past,active,3fp,1,اِسْتَفْعَلْنَ
065_280,اِسْتَفْعَلَ,فعل,استفعل,X,past,active,2ms,1,اِسْتَفْعَلْتَ
065_280,اِسْتَفْعَلَ,فعل,استفعل,X,past,active,2d,1,اِسْتَفْعَلْتُما
065_280,اِسْتَفْعَلَ,فعل,استفعل,X,past,active,2mp,1,اِسْتَفْعَلْتُمْ
065_280,اِسْتَفْعَلَ,فعل,استفعل,X,past,active,2fs,1,اِسْتَفْعَلْتِ
065_280,اِسْتَفْعَلَ,فعل,استفعل,X,past,active,2fp,1,اِسْتَفْعَلْتُنَّ
065_280,اِسْتَفْعَلَ,فعل,استفعل,X,past,active,1s,1,اِسْتَفْعَلْتُ
065_280,اِسْتَفْعَلَ,فعل,استفعل,X,past,active,1p,1,اِسْتَفْعَلْنا
065_280,اِسْتَفْعَلَ,فعل,استفعل,X,past,passive,3ms,1,اُسْتُفْعِلَ
065_280,اِسْتَفْعَلَ,فعل,استفعل,X,past,passive,3md,1,اُسْتُفْعِلا
065_280,اِسْتَفْعَلَ,فعل,استفعل,X,past,passive,3mp,1,اُسْتُفْعِلُوا
065_280,اِسْتَفْعَلَ,فعل,استفعل,X,past,passive,3fs,1,اُسْتُفْعِلَتْ
065_280,اِسْتَفْعَلَ,فعل,استفعل,X,past,passive,3fd,1,اُسْتُفْعِلَتا
065_280,اِسْتَفْعَلَ,فعل,استفعل,X,past,passive,3fp,1,اُسْتُفْعِلْنَ
065_280,اِسْتَفْعَلَ,فعل,استفعل,X,past,passive,2ms,1,اُسْتُفْعِلْتَ
065_280,اِسْتَفْعَلَ,فعل,استفعل,X,past,passive,2d,1,اُسْتُفْعِلْتُما
065_280,اِسْتَفْعَلَ,فعل,استفعل,X,past,passive,2mp,1,اُسْتُفْعِلْتُمْ
065_280,اِسْتَفْعَلَ,فعل,استفعل,X,past,passive,2fs,1,اُسْتُفْعِلْتِ
065_280,اِسْتَفْعَلَ,فعل,استفعل,X,past,passive,2fp,1,اُسْتُفْعِلْتُنَّ
065_280,اِسْتَفْعَلَ,فعل,استفعل,X,past,passive,1s,1,اُسْتُفْعِلْتُ
065_280,اِسْتَفْعَلَ,فعل,استفعل,X,past,passive,1p,1,اُسْتُفْعِلْنا
065_280,اِسْتَفْعَلَ,فعل,استفعل,X,indicative,active,3ms,1,يَسْتَفْعِلُ
065_280,اِسْتَفْعَلَ,فعل,استفعل,X,indicative,active,3md,1,يَسْتَفْعِلانِ
065_280,اِسْتَفْعَلَ,فعل,استفعل,X,indicative,active,3mp,1,يَسْتَفْعِلُونَ
065_280,اِسْتَفْعَلَ,فعل,استفعل,X,indicative,active,3fs,1,تَسْتَفْعِلُ
065_280,اِسْتَفْعَلَ,فعل,استفعل,X,indicative,active,3fd,1,تَسْتَفْعِلانِ
065_280,اِسْتَفْعَلَ,فعل,استفعل,X,indicative,active,3fp,1,يَسْتَفْعِلْنَ
065_280,اِسْتَفْعَلَ,فعل,استفعل,X,indicative,active,2ms,1,تَسْتَفْعِلُ
065_280,اِسْتَفْعَلَ,فعل,استفعل,X,indicative,active,2d,1,تَسْتَفْعِلانِ
065_280,اِسْتَفْعَلَ,فعل,استفعل,X,indicative,active,2mp,1,تَسْتَفْعِلُونَ
065_280,اِسْتَفْعَلَ,فعل,استفعل,X,indicative,active,2fs,1,تَسْتَفْعِلِينَ
065_280,اِسْتَفْعَلَ,فعل,استفعل,X,indicative,active,2fp,1,تَسْتَفْعِلْنَ
065_280,اِسْتَفْعَلَ,فعل,استفعل,X,indicative,active,1s,1,أَسْتَفْعِلُ
065_280,اِسْتَفْعَلَ,فعل,استفعل,X,indicative,active,1p,1,نَسْتَفْعِلُ
065_280,اِسْتَفْعَلَ,فعل,استفعل,X,indicative,passive,3ms,1,يُسْتَفْعَلُ
065_280,اِسْتَفْعَلَ,فعل,استفعل,X,indicative,passive,3md,1,يُسْتَفْعَلانِ
065_280,اِسْتَفْعَلَ,فعل,استفعل,X,indicative,passive,3mp,1,يُسْتَفْعَلُونَ
065_280,اِسْتَفْعَلَ,فعل,استفعل,X,indicative,passive,3fs,1,تُسْتَفْعَلُ
065_280,اِسْتَفْعَلَ,فعل,استفعل,X,indicative,passive,3fd,1,تُسْتَفْعَلانِ
065_280,اِسْتَفْعَلَ,فعل,استفعل,X,indicative,passive,3fp,1,يُسْتَفْعَلْنَ
065_280,اِسْتَفْعَلَ,فعل,استفعل,X,indicative,passive,2ms,1,تُسْتَفْعَلُ
065_280,اِسْتَفْعَلَ,فعل,استفعل,X,indicative,passive,2d,1,تُسْتَفْعَلانِ
065_280,اِسْتَفْعَلَ,فعل,استفعل,X,indicative,passive,2mp,1,تُسْتَفْعَلُونَ
065_280,اِسْتَفْعَلَ,فعل,استفعل,X,indicative,passive,2fs,1,تُسْتَفْعَلِينَ
065_280,اِسْتَفْعَلَ,فعل,استفعل,X,indicative,passive,2fp,1,تُسْتَفْعَلْنَ
065_280,اِسْتَفْعَلَ,فعل,استفعل,X,indicative,passive,1s,1,أُسْتَفْعَلُ
065_280,اِسْتَفْعَلَ,فعل,استفعل,X,indicative,passive,1p,1,نُسْتَفْعَلُ
065_280,اِسْتَفْعَلَ,فعل,استفعل,X,imperative,active,2ms,1,اِسْتَفْعِلْ
065_280,اِسْتَفْعَلَ,فعل,استفعل,X,imperative,active,2d,1,اِسْتَفْعِلَا
065_280,اِسْتَفْعَلَ,فعل,استفعل,X,imperative,active,2mp,1,اِسْتَفْعِلُوا
065_280,اِسْتَفْعَلَ,فعل,استفعل,X,imperative,active,2fs,1,اِسْتَفْعِلِي
065_280,اِسْتَفْعَلَ,فعل,استفعل,X,imperative,active,2fp,1,اِسْتَفْعِلْنَ
066_290,اِفْعَوْعَلَ,فعل,افعوعل,XII,past,active,3ms,1,اِفْعَوْعَلَ
066_290,اِفْعَوْعَلَ,فعل,افعوعل,XII,past,active,3md,1,اِفْعَوْعَلا
066_290,اِفْعَوْعَلَ,فعل,افعوعل,XII,past,active,3mp,1,اِفْعَوْعَلُوا
066_290,اِفْعَوْعَلَ,فعل,افعوعل,XII,past,active,3fs,1,اِفْعَوْعَلَتْ
066_290,اِفْعَوْعَلَ,فعل,افعوعل,XII,past,active,3fd,1,اِفْعَوْعَلَتَا
066_290,اِفْعَوْعَلَ,فعل,افعوعل,XII,past,active,3fp,1,اِفْعَوْعَلْنَ
066_290,اِفْعَوْعَلَ,فعل,افعوعل,XII,past,active,2ms,1,اِفْعَوْعَلْتَ
066_290,اِفْعَوْعَلَ,فعل,افعوعل,XII,past,active,2d,1,اِفْعَوْعَلْتُمَا
066_290,اِفْعَوْعَلَ,فعل,افعوعل,XII,past,active,2mp,1,اِفْعَوْعَلْتُمْ
066_290,اِفْعَوْعَلَ,فعل,افعوعل,XII,past,active,2fs,1,اِفْعَوْعَلْتِ
066_290,اِفْعَوْعَلَ,فعل,افعوعل,XII,past,active,2fp,1,اِفْعَوْعَلْتُنَّ
066_290,اِفْعَوْعَلَ,فعل,افعوعل,XII,past,active,1s,1,اِفْعَوْعَلْتُ
066_290,اِفْعَوْعَلَ,فعل,افعوعل,XII,past,active,1p,1,اِفْعَوْعَلْنَا
066_290,اِفْعَوْعَلَ,فعل,افعوعل,XII,past,passive,3ms,1,اُفْعُوعِلَ
066_290,اِفْعَوْعَلَ,فعل,افعوعل,XII,past,passive,3md,1,اُفْعُوعِلَا
066_290,اِفْعَوْعَلَ,فعل,افعوعل,XII,past,passive,3mp,1,اُفْعُوعِلُوا
066_290,اِفْعَوْعَلَ,فعل,افعوعل,XII,past,passive,3fs,1,اُفْعُوعِلَتْ
066_290,اِفْعَوْعَلَ,فعل,افعوعل,XII,past,passive,3fd,1,اُفْعُوعِلَتَا
066_290,اِفْعَوْعَلَ,فعل,افعوعل,XII,past,passive,3fp,1,اُفْعُوعِلْنَ
066_290,اِفْعَوْعَلَ,فعل,افعوعل,XII,past,passive,2ms,1,اُفْعُوعِلْتَ
066_290,اِفْعَوْعَلَ,فعل,افعوعل,XII,past,passive,2d,1,اُفْعُوعِلْتُمَا
066_290,اِفْعَوْعَلَ,فعل,افعوعل,XII,past,passive,2mp,1,اُفْعُوعِلْتُمْ
066_290,اِفْعَوْعَلَ,فعل,افعوعل,XII,past,passive,2fs,1,اُفْعُوعِلْتِ
066_290,اِفْعَوْعَلَ,فعل,افعوعل,XII,past,passive,2fp,1,اُفْعُوعِلْتُنَّ
066_290,اِفْعَوْعَلَ,فعل,افعوعل,XII,past,passive,1s,1,اُفْعُوعِلْتُ
066_290,اِفْعَوْعَلَ,فعل,افعوعل,XII,past,passive,1p,1,اُفْعُوعِلْنَا
066_290,اِفْعَوْعَلَ,فعل,افعوعل,XII,indicative,active,3ms,1,يَفْعَوْعِلُ
066_290,اِفْعَوْعَلَ,فعل,افعوعل,XII,indicative,active,3md,1,يَفْعَوْعِلانِ
066_290,اِفْعَوْعَلَ,فعل,افعوعل,XII,indicative,active,3mp,1,يَفْعَوْعِلُونَ
066_290,اِفْعَوْعَلَ,فعل,افعوعل,XII,indicative,active,3fs,1,تَفْعَوْعِلُ
066_290,اِفْعَوْعَلَ,فعل,افعوعل,XII,indicative,active,3fd,1,تَفْعَوْعِلانِ
066_290,اِفْعَوْعَلَ,فعل,افعوعل,XII,indicative,active,3fp,1,يَفْعَوْعِلْنَ
066_290,اِفْعَوْعَلَ,فعل,افعوعل,XII,indicative,active,2ms,1,تَفْعَوْعِلُ
066_290,اِفْعَوْعَلَ,فعل,افعوعل,XII,indicative,active,2d,1,تَفْعَوْعِلانِ
066_290,اِفْعَوْعَلَ,فعل,افعوعل,XII,indicative,active,2mp,1,تَفْعَوْعِلُونَ
066_290,اِفْعَوْعَلَ,فعل,افعوعل,XII,indicative,active,2fs,1,تَفْعَوْعِلِينَ
066_290,اِفْعَوْعَلَ,فعل,افعوعل,XII,indicative,active,2fp,1,تَفْعَوْعِلْنَ
066_290,اِفْعَوْعَلَ,فعل,افعوعل,XII,indicative,active,1s,1,أَفْعَوْعِلُ
066_290,اِفْعَوْعَلَ,فعل,افعوعل,XII,indicative,active,1p,1,نَفْعَوْعِلُ
066_290,اِفْعَوْعَلَ,فعل,افعوعل,XII,indicative,passive,3ms,1,يُفْعَوْعَلُ
066_290,اِفْعَوْعَلَ,فعل,افعوعل,XII,indicative,passive,3md,1,يُفْعَوْعَلَانِ
066_290,اِفْعَوْعَلَ,فعل,افعوعل,XII,indicative,passive,3mp,1,يُفْعَوْعَلُونَ
066_290,اِفْعَوْعَلَ,فعل,افعوعل,XII,indicative,passive,3fs,1,تُفْعَوْعَلُ
066_290,اِفْعَوْعَلَ,فعل,افعوعل,XII,indicative,passive,3fd,1,تُفْعَوْعَلَانِ
066_290,اِفْعَوْعَلَ,فعل,افعوعل,XII,indicative,passive,3fp,1,يُفْعَوْعَلْنَ
066_290,اِفْعَوْعَلَ,فعل,افعوعل,XII,indicative,passive,2ms,1,تُفْعَوْعَلُ
066_290,اِفْعَوْعَلَ,فعل,افعوعل,XII,indicative,passive,2d,1,تُفْعَوْعَلَانِ
066_290,اِفْعَوْعَلَ,فعل,افعوعل,XII,indicative,passive,2mp,1,تُفْعَوْعَلُونَ
066_290,اِفْعَوْعَلَ,فعل,افعوعل,XII,indicative,passive,2fs,1,تُفْعَوْعَلِينَ
066_290,اِفْعَوْعَلَ,فعل,افعوعل,XII,indicative,passive,2fp,1,تُفْعَوْعَلْنَ
066_290,اِفْعَوْعَلَ,فعل,افعوعل,XII,indicative,passive,1s,1,أُفْعَوْعَلُ
066_290,اِفْعَوْعَلَ,فعل,افعوعل,XII,indicative,passive,1p,1,نُفْعَوْعَلُ
066_290,اِفْعَوْعَلَ,فعل,افعوعل,XII,imperative,active,2ms,1,اِفْعَوْعِلْ
066_290,اِفْعَوْعَلَ,فعل,افعوعل,XII,imperative,active,2d,1,اِفْعَوْعِلا
066_290,اِفْعَوْعَلَ,فعل,افعوعل,XII,imperative,active,2mp,1,اِفْعَوْعِلُوا
066_290,اِفْعَوْعَلَ,فعل,افعوعل,XII,imperative,active,2fs,1,اِفْعَوْعِلِي
066_290,اِفْعَوْعَلَ,فعل,افعوعل,XII,imperative,active,2fp,1,اِفْعَوْعِلْنَ
067_290,اِفْعَوَّلَ,فعل,افعوّل,XIII,past,active,3ms,1,اِفْعَوَّلَ
067_290,اِفْعَوَّلَ,فعل,افعوّل,XIII,past,active,3md,1,اِفْعَوَّلا
067_290,اِفْعَوَّلَ,فعل,افعوّل,XIII,past,active,3mp,1,اِفْعَوَّلُوا
067_290,اِفْعَوَّلَ,فعل,افعوّل,XIII,past,active,3fs,1,اِفْعَوَّلَتْ
067_290,اِفْعَوَّلَ,فعل,افعوّل,XIII,past,active,3fd,1,اِفْعَوَّلَتا
067_290,اِفْعَوَّلَ,فعل,افعوّل,XIII,past,active,3fp,1,اِفْعَوَّلْنَ
067_290,اِفْعَوَّلَ,فعل,افعوّل,XIII,past,active,2ms,1,اِفْعَوَّلْتَ
067_290,اِفْعَوَّلَ,فعل,افعوّل,XIII,past,active,2d,1,اِفْعَوَّلْتُما
067_290,اِفْعَوَّلَ,فعل,افعوّل,XIII,past,active,2mp,1,اِفْعَوَّلْتُمْ
067_290,اِفْعَوَّلَ,فعل,افعوّل,XIII,past,active,2fs,1,اِفْعَوَّلْتِ
067_290,اِفْعَوَّلَ,فعل,افعوّل,XIII,past,active,2fp,1,اِفْعَوَّلْتُنَّ
067_290,اِفْعَوَّلَ,فعل,افعوّل,XIII,past,active,1s,1,اِفْعَوَّلْتُ
067_290,اِفْعَوَّلَ,فعل,افعوّل,XIII,past,active,1p,1,اِفْعَوَّلْنا
067_290,اِفْعَوَّلَ,فعل,افعوّل,XIII,past,passive,3ms,1,اُفْعُوِّلَ
067_290,اِفْعَوَّلَ,فعل,افعوّل,XIII,past,passive,3md,1,اُفْعُوِّلَا
067_290,اِفْعَوَّلَ,فعل,افعوّل,XIII,past,passive,3mp,1,اُفْعُوِّلُوا
067_290,اِفْعَوَّلَ,فعل,افعوّل,XIII,past,passive,3fs,1,اُفْعُوِّلَتْ
067_290,اِفْعَوَّلَ,فعل,افعوّل,XIII,past,passive,3fd,1,اُفْعُوِّلَتَا
067_290,اِفْعَوَّلَ,فعل,افعوّل,XIII,past,passive,3fp,1,اُفْعُوِّلْنَ
067_290,اِفْعَوَّلَ,فعل,افعوّل,XIII,past,passive,2ms,1,اُفْعُوِّلْتَ
067_290,اِفْعَوَّلَ,فعل,افعوّل,XIII,past,passive,2d,1,اُفْعُوِّلْتُمَا
067_290,اِفْعَوَّلَ,فعل,افعوّل,XIII,past,passive,2mp,1,اُفْعُوِّلْتُمْ
067_290,اِفْعَوَّلَ,فعل,افعوّل,XIII,past,passive,2fs,1,اُفْعُوِّلْتِ
067_290,اِفْعَوَّلَ,فعل,افعوّل,XIII,past,passive,2fp,1,اُفْعُوِّلْتُنَّ
067_290,اِفْعَوَّلَ,فعل,افعوّل,XIII,past,passive,1s,1,اُفْعُوِّلْتُ
067_290,اِفْعَوَّلَ,فعل,افعوّل,XIII,past,passive,1p,1,اُفْعُوِّلْنَا
067_290,اِفْعَوَّلَ,فعل,افعوّل,XIII,indicative,active,3ms,1,يَفْعَوِّلُ
067_290,اِفْعَوَّلَ,فعل,افعوّل,XIII,indicative,active,3md,1,يَفْعَوِّلَانِ
067_290,اِفْعَوَّلَ,فعل,افعوّل,XIII,indicative,active,3mp,1,يَفْعَوِّلُونَ
067_290,اِفْعَوَّلَ,فعل,افعوّل,XIII,indicative,active,3fs,1,تَفْعَوِّلُ
067_290,اِفْعَوَّلَ,فعل,افعوّل,XIII,indicative,active,3fd,1,تَفْعَوِّلَانِ
067_290,اِفْعَوَّلَ,فعل,افعوّل,XIII,indicative,active,3fp,1,يَفْعَوِّلْنَ
067_290,اِفْعَوَّلَ,فعل,افعوّل,XIII,indicative,active,2ms,1,تَفْعَوِّلُ
067_290,اِفْعَوَّلَ,فعل,افعوّل,XIII,indicative,active,2d,1,تَفْعَوِّلَانِ
067_290,اِفْعَوَّلَ,فعل,افعوّل,XIII,indicative,active,2mp,1,تَفْعَوِّلُونَ
067_290,اِفْعَوَّلَ,فعل,افعوّل,XIII,indicative,active,2fs,1,تَفْعَوِّلِينَ
067_290,اِفْعَوَّلَ,فعل,افعوّل,XIII,indicative,active,2fp,1,تَفْعَوِّلْنَ
067_290,اِفْعَوَّلَ,فعل,افعوّل,XIII,indicative,active,1s,1,أَفْعَوِّلُ
067_290,اِفْعَوَّلَ,فعل,افعوّل,XIII,indicative,active,1p,1,نَفْعَوِّلُ
067_290,اِفْعَوَّلَ,فعل,افعوّل,XIII,indicative,passive,3ms,1,يُفْعَوَّلُ
067_290,اِفْعَوَّلَ,فعل,افعوّل,XIII,indicative,passive,3md,1,يُفْعَوَّلَانِ
067_290,اِفْعَوَّلَ,فعل,افعوّل,XIII,indicative,passive,3mp,1,يُفْعَوَّلُونَ
067_290,اِفْعَوَّلَ,فعل,افعوّل,XIII,indicative,passive,3fs,1,تُفْعَوَّلُ
067_290,اِفْعَوَّلَ,فعل,افعوّل,XIII,indicative,passive,3fd,1,تُفْعَوَّلَانِ
067_290,اِفْعَوَّلَ,فعل,افعوّل,XIII,indicative,passive,3fp,1,يُفْعَوَّلْنَ
067_290,اِفْعَوَّلَ,فعل,افعوّل,XIII,indicative,passive,2ms,1,تُفْعَوَّلُ
067_290,اِفْعَوَّلَ,فعل,افعوّل,XIII,indicative,passive,2d,1,تُفْعَوَّلَانِ
067_290,اِفْعَوَّلَ,فعل,افعوّل,XIII,indicative,passive,2mp,1,تُفْعَوَّلُونَ
067_290,اِفْعَوَّلَ,فعل,افعوّل,XIII,indicative,passive,2fs,1,تُفْعَوَّلِينَ
067_290,اِفْعَوَّلَ,فعل,افعوّل,XIII,indicative,passive,2fp,1,تُفْعَوَّلْنَ
067_290,اِفْعَوَّلَ,فعل,افعوّل,XIII,indicative,passive,1s,1,أُفْعَوَّلُ
067_290,اِفْعَوَّلَ,فعل,افعوّل,XIII,indicative,passive,1p,1,نُفْعَوَّلُ
067_290,اِفْعَوَّلَ,فعل,افعوّل,XIII,imperative,active,2ms,1,اِفْعَوِّلْ
067_290,اِفْعَوَّلَ,فعل,افعوّل,XIII,imperative,active,2d,1,اِفْعَوِّلا
067_290,اِفْعَوَّلَ,فعل,افعوّل,XIII,imperative,active,2mp,1,اِفْعَوِّلُوا
067_290,اِفْعَوَّلَ,فعل,افعوّل,XIII,imperative,active,2fs,1,اِفْعَوِّلِي
067_290,اِفْعَوَّلَ,فعل,افعوّل,XIII,imperative,active,2fp,1,اِفْعَوِّلْنَ
068_290,اِفْعَالَّ,فعل,افعالّ,XI,past,active,3ms,1,اِفْعَالَّ
068_290,اِفْعَالَّ,فعل,افعالّ,XI,past,active,3md,1,اِفْعَالَّا
068_290,اِفْعَالَّ,فعل,افعالّ,XI,past,active,3mp,1,اِفْعَالُّوا
068_290,اِفْعَالَّ,فعل,افعالّ,XI,past,active,3fs,1,اِفْعَالَّتْ
068_290,اِفْعَالَّ,فعل,افعالّ,XI,past,active,3fd,1,اِفْعَالَّتَا
068_290,اِفْعَالَّ,فعل,افعالّ,XI,past,active,3fp,1,اِفْعَالَلْنَ
068_290,اِفْعَالَّ,فعل,افعالّ,XI,past,active,2ms,1,اِفْعَالَلْتَ
068_290,اِفْعَالَّ,فعل,افعالّ,XI,past,active,2d,1,اِفْعَالَلْتُمَا
068_290,اِفْعَالَّ,فعل,افعالّ,XI,past,active,2mp,1,اِفْعَالَلْتُمْ
068_290,اِفْعَالَّ,فعل,افعالّ,XI,past,active,2fs,1,اِفْعَالَلْتِ
068_290,اِفْعَالَّ,فعل,افعالّ,XI,past,active,2fp,1,اِفْعَالَلْتُنَّ
068_290,اِفْعَالَّ,فعل,افعالّ,XI,past,active,1s,1,اِفْعَالَلْتُ
068_290,اِفْعَالَّ,فعل,افعالّ,XI,past,active,1p,1,اِفْعَالَلْنَا
068_290,اِفْعَالَّ,فعل,افعالّ,XI,indicative,active,3ms,1,يَفْعَالُّ
068_290,اِفْعَالَّ,فعل,افعالّ,XI,indicative,active,3md,1,يَفْعَالَّانِ
068_290,اِفْعَالَّ,فعل,افعالّ,XI,indicative,active,3mp,1,يَفْعَالُّونَ
068_290,اِفْعَالَّ,فعل,افعالّ,XI,indicative,active,3fs,1,تَفْعَالُّ
068_290,اِفْعَالَّ,فعل,افعالّ,XI,indicative,active,3fd,1,تَفْعَالَّانِ
068_290,اِفْعَالَّ,فعل,افعالّ,XI,indicative,active,3fp,1,يَفْعالِلْنَ
068_290,اِفْعَالَّ,فعل,افعالّ,XI,indicative,active,2ms,1,تَفْعَالُّ
068_290,اِفْعَالَّ,فعل,افعالّ,XI,indicative,active,2d,1,تَفْعَالَّانِ
068_290,اِفْعَالَّ,فعل,افعالّ,XI,indicative,active,2mp,1,تَفْعَالُّونَ
068_290,اِفْعَالَّ,فعل,افعالّ,XI,indicative,active,2fs,1,تَفْعَالِّينَ
068_290,اِفْعَالَّ,فعل,افعالّ,XI,indicative,active,2fp,1,تَفْعالِلْنَ
068_290,اِفْعَالَّ,فعل,افعالّ,XI,indicative,active,1s,1,أَفْعَالُّ
068_290,اِفْعَالَّ,فعل,افعالّ,XI,indicative,active,1p,1,نَفْعَالُّ
068_290,اِفْعَالَّ,فعل,افعالّ,XI,imperative,active,2ms,1,اِفْعَالِلْ
068_290,اِفْعَالَّ,فعل,افعالّ,XI,imperative,active,2d,1,اِفْعَالَّا
068_290,اِفْعَالَّ,فعل,افعالّ,XI,imperative,active,2mp,1,اِفْعَالُّوا
068_290,اِفْعَالَّ,فعل,افعالّ,XI,imperative,active,2fs,1,اِفْعَالِّي
068_290,اِفْعَالَّ,فعل,افعالّ,XI,imperative,active,2fp,1,اِفْعَالِلْنَ
069_290,اِجْلَوَّذَ,جلذ,افعوّل,XIII,past,active,3ms,1,اِجْلَوَّذَ
069_290,اِجْلَوَّذَ,جلذ,افعوّل,XIII,past,active,3md,1,اِجْلَوَّذَا
069_290,اِجْلَوَّذَ,جلذ,افعوّل,XIII,past,active,3mp,1,اِجْلَوَّذُوا
069_290,اِجْلَوَّذَ,جلذ,افعوّل,XIII,past,active,3fs,1,اِجْلَوَّذَتْ
069_290,اِجْلَوَّذَ,جلذ,افعوّل,XIII,past,active,3fd,1,اِجْلَوَّذَتَا
069_290,اِجْلَوَّذَ,جلذ,افعوّل,XIII,past,active,3fp,1,اِجْلَوَّذْنَ
069_290,اِجْلَوَّذَ,جلذ,افعوّل,XIII,past,active,2ms,1,اِجْلَوَّذْتَ
069_290,اِجْلَوَّذَ,جلذ,افعوّل,XIII,past,active,2d,1,اِجْلَوَّذْتُما
069_290,اِجْلَوَّذَ,جلذ,افعوّل,XIII,past,active,2mp,1,اِجْلَوَّذْتُمْ
069_290,اِجْلَوَّذَ,جلذ,افعوّل,XIII,past,active,2fs,1,اِجْلَوَّذْتِ
069_290,اِجْلَوَّذَ,جلذ,افعوّل,XIII,past,active,2fp,1,اِجْلَوَّذْتُنَّ
069_290,اِجْلَوَّذَ,جلذ,افعوّل,XIII,past,active,1s,1,اِجْلَوَّذْتُ
069_290,اِجْلَوَّذَ,جلذ,افعوّل,XIII,past,active,1p,1,اِجْلَوَّذْنَا
069_290,اِجْلَوَّذَ,جلذ,افعوّل,XIII,indicative,active,3ms,1,يَجْلَوِّذُ
069_290,اِجْلَوَّذَ,جلذ,افعوّل,XIII,indicative,active,3md,1,يَجْلَوِّذَانِ
069_290,اِجْلَوَّذَ,جلذ,افعوّل,XIII,indicative,active,3mp,1,يَجْلَوِّذُونَ
069_290,اِجْلَوَّذَ,جلذ,افعوّل,XIII,indicative,active,3fs,1,تَجْلَوِّذُ
069_290,اِجْلَوَّذَ,جلذ,افعوّل,XIII,indicative,active,3fd,1,تَجْلَوِّذَانِ
069_290,اِجْلَوَّذَ,جلذ,افعوّل,XIII,indicative,active,3fp,1,يَجْلَوِّذْنَ
069_290,اِجْلَوَّذَ,جلذ,افعوّل,XIII,indicative,active,2ms,1,تَجْلَوِّذُ
069_290,اِجْلَوَّذَ,جلذ,افعوّل,XIII,indicative,active,2d,1,تَجْلَوِّذَانِ
069_290,اِجْلَوَّذَ,جلذ,افعوّل,XIII,indicative,active,2mp,1,تَجْلَوِّذُونَ
069_290,اِجْلَوَّذَ,جلذ,افعوّل,XIII,indicative,active,2fs,1,تَجْلَوِّذِينَ
069_290,اِجْلَوَّذَ,جلذ,افعوّل,XIII,indicative,active,2fp,1,تَجْلَوِّذْنَ
069_290,اِجْلَوَّذَ,جلذ,افعوّل,XIII,indicative,active,1s,1,أَجْلَوِّذُ
069_290,اِجْلَوَّذَ,جلذ,افعوّل,XIII,indicative,active,1p,1,نَجْلَوِّذُ
069_290,اِجْلَوَّذَ,جلذ,افعوّل,XIII,imperative,active,2ms,1,اِجْلَوِّذْ
069_290,اِجْلَوَّذَ,جلذ,افعوّل,XIII,imperative,active,2d,1,اِجْلَوِّذَا
069_290,اِجْلَوَّذَ,جلذ,افعوّل,XIII,imperative,active,2mp,1,اِجْلَوِّذُوا
069_290,اِجْلَوَّذَ,جلذ,افعوّل,XIII,imperative,active,2fs,1,اِجْلَوِّذِي
069_290,اِجْلَوَّذَ,جلذ,افعوّل,XIII,imperative,active,2fp,1,اِجْلَوِّذْنَ
070_290,اِدْهَامَّ,دهم,افعالّ,XI,past,active,3ms,1,اِدْهَامَّ
070_290,اِدْهَامَّ,دهم,افعالّ,XI,past,active,3md,1,اِدْهَامَّا
070_290,اِدْهَامَّ,دهم,افعالّ,XI,past,active,3mp,1,اِدْهَامُّوا
070_290,اِدْهَامَّ,دهم,افعالّ,XI,past,active,3fs,1,اِدْهَامَّتْ
070_290,اِدْهَامَّ,دهم,افعالّ,XI,past,active,3fd,1,اِدْهَامَّتَا
070_290,اِدْهَامَّ,دهم,افعالّ,XI,past,active,3fp,1,اِدْهَامَمْنَ
070_290,اِدْهَامَّ,دهم,افعالّ,XI,past,active,2ms,1,اِدْهَامَمْتَ
070_290,اِدْهَامَّ,دهم,افعالّ,XI,past,active,2d,1,اِدْهَامَمْتُمَا
070_290,اِدْهَامَّ,دهم,افعالّ,XI,past,active,2mp,1,اِدْهَامَمْتُمْ
070_290,اِدْهَامَّ,دهم,افعالّ,XI,past,active,2fs,1,اِدْهَامَمْتِ
070_290,اِدْهَامَّ,دهم,افعالّ,XI,past,active,2fp,1,اِدْهَامَمْتُنَّ
070_290,اِدْهَامَّ,دهم,افعالّ,XI,past,active,1s,1,اِدْهَامَمْتُ
070_290,اِدْهَامَّ,دهم,افعالّ,XI,past,active,1p,1,اِدْهَامَمْنَا
070_290,اِدْهَامَّ,دهم,افعالّ,XI,indicative,active,3ms,1,يَدْهَامُّ
070_290,اِدْهَامَّ,دهم,افعالّ,XI,indicative,active,3md,1,يَدْهَامَّانِ
070_290,اِدْهَامَّ,دهم,افعالّ,XI,indicative,active,3mp,1,يَدْهَامُّونَ
070_290,اِدْهَامَّ,دهم,افعالّ,XI,indicative,active,3fs,1,تَدْهَامُّ
070_290,اِدْهَامَّ,دهم,افعالّ,XI,indicative,active,3fd,1,تَدْهَامَّانِ
070_290,اِدْهَامَّ,دهم,افعالّ,XI,indicative,active,3fp,1,يَدْهَامِمْنَ
070_290,اِدْهَامَّ,دهم,افعالّ,XI,indicative,active,2ms,1,تَدْهَامُّ
070_290,اِدْهَامَّ,دهم,افعالّ,XI,indicative,active,2d,1,تَدْهَامَّانِ
070_290,اِدْهَامَّ,دهم,افعالّ,XI,indicative,active,2mp,1,تَدْهَامُّونَ
070_290,اِدْهَامَّ,دهم,افعالّ,XI,indicative,active,2fs,1,تَدْهَامِّينَ
070_290,اِدْهَامَّ,دهم,افعالّ,XI,indicative,active,2fp,1,تَدْهَامِمْنَ
070_290,اِدْهَامَّ,دهم,افعالّ,XI,indicative,active,1s,1,أَدْهَامُّ
070_290,اِدْهَامَّ,دهم,افعالّ,XI,indicative,active,1p,1,نَدْهَامُّ
070_290,اِدْهَامَّ,دهم,افعالّ,XI,imperative,active,2ms,1,اِدْهامِمْ
070_290,اِدْهَامَّ,دهم,افعالّ,XI,imperative,active,2d,1,اِدْهامَّا
070_290,اِدْهَامَّ,دهم,افعالّ,XI,imperative,active,2mp,1,اِدْهامُّوا
070_290,اِدْهَامَّ,دهم,افعالّ,XI,imperative,active,2fs,1,اِدْهامِّي
070_290,اِدْهَامَّ,دهم,افعالّ,XI,imperative,active,2fp,1,اِدْهامِمْنَ
071_299,اِحْوَوَّى,حوي,افعوّل,XIII,past,active,3ms,1,اِحْوَوَّى
071_299,اِحْوَوَّى,حوي,افعوّل,XIII,past,active,3md,1,اِحْوَوَّيَا
071_299,اِحْوَوَّى,حوي,افعوّل,XIII,past,active,3mp,1,اِحْوَوَّوْا
071_299,اِحْوَوَّى,حوي,افعوّل,XIII,past,active,3fs,1,اِحْوَوَّتْ
071_299,اِحْوَوَّى,حوي,افعوّل,XIII,past,active,3fd,1,اِحْوَوَّتَا
071_299,اِحْوَوَّى,حوي,افعوّل,XIII,past,active,3fp,1,اِحْوَوَّيْنَ
071_299,اِحْوَوَّى,حوي,افعوّل,XIII,past,active,2ms,1,اِحْوَوَّيْتَ
071_299,اِحْوَوَّى,حوي,افعوّل,XIII,past,active,2d,1,اِحْوَوَّيْتُمَا
071_299,اِحْوَوَّى,حوي,افعوّل,XIII,past,active,2mp,1,اِحْوَوَّيْتُمْ
071_299,اِحْوَوَّى,حوي,افعوّل,XIII,past,active,2fs,1,اِحْوَوَّيْتِ
071_299,اِحْوَوَّى,حوي,افعوّل,XIII,past,active,2fp,1,اِحْوَوَّيْتُنَّ
071_299,اِحْوَوَّى,حوي,افعوّل,XIII,past,active,1s,1,اِحْوَوَّيْتُ
071_299,اِحْوَوَّى,حوي,افعوّل,XIII,past,active,1p,1,اِحْوَوَّيْنَا
071_299,اِحْوَوَّى,حوي,افعوّل,XIII,indicative,active,3ms,1,يَحْوَوِّي
071_299,اِحْوَوَّى,حوي,افعوّل,XIII,indicative,active,3md,1,يَحْوَوِّيَانِ
071_299,اِحْوَوَّى,حوي,افعوّل,XIII,indicative,active,3mp,1,يَحْوَوُّونَ
071_299,اِحْوَوَّى,حوي,افعوّل,XIII,indicative,active,3fs,1,تَحْوَوِّي
071_299,اِحْوَوَّى,حوي,افعوّل,XIII,indicative,active,3fd,1,تَحْوَوِّيَانِ
071_299,اِحْوَوَّى,حوي,افعوّل,XIII,indicative,active,3fp,1,يَحْوَوِّينَ
071_299,اِحْوَوَّى,حوي,افعوّل,XIII,indicative,active,2ms,1,تَحْوَوِّي
071_299,اِحْوَوَّى,حوي,افعوّل,XIII,indicative,active,2d,1,تَحْوَوِّيَانِ
071_299,اِحْوَوَّى,حوي,افعوّل,XIII,indicative,active,2mp,1,تَحْوَوُّونَ
071_299,اِحْوَوَّى,حوي,افعوّل,XIII,indicative,active,2fs,1,تَحْوَوِّينَ
071_299,اِحْوَوَّى,حوي,افعوّل,XIII,indicative,active,2fp,1,تَحْوَوِّينَ
071_299,اِحْوَوَّى,حوي,افعوّل,XIII,indicative,active,1s,1,أَحْوَوِّي
071_299,اِحْوَوَّى,حوي,افعوّل,XIII,indicative,active,1p,1,نَحْوَوِّي
071_299,اِحْوَوَّى,حوي,افعوّل,XIII,imperative,active,2ms,1,اِحْوَوِّ
071_299,اِحْوَوَّى,حوي,افعوّل,XIII,imperative,active,2d,1,اِحْوَوِّيَا
071_299,اِحْوَوَّى,حوي,افعوّل,XIII,imperative,active,2mp,1,اِحْوَوُّوا
071_299,اِحْوَوَّى,حوي,افعوّل,XIII,imperative,active,2fs,1,اِحْوَوِّي
071_299,اِحْوَوَّى,حوي,افعوّل,XIII,imperative,active,2fp,1,اِحْوَوِّينَ
072_410,تَفَعْلَلَ,فعلل,تفعلل,IIq,past,active,3ms,1,تَفَعْلَلَ
072_410,تَفَعْلَلَ,فعلل,تفعلل,IIq,past,active,3md,1,تَفَعْلَلَا
072_410,تَفَعْلَلَ,فعلل,تفعلل,IIq,past,active,3mp,1,تَفَعْلَلُوا
072_410,تَفَعْلَلَ,فعلل,تفعلل,IIq,past,active,3fs,1,تَفَعْلَلَتْ
072_410,تَفَعْلَلَ,فعلل,تفعلل,IIq,past,active,3fd,1,تَفَعْلَلَتَا
072_410,تَفَعْلَلَ,فعلل,تفعلل,IIq,past,active,3fp,1,تَفَعْلَلْنَ
072_410,تَفَعْلَلَ,فعلل,تفعلل,IIq,past,active,2ms,1,تَفَعْلَلْتَ
072_410,تَفَعْلَلَ,فعلل,تفعلل,IIq,past,active,2d,1,تَفَعْلَلْتُمَا
072_410,تَفَعْلَلَ,فعلل,تفعلل,IIq,past,active,2mp,1,تَفَعْلَلْتُمْ
072_410,تَفَعْلَلَ,فعلل,تفعلل,IIq,past,active,2fs,1,تَفَعْلَلْتِ
072_410,تَفَعْلَلَ,فعلل,تفعلل,IIq,past,active,2fp,1,تَفَعْلَلْتُنَّ
072_410,تَفَعْلَلَ,فعلل,تفعلل,IIq,past,active,1s,1,تَفَعْلَلْتُ
072_410,تَفَعْلَلَ,فعلل,تفعلل,IIq,past,active,1p,1,تَفَعْلَلْنَا
072_410,تَفَعْلَلَ,فعلل,تفعلل,IIq,past,passive,3ms,1,تُفُعْلِلَ
072_410,تَفَعْلَلَ,فعلل,تفعلل,IIq,past,passive,3md,1,تُفُعْلِلَا
072_410,تَفَعْلَلَ,فعلل,تفعلل,IIq,past,passive,3mp,1,تُفُعْلِلُوا
072_410,تَفَعْلَلَ,فعلل,تفعلل,IIq,past,passive,3fs,1,تُفُعْلِلَتْ
072_410,تَفَعْلَلَ,فعلل,تفعلل,IIq,past,passive,3fd,1,تُفُعْلِلَتَا
072_410,تَفَعْلَلَ,فعلل,تفعلل,IIq,past,passive,3fp,1,تُفُعْلِلْنَ
072_410,تَفَعْلَلَ,فعلل,تفعلل,IIq,past,passive,2ms,1,تُفُعْلِلْتَ
072_410,تَفَعْلَلَ,فعلل,تفعلل,IIq,past,passive,2d,1,تُفُعْلِلْتُمَا
072_410,تَفَعْلَلَ,فعلل,تفعلل,IIq,past,passive,2mp,1,تُفُعْلِلْتُمْ
072_410,تَفَعْلَلَ,فعلل,تفعلل,IIq,past,passive,2fs,1,تُفُعْلِلْتِ
072_410,تَفَعْلَلَ,فعلل,تفعلل,IIq,past,passive,2fp,1,تُفُعْلِلْتُنَّ
072_410,تَفَعْلَلَ,فعلل,تفعلل,IIq,past,passive,1s,1,تُفُعْلِلْتُ
072_410,تَفَعْلَلَ,فعلل,تفعلل,IIq,past,passive,1p,1,تُفُعْلِلْنَا
072_410,تَفَعْلَلَ,فعلل,تفعلل,IIq,indicative,active,3ms,1,يَتَفَعْلَلُ
072_410,تَفَعْلَلَ,فعلل,تفعلل,IIq,indicative,active,3md,1,يَتَفَعْلَلَانِ
072_410,تَفَعْلَلَ,فعلل,تفعلل,IIq,indicative,active,3mp,1,يَتَفَعْلَلُونَ
072_410,تَفَعْلَلَ,فعلل,تفعلل,IIq,indicative,active,3fs,1,تَتَفَعْلَلُ
072_410,تَفَعْلَلَ,فعلل,تفعلل,IIq,indicative,active,3fd,1,تَتَفَعْلَلَانِ
072_410,تَفَعْلَلَ,فعلل,تفعلل,IIq,indicative,active,3fp,1,يَتَفَعْلَلْنَ
072_410,تَفَعْلَلَ,فعلل,تفعلل,IIq,indicative,active,2ms,1,تَتَفَعْلَلُ
072_410,تَفَعْلَلَ,فعلل,تفعلل,IIq,indicative,active,2d,1,تَتَفَعْلَلَانِ
072_410,تَفَعْلَلَ,فعلل,تفعلل,IIq,indicative,active,2mp,1,تَتَفَعْلَلُونَ
072_410,تَفَعْلَلَ,فعلل,تفعلل,IIq,indicative,active,2fs,1,تَتَفَعْلَلِينَ
072_410,تَفَعْلَلَ,فعلل,تفعلل,IIq,indicative,active,2fp,1,تَتَفَعْلَلْنَ
072_410,تَفَعْلَلَ,فعلل,تفعلل,IIq,indicative,active,1s,1,أَتَفَعْلَلُ
072_410,تَفَعْلَلَ,فعلل,تفعلل,IIq,indicative,active,1p,1,نَتَفَعْلَلُ
072_410,تَفَعْلَلَ,فعلل,تفعلل,IIq,indicative,passive,3ms,1,يُتَفَعْلَلُ
072_410,تَفَعْلَلَ,فعلل,تفعلل,IIq,indicative,passive,3md,1,يُتَفَعْلَلانِ
072_410,تَفَعْلَلَ,فعلل,تفعلل,IIq,indicative,passive,3mp,1,يُتَفَعْلَلُونَ
072_410,تَفَعْلَلَ,فعلل,تفعلل,IIq,indicative,passive,3fs,1,تُتَفَعْلَلُ
072_410,تَفَعْلَلَ,فعلل,تفعلل,IIq,indicative,passive,3fd,1,تُتَفَعْلَلانِ
072_410,تَفَعْلَلَ,فعلل,تفعلل,IIq,indicative,passive,3fp,1,يُتَفَعْلَلْنَ
072_410,تَفَعْلَلَ,فعلل,تفعلل,IIq,indicative,passive,2ms,1,تُتَفَعْلَلُ
072_410,تَفَعْلَلَ,فعلل,تفعلل,IIq,indicative,passive,2d,1,تُتَفَعْلَلانِ
072_410,تَفَعْلَلَ,فعلل,تفعلل,IIq,indicative,passive,2mp,1,تُتَفَعْلَلُونَ
072_410,تَفَعْلَلَ,فعلل,تفعلل,IIq,indicative,passive,2fs,1,تُتَفَعْلَلِينَ
072_410,تَفَعْلَلَ,فعلل,تفعلل,IIq,indicative,passive,2fp,1,تُتَفَعْلَلْنَ
072_410,تَفَعْلَلَ,فعلل,تفعلل,IIq,indicative,passive,1s,1,أُتَفَعْلَلُ
072_410,تَفَعْلَلَ,فعلل,تفعلل,IIq,indicative,passive,1p,1,نُتَفَعْلَلُ
072_410,تَفَعْلَلَ,فعلل,تفعلل,IIq,imperative,active,2ms,1,تَفَعْلَلْ
072_410,تَفَعْلَلَ,فعلل,تفعلل,IIq,imperative,active,2d,1,تَفَعْلَلَا
072_410,تَفَعْلَلَ,فعلل,تفعلل,IIq,imperative,active,2mp,1,تَفَعْلَلُوا
072_410,تَفَعْلَلَ,فعلل,تفعلل,IIq,imperative,active,2fs,1,تَفَعْلَلِي
072_410,تَفَعْلَلَ,فعلل,تفعلل,IIq,imperative,active,2fp,1,تَفَعْلَلْنَ
073_417,تَفَعْوَلَ,فعول,تفعلل,IIq,past,active,3ms,1,تَفَعْوَلَ
073_417,تَفَعْوَلَ,فعول,تفعلل,IIq,past,active,3md,1,تَفَعْوَلَا
073_417,تَفَعْوَلَ,فعول,تفعلل,IIq,past,active,3mp,1,تَفَعْوَلُوا
073_417,تَفَعْوَلَ,فعول,تفعلل,IIq,past,active,3fs,1,تَفَعْوَلَتْ
073_417,تَفَعْوَلَ,فعول,تفعلل,IIq,past,active,3fd,1,تَفَعْوَلَتَا
073_417,تَفَعْوَلَ,فعول,تفعلل,IIq,past,active,3fp,1,تَفَعْوَلْنَ
073_417,تَفَعْوَلَ,فعول,تفعلل,IIq,past,active,2ms,1,تَفَعْوَلْتَ
073_417,تَفَعْوَلَ,فعول,تفعلل,IIq,past,active,2d,1,تَفَعْوَلْتُمَا
073_417,تَفَعْوَلَ,فعول,تفعلل,IIq,past,active,2mp,1,تَفَعْوَلْتُمْ
073_417,تَفَعْوَلَ,فعول,تفعلل,IIq,past,active,2fs,1,تَفَعْوَلْتِ
073_417,تَفَعْوَلَ,فعول,تفعلل,IIq,past,active,2fp,1,تَفَعْوَلْتُنَّ
073_417,تَفَعْوَلَ,فعول,تفعلل,IIq,past,active,1s,1,تَفَعْوَلْتُ
073_417,تَفَعْوَلَ,فعول,تفعلل,IIq,past,active,1p,1,تَفَعْوَلْنَا
073_417,تَفَعْوَلَ,فعول,تفعلل,IIq,past,passive,3ms,1,تُفُعْوِلَ
073_417,تَفَعْوَلَ,فعول,تفعلل,IIq,past,passive,3md,1,تُفُعْوِلَا
073_417,تَفَعْوَلَ,فعول,تفعلل,IIq,past,passive,3mp,1,تُفُعْوِلُوا
073_417,تَفَعْوَلَ,فعول,تفعلل,IIq,past,passive,3fs,1,تُفُعْوِلَتْ
073_417,تَفَعْوَلَ,فعول,تفعلل,IIq,past,passive,3fd,1,تُفُعْوِلَتَا
073_417,تَفَعْوَلَ,فعول,تفعلل,IIq,past,passive,3fp,1,تُفُعْوِلْنَ
073_417,تَفَعْوَلَ,فعول,تفعلل,IIq,past,passive,2ms,1,تُفُعْوِلْتَ
073_417,تَفَعْوَلَ,فعول,تفعلل,IIq,past,passive,2d,1,تُفُعْوِلْتُمَا
073_417,تَفَعْوَلَ,فعول,تفعلل,IIq,past,passive,2mp,1,تُفُعْوِلْتُمْ
073_417,تَفَعْوَلَ,فعول,تفعلل,IIq,past,passive,2fs,1,تُفُعْوِلْتِ
073_417,تَفَعْوَلَ,فعول,تفعلل,IIq,past,passive,2fp,1,تُفُعْوِلْتُنَّ
073_417,تَفَعْوَلَ,فعول,تفعلل,IIq,past,passive,1s,1,تُفُعْوِلْتُ
073_417,تَفَعْوَلَ,فعول,تفعلل,IIq,past,passive,1p,1,تُفُعْوِلْنَا
073_417,تَفَعْوَلَ,فعول,تفعلل,IIq,indicative,active,3ms,1,يَتَفَعْوَلُ
073_417,تَفَعْوَلَ,فعول,تفعلل,IIq,indicative,active,3md,1,يَتَفَعْوَلَانِ
073_417,تَفَعْوَلَ,فعول,تفعلل,IIq,indicative,active,3mp,1,يَتَفَعْوَلُونَ
073_417,تَفَعْوَلَ,فعول,تفعلل,IIq,indicative,active,3fs,1,تَتَفَعْوَلُ
073_417,تَفَعْوَلَ,فعول,تفعلل,IIq,indicative,active,3fd,1,تَتَفَعْوَلَانِ
073_417,تَفَعْوَلَ,فعول,تفعلل,IIq,indicative,active,3fp,1,يَتَفَعْوَلْنَ
073_417,تَفَعْوَلَ,فعول,تفعلل,IIq,indicative,active,2ms,1,تَتَفَعْوَلُ
073_417,تَفَعْوَلَ,فعول,تفعلل,IIq,indicative,active,2d,1,تَتَفَعْوَلَانِ
073_417,تَفَعْوَلَ,فعول,تفعلل,IIq,indicative,active,2mp,1,تَتَفَعْوَلُونَ
073_417,تَفَعْوَلَ,فعول,تفعلل,IIq,indicative,active,2fs,1,تَتَفَعْوَلِينَ
073_417,تَفَعْوَلَ,فعول,تفعلل,IIq,indicative,active,2fp,1,تَتَفَعْوَلْنَ
073_417,تَفَعْوَلَ,فعول,تفعلل,IIq,indicative,active,1s,1,أَتَفَعْوَلُ
073_417,تَفَعْوَلَ,فعول,تفعلل,IIq,indicative,active,1p,1,نَتَفَعْوَلُ
073_417,تَفَعْوَلَ,فعول,تفعلل,IIq,indicative,passive,3ms,1,يُتَفَعْوَلُ
073_417,تَفَعْوَلَ,فعول,تفعلل,IIq,indicative,passive,3md,1,يُتَفَعْوَلَانِ
073_417,تَفَعْوَلَ,فعول,تفعلل,IIq,indicative,passive,3mp,1,يُتَفَعْوَلُونَ
073_417,تَفَعْوَلَ,فعول,تفعلل,IIq,indicative,passive,3fs,1,تُتَفَعْوَلُ
073_417,تَفَعْوَلَ,فعول,تفعلل,IIq,indicative,passive,3fd,1,تُتَفَعْوَلَانِ
073_417,تَفَعْوَلَ,فعول,تفعلل,IIq,indicative,passive,3fp,1,يُتَفَعْوَلْنَ
073_417,تَفَعْوَلَ,فعول,تفعلل,IIq,indicative,passive,2ms,1,تُتَفَعْوَلُ
073_417,تَفَعْوَلَ,فعول,تفعلل,IIq,indicative,passive,2d,1,تُتَفَعْوَلَانِ
073_417,تَفَعْوَلَ,فعول,تفعلل,IIq,indicative,passive,2mp,1,تُتَفَعْوَلُونَ
073_417,تَفَعْوَلَ,فعول,تفعلل,IIq,indicative,passive,2fs,1,تُتَفَعْوَلِينَ
073_417,تَفَعْوَلَ,فعول,تفعلل,IIq,indicative,passive,2fp,1,تُتَفَعْوَلْنَ
073_417,تَفَعْوَلَ,فعول,تفعلل,IIq,indicative,passive,1s,1,أُتَفَعْوَلُ
073_417,تَفَعْوَلَ,فعول,تفعلل,IIq,indicative,passive,1p,1,نُتَفَعْوَلُ
073_417,تَفَعْوَلَ,فعول,تفعلل,IIq,imperative,active,2ms,1,تَفَعْوَلْ
073_417,تَفَعْوَلَ,فعول,تفعلل,IIq,imperative,active,2d,1,تَفَعْوَلَا
073_417,تَفَعْوَلَ,فعول,تفعلل,IIq,imperative,active,2mp,1,تَفَعْوَلُوا
073_417,تَفَعْوَلَ,فعول,تفعلل,IIq,imperative,active,2fs,1,تَفَعْوَلِي
073_417,تَفَعْوَلَ,فعول,تفعلل,IIq,imperative,active,2fp,1,تَفَعْوَلْنَ
074_417,تَفَعْيَلَ,فعيل,تفعلل,IIq,past,active,3ms,1,تَفَعْيَلَ
074_417,تَفَعْيَلَ,فعيل,تفعلل,IIq,past,active,3md,1,تَفَعْيَلَا
074_417,تَفَعْيَلَ,فعيل,تفعلل,IIq,past,active,3mp,1,تَفَعْيَلُوا
074_417,تَفَعْيَلَ,فعيل,تفعلل,IIq,past,active,3fs,1,تَفَعْيَلَتْ
074_417,تَفَعْيَلَ,فعيل,تفعلل,IIq,past,active,3fd,1,تَفَعْيَلَتَا
074_417,تَفَعْيَلَ,فعيل,تفعلل,IIq,past,active,3fp,1,تَفَعْيَلْنَ
074_417,تَفَعْيَلَ,فعيل,تفعلل,IIq,past,active,2ms,1,تَفَعْيَلْتَ
074_417,تَفَعْيَلَ,فعيل,تفعلل,IIq,past,active,2d,1,تَفَعْيَلْتُمَا
074_417,تَفَعْيَلَ,فعيل,تفعلل,IIq,past,active,2mp,1,تَفَعْيَلْتُمْ
074_417,تَفَعْيَلَ,فعيل,تفعلل,IIq,past,active,2fs,1,تَفَعْيَلْتِ
074_417,تَفَعْيَلَ,فعيل,تفعلل,IIq,past,active,2fp,1,تَفَعْيَلْتُنَّ
074_417,تَفَعْيَلَ,فعيل,تفعلل,IIq,past,active,1s,1,تَفَعْيَلْتُ
074_417,تَفَعْيَلَ,فعيل,تفعلل,IIq,past,active,1p,1,تَفَعْيَلْنَا
074_417,تَفَعْيَلَ,فعيل,تفعلل,IIq,past,passive,3ms,1,تُفُعْيِلَ
074_417,تَفَعْيَلَ,فعيل,تفعلل,IIq,past,passive,3md,1,تُفُعْيِلَا
074_417,تَفَعْيَلَ,فعيل,تفعلل,IIq,past,passive,3mp,1,تُفُعْيِلُوا
074_417,تَفَعْيَلَ,فعيل,تفعلل,IIq,past,passive,3fs,1,تُفُعْيِلَتْ
074_417,تَفَعْيَلَ,فعيل,تفعلل,IIq,past,passive,3fd,1,تُفُعْيِلَتَا
074_417,تَفَعْيَلَ,فعيل,تفعلل,IIq,past,passive,3fp,1,تُفُعْيِلْنَ
074_417,تَفَعْيَلَ,فعيل,تفعلل,IIq,past,passive,2ms,1,تُفُعْيِلْتَ
074_417,تَفَعْيَلَ,فعيل,تفعلل,IIq,past,passive,2d,1,تُفُعْيِلْتُمَا
074_417,تَفَعْيَلَ,فعيل,تفعلل,IIq,past,passive,2mp,1,تُفُعْيِلْتُمْ
074_417,تَفَعْيَلَ,فعيل,تفعلل,IIq,past,passive,2fs,1,تُفُعْيِلْتِ
074_417,تَفَعْيَلَ,فعيل,تفعلل,IIq,past,passive,2fp,1,تُفُعْيِلْتُنَّ
074_417,تَفَعْيَلَ,فعيل,تفعلل,IIq,past,passive,1s,1,تُفُعْيِلْتُ
074_417,تَفَعْيَلَ,فعيل,تفعلل,IIq,past,passive,1p,1,تُفُعْيِلْنَا
074_417,تَفَعْيَلَ,فعيل,تفعلل,IIq,indicative,active,3ms,1,يَتَفَعْيَلُ
074_417,تَفَعْيَلَ,فعيل,تفعلل,IIq,indicative,active,3md,1,يَتَفَعْيَلانِ
074_417,تَفَعْيَلَ,فعيل,تفعلل,IIq,indicative,active,3mp,1,يَتَفَعْيَلُونَ
074_417,تَفَعْيَلَ,فعيل,تفعلل,IIq,indicative,active,3fs,1,تَتَفَعْيَلُ
074_417,تَفَعْيَلَ,فعيل,تفعلل,IIq,indicative,active,3fd,1,تَتَفَعْيَلانِ
074_417,تَفَعْيَلَ,فعيل,تفعلل,IIq,indicative,active,3fp,1,يَتَفَعْيَلْنَ
074_417,تَفَعْيَلَ,فعيل,تفعلل,IIq,indicative,active,2ms,1,تَتَفَعْيَلُ
074_417,تَفَعْيَلَ,فعيل,تفعلل,IIq,indicative,active,2d,1,تَتَفَعْيَلانِ
074_417,تَفَعْيَلَ,فعيل,تفعلل,IIq,indicative,active,2mp,1,تَتَفَعْيَلُونَ
074_417,تَفَعْيَلَ,فعيل,تفعلل,IIq,indicative,active,2fs,1,تَتَفَعْيَلِينَ
074_417,تَفَعْيَلَ,فعيل,تفعلل,IIq,indicative,active,2fp,1,تَتَفَعْيَلْنَ
074_417,تَفَعْيَلَ,فعيل,تفعلل,IIq,indicative,active,1s,1,أَتَفَعْيَلُ
074_417,تَفَعْيَلَ,فعيل,تفعلل,IIq,indicative,active,1p,1,نَتَفَعْيَلُ
074_417,تَفَعْيَلَ,فعيل,تفعلل,IIq,indicative,passive,3ms,1,يُتَفَعْيَلُ
074_417,تَفَعْيَلَ,فعيل,تفعلل,IIq,indicative,passive,3md,1,يُتَفَعْيَلَانِ
074_417,تَفَعْيَلَ,فعيل,تفعلل,IIq,indicative,passive,3mp,1,يُتَفَعْيَلُونَ
074_417,تَفَعْيَلَ,فعيل,تفعلل,IIq,indicative,passive,3fs,1,تُتَفَعْيَلُ
074_417,تَفَعْيَلَ,فعيل,تفعلل,IIq,indicative,passive,3fd,1,تُتَفَعْيَلَانِ
074_417,تَفَعْيَلَ,فعيل,تفعلل,IIq,indicative,passive,3fp,1,يُتَفَعْيَلْنَ
074_417,تَفَعْيَلَ,فعيل,تفعلل,IIq,indicative,passive,2ms,1,تُتَفَعْيَلُ
074_417,تَفَعْيَلَ,فعيل,تفعلل,IIq,indicative,passive,2d,1,تُتَفَعْيَلَانِ
074_417,تَفَعْيَلَ,فعيل,تفعلل,IIq,indicative,passive,2mp,1,تُتَفَعْيَلُونَ
074_417,تَفَعْيَلَ,فعيل,تفعلل,IIq,indicative,passive,2fs,1,تُتَفَعْيَلِينَ
074_417,تَفَعْيَلَ,فعيل,تفعلل,IIq,indicative,passive,2fp,1,تُتَفَعْيَلْنَ
074_417,تَفَعْيَلَ,فعيل,تفعلل,IIq,indicative,passive,1s,1,أُتَفَعْيَلُ
074_417,تَفَعْيَلَ,فعيل,تفعلل,IIq,indicative,passive,1p,1,نُتَفَعْيَلُ
074_417,تَفَعْيَلَ,فعيل,تفعلل,IIq,imperative,active,2ms,1,تَفَعْيَلْ
074_417,تَفَعْيَلَ,فعيل,تفعلل,IIq,imperative,active,2d,1,تَفَعْيَلَا
074_417,تَفَعْيَلَ,فعيل,تفعلل,IIq,imperative,active,2mp,1,تَفَعْيَلُوا
074_417,تَفَعْيَلَ,فعيل,تفعلل,IIq,imperative,active,2fs,1,تَفَعْيَلِي
074_417,تَفَعْيَلَ,فعيل,تفعلل,IIq,imperative,active,2fp,1,تَفَعْيَلْنَ
075_420,اِفْعَنْلَلَ,فعلل,افعنلل,IIIq,past,active,3ms,1,اِفْعَنْلَلَ
075_420,اِفْعَنْلَلَ,فعلل,افعنلل,IIIq,past,active,3md,1,اِفْعَنْلَلَا
075_420,اِفْعَنْلَلَ,فعلل,افعنلل,IIIq,past,active,3mp,1,اِفْعَنْلَلُوا
075_420,اِفْعَنْلَلَ,فعلل,افعنلل,IIIq,past,active,3fs,1,اِفْعَنْلَلَتْ
075_420,اِفْعَنْلَلَ,فعلل,افعنلل,IIIq,past,active,3fd,1,اِفْعَنْلَلَتَا
075_420,اِفْعَنْلَلَ,فعلل,افعنلل,IIIq,past,active,3fp,1,اِفْعَنْلَلْنَ
075_420,اِفْعَنْلَلَ,فعلل,افعنلل,IIIq,past,active,2ms,1,اِفْعَنْلَلْتَ
075_420,اِفْعَنْلَلَ,فعلل,افعنلل,IIIq,past,active,2d,1,اِفْعَنْلَلْتُمَا
075_420,اِفْعَنْلَلَ,فعلل,افعنلل,IIIq,past,active,2mp,1,اِفْعَنْلَلْتُمْ
075_420,اِفْعَنْلَلَ,فعلل,افعنلل,IIIq,past,active,2fs,1,اِفْعَنْلَلْتِ
075_420,اِفْعَنْلَلَ,فعلل,افعنلل,IIIq,past,active,2fp,1,اِفْعَنْلَلْتُنَّ
075_420,اِفْعَنْلَلَ,فعلل,افعنلل,IIIq,past,active,1s,1,اِفْعَنْلَلْتُ
075_420,اِفْعَنْلَلَ,فعلل,افعنلل,IIIq,past,active,1p,1,اِفْعَنْلَلْنَا
075_420,اِفْعَنْلَلَ,فعلل,افعنلل,IIIq,indicative,active,3ms,1,يَفْعَنْلِلُ
075_420,اِفْعَنْلَلَ,فعلل,افعنلل,IIIq,indicative,active,3md,1,يَفْعَنْلِلَانِ
075_420,اِفْعَنْلَلَ,فعلل,افعنلل,IIIq,indicative,active,3mp,1,يَفْعَنْلِلُونَ
075_420,اِفْعَنْلَلَ,فعلل,افعنلل,IIIq,indicative,active,3fs,1,تَفْعَنْلِلُ
075_420,اِفْعَنْلَلَ,فعلل,افعنلل,IIIq,indicative,active,3fd,1,تَفْعَنْلِلَانِ
075_420,اِفْعَنْلَلَ,فعلل,افعنلل,IIIq,indicative,active,3fp,1,يَفْعَنْلِلْنَ
075_420,اِفْعَنْلَلَ,فعلل,افعنلل,IIIq,indicative,active,2ms,1,تَفْعَنْلِلُ
075_420,اِفْعَنْلَلَ,فعلل,افعنلل,IIIq,indicative,active,2d,1,تَفْعَنْلِلَانِ
075_420,اِفْعَنْلَلَ,فعلل,افعنلل,IIIq,indicative,active,2mp,1,تَفْعَنْلِلُونَ
075_420,اِفْعَنْلَلَ,فعلل,افعنلل,IIIq,indicative,active,2fs,1,تَفْعَنْلِلِينَ
075_420,اِفْعَنْلَلَ,فعلل,افعنلل,IIIq,indicative,active,2fp,1,تَفْعَنْلِلْنَ
075_420,اِفْعَنْلَلَ,فعلل,افعنلل,IIIq,indicative,active,1s,1,أَفْعَنْلِلُ
075_420,اِفْعَنْلَلَ,فعلل,افعنلل,IIIq,indicative,active,1p,1,نَفْعَنْلِلُ
075_420,اِفْعَنْلَلَ,فعلل,افعنلل,IIIq,imperative,active,2ms,1,اِفْعَنْلِلْ
075_420,اِفْعَنْلَلَ,فعلل,افعنلل,IIIq,imperative,active,2d,1,اِفْعَنْلِلَا
075_420,اِفْعَنْلَلَ,فعلل,افعنلل,IIIq,imperative,active,2mp,1,اِفْعَنْلِلُوا
075_420,اِفْعَنْلَلَ,فعلل,افعنلل,IIIq,imperative,active,2fs,1,اِفْعَنْلِلِي
075_420,اِفْعَنْلَلَ,فعلل,افعنلل,IIIq,imperative,active,2fp,1,اِفْعَنْلِلْنَ
076_291,اِنْقَاضَّ,نقض,افعالّ,XI,past,active,3ms,1,اِنْقَاضَّ
076_291,اِنْقَاضَّ,نقض,افعالّ,XI,past,active,3md,1,اِنْقَاضَّا
076_291,اِنْقَاضَّ,نقض,افعالّ,XI,past,active,3mp,1,اِنْقَاضُّوا
076_291,اِنْقَاضَّ,نقض,افعالّ,XI,past,active,3fs,1,اِنْقَاضَّتْ
076_291,اِنْقَاضَّ,نقض,افعالّ,XI,past,active,3fd,1,اِنْقَاضَّتَا
076_291,اِنْقَاضَّ,نقض,افعالّ,XI,past,active,3fp,1,اِنْقَاضَضْنَ
076_291,اِنْقَاضَّ,نقض,افعالّ,XI,past,active,2ms,1,اِنْقَاضَضْتَ
076_291,اِنْقَاضَّ,نقض,افعالّ,XI,past,active,2d,1,اِنْقَاضَضْتُمَا
076_291,اِنْقَاضَّ,نقض,افعالّ,XI,past,active,2mp,1,اِنْقَاضَضْتُمْ
076_291,اِنْقَاضَّ,نقض,افعالّ,XI,past,active,2fs,1,اِنْقَاضَضْتِ
076_291,اِنْقَاضَّ,نقض,افعالّ,XI,past,active,2fp,1,اِنْقَاضَضْتُنَّ
076_291,اِنْقَاضَّ,نقض,افعالّ,XI,past,active,1s,1,اِنْقَاضَضْتُ
076_291,اِنْقَاضَّ,نقض,افعالّ,XI,past,active,1p,1,اِنْقَاضَضْنَا
076_291,اِنْقَاضَّ,نقض,افعالّ,XI,indicative,active,3ms,1,يَنْقَاضُّ
076_291,اِنْقَاضَّ,نقض,افعالّ,XI,indicative,active,3md,1,يَنْقَاضَّانِ
076_291,اِنْقَاضَّ,نقض,افعالّ,XI,indicative,active,3mp,1,يَنْقَاضُّونَ
076_291,اِنْقَاضَّ,نقض,افعالّ,XI,indicative,active,3fs,1,تَنْقَاضُّ
076_291,اِنْقَاضَّ,نقض,افعالّ,XI,indicative,active,3fd,1,تَنْقَاضَّانِ
076_291,اِنْقَاضَّ,نقض,افعالّ,XI,indicative,active,3fp,1,يَنْقَاضِضْنَ
076_291,اِنْقَاضَّ,نقض,افعالّ,XI,indicative,active,2ms,1,تَنْقَاضُّ
076_291,اِنْقَاضَّ,نقض,افعالّ,XI,indicative,active,2d,1,تَنْقَاضَّانِ
076_291,اِنْقَاضَّ,نقض,افعالّ,XI,indicative,active,2mp,1,تَنْقَاضُّونَ
076_291,اِنْقَاضَّ,نقض,افعالّ,XI,indicative,active,2fs,1,تَنْقَاضِّينَ
076_291,اِنْقَاضَّ,نقض,افعالّ,XI,indicative,active,2fp,1,تَنْقَاضِضْنَ
076_291,اِنْقَاضَّ,نقض,افعالّ,XI,indicative,active,1s,1,أَنْقَاضُّ
076_291,اِنْقَاضَّ,نقض,افعالّ,XI,indicative,active,1p,1,نَنْقَاضُّ
076_291,اِنْقَاضَّ,نقض,افعالّ,XI,imperative,active,2ms,1,اِنْقَاضِضْ
076_291,اِنْقَاضَّ,نقض,افعالّ,XI,imperative,active,2d,1,اِنْقَاضَّا
076_291,اِنْقَاضَّ,نقض,افعالّ,XI,imperative,active,2mp,1,اِنْقَاضُّوا
076_291,اِنْقَاضَّ,نقض,افعالّ,XI,imperative,active,2fs,1,اِنْقَاضِّي
076_291,اِنْقَاضَّ,نقض,افعالّ,XI,imperative,active,2fp,1,اِنْقَاضِضْنَ
077_430,اِفْعَلَلَّ,فعلل,افعللّ,IVq,past,active,3ms,1,اِفْعَلَلَّ
077_430,اِفْعَلَلَّ,فعلل,افعللّ,IVq,past,active,3md,1,اِفْعَلَلَّا
077_430,اِفْعَلَلَّ,فعلل,افعللّ,IVq,past,active,3mp,1,اِفْعَلَلُّوا
077_430,اِفْعَلَلَّ,فعلل,افعللّ,IVq,past,active,3fs,1,اِفْعَلَلَّتْ
077_430,اِفْعَلَلَّ,فعلل,افعللّ,IVq,past,active,3fd,1,اِفْعَلَلَّتَا
077_430,اِفْعَلَلَّ,فعلل,افعللّ,IVq,past,active,3fp,1,اِفْعَلَّلْنَ
077_430,اِفْعَلَلَّ,فعلل,افعللّ,IVq,past,active,2ms,1,اِفْعَلَّلْتَ
077_430,اِفْعَلَلَّ,فعلل,افعللّ,IVq,past,active,2d,1,اِفْعَلَّلْتُمَا
077_430,اِفْعَلَلَّ,فعلل,افعللّ,IVq,past,active,2mp,1,اِفْعَلَّلْتُمْ
077_430,اِفْعَلَلَّ,فعلل,افعللّ,IVq,past,active,2fs,1,اِفْعَلَّلْتِ
077_430,اِفْعَلَلَّ,فعلل,افعللّ,IVq,past,active,2fp,1,اِفْعَلَّلْتُنَّ
077_430,اِفْعَلَلَّ,فعلل,افعللّ,IVq,past,active,1s,1,اِفْعَلَّلْتُ
077_430,اِفْعَلَلَّ,فعلل,افعللّ,IVq,past,active,1p,1,اِفْعَلَّلْنَا
077_430,اِفْعَلَلَّ,فعلل,افعللّ,IVq,indicative,active,3ms,1,يَفْعَلِلُّ
077_430,اِفْعَلَلَّ,فعلل,افعللّ,IVq,indicative,active,3md,1,يَفْعَلِلَّانِ
077_430,اِفْعَلَلَّ,فعلل,افعللّ,IVq,indicative,active,3mp,1,يَفْعَلِلُّونَ
077_430,اِفْعَلَلَّ,فعلل,افعللّ,IVq,indicative,active,3fs,1,تَفْعَلِلُّ
077_430,اِفْعَلَلَّ,فعلل,افعللّ,IVq,indicative,active,3fd,1,تَفْعَلِلَّانِ
077_430,اِفْعَلَلَّ,فعلل,افعللّ,IVq,indicative,active,3fp,1,يَفْعَلِّلْنَ
077_430,اِفْعَلَلَّ,فعلل,افعللّ,IVq,indicative,active,2ms,1,تَفْعَلِلُّ
077_430,اِفْعَلَلَّ,فعلل,افعللّ,IVq,indicative,active,2d,1,تَفْعَلِلَّانِ
077_430,اِفْعَلَلَّ,فعلل,افعللّ,IVq,indicative,active,2mp,1,تَفْعَلِلُّونَ
077_430,اِفْعَلَلَّ,فعلل,افعللّ,IVq,indicative,active,2fs,1,تَفْعَلِلِّينَ
077_430,اِفْعَلَلَّ,فعلل,افعللّ,IVq,indicative,active,2fp,1,تَفْعَلِّلْنَ
077_430,اِفْعَلَلَّ,فعلل,افعللّ,IVq,indicative,active,1s,1,أَفْعَلِلُّ
077_430,اِفْعَلَلَّ,فعلل,افعللّ,IVq,indicative,active,1p,1,نَفْعَلِلُّ
077_430,اِفْعَلَلَّ,فعلل,افعللّ,IVq,imperative,active,2ms,1,اِفْعَلِلَّ
077_430,اِفْعَلَلَّ,فعلل,افعللّ,IVq,imperative,active,2d,1,اِفْعَلِلَّا
077_430,اِفْعَلَلَّ,فعلل,افعللّ,IVq,imperative,active,2mp,1,اِفْعَلِلُّوا
077_430,اِفْعَلَلَّ,فعلل,افعللّ,IVq,imperative,active,2fs,1,اِفْعَلِلِّي
077_430,اِفْعَلَلَّ,فعلل,افعللّ,IVq,imperative,active,2fp,1,اِفْعَلِّلْنَ
078_436,اِهْوَأَنَّ,هوأن,افعللّ,IVq,past,active,3ms,1,اِهْوَأَنَّ
078_436,اِهْوَأَنَّ,هوأن,افعللّ,IVq,past,active,3md,1,اِهْوَأَنَّا
078_436,اِهْوَأَنَّ,هوأن,افعللّ,IVq,past,active,3mp,1,اِهْوَأَنُّوا
078_436,اِهْوَأَنَّ,هوأن,افعللّ,IVq,past,active,3fs,1,اِهْوَأَنَّتْ
078_436,اِهْوَأَنَّ,هوأن,افعللّ,IVq,past,active,3fd,1,اِهْوَأَنَّتَا
078_436,اِهْوَأَنَّ,هوأن,افعللّ,IVq,past,active,3fp,1,اِهْوَأْنَنَّ
078_436,اِهْوَأَنَّ,هوأن,افعللّ,IVq,past,active,2ms,1,اِهْوَأْنَنْتَ
078_436,اِهْوَأَنَّ,هوأن,افعللّ,IVq,past,active,2d,1,اِهْوَأْنَنْتُمَا
078_436,اِهْوَأَنَّ,هوأن,افعللّ,IVq,past,active,2mp,1,اِهْوَأْنَنْتُمْ
078_436,اِهْوَأَنَّ,هوأن,افعللّ,IVq,past,active,2fs,1,اِهْوَأْنَنْتِ
078_436,اِهْوَأَنَّ,هوأن,افعللّ,IVq,past,active,2fp,1,اِهْوَأْنَنْتُنَّ
078_436,اِهْوَأَنَّ,هوأن,افعللّ,IVq,past,active,1s,1,اِهْوَأْنَنْتُ
078_436,اِهْوَأَنَّ,هوأن,افعللّ,IVq,past,active,1p,1,اِهْوَأْنَنَّا
078_436,اِهْوَأَنَّ,هوأن,افعللّ,IVq,indicative,active,3ms,1,يَهْوَئِنُّ
078_436,اِهْوَأَنَّ,هوأن,افعللّ,IVq,indicative,active,3md,1,يَهْوَئِنَّانِ
078_436,اِهْوَأَنَّ,هوأن,افعللّ,IVq,indicative,active,3mp,1,يَهْوَئِنُّونَ
078_436,اِهْوَأَنَّ,هوأن,افعللّ,IVq,indicative,active,3fs,1,تَهْوَئِنُّ
078_436,اِهْوَأَنَّ,هوأن,افعللّ,IVq,indicative,active,3fd,1,تَهْوَئِنَّانِ
078_436,اِهْوَأَنَّ,هوأن,افعللّ,IVq,indicative,active,3fp,1,يَهْوَأْنِنَّ
078_436,اِهْوَأَنَّ,هوأن,افعللّ,IVq,indicative,active,2ms,1,تَهْوَئِنُّ
078_436,اِهْوَأَنَّ,هوأن,افعللّ,IVq,indicative,active,2d,1,تَهْوَئِنَّانِ
078_436,اِهْوَأَنَّ,هوأن,افعللّ,IVq,indicative,active,2mp,1,تَهْوَئِنُّونَ
078_436,اِهْوَأَنَّ,هوأن,افعللّ,IVq,indicative,active,2fs,1,تَهْوَئِنِّينَ
078_436,اِهْوَأَنَّ,هوأن,افعللّ,IVq,indicative,active,2fp,1,تَهْوَأْنِنَّ
078_436,اِهْوَأَنَّ,هوأن,افعللّ,IVq,indicative,active,1s,1,أَهْوَئِنُّ
078_436,اِهْوَأَنَّ,هوأن,افعللّ,IVq,indicative,active,1p,1,نَهْوَئِنُّ
078_436,اِهْوَأَنَّ,هوأن,افعللّ,IVq,imperative,active,2ms,1,اِهْوَأْنِنْ
078_436,اِهْوَأَنَّ,هوأن,افعللّ,IVq,imperative,active,2d,1,اِهْوَئِنَّا
078_436,اِهْوَأَنَّ,هوأن,افعللّ,IVq,imperative,active,2mp,1,اِهْوَئِنُّوا
078_436,اِهْوَأَنَّ,هوأن,افعللّ,IVq,imperative,active,2fs,1,اِهْوَئِنِّي
078_436,اِهْوَأَنَّ,هوأن,افعللّ,IVq,imperative,active,2fp,1,اِهْوَأْنِنَّ
079_110,كَتَبَ,كتب,فعَل يفعُل,I,past,active,3ms,1,كَتَبَ
079_110,كَتَبَ,كتب,فعَل يفعُل,I,past,active,3md,1,كَتَبَا
079_110,كَتَبَ,كتب,فعَل يفعُل,I,past,active,3mp,1,كَتَبُوا
079_110,كَتَبَ,كتب,فعَل يفعُل,I,past,active,3fs,1,كَتَبَتْ
079_110,كَتَبَ,كتب,فعَل يفعُل,I,past,active,3fd,1,كَتَبَتَا
079_110,كَتَبَ,كتب,فعَل يفعُل,I,past,active,3fp,1,كَتَبْنَ
079_110,كَتَبَ,كتب,فعَل يفعُل,I,past,active,2ms,1,كَتَبْتَ
079_110,كَتَبَ,كتب,فعَل يفعُل,I,past,active,2d,1,كَتَبْتُمَا
079_110,كَتَبَ,كتب,فعَل يفعُل,I,past,active,2mp,1,كَتَبْتُمْ
079_110,كَتَبَ,كتب,فعَل يفعُل,I,past,active,2fs,1,كَتَبْتِ
079_110,كَتَبَ,كتب,فعَل يفعُل,I,past,active,2fp,1,كَتَبْتُنَّ
079_110,كَتَبَ,كتب,فعَل يفعُل,I,past,active,1s,1,كَتَبْتُ
079_110,كَتَبَ,كتب,فعَل يفعُل,I,past,active,1p,1,كَتَبْنَا
079_110,كَتَبَ,كتب,فعَل يفعُل,I,past,passive,3ms,1,كُتِبَ
079_110,كَتَبَ,كتب,فعَل يفعُل,I,past,passive,3md,1,كُتِبَا
079_110,كَتَبَ,كتب,فعَل يفعُل,I,past,passive,3mp,1,كُتِبُوا
079_110,كَتَبَ,كتب,فعَل يفعُل,I,past,passive,3fs,1,كُتِبَتْ
079_110,كَتَبَ,كتب,فعَل يفعُل,I,past,passive,3fd,1,كُتِبَتَا
079_110,كَتَبَ,كتب,فعَل يفعُل,I,past,passive,3fp,1,كُتِبْنَ
079_110,كَتَبَ,كتب,فعَل يفعُل,I,past,passive,2ms,1,كُتِبْتَ
079_110,كَتَبَ,كتب,فعَل يفعُل,I,past,passive,2d,1,كُتِبْتُمَا
079_110,كَتَبَ,كتب,فعَل يفعُل,I,past,passive,2mp,1,كُتِبْتُمْ
079_110,كَتَبَ,كتب,فعَل يفعُل,I,past,passive,2fs,1,كُتِبْتِ
079_110,كَتَبَ,كتب,فعَل يفعُل,I,past,passive,2fp,1,كُتِبْتُنَّ
079_110,كَتَبَ,كتب,فعَل يفعُل,I,past,passive,1s,1,كُتِبْتُ
079_110,كَتَبَ,كتب,فعَل يفعُل,I,past,passive,1p,1,كُتِبْنَا
079_110,كَتَبَ,كتب,فعَل يفعُل,I,indicative,active,3ms,1,يَكْتُبُ
079_110,كَتَبَ,كتب,فعَل يفعُل,I,indicative,active,3md,1,يَكْتُبَانِ
079_110,كَتَبَ,كتب,فعَل يفعُل,I,indicative,active,3mp,1,يَكْتُبُونَ
079_110,كَتَبَ,كتب,فعَل يفعُل,I,indicative,active,3fs,1,تَكْتُبُ
079_110,كَتَبَ,كتب,فعَل يفعُل,I,indicative,active,3fd,1,تَكْتُبَانِ
079_110,كَتَبَ,كتب,فعَل يفعُل,I,indicative,active,3fp,1,يَكْتُبْنَ
079_110,كَتَبَ,كتب,فعَل يفعُل,I,indicative,active,2ms,1,تَكْتُبُ
079_110,كَتَبَ,كتب,فعَل يفعُل,I,indicative,active,2d,1,تَكْتُبَانِ
079_110,كَتَبَ,كتب,فعَل يفعُل,I,indicative,active,2mp,1,تَكْتُبُونَ
079_110,كَتَبَ,كتب,فعَل يفعُل,I,indicative,active,2fs,1,تَكْتُبِينَ
079_110,كَتَبَ,كتب,فعَل يفعُل,I,indicative,active,2fp,1,تَكْتُبْنَ
079_110,كَتَبَ,كتب,فعَل يفعُل,I,indicative,active,1s,1,أَكْتُبُ
079_110,كَتَبَ,كتب,فعَل يفعُل,I,indicative,active,1p,1,نَكْتُبُ
079_110,كَتَبَ,كتب,فعَل يفعُل,I,indicative,passive,3ms,1,يُكْتَبُ
079_110,كَتَبَ,كتب,فعَل يفعُل,I,indicative,passive,3md,1,يُكْتَبَانِ
079_110,كَتَبَ,كتب,فعَل يفعُل,I,indicative,passive,3mp,1,يُكْتَبُونَ
079_110,كَتَبَ,كتب,فعَل يفعُل,I,indicative,passive,3fs,1,تُكْتَبُ
079_110,كَتَبَ,كتب,فعَل يفعُل,I,indicative,passive,3fd,1,تُكْتَبَانِ
079_110,كَتَبَ,كتب,فعَل يفعُل,I,indicative,passive,3fp,1,يُكْتَبْنَ
079_110,كَتَبَ,كتب,فعَل يفعُل,I,indicative,passive,2ms,1,تُكْتَبُ
079_110,كَتَبَ,كتب,فعَل يفعُل,I,indicative,passive,2d,1,تُكْتَبَانِ
079_110,كَتَبَ,كتب,فعَل يفعُل,I,indicative,passive,2mp,1,تُكْتَبُونَ
079_110,كَتَبَ,كتب,فعَل يفعُل,I,indicative,passive,2fs,1,تُكْتَبِينَ
079_110,كَتَبَ,كتب,فعَل يفعُل,I,indicative,passive,2fp,1,تُكْتَبْنَ
079_110,كَتَبَ,كتب,فعَل يفعُل,I,indicative,passive,1s,1,أُكْتَبُ
079_110,كَتَبَ,كتب,فعَل يفعُل,I,indicative,passive,1p,1,نُكْتَبُ
079_110,كَتَبَ,كتب,فعَل يفعُل,I,imperative,active,2ms,1,اُكْتُبْ
079_110,كَتَبَ,كتب,فعَل يفعُل,I,imperative,active,2d,1,اُكْتُبَا
079_110,كَتَبَ,كتب,فعَل يفعُل,I,imperative,active,2mp,1,اُكْتُبُوْا
079_110,كَتَبَ,كتب,فعَل يفعُل,I,imperative,active,2fs,1,اُكْتُبِي
079_110,كَتَبَ,كتب,فعَل يفعُل,I,imperative,active,2fp,1,اُكْتُبْنَ
080_130,فَتَحَ,فتح,فعَل يفعَل,I,past,active,3ms,1,فَتَحَ
080_130,فَتَحَ,فتح,فعَل يفعَل,I,past,active,3md,1,فَتَحا
080_130,فَتَحَ,فتح,فعَل يفعَل,I,past,active,3mp,1,فَتَحُوا
080_130,فَتَحَ,فتح,فعَل يفعَل,I,past,active,3fs,1,فَتَحَتْ
080_130,فَتَحَ,فتح,فعَل يفعَل,I,past,active,3fd,1,فَتَحَتا
080_130,فَتَحَ,فتح,فعَل يفعَل,I,past,active,3fp,1,فَتَحْنَ
080_130,فَتَحَ,فتح,فعَل يفعَل,I,past,active,2ms,1,فَتَحْتَ
080_130,فَتَحَ,فتح,فعَل يفعَل,I,past,active,2d,1,فَتَحْتُما
080_130,فَتَحَ,فتح,فعَل يفعَل,I,past,active,2mp,1,فَتَحْتُمْ
080_130,فَتَحَ,فتح,فعَل يفعَل,I,past,active,2fs,1,فَتَحْتِ
080_130,فَتَحَ,فتح,فعَل يفعَل,I,past,active,2fp,1,فَتَحْتُنَّ
080_130,فَتَحَ,فتح,فعَل يفعَل,I,past,active,1s,1,فَتَحْتُ
080_130,فَتَحَ,فتح,فعَل يفعَل,I,past,active,1p,1,فَتَحْنا
080_130,فَتَحَ,فتح,فعَل يفعَل,I,past,passive,3ms,1,فُتِحَ
080_130,فَتَحَ,فتح,فعَل يفعَل,I,past,passive,3md,1,فُتِحا
080_130,فَتَحَ,فتح,فعَل يفعَل,I,past,passive,3mp,1,فُتِحُوا
080_130,فَتَحَ,فتح,فعَل يفعَل,I,past,passive,3fs,1,فُتِحَتْ
080_130,فَتَحَ,فتح,فعَل يفعَل,I,past,passive,3fd,1,فُتِحَتا
080_130,فَتَحَ,فتح,فعَل يفعَل,I,past,passive,3fp,1,فُتِحْنَ
080_130,فَتَحَ,فتح,فعَل يفعَل,I,past,passive,2ms,1,فُتِحْتَ
080_130,فَتَحَ,فتح,فعَل يفعَل,I,past,passive,2d,1,فُتِحْتُما
080_130,فَتَحَ,فتح,فعَل يفعَل,I,past,passive,2mp,1,فُتِحْتُمْ
080_130,فَتَحَ,فتح,فعَل يفعَل,I,past,passive,2fs,1,فُتِحْتِ
080_130,فَتَحَ,فتح,فعَل يفعَل,I,past,passive,2fp,1,فُتِحْتُنَّ
080_130,فَتَحَ,فتح,فعَل يفعَل,I,past,passive,1s,1,فُتِحْتُ
080_130,فَتَحَ,فتح,فعَل يفعَل,I,past,passive,1p,1,فُتِحْنا
080_130,فَتَحَ,فتح,فعَل يفعَل,I,indicative,active,3ms,1,يَفْتَحُ
080_130,فَتَحَ,فتح,فعَل يفعَل,I,indicative,active,3md,1,يَفْتَحانِ
080_130,فَتَحَ,فتح,فعَل يفعَل,I,indicative,active,3mp,1,يَفْتَحُونَ
080_130,فَتَحَ,فتح,فعَل يفعَل,I,indicative,active,3fs,1,تَفْتَحُ
080_130,فَتَحَ,فتح,فعَل يفعَل,I,indicative,active,3fd,1,تَفْتَحانِ
080_130,فَتَحَ,فتح,فعَل يفعَل,I,indicative,active,3fp,1,يَفْتَحْنَ
080_130,فَتَحَ,فتح,فعَل يفعَل,I,indicative,active,2ms,1,تَفْتَحُ
080_130,فَتَحَ,فتح,فعَل يفعَل,I,indicative,active,2d,1,تَفْتَحانِ
080_130,فَتَحَ,فتح,فعَل يفعَل,I,indicative,active,2mp,1,تَفْتَحُونَ
080_130,فَتَحَ,فتح,فعَل يفعَل,I,indicative,active,2fs,1,تَفْتَحِينَ
080_130,فَتَحَ,فتح,فعَل يفعَل,I,indicative,active,2fp,1,تَفْتَحْنَ
080_130,فَتَحَ,فتح,فعَل يفعَل,I,indicative,active,1s,1,أَفْتَحُ
080_130,فَتَحَ,فتح,فعَل يفعَل,I,indicative,active,1p,1,نَفْتَحُ
080_130,فَتَحَ,فتح,فعَل يفعَل,I,indicative,passive,3ms,1,يُفْتَحُ
080_130,فَتَحَ,فتح,فعَل يفعَل,I,indicative,passive,3md,1,يُفْتَحانِ
080_130,فَتَحَ,فتح,فعَل يفعَل,I,indicative,passive,3mp,1,يُفْتَحُونَ
080_130,فَتَحَ,فتح,فعَل يفعَل,I,indicative,passive,3fs,1,تُفْتَحُ
080_130,فَتَحَ,فتح,فعَل يفعَل,I,indicative,passive,3fd,1,تُفْتَحانِ
080_130,فَتَحَ,فتح,فعَل يفعَل,I,indicative,passive,3fp,1,يُفْتَحْنَ
080_130,فَتَحَ,فتح,فعَل يفعَل,I,indicative,passive,2ms,1,تُفْتَحُ
080_130,فَتَحَ,فتح,فعَل يفعَل,I,indicative,passive,2d,1,تُفْتَحانِ
080_130,فَتَحَ,فتح,فعَل يفعَل,I,indicative,passive,2mp,1,تُفْتَحُونَ
080_130,فَتَحَ,فتح,فعَل يفعَل,I,indicative,passive,2fs,1,تُفْتَحِينَ
080_130,فَتَحَ,فتح,فعَل يفعَل,I,indicative,passive,2fp,1,تُفْتَحْنَ
080_130,فَتَحَ,فتح,فعَل يفعَل,I,indicative,passive,1s,1,أُفْتَحُ
080_130,فَتَحَ,فتح,فعَل يفعَل,I,indicative,passive,1p,1,نُفْتَحُ
080_130,فَتَحَ,فتح,فعَل يفعَل,I,imperative,active,2ms,1,اِفْتَحْ
080_130,فَتَحَ,فتح,فعَل يفعَل,I,imperative,active,2d,1,اِفْتَحا
080_130,فَتَحَ,فتح,فعَل يفعَل,I,imperative,active,2mp,1,اِفْتَحُوا
080_130,فَتَحَ,فتح,فعَل يفعَل,I,imperative,active,2fs,1,اِفْتَحي
080_130,فَتَحَ,فتح,فعَل يفعَل,I,imperative,active,2fp,1,اِفْتَحْنَ
081_160,نَعِمَ,نعم,فعِل يفعِل,I,past,active,3ms,1,نَعِمَ
081_160,نَعِمَ,نعم,فعِل يفعِل,I,past,active,3md,1,نَعِما
081_160,نَعِمَ,نعم,فعِل يفعِل,I,past,active,3mp,1,نَعِمُوا
081_160,نَعِمَ,نعم,فعِل يفعِل,I,past,active,3fs,1,نَعِمَتْ
081_160,نَعِمَ,نعم,فعِل يفعِل,I,past,active,3fd,1,نَعِمَتا
081_160,نَعِمَ,نعم,فعِل يفعِل,I,past,active,3fp,1,نَعِمْنَ
081_160,نَعِمَ,نعم,فعِل يفعِل,I,past,active,2ms,1,نَعِمْتَ
081_160,نَعِمَ,نعم,فعِل يفعِل,I,past,active,2d,1,نَعِمْتُما
081_160,نَعِمَ,نعم,فعِل يفعِل,I,past,active,2mp,1,نَعِمْتُمْ
081_160,نَعِمَ,نعم,فعِل يفعِل,I,past,active,2fs,1,نَعِمْتِ
081_160,نَعِمَ,نعم,فعِل يفعِل,I,past,active,2fp,1,نَعِمْتُنَّ
081_160,نَعِمَ,نعم,فعِل يفعِل,I,past,active,1s,1,نَعِمْتُ
081_160,نَعِمَ,نعم,فعِل يفعِل,I,past,active,1p,1,نَعِمْنا
081_160,نَعِمَ,نعم,فعِل يفعِل,I,past,passive,3ms,1,نُعِمَ
081_160,نَعِمَ,نعم,فعِل يفعِل,I,past,passive,3md,1,نُعِما
081_160,نَعِمَ,نعم,فعِل يفعِل,I,past,passive,3mp,1,نُعِمُوا
081_160,نَعِمَ,نعم,فعِل يفعِل,I,past,passive,3fs,1,نُعِمَتْ
081_160,نَعِمَ,نعم,فعِل يفعِل,I,past,passive,3fd,1,نُعِمَتا
081_160,نَعِمَ,نعم,فعِل يفعِل,I,past,passive,3fp,1,نُعِمْنَ
081_160,نَعِمَ,نعم,فعِل يفعِل,I,past,passive,2ms,1,نُعِمْتَ
081_160,نَعِمَ,نعم,فعِل يفعِل,I,past,passive,2d,1,نُعِمْتُما
081_160,نَعِمَ,نعم,فعِل يفعِل,I,past,passive,2mp,1,نُعِمْتُمْ
081_160,نَعِمَ,نعم,فعِل يفعِل,I,past,passive,2fs,1,نُعِمْتِ
081_160,نَعِمَ,نعم,فعِل يفعِل,I,past,passive,2fp,1,نُعِمْتُنَّ
081_160,نَعِمَ,نعم,فعِل يفعِل,I,past,passive,1s,1,نُعِمْتُ
081_160,نَعِمَ,نعم,فعِل يفعِل,I,past,passive,1p,1,نُعِمْنا
081_160,نَعِمَ,نعم,فعِل يفعِل,I,indicative,active,3ms,1,يَنْعِمُ
081_160,نَعِمَ,نعم,فعِل يفعِل,I,indicative,active,3md,1,يَنْعِمانِ
081_160,نَعِمَ,نعم,فعِل يفعِل,I,indicative,active,3mp,1,يَنْعِمُونَ
081_160,نَعِمَ,نعم,فعِل يفعِل,I,indicative,active,3fs,1,تَنْعِمُ
081_160,نَعِمَ,نعم,فعِل يفعِل,I,indicative,active,3fd,1,تَنْعِمانِ
081_160,نَعِمَ,نعم,فعِل يفعِل,I,indicative,active,3fp,1,يَنْعِمْنَ
081_160,نَعِمَ,نعم,فعِل يفعِل,I,indicative,active,2ms,1,تَنْعِمُ
081_160,نَعِمَ,نعم,فعِل يفعِل,I,indicative,active,2d,1,تَنْعِمانِ
081_160,نَعِمَ,نعم,فعِل يفعِل,I,indicative,active,2mp,1,تَنْعِمُونَ
081_160,نَعِمَ,نعم,فعِل يفعِل,I,indicative,active,2fs,1,تَنْعِمِينَ
081_160,نَعِمَ,نعم,فعِل يفعِل,I,indicative,active,2fp,1,تَنْعِمْنَ
081_160,نَعِمَ,نعم,فعِل يفعِل,I,indicative,active,1s,1,أَنْعِمُ
081_160,نَعِمَ,نعم,فعِل يفعِل,I,indicative,active,1p,1,نَنْعِمُ
081_160,نَعِمَ,نعم,فعِل يفعِل,I,indicative,passive,3ms,1,يُنْعَمُ
081_160,نَعِمَ,نعم,فعِل يفعِل,I,indicative,passive,3md,1,يُنْعَمانِ
081_160,نَعِمَ,نعم,فعِل يفعِل,I,indicative,passive,3mp,1,يُنْعَمُونَ
081_160,نَعِمَ,نعم,فعِل يفعِل,I,indicative,passive,3fs,1,تُنْعَمُ
081_160,نَعِمَ,نعم,فعِل يفعِل,I,indicative,passive,3fd,1,تُنْعَمانِ
081_160,نَعِمَ,نعم,فعِل يفعِل,I,indicative,passive,3fp,1,يُنْعَمْنَ
081_160,نَعِمَ,نعم,فعِل يفعِل,I,indicative,passive,2ms,1,تُنْعَمُ
081_160,نَعِمَ,نعم,فعِل يفعِل,I,indicative,passive,2d,1,تُنْعَمانِ
081_160,نَعِمَ,نعم,فعِل يفعِل,I,indicative,passive,2mp,1,تُنْعَمُونَ
081_160,نَعِمَ,نعم,فعِل يفعِل,I,indicative,passive,2fs,1,تُنْعَمِينَ
081_160,نَعِمَ,نعم,فعِل يفعِل,I,indicative,passive,2fp,1,تُنْعَمْنَ
081_160,نَعِمَ,نعم,فعِل يفعِل,I,indicative,passive,1s,1,أُنْعَمُ
081_160,نَعِمَ,نعم,فعِل يفعِل,I,indicative,passive,1p,1,نُنْعَمُ
081_160,نَعِمَ,نعم,فعِل يفعِل,I,imperative,active,2ms,1,اِنْعِمْ
081_160,نَعِمَ,نعم,فعِل يفعِل,I,imperative,active,2d,1,اِنْعِما
081_160,نَعِمَ,نعم,فعِل يفعِل,I,imperative,active,2mp,1,اِنْعِمُوا
081_160,نَعِمَ,نعم,فعِل يفعِل,I,imperative,active,2fs,1,اِنْعِمي
081_160,نَعِمَ,نعم,فعِل يفعِل,I,imperative,active,2fp,1,اِنْعِمْنَ
082_168,وَرِيَ,وري,فعِل يفعِل,I,past,active,3ms,1,وَرِيَ
082_168,وَرِيَ,وري,فعِل يفعِل,I,past,active,3md,1,وَرِيا
082_168,وَرِيَ,وري,فعِل يفعِل,I,past,active,3mp,1,وَرُوا
082_168,وَرِيَ,وري,فعِل يفعِل,I,past,active,3fs,1,وَرِيَتْ
082_168,وَرِيَ,وري,فعِل يفعِل,I,past,active,3fd,1,وَرِيَتا
082_168,وَرِيَ,وري,فعِل يفعِل,I,past,active,3fp,1,وَرِينَ
082_168,وَرِيَ,وري,فعِل يفعِل,I,past,active,2ms,1,وَرِيتَ
082_168,وَرِيَ,وري,فعِل يفعِل,I,past,active,2d,1,وَرِيتُما
082_168,وَرِيَ,وري,فعِل يفعِل,I,past,active,2mp,1,وَرِيتُمْ
082_168,وَرِيَ,وري,فعِل يفعِل,I,past,active,2fs,1,وَرِيتِ
082_168,وَرِيَ,وري,فعِل يفعِل,I,past,active,2fp,1,وَرِيتُنَّ
082_168,وَرِيَ,وري,فعِل يفعِل,I,past,active,1s,1,وَرِيتُ
082_168,وَرِيَ,وري,فعِل يفعِل,I,past,active,1p,1,وَرِينا
082_168,وَرِيَ,وري,فعِل يفعِل,I,indicative,active,3ms,1,يَرِي
082_168,وَرِيَ,وري,فعِل يفعِل,I,indicative,active,3md,1,يَرِيانِ
082_168,وَرِيَ,وري,فعِل يفعِل,I,indicative,active,3mp,1,يَرُونَ
082_168,وَرِيَ,وري,فعِل يفعِل,I,indicative,active,3fs,1,تَرِي
082_168,وَرِيَ,وري,فعِل يفعِل,I,indicative,active,3fd,1,تَرِيانِ
082_168,وَرِيَ,وري,فعِل يفعِل,I,indicative,active,3fp,1,يَرِينَ
082_168,وَرِيَ,وري,فعِل يفعِل,I,indicative,active,2ms,1,تَرِي
082_168,وَرِيَ,وري,فعِل يفعِل,I,indicative,active,2d,1,تَرِيانِ
082_168,وَرِيَ,وري,فعِل يفعِل,I,indicative,active,2mp,1,تَرُونَ
082_168,وَرِيَ,وري,فعِل يفعِل,I,indicative,active,2fs,1,تَرِينَ
082_168,وَرِيَ,وري,فعِل يفعِل,I,indicative,active,2fp,1,تَرِينَ
082_168,وَرِيَ,وري,فعِل يفعِل,I,indicative,active,1s,1,أَرِي
082_168,وَرِيَ,وري,فعِل يفعِل,I,indicative,active,1p,1,نَرِي
082_168,وَرِيَ,وري,فعِل يفعِل,I,imperative,active,2ms,1,رِ
082_168,وَرِيَ,وري,فعِل يفعِل,I,imperative,active,2d,1,رِيا
082_168,وَرِيَ,وري,فعِل يفعِل,I,imperative,active,2mp,1,رُوا
082_168,وَرِيَ,وري,فعِل يفعِل,I,imperative,active,2fs,1,رِي
082_168,وَرِيَ,وري,فعِل يفعِل,I,imperative,active,2fp,1,رِينَ
083_230,تَفَعَّلَ,فعل,تفعّل,V,past,active,3ms,1,تَفَعَّلَ
083_230,تَفَعَّلَ,فعل,تفعّل,V,past,active,3md,1,تَفَعَّلا
083_230,تَفَعَّلَ,فعل,تفعّل,V,past,active,3mp,1,تَفَعَّلُوا
083_230,تَفَعَّلَ,فعل,تفعّل,V,past,active,3fs,1,تَفَعَّلَتْ
083_230,تَفَعَّلَ,فعل,تفعّل,V,past,active,3fd,1,تَفَعَّلَتا
083_230,تَفَعَّلَ,فعل,تفعّل,V,past,active,3fp,1,تَفَعَّلْنَ
083_230,تَفَعَّلَ,فعل,تفعّل,V,past,active,2ms,1,تَفَعَّلْتَ
083_230,تَفَعَّلَ,فعل,تفعّل,V,past,active,2d,1,تَفَعَّلْتُما
083_230,تَفَعَّلَ,فعل,تفعّل,V,past,active,2mp,1,تَفَعَّلْتُمْ
083_230,تَفَعَّلَ,فعل,تفعّل,V,past,active,2fs,1,تَفَعَّلْتِ
083_230,تَفَعَّلَ,فعل,تفعّل,V,past,active,2fp,1,تَفَعَّلْتُنَّ
083_230,تَفَعَّلَ,فعل,تفعّل,V,past,active,1s,1,تَفَعَّلْتُ
083_230,تَفَعَّلَ,فعل,تفعّل,V,past,active,1p,1,تَفَعَّلْنا
083_230,تَفَعَّلَ,فعل,تفعّل,V,past,passive,3ms,1,تُفُعِّلَ
083_230,تَفَعَّلَ,فعل,تفعّل,V,past,passive,3md,1,تُفُعِّلا
083_230,تَفَعَّلَ,فعل,تفعّل,V,past,passive,3mp,1,تُفُعِّلُوا
083_230,تَفَعَّلَ,فعل,تفعّل,V,past,passive,3fs,1,تُفُعِّلَتْ
083_230,تَفَعَّلَ,فعل,تفعّل,V,past,passive,3fd,1,تُفُعِّلَتا
083_230,تَفَعَّلَ,فعل,تفعّل,V,past,passive,3fp,1,تُفُعِّلْنَ
083_230,تَفَعَّلَ,فعل,تفعّل,V,past,passive,2ms,1,تُفُعِّلْتَ
083_230,تَفَعَّلَ,فعل,تفعّل,V,past,passive,2d,1,تُفُعِّلْتُما
083_230,تَفَعَّلَ,فعل,تفعّل,V,past,passive,2mp,1,تُفُعِّلْتُمْ
083_230,تَفَعَّلَ,فعل,تفعّل,V,past,passive,2fs,1,تُفُعِّلْتِ
083_230,تَفَعَّلَ,فعل,تفعّل,V,past,passive,2fp,1,تُفُعِّلْتُنَّ
083_230,تَفَعَّلَ,فعل,تفعّل,V,past,passive,1s,1,تُفُعِّلْتُ
083_230,تَفَعَّلَ,فعل,تفعّل,V,past,passive,1p,1,تُفُعِّلْنا
083_230,تَفَعَّلَ,فعل,تفعّل,V,indicative,active,3ms,1,يَتَفَعَّلُ
083_230,تَفَعَّلَ,فعل,تفعّل,V,indicative,active,3md,1,يَتَفَعَّلانِ
083_230,تَفَعَّلَ,فعل,تفعّل,V,indicative,active,3mp,1,يَتَفَعَّلُونَ
083_230,تَفَعَّلَ,فعل,تفعّل,V,indicative,active,3fs,1,تَتَفَعَّلُ
083_230,تَفَعَّلَ,فعل,تفعّل,V,indicative,active,3fd,1,تَتَفَعَّلانِ
083_230,تَفَعَّلَ,فعل,تفعّل,V,indicative,active,3fp,1,يَتَفَعَّلْنَ
083_230,تَفَعَّلَ,فعل,تفعّل,V,indicative,active,2ms,1,تَتَفَعَّلُ
083_230,تَفَعَّلَ,فعل,تفعّل,V,indicative,active,2d,1,تَتَفَعَّلانِ
083_230,تَفَعَّلَ,فعل,تفعّل,V,indicative,active,2mp,1,تَتَفَعَّلُونَ
083_230,تَفَعَّلَ,فعل,تفعّل,V,indicative,active,2fs,1,تَتَفَعَّلِينَ
083_230,تَفَعَّلَ,فعل,تفعّل,V,indicative,active,2fp,1,تَتَفَعَّلْنَ
083_230,تَفَعَّلَ,فعل,تفعّل,V,indicative,active,1s,1,أَتَفَعَّلُ
083_230,تَفَعَّلَ,فعل,تفعّل,V,indicative,active,1p,1,نَتَفَعَّلُ
083_230,تَفَعَّلَ,فعل,تفعّل,V,indicative,passive,3ms,1,يُتَفَعَّلُ
083_230,تَفَعَّلَ,فعل,تفعّل,V,indicative,passive,3md,1,يُتَفَعَّلانِ
083_230,تَفَعَّلَ,فعل,تفعّل,V,indicative,passive,3mp,1,يُتَفَعَّلُونَ
083_230,تَفَعَّلَ,فعل,تفعّل,V,indicative,passive,3fs,1,تُتَفَعَّلُ
083_230,تَفَعَّلَ,فعل,تفعّل,V,indicative,passive,3fd,1,تُتَفَعَّلانِ
083_230,تَفَعَّلَ,فعل,تفعّل,V,indicative,passive,3fp,1,يُتَفَعَّلْنَ
083_230,تَفَعَّلَ,فعل,تفعّل,V,indicative,passive,2ms,1,تُتَفَعَّلُ
083_230,تَفَعَّلَ,فعل,تفعّل,V,indicative,passive,2d,1,تُتَفَعَّلانِ
083_230,تَفَعَّلَ,فعل,تفعّل,V,indicative,passive,2mp,1,تُتَفَعَّلُونَ
083_230,تَفَعَّلَ,فعل,تفعّل,V,indicative,passive,2fs,1,تُتَفَعَّلِينَ
083_230,تَفَعَّلَ,فعل,تفعّل,V,indicative,passive,2fp,1,تُتَفَعَّلْنَ
083_230,تَفَعَّلَ,فعل,تفعّل,V,indicative,passive,1s,1,أُتَفَعَّلُ
083_230,تَفَعَّلَ,فعل,تفعّل,V,indicative,passive,1p,1,نُتَفَعَّلُ
083_230,تَفَعَّلَ,فعل,تفعّل,V,imperative,active,2ms,1,تَفَعَّلْ
083_230,تَفَعَّلَ,فعل,تفعّل,V,imperative,active,2d,1,تَفَعَّلا
083_230,تَفَعَّلَ,فعل,تفعّل,V,imperative,active,2mp,1,تَفَعَّلُوا
083_230,تَفَعَّلَ,فعل,تفعّل,V,imperative,active,2fs,1,تَفَعَّلي
083_230,تَفَعَّلَ,فعل,تفعّل,V,imperative,active,2fp,1,تَفَعَّلْنَ
084_110,نَصَرَ,نصر,فعَل يفعُل,I,past,active,3ms,1,نَصَرَ
084_110,نَصَرَ,نصر,فعَل يفعُل,I,past,active,3md,1,نَصَرا
084_110,نَصَرَ,نصر,فعَل يفعُل,I,past,active,3mp,1,نَصَرُوا
084_110,نَصَرَ,نصر,فعَل يفعُل,I,past,active,3fs,1,نَصَرَتْ
084_110,نَصَرَ,نصر,فعَل يفعُل,I,past,active,3fd,1,نَصَرَتا
084_110,نَصَرَ,نصر,فعَل يفعُل,I,past,active,3fp,1,نَصَرْنَ
084_110,نَصَرَ,نصر,فعَل يفعُل,I,past,active,2ms,1,نَصَرْتَ
084_110,نَصَرَ,نصر,فعَل يفعُل,I,past,active,2d,1,نَصَرْتُما
084_110,نَصَرَ,نصر,فعَل يفعُل,I,past,active,2mp,1,نَصَرْتُمْ
084_110,نَصَرَ,نصر,فعَل يفعُل,I,past,active,2fs,1,نَصَرْتِ
084_110,نَصَرَ,نصر,فعَل يفعُل,I,past,active,2fp,1,نَصَرْتُنَّ
084_110,نَصَرَ,نصر,فعَل يفعُل,I,past,active,1s,1,نَصَرْتُ
084_110,نَصَرَ,نصر,فعَل يفعُل,I,past,active,1p,1,نَصَرْنا
084_110,نَصَرَ,نصر,فعَل يفعُل,I,indicative,active,3ms,1,يَنْصُرُ
084_110,نَصَرَ,نصر,فعَل يفعُل,I,indicative,active,3md,1,يَنْصُرانِ
084_110,نَصَرَ,نصر,فعَل يفعُل,I,indicative,active,3mp,1,يَنْصُرونَ
084_110,نَصَرَ,نصر,فعَل يفعُل,I,indicative,active,3fs,1,تَنْصُرُ
084_110,نَصَرَ,نصر,فعَل يفعُل,I,indicative,active,3fd,1,تَنْصُرانِ
084_110,نَصَرَ,نصر,فعَل يفعُل,I,indicative,active,3fp,1,يَنْصُرْنَ
084_110,نَصَرَ,نصر,فعَل يفعُل,I,indicative,active,2ms,1,تَنْصُرُ
084_110,نَصَرَ,نصر,فعَل يفعُل,I,indicative,active,2d,1,تَنْصُرانِ
084_110,نَصَرَ,نصر,فعَل يفعُل,I,indicative,active,2mp,1,تَنْصُرونَ
084_110,نَصَرَ,نصر,فعَل يفعُل,I,indicative,active,2fs,1,تَنْصُرينَ
084_110,نَصَرَ,نصر,فعَل يفعُل,I,indicative,active,2fp,1,تَنْصُرْنَ
084_110,نَصَرَ,نصر,فعَل يفعُل,I,indicative,active,1s,1,أَنْصُرُ
084_110,نَصَرَ,نصر,فعَل يفعُل,I,indicative,active,1p,1,نَنْصُرُ
084_110,نَصَرَ,نصر,فعَل يفعُل,I,imperative,active,2ms,1,اُنْصُرْ
084_110,نَصَرَ,نصر,فعَل يفعُل,I,imperative,active,2d,1,اُنْصُرا
084_110,نَصَرَ,نصر,فعَل يفعُل,I,imperative,active,2mp,1,اُنْصُرُوا
084_110,نَصَرَ,نصر,فعَل يفعُل,I,imperative,active,2fs,1,اُنْصُري
084_110,نَصَرَ,نصر,فعَل يفعُل,I,imperative,active,2fp,1,اُنْصُرْنَ
085_110,حَدَثَ,حدث,فعَل يفعُل,I,past,active,3ms,1,حَدَثَ
085_110,حَدَثَ,حدث,فعَل يفعُل,I,past,active,3md,1,حَدَثا
085_110,حَدَثَ,حدث,فعَل يفعُل,I,past,active,3mp,1,حَدَثُوا
085_110,حَدَثَ,حدث,فعَل يفعُل,I,past,active,3fs,1,حَدَثَتْ
085_110,حَدَثَ,حدث,فعَل يفعُل,I,past,active,3fd,1,حَدَثَتا
085_110,حَدَثَ,حدث,فعَل يفعُل,I,past,active,3fp,1,حَدَثْنَ
085_110,حَدَثَ,حدث,فعَل يفعُل,I,past,active,2ms,1,حَدَثْتَ
085_110,حَدَثَ,حدث,فعَل يفعُل,I,past,active,2d,1,حَدَثْتُما
085_110,حَدَثَ,حدث,فعَل يفعُل,I,past,active,2mp,1,حَدَثْتُمْ
085_110,حَدَثَ,حدث,فعَل يفعُل,I,past,active,2fs,1,حَدَثْتِ
085_110,حَدَثَ,حدث,فعَل يفعُل,I,past,active,2fp,1,حَدَثْتُنَّ
085_110,حَدَثَ,حدث,فعَل يفعُل,I,past,active,1s,1,حَدَثْتُ
085_110,حَدَثَ,حدث,فعَل يفعُل,I,past,active,1p,1,حَدَثْنا
085_110,حَدَثَ,حدث,فعَل يفعُل,I,indicative,active,3ms,1,يَحْدُثُ
085_110,حَدَثَ,حدث,فعَل يفعُل,I,indicative,active,3md,1,يَحْدُثانِ
085_110,حَدَثَ,حدث,فعَل يفعُل,I,indicative,active,3mp,1,يَحْدُثونَ
085_110,حَدَثَ,حدث,فعَل يفعُل,I,indicative,active,3fs,1,تَحْدُثُ
085_110,حَدَثَ,حدث,فعَل يفعُل,I,indicative,active,3fd,1,تَحْدُثانِ
085_110,حَدَثَ,حدث,فعَل يفعُل,I,indicative,active,3fp,1,يَحْدُثْنَ
085_110,حَدَثَ,حدث,فعَل يفعُل,I,indicative,active,2ms,1,تَحْدُثُ
085_110,حَدَثَ,حدث,فعَل يفعُل,I,indicative,active,2d,1,تَحْدُثانِ
085_110,حَدَثَ,حدث,فعَل يفعُل,I,indicative,active,2mp,1,تَحْدُثونَ
085_110,حَدَثَ,حدث,فعَل يفعُل,I,indicative,active,2fs,1,تَحْدُثينَ
085_110,حَدَثَ,حدث,فعَل يفعُل,I,indicative,active,2fp,1,تَحْدُثْنَ
085_110,حَدَثَ,حدث,فعَل يفعُل,I,indicative,active,1s,1,أَحْدُثُ
085_110,حَدَثَ,حدث,فعَل يفعُل,I,indicative,active,1p,1,نَحْدُثُ
085_110,حَدَثَ,حدث,فعَل يفعُل,I,imperative,active,2ms,1,اُحْدُثْ
085_110,حَدَثَ,حدث,فعَل يفعُل,I,imperative,active,2d,1,اُحْدُثا
085_110,حَدَثَ,حدث,فعَل يفعُل,I,imperative,active,2mp,1,اُحْدُثُوا
085_110,حَدَثَ,حدث,فعَل يفعُل,I,imperative,active,2fs,1,اُحْدُثي
085_110,حَدَثَ,حدث,فعَل يفعُل,I,imperative,active,2fp,1,اُحْدُثْنَ
086_205,وَحَّدَ,وحد,فعّل,II,past,active,3ms,1,وَحَّدَ
086_205,وَحَّدَ,وحد,فعّل,II,past,active,3md,1,وَحَّدا
086_205,وَحَّدَ,وحد,فعّل,II,past,active,3mp,1,وَحَّدوا
086_205,وَحَّدَ,وحد,فعّل,II,past,active,3fs,1,وَحَّدَتْ
086_205,وَحَّدَ,وحد,فعّل,II,past,active,3fd,1,وَحَّدَتا
086_205,وَحَّدَ,وحد,فعّل,II,past,active,3fp,1,وَحَّدْنَ
086_205,وَحَّدَ,وحد,فعّل,II,past,active,2ms,1,وَحَّدْتَ
086_205,وَحَّدَ,وحد,فعّل,II,past,active,2d,1,وَحَّدْتُما
086_205,وَحَّدَ,وحد,فعّل,II,past,active,2mp,1,وَحَّدْتُمْ
086_205,وَحَّدَ,وحد,فعّل,II,past,active,2fs,1,وَحَّدْتِ
086_205,وَحَّدَ,وحد,فعّل,II,past,active,2fp,1,وَحَّدْتُنَّ
086_205,وَحَّدَ,وحد,فعّل,II,past,active,1s,1,وَحَّدْتُ
086_205,وَحَّدَ,وحد,فعّل,II,past,active,1p,1,وَحَّدْنا
086_205,وَحَّدَ,وحد,فعّل,II,indicative,active,3ms,1,يُوَحِّدُ
086_205,وَحَّدَ,وحد,فعّل,II,indicative,active,3md,1,يُوَحِّدانِ
086_205,وَحَّدَ,وحد,فعّل,II,indicative,active,3mp,1,يُوَحِّدونَ
086_205,وَحَّدَ,وحد,فعّل,II,indicative,active,3fs,1,تُوَحِّدُ
086_205,وَحَّدَ,وحد,فعّل,II,indicative,active,3fd,1,تُوَحِّدانِ
086_205,وَحَّدَ,وحد,فعّل,II,indicative,active,3fp,1,يُوَحِّدْنَ
086_205,وَحَّدَ,وحد,فعّل,II,indicative,active,2ms,1,تُوَحِّدُ
086_205,وَحَّدَ,وحد,فعّل,II,indicative,active,2d,1,تُوَحِّدانِ
086_205,وَحَّدَ,وحد,فعّل,II,indicative,active,2mp,1,تُوَحِّدونَ
086_205,وَحَّدَ,وحد,فعّل,II,indicative,active,2fs,1,تُوَحِّدينَ
086_205,وَحَّدَ,وحد,فعّل,II,indicative,active,2fp,1,تُوَحِّدْنَ
086_205,وَحَّدَ,وحد,فعّل,II,indicative,active,1s,1,أُوَحِّدُ
086_205,وَحَّدَ,وحد,فعّل,II,indicative,active,1p,1,نُوَحِّدُ
086_205,وَحَّدَ,وحد,فعّل,II,imperative,active,2ms,1,وَحِّدْ
086_205,وَحَّدَ,وحد,فعّل,II,imperative,active,2d,1,وَحِّدا
086_205,وَحَّدَ,وحد,فعّل,II,imperative,active,2mp,1,وَحِّدوا
086_205,وَحَّدَ,وحد,فعّل,II,imperative,active,2fs,1,وَحِّدي
086_205,وَحَّدَ,وحد,فعّل,II,imperative,active,2fp,1,وَحِّدْنَ
087_205,يَبَّسَ,يبس,فعّل,II,past,active,3ms,1,يَبَّسَ
087_205,يَبَّسَ,يبس,فعّل,II,past,active,3md,1,يَبَّسا
087_205,يَبَّسَ,يبس,فعّل,II,past,active,3mp,1,يَبَّسوا
087_205,يَبَّسَ,يبس,فعّل,II,past,active,3fs,1,يَبَّسَتْ
087_205,يَبَّسَ,يبس,فعّل,II,past,active,3fd,1,يَبَّسَتا
087_205,يَبَّسَ,يبس,فعّل,II,past,active,3fp,1,يَبَّسْنَ
087_205,يَبَّسَ,يبس,فعّل,II,past,active,2ms,1,يَبَّسْتَ
087_205,يَبَّسَ,يبس,فعّل,II,past,active,2d,1,يَبَّسْتُما
087_205,يَبَّسَ,يبس,فعّل,II,past,active,2mp,1,يَبَّسْتُمْ
087_205,يَبَّسَ,يبس,فعّل,II,past,active,2fs,1,يَبَّسْتِ
087_205,يَبَّسَ,يبس,فعّل,II,past,active,2fp,1,يَبَّسْتُنَّ
087_205,يَبَّسَ,يبس,فعّل,II,past,active,1s,1,يَبَّسْتُ
087_205,يَبَّسَ,يبس,فعّل,II,past,active,1p,1,يَبَّسْنا
087_205,يَبَّسَ,يبس,فعّل,II,indicative,active,3ms,1,يُيَبِّسُ
087_205,يَبَّسَ,يبس,فعّل,II,indicative,active,3md,1,يُيَبِّسانِ
087_205,يَبَّسَ,يبس,فعّل,II,indicative,active,3mp,1,يُيَبِّسونَ
087_205,يَبَّسَ,يبس,فعّل,II,indicative,active,3fs,1,تُيَبِّسُ
087_205,يَبَّسَ,يبس,فعّل,II,indicative,active,3fd,1,تُيَبِّسانِ
087_205,يَبَّسَ,يبس,فعّل,II,indicative,active,3fp,1,يُيَبِّسْنَ
087_205,يَبَّسَ,يبس,فعّل,II,indicative,active,2ms,1,تُيَبِّسُ
087_205,يَبَّسَ,يبس,فعّل,II,indicative,active,2d,1,تُيَبِّسانِ
087_205,يَبَّسَ,يبس,فعّل,II,indicative,active,2mp,1,تُيَبِّسونَ
087_205,يَبَّسَ,يبس,فعّل,II,indicative,active,2fs,1,تُيَبِّسينَ
087_205,يَبَّسَ,يبس,فعّل,II,indicative,active,2fp,1,تُيَبِّسْنَ
087_205,يَبَّسَ,يبس,فعّل,II,indicative,active,1s,1,أُيَبِّسُ
087_205,يَبَّسَ,يبس,فعّل,II,indicative,active,1p,1,نُيَبِّسُ
087_205,يَبَّسَ,يبس,فعّل,II,imperative,active,2ms,1,يَبِّسْ
087_205,يَبَّسَ,يبس,فعّل,II,imperative,active,2d,1,يَبِّسا
087_205,يَبَّسَ,يبس,فعّل,II,imperative,active,2mp,1,يَبِّسوا
087_205,يَبَّسَ,يبس,فعّل,II,imperative,active,2fs,1,يَبِّسي
087_205,يَبَّسَ,يبس,فعّل,II,imperative,active,2fp,1,يَبِّسْنَ
088_206,نَوَّرَ,نور,فعّل,II,past,active,3ms,1,نَوَّرَ
088_206,نَوَّرَ,نور,فعّل,II,past,active,3md,1,نَوَّرا
088_206,نَوَّرَ,نور,فعّل,II,past,active,3mp,1,نَوَّروا
088_206,نَوَّرَ,نور,فعّل,II,past,active,3fs,1,نَوَّرَتْ
088_206,نَوَّرَ,نور,فعّل,II,past,active,3fd,1,نَوَّرَتا
088_206,نَوَّرَ,نور,فعّل,II,past,active,3fp,1,نَوَّرْنَ
088_206,نَوَّرَ,نور,فعّل,II,past,active,2ms,1,نَوَّرْتَ
088_206,نَوَّرَ,نور,فعّل,II,past,active,2d,1,نَوَّرْتُما
088_206,نَوَّرَ,نور,فعّل,II,past,active,2mp,1,نَوَّرْتُمْ
088_206,نَوَّرَ,نور,فعّل,II,past,active,2fs,1,نَوَّرْتِ
088_206,نَوَّرَ,نور,فعّل,II,past,active,2fp,1,نَوَّرْتُنَّ
088_206,نَوَّرَ,نور,فعّل,II,past,active,1s,1,نَوَّرْتُ
088_206,نَوَّرَ,نور,فعّل,II,past,active,1p,1,نَوَّرْنا
088_206,نَوَّرَ,نور,فعّل,II,indicative,active,3ms,1,يُنَوِّرُ
088_206,نَوَّرَ,نور,فعّل,II,indicative,active,3md,1,يُنَوِّرانِ
088_206,نَوَّرَ,نور,فعّل,II,indicative,active,3mp,1,يُنَوِّرونَ
088_206,نَوَّرَ,نور,فعّل,II,indicative,active,3fs,1,تُنَوِّرُ
088_206,نَوَّرَ,نور,فعّل,II,indicative,active,3fd,1,تُنَوِّرانِ
088_206,نَوَّرَ,نور,فعّل,II,indicative,active,3fp,1,يُنَوِّرْنَ
088_206,نَوَّرَ,نور,فعّل,II,indicative,active,2ms,1,تُنَوِّرُ
088_206,نَوَّرَ,نور,فعّل,II,indicative,active,2d,1,تُنَوِّرانِ
088_206,نَوَّرَ,نور,فعّل,II,indicative,active,2mp,1,تُنَوِّرونَ
088_206,نَوَّرَ,نور,فعّل,II,indicative,active,2fs,1,تُنَوِّرينَ
088_206,نَوَّرَ,نور,فعّل,II,indicative,active,2fp,1,تُنَوِّرْنَ
088_206,نَوَّرَ,نور,فعّل,II,indicative,active,1s,1,أُنَوِّرُ
088_206,نَوَّرَ,نور,فعّل,II,indicative,active,1p,1,نُنَوِّرُ
088_206,نَوَّرَ,نور,فعّل,II,imperative,active,2ms,1,نَوِّرْ
088_206,نَوَّرَ,نور,فعّل,II,imperative,active,2d,1,نَوِّرا
088_206,نَوَّرَ,نور,فعّل,II,imperative,active,2mp,1,نَوِّروا
088_206,نَوَّرَ,نور,فعّل,II,imperative,active,2fs,1,نَوِّري
088_206,نَوَّرَ,نور,فعّل,II,imperative,active,2fp,1,نَوِّرْنَ
089_206,بَيَّضَ,بيض,فعّل,II,past,active,3ms,1,بَيَّضَ
089_206,بَيَّضَ,بيض,فعّل,II,past,active,3md,1,بَيَّضا
089_206,بَيَّضَ,بيض,فعّل,II,past,active,3mp,1,بَيَّضوا
089_206,بَيَّضَ,بيض,فعّل,II,past,active,3fs,1,بَيَّضَتْ
089_206,بَيَّضَ,بيض,فعّل,II,past,active,3fd,1,بَيَّضَتا
089_206,بَيَّضَ,بيض,فعّل,II,past,active,3fp,1,بَيَّضْنَ
089_206,بَيَّضَ,بيض,فعّل,II,past,active,2ms,1,بَيَّضْتَ
089_206,بَيَّضَ,بيض,فعّل,II,past,active,2d,1,بَيَّضْتُما
089_206,بَيَّضَ,بيض,فعّل,II,past,active,2mp,1,بَيَّضْتُمْ
089_206,بَيَّضَ,بيض,فعّل,II,past,active,2fs,1,بَيَّضْتِ
089_206,بَيَّضَ,بيض,فعّل,II,past,active,2fp,1,بَيَّضْتُنَّ
089_206,بَيَّضَ,بيض,فعّل,II,past,active,1s,1,بَيَّضْتُ
089_206,بَيَّضَ,بيض,فعّل,II,past,active,1p,1,بَيَّضْنا
089_206,بَيَّضَ,بيض,فعّل,II,indicative,active,3ms,1,يُبَيِّضُ
089_206,بَيَّضَ,بيض,فعّل,II,indicative,active,3md,1,يُبَيِّضانِ
089_206,بَيَّضَ,بيض,فعّل,II,indicative,active,3mp,1,يُبَيِّضونَ
089_206,بَيَّضَ,بيض,فعّل,II,indicative,active,3fs,1,تُبَيِّضُ
089_206,بَيَّضَ,بيض,فعّل,II,indicative,active,3fd,1,تُبَيِّضانِ
089_206,بَيَّضَ,بيض,فعّل,II,indicative,active,3fp,1,يُبَيِّضْنَ
089_206,بَيَّضَ,بيض,فعّل,II,indicative,active,2ms,1,تُبَيِّضُ
089_206,بَيَّضَ,بيض,فعّل,II,indicative,active,2d,1,تُبَيِّضانِ
089_206,بَيَّضَ,بيض,فعّل,II,indicative,active,2mp,1,تُبَيِّضونَ
089_206,بَيَّضَ,بيض,فعّل,II,indicative,active,2fs,1,تُبَيِّضينَ
089_206,بَيَّضَ,بيض,فعّل,II,indicative,active,2fp,1,تُبَيِّضْنَ
089_206,بَيَّضَ,بيض,فعّل,II,indicative,active,1s,1,أُبَيِّضُ
089_206,بَيَّضَ,بيض,فعّل,II,indicative,active,1p,1,نُبَيِّضُ
089_206,بَيَّضَ,بيض,فعّل,II,imperative,active,2ms,1,بَيِّضْ
089_206,بَيَّضَ,بيض,فعّل,II,imperative,active,2d,1,بَيِّضا
089_206,بَيَّضَ,بيض,فعّل,II,imperative,active,2mp,1,بَيِّضوا
089_206,بَيَّضَ,بيض,فعّل,II,imperative,active,2fs,1,بَيِّضي
089_206,بَيَّضَ,بيض,فعّل,II,imperative,active,2fp,1,بَيِّضْنَ
090_207,بَكَّى,بكي,فعّل,II,past,active,3ms,1,بَكَّى
090_207,بَكَّى,بكي,فعّل,II,past,active,3md,1,بَكَّيا
090_207,بَكَّى,بكي,فعّل,II,past,active,3mp,1,بَكَّوْا
090_207,بَكَّى,بكي,فعّل,II,past,active,3fs,1,بَكَّتْ
090_207,بَكَّى,بكي,فعّل,II,past,active,3fd,1,بَكَّتا
090_207,بَكَّى,بكي,فعّل,II,past,active,3fp,1,بَكَّيْنَ
090_207,بَكَّى,بكي,فعّل,II,past,active,2ms,1,بَكَّيْتَ
090_207,بَكَّى,بكي,فعّل,II,past,active,2d,1,بَكَّيْتُما
090_207,بَكَّى,بكي,فعّل,II,past,active,2mp,1,بَكَّيْتُمْ
090_207,بَكَّى,بكي,فعّل,II,past,active,2fs,1,بَكَّيْتِ
090_207,بَكَّى,بكي,فعّل,II,past,active,2fp,1,بَكَّيْتُنَّ
090_207,بَكَّى,بكي,فعّل,II,past,active,1s,1,بَكَّيْتُ
090_207,بَكَّى,بكي,فعّل,II,past,active,1p,1,بَكَّيْنا
090_207,بَكَّى,بكي,فعّل,II,indicative,active,3ms,1,يُبَكِّي
090_207,بَكَّى,بكي,فعّل,II,indicative,active,3md,1,يُبَكِّيانِ
090_207,بَكَّى,بكي,فعّل,II,indicative,active,3mp,1,يُبَكّونَ
090_207,بَكَّى,بكي,فعّل,II,indicative,active,3fs,1,تُبَكِّي
090_207,بَكَّى,بكي,فعّل,II,indicative,active,3fd,1,تُبَكِّيانِ
090_207,بَكَّى,بكي,فعّل,II,indicative,active,3fp,1,يُبَكِّينَ
090_207,بَكَّى,بكي,فعّل,II,indicative,active,2ms,1,تُبَكِّي
090_207,بَكَّى,بكي,فعّل,II,indicative,active,2d,1,تُبَكِّيانِ
090_207,بَكَّى,بكي,فعّل,II,indicative,active,2mp,1,تُبَكّونَ
090_207,بَكَّى,بكي,فعّل,II,indicative,active,2fs,1,تُبَكِّينَ
090_207,بَكَّى,بكي,فعّل,II,indicative,active,2fp,1,تُبَكِّينَ
090_207,بَكَّى,بكي,فعّل,II,indicative,active,1s,1,أُبَكِّي
090_207,بَكَّى,بكي,فعّل,II,indicative,active,1p,1,نُبَكِّي
090_207,بَكَّى,بكي,فعّل,II,imperative,active,2ms,1,بَكِّ
090_207,بَكَّى,بكي,فعّل,II,imperative,active,2d,1,بَكِّيا
090_207,بَكَّى,بكي,فعّل,II,imperative,active,2mp,1,بَكُّوا
090_207,بَكَّى,بكي,فعّل,II,imperative,active,2fs,1,بَكِّي
090_207,بَكَّى,بكي,فعّل,II,imperative,active,2fp,1,بَكِّينَ
091_207,مَسَّى,مسو,فعّل,II,past,active,3ms,1,مَسَّى
091_207,مَسَّى,مسو,فعّل,II,past,active,3md,1,مَسَّيا
091_207,مَسَّى,مسو,فعّل,II,past,active,3mp,1,مَسَّوْا
091_207,مَسَّى,مسو,فعّل,II,past,active,3fs,1,مَسَّتْ
091_207,مَسَّى,مسو,فعّل,II,past,active,3fd,1,مَسَّتا
091_207,مَسَّى,مسو,فعّل,II,past,active,3fp,1,مَسَّيْنَ
091_207,مَسَّى,مسو,فعّل,II,past,active,2ms,1,مَسَّيْتَ
091_207,مَسَّى,مسو,فعّل,II,past,active,2d,1,مَسَّيْتُما
091_207,مَسَّى,مسو,فعّل,II,past,active,2mp,1,مَسَّيْتُمْ
091_207,مَسَّى,مسو,فعّل,II,past,active,2fs,1,مَسَّيْتِ
091_207,مَسَّى,مسو,فعّل,II,past,active,2fp,1,مَسَّيْتُنَّ
091_207,مَسَّى,مسو,فعّل,II,past,active,1s,1,مَسَّيْتُ
091_207,مَسَّى,مسو,فعّل,II,past,active,1p,1,مَسَّيْنا
091_207,مَسَّى,مسو,فعّل,II,indicative,active,3ms,1,يُمَسِّي
091_207,مَسَّى,مسو,فعّل,II,indicative,active,3md,1,يُمَسِّيانِ
091_207,مَسَّى,مسو,فعّل,II,indicative,active,3mp,1,يُمَسّونَ
091_207,مَسَّى,مسو,فعّل,II,indicative,active,3fs,1,تُمَسِّي
091_207,مَسَّى,مسو,فعّل,II,indicative,active,3fd,1,تُمَسِّيانِ
091_207,مَسَّى,مسو,فعّل,II,indicative,active,3fp,1,يُمَسِّينَ
091_207,مَسَّى,مسو,فعّل,II,indicative,active,2ms,1,تُمَسِّي
091_207,مَسَّى,مسو,فعّل,II,indicative,active,2d,1,تُمَسِّيانِ
091_207,مَسَّى,مسو,فعّل,II,indicative,active,2mp,1,تُمَسّونَ
091_207,مَسَّى,مسو,فعّل,II,indicative,active,2fs,1,تُمَسِّينَ
091_207,مَسَّى,مسو,فعّل,II,indicative,active,2fp,1,تُمَسِّينَ
091_207,مَسَّى,مسو,فعّل,II,indicative,active,1s,1,أُمَسِّي
091_207,مَسَّى,مسو,فعّل,II,indicative,active,1p,1,نُمَسِّي
091_207,مَسَّى,مسو,فعّل,II,imperative,active,2ms,1,مَسِّ
091_207,مَسَّى,مسو,فعّل,II,imperative,active,2d,1,مَسِّيا
091_207,مَسَّى,مسو,فعّل,II,imperative,active,2mp,1,مَسُّوا
091_207,مَسَّى,مسو,فعّل,II,imperative,active,2fs,1,مَسِّي
091_207,مَسَّى,مسو,فعّل,II,imperative,active,2fp,1,مَسِّينَ
092_209,لَوَّى,لوي,فعّل,II,past,active,3ms,1,لَوَّى
092_209,لَوَّى,لوي,فعّل,II,past,active,3md,1,لَوَّيا
092_209,لَوَّى,لوي,فعّل,II,past,active,3mp,1,لَوَّوْا
092_209,لَوَّى,لوي,فعّل,II,past,active,3fs,1,لَوَّتْ
092_209,لَوَّى,لوي,فعّل,II,past,active,3fd,1,لَوَّتا
092_209,لَوَّى,لوي,فعّل,II,past,active,3fp,1,لَوَّيْنَ
092_209,لَوَّى,لوي,فعّل,II,past,active,2ms,1,لَوَّيْتَ
092_209,لَوَّى,لوي,فعّل,II,past,active,2d,1,لَوَّيْتُما
092_209,لَوَّى,لوي,فعّل,II,past,active,2mp,1,لَوَّيْتُمْ
092_209,لَوَّى,لوي,فعّل,II,past,active,2fs,1,لَوَّيْتِ
092_209,لَوَّى,لوي,فعّل,II,past,active,2fp,1,لَوَّيْتُنَّ
092_209,لَوَّى,لوي,فعّل,II,past,active,1s,1,لَوَّيْتُ
092_209,لَوَّى,لوي,فعّل,II,past,active,1p,1,لَوَّيْنا
092_209,لَوَّى,لوي,فعّل,II,indicative,active,3ms,1,يُلَوِّي
092_209,لَوَّى,لوي,فعّل,II,indicative,active,3md,1,يُلَوِّيانِ
092_209,لَوَّى,لوي,فعّل,II,indicative,active,3mp,1,يُلَوّونَ
092_209,لَوَّى,لوي,فعّل,II,indicative,active,3fs,1,تُلَوِّي
092_209,لَوَّى,لوي,فعّل,II,indicative,active,3fd,1,تُلَوِّيانِ
092_209,لَوَّى,لوي,فعّل,II,indicative,active,3fp,1,يُلَوِّينَ
092_209,لَوَّى,لوي,فعّل,II,indicative,active,2ms,1,تُلَوِّي
092_209,لَوَّى,لوي,فعّل,II,indicative,active,2d,1,تُلَوِّيانِ
092_209,لَوَّى,لوي,فعّل,II,indicative,active,2mp,1,تُلَوّونَ
092_209,لَوَّى,لوي,فعّل,II,indicative,active,2fs,1,تُلَوِّينَ
092_209,لَوَّى,لوي,فعّل,II,indicative,active,2fp,1,تُلَوِّينَ
092_209,لَوَّى,لوي,فعّل,II,indicative,active,1s,1,أُلَوِّي
092_209,لَوَّى,لوي,فعّل,II,indicative,active,1p,1,نُلَوِّي
092_209,لَوَّى,لوي,فعّل,II,imperative,active,2ms,1,لَوِّ
092_209,لَوَّى,لوي,فعّل,II,imperative,active,2d,1,لَوِّيا
092_209,لَوَّى,لوي,فعّل,II,imperative,active,2mp,1,لَوّوا
092_209,لَوَّى,لوي,فعّل,II,imperative,active,2fs,1,لَوِّي
092_209,لَوَّى,لوي,فعّل,II,imperative,active,2fp,1,لَوِّينَ
093_209,حَيَّا,حيي,فعّل,II,past,active,3ms,1,حَيَّا
093_209,حَيَّا,حيي,فعّل,II,past,active,3md,1,حَيَّيا
093_209,حَيَّا,حيي,فعّل,II,past,active,3mp,1,حَيَّوْا
093_209,حَيَّا,حيي,فعّل,II,past,active,3fs,1,حَيَّتْ
093_209,حَيَّا,حيي,فعّل,II,past,active,3fd,1,حَيَّتا
093_209,حَيَّا,حيي,فعّل,II,past,active,3fp,1,حَيَّيْنَ
093_209,حَيَّا,حيي,فعّل,II,past,active,2ms,1,حَيَّيْتَ
093_209,حَيَّا,حيي,فعّل,II,past,active,2d,1,حَيَّيْتُما
093_209,حَيَّا,حيي,فعّل,II,past,active,2mp,1,حَيَّيْتُمْ
093_209,حَيَّا,حيي,فعّل,II,past,active,2fs,1,حَيَّيْتِ
093_209,حَيَّا,حيي,فعّل,II,past,active,2fp,1,حَيَّيْتُنَّ
093_209,حَيَّا,حيي,فعّل,II,past,active,1s,1,حَيَّيْتُ
093_209,حَيَّا,حيي,فعّل,II,past,active,1p,1,حَيَّيْنا
093_209,حَيَّا,حيي,فعّل,II,indicative,active,3ms,1,يُحَيِّي
093_209,حَيَّا,حيي,فعّل,II,indicative,active,3md,1,يُحَيِّيانِ
093_209,حَيَّا,حيي,فعّل,II,indicative,active,3mp,1,يُحَيّونَ
093_209,حَيَّا,حيي,فعّل,II,indicative,active,3fs,1,تُحَيِّي
093_209,حَيَّا,حيي,فعّل,II,indicative,active,3fd,1,تُحَيِّيانِ
093_209,حَيَّا,حيي,فعّل,II,indicative,active,3fp,1,يُحَيِّينَ
093_209,حَيَّا,حيي,فعّل,II,indicative,active,2ms,1,تُحَيِّي
093_209,حَيَّا,حيي,فعّل,II,indicative,active,2d,1,تُحَيِّيانِ
093_209,حَيَّا,حيي,فعّل,II,indicative,active,2mp,1,تُحَيّونَ
093_209,حَيَّا,حيي,فعّل,II,indicative,active,2fs,1,تُحَيِّينَ
093_209,حَيَّا,حيي,فعّل,II,indicative,active,2fp,1,تُحَيِّينَ
093_209,حَيَّا,حيي,فعّل,II,indicative,active,1s,1,أُحَيِّي
093_209,حَيَّا,حيي,فعّل,II,indicative,active,1p,1,نُحَيِّي
093_209,حَيَّا,حيي,فعّل,II,imperative,active,2ms,1,حَيِّ
093_209,حَيَّا,حيي,فعّل,II,imperative,active,2d,1,حَيِّيا
093_209,حَيَّا,حيي,فعّل,II,imperative,active,2mp,1,حَيُّوا
093_209,حَيَّا,حيي,فعّل,II,imperative,active,2fs,1,حَيِّي
093_209,حَيَّا,حيي,فعّل,II,imperative,active,2fp,1,حَيِّينَ
094_201,قَرَّرَ,قرر,فعّل,II,past,active,3ms,1,قَرَّرَ
094_201,قَرَّرَ,قرر,فعّل,II,past,active,3md,1,قَرَّرا
094_201,قَرَّرَ,قرر,فعّل,II,past,active,3mp,1,قَرَّروا
094_201,قَرَّرَ,قرر,فعّل,II,past,active,3fs,1,قَرَّرَتْ
094_201,قَرَّرَ,قرر,فعّل,II,past,active,3fd,1,قَرَّرَتا
094_201,قَرَّرَ,قرر,فعّل,II,past,active,3fp,1,قَرَّرْنَ
094_201,قَرَّرَ,قرر,فعّل,II,past,active,2ms,1,قَرَّرْتَ
094_201,قَرَّرَ,قرر,فعّل,II,past,active,2d,1,قَرَّرْتُما
094_201,قَرَّرَ,قرر,فعّل,II,past,active,2mp,1,قَرَّرْتُمْ
094_201,قَرَّرَ,قرر,فعّل,II,past,active,2fs,1,قَرَّرْتِ
094_201,قَرَّرَ,قرر,فعّل,II,past,active,2fp,1,قَرَّرْتُنَّ
094_201,قَرَّرَ,قرر,فعّل,II,past,active,1s,1,قَرَّرْتُ
094_201,قَرَّرَ,قرر,فعّل,II,past,active,1p,1,قَرَّرْنا
094_201,قَرَّرَ,قرر,فعّل,II,indicative,active,3ms,1,يُقَرِّرُ
094_201,قَرَّرَ,قرر,فعّل,II,indicative,active,3md,1,يُقَرِّرانِ
094_201,قَرَّرَ,قرر,فعّل,II,indicative,active,3mp,1,يُقَرِّرونَ
094_201,قَرَّرَ,قرر,فعّل,II,indicative,active,3fs,1,تُقَرِّرُ
094_201,قَرَّرَ,قرر,فعّل,II,indicative,active,3fd,1,تُقَرِّرانِ
094_201,قَرَّرَ,قرر,فعّل,II,indicative,active,3fp,1,يُقَرِّرْنَ
094_201,قَرَّرَ,قرر,فعّل,II,indicative,active,2ms,1,تُقَرِّرُ
094_201,قَرَّرَ,قرر,فعّل,II,indicative,active,2d,1,تُقَرِّرانِ
094_201,قَرَّرَ,قرر,فعّل,II,indicative,active,2mp,1,تُقَرِّرونَ
094_201,قَرَّرَ,قرر,فعّل,II,indicative,active,2fs,1,تُقَرِّرينَ
094_201,قَرَّرَ,قرر,فعّل,II,indicative,active,2fp,1,تُقَرِّرْنَ
094_201,قَرَّرَ,قرر,فعّل,II,indicative,active,1s,1,أُقَرِّرُ
094_201,قَرَّرَ,قرر,فعّل,II,indicative,active,1p,1,نُقَرِّرُ
094_201,قَرَّرَ,قرر,فعّل,II,imperative,active,2ms,1,قَرِّرْ
094_201,قَرَّرَ,قرر,فعّل,II,imperative,active,2d,1,قَرِّرا
094_201,قَرَّرَ,قرر,فعّل,II,imperative,active,2mp,1,قَرِّروا
094_201,قَرَّرَ,قرر,فعّل,II,imperative,active,2fs,1,قَرِّري
094_201,قَرَّرَ,قرر,فعّل,II,imperative,active,2fp,1,قَرِّرْنَ
095_201,سَبَّبَ,سبب,فعّل,II,past,active,3ms,1,سَبَّبَ
095_201,سَبَّبَ,سبب,فعّل,II,past,active,3md,1,سَبَّبا
095_201,سَبَّبَ,سبب,فعّل,II,past,active,3mp,1,سَبَّبوا
095_201,سَبَّبَ,سبب,فعّل,II,past,active,3fs,1,سَبَّبَتْ
095_201,سَبَّبَ,سبب,فعّل,II,past,active,3fd,1,سَبَّبَتا
095_201,سَبَّبَ,سبب,فعّل,II,past,active,3fp,1,سَبَّبْنَ
095_201,سَبَّبَ,سبب,فعّل,II,past,active,2ms,1,سَبَّبْتَ
095_201,سَبَّبَ,سبب,فعّل,II,past,active,2d,1,سَبَّبْتُما
095_201,سَبَّبَ,سبب,فعّل,II,past,active,2mp,1,سَبَّبْتُمْ
095_201,سَبَّبَ,سبب,فعّل,II,past,active,2fs,1,سَبَّبْتِ
095_201,سَبَّبَ,سبب,فعّل,II,past,active,2fp,1,سَبَّبْتُنَّ
095_201,سَبَّبَ,سبب,فعّل,II,past,active,1s,1,سَبَّبْتُ
095_201,سَبَّبَ,سبب,فعّل,II,past,active,1p,1,سَبَّبْنا
095_201,سَبَّبَ,سبب,فعّل,II,indicative,active,3ms,1,يُسَبِّبُ
095_201,سَبَّبَ,سبب,فعّل,II,indicative,active,3md,1,يُسَبِّبانِ
095_201,سَبَّبَ,سبب,فعّل,II,indicative,active,3mp,1,يُسَبِّبونَ
095_201,سَبَّبَ,سبب,فعّل,II,indicative,active,3fs,1,تُسَبِّبُ
095_201,سَبَّبَ,سبب,فعّل,II,indicative,active,3fd,1,تُسَبِّبانِ
095_201,سَبَّبَ,سبب,فعّل,II,indicative,active,3fp,1,يُسَبِّبْنَ
095_201,سَبَّبَ,سبب,فعّل,II,indicative,active,2ms,1,تُسَبِّبُ
095_201,سَبَّبَ,سبب,فعّل,II,indicative,active,2d,1,تُسَبِّبانِ
095_201,سَبَّبَ,سبب,فعّل,II,indicative,active,2mp,1,تُسَبِّبونَ
095_201,سَبَّبَ,سبب,فعّل,II,indicative,active,2fs,1,تُسَبِّبينَ
095_201,سَبَّبَ,سبب,فعّل,II,indicative,active,2fp,1,تُسَبِّبْنَ
095_201,سَبَّبَ,سبب,فعّل,II,indicative,active,1s,1,أُسَبِّبُ
095_201,سَبَّبَ,سبب,فعّل,II,indicative,active,1p,1,نُسَبِّبُ
095_201,سَبَّبَ,سبب,فعّل,II,imperative,active,2ms,1,سَبِّبْ
095_201,سَبَّبَ,سبب,فعّل,II,imperative,active,2d,1,سَبِّبا
095_201,سَبَّبَ,سبب,فعّل,II,imperative,active,2mp,1,سَبِّبوا
095_201,سَبَّبَ,سبب,فعّل,II,imperative,active,2fs,1,سَبِّبي
095_201,سَبَّبَ,سبب,فعّل,II,imperative,active,2fp,1,سَبِّبْنَ
096_202,أَمَّنَ,أمن,فعّل,II,past,active,3ms,1,أَمَّنَ
096_202,أَمَّنَ,أمن,فعّل,II,past,active,3md,1,أَمَّنا
096_202,أَمَّنَ,أمن,فعّل,II,past,active,3mp,1,أَمَّنوا
096_202,أَمَّنَ,أمن,فعّل,II,past,active,3fs,1,أَمَّنَتْ
096_202,أَمَّنَ,أمن,فعّل,II,past,active,3fd,1,أَمَّنَتا
096_202,أَمَّنَ,أمن,فعّل,II,past,active,3fp,1,أَمَّنَّ
096_202,أَمَّنَ,أمن,فعّل,II,past,active,2ms,1,أَمَّنْتَ
096_202,أَمَّنَ,أمن,فعّل,II,past,active,2d,1,أَمَّنْتُما
096_202,أَمَّنَ,أمن,فعّل,II,past,active,2mp,1,أَمَّنْتُمْ
096_202,أَمَّنَ,أمن,فعّل,II,past,active,2fs,1,أَمَّنْتِ
096_202,أَمَّنَ,أمن,فعّل,II,past,active,2fp,1,أَمَّنْتُنَّ
096_202,أَمَّنَ,أمن,فعّل,II,past,active,1s,1,أَمَّنْتُ
096_202,أَمَّنَ,أمن,فعّل,II,past,active,1p,1,أَمَّنَّا
096_202,أَمَّنَ,أمن,فعّل,II,indicative,active,3ms,1,يُؤَمِّنُ
096_202,أَمَّنَ,أمن,فعّل,II,indicative,active,3md,1,يُؤَمِّنانِ
096_202,أَمَّنَ,أمن,فعّل,II,indicative,active,3mp,1,يُؤَمِّنونَ
096_202,أَمَّنَ,أمن,فعّل,II,indicative,active,3fs,1,تُؤَمِّنُ
096_202,أَمَّنَ,أمن,فعّل,II,indicative,active,3fd,1,تُؤَمِّنانِ
096_202,أَمَّنَ,أمن,فعّل,II,indicative,active,3fp,1,يُؤَمِّنَّ
096_202,أَمَّنَ,أمن,فعّل,II,indicative,active,2ms,1,تُؤَمِّنُ
096_202,أَمَّنَ,أمن,فعّل,II,indicative,active,2d,1,تُؤَمِّنانِ
096_202,أَمَّنَ,أمن,فعّل,II,indicative,active,2mp,1,تُؤَمِّنونَ
096_202,أَمَّنَ,أمن,فعّل,II,indicative,active,2fs,1,تُؤَمِّنينَ
096_202,أَمَّنَ,أمن,فعّل,II,indicative,active,2fp,1,تُؤَمِّنَّ
096_202,أَمَّنَ,أمن,فعّل,II,indicative,active,1s,1,أُؤَمِّنُ
096_202,أَمَّنَ,أمن,فعّل,II,indicative,active,1p,1,نُؤَمِّنُ
096_202,أَمَّنَ,أمن,فعّل,II,imperative,active,2ms,1,أَمِّنْ
096_202,أَمَّنَ,أمن,فعّل,II,imperative,active,2d,1,أَمِّنا
096_202,أَمَّنَ,أمن,فعّل,II,imperative,active,2mp,1,أَمِّنوا
096_202,أَمَّنَ,أمن,فعّل,II,imperative,active,2fs,1,أَمِّني
096_202,أَمَّنَ,أمن,فعّل,II,imperative,active,2fp,1,أَمِّنَّ
097_202,أَجَّلَ,أجل,فعّل,II,past,active,3ms,1,أَجَّلَ
097_202,أَجَّلَ,أجل,فعّل,II,past,active,3md,1,أَجَّلا
097_202,أَجَّلَ,أجل,فعّل,II,past,active,3mp,1,أَجَّلوا
097_202,أَجَّلَ,أجل,فعّل,II,past,active,3fs,1,أَجَّلَتْ
097_202,أَجَّلَ,أجل,فعّل,II,past,active,3fd,1,أَجَّلَتا
097_202,أَجَّلَ,أجل,فعّل,II,past,active,3fp,1,أَجَّلْنَ
097_202,أَجَّلَ,أجل,فعّل,II,past,active,2ms,1,أَجَّلْتَ
097_202,أَجَّلَ,أجل,فعّل,II,past,active,2d,1,أَجَّلْتُما
097_202,أَجَّلَ,أجل,فعّل,II,past,active,2mp,1,أَجَّلْتُمْ
097_202,أَجَّلَ,أجل,فعّل,II,past,active,2fs,1,أَجَّلْتِ
097_202,أَجَّلَ,أجل,فعّل,II,past,active,2fp,1,أَجَّلْتُنَّ
097_202,أَجَّلَ,أجل,فعّل,II,past,active,1s,1,أَجَّلْتُ
097_202,أَجَّلَ,أجل,فعّل,II,past,active,1p,1,أَجَّلْنا
097_202,أَجَّلَ,أجل,فعّل,II,indicative,active,3ms,1,يُؤَجِّلُ
097_202,أَجَّلَ,أجل,فعّل,II,indicative,active,3md,1,يُؤَجِّلانِ
097_202,أَجَّلَ,أجل,فعّل,II,indicative,active,3mp,1,يُؤَجِّلونَ
097_202,أَجَّلَ,أجل,فعّل,II,indicative,active,3fs,1,تُؤَجِّلُ
097_202,أَجَّلَ,أجل,فعّل,II,indicative,active,3fd,1,تُؤَجِّلانِ
097_202,أَجَّلَ,أجل,فعّل,II,indicative,active,3fp,1,يُؤَجِّلْنَ
097_202,أَجَّلَ,أجل,فعّل,II,indicative,active,2ms,1,تُؤَجِّلُ
097_202,أَجَّلَ,أجل,فعّل,II,indicative,active,2d,1,تُؤَجِّلانِ
097_202,أَجَّلَ,أجل,فعّل,II,indicative,active,2mp,1,تُؤَجِّلونَ
097_202,أَجَّلَ,أجل,فعّل,II,indicative,active,2fs,1,تُؤَجِّلينَ
097_202,أَجَّلَ,أجل,فعّل,II,indicative,active,2fp,1,تُؤَجِّلْنَ
097_202,أَجَّلَ,أجل,فعّل,II,indicative,active,1s,1,أُؤَجِّلُ
097_202,أَجَّلَ,أجل,فعّل,II,indicative,active,1p,1,نُؤَجِّلُ
097_202,أَجَّلَ,أجل,فعّل,II,imperative,active,2ms,1,أَجِّلْ
097_202,أَجَّلَ,أجل,فعّل,II,imperative,active,2d,1,أَجِّلا
097_202,أَجَّلَ,أجل,فعّل,II,imperative,active,2mp,1,أَجِّلوا
097_202,أَجَّلَ,أجل,فعّل,II,imperative,active,2fs,1,أَجِّلي
097_202,أَجَّلَ,أجل,فعّل,II,imperative,active,2fp,1,أَجِّلْنَ
098_203,رَأَّسَ,رأس,فعّل,II,past,active,3ms,1,رَأَّسَ
098_203,رَأَّسَ,رأس,فعّل,II,past,active,3md,1,رَأَّسا
098_203,رَأَّسَ,رأس,فعّل,II,past,active,3mp,1,رَأَّسوا
098_203,رَأَّسَ,رأس,فعّل,II,past,active,3fs,1,رَأَّسَتْ
098_203,رَأَّسَ,رأس,فعّل,II,past,active,3fd,1,رَأَّسَتا
098_203,رَأَّسَ,رأس,فعّل,II,past,active,3fp,1,رَأَّسْنَ
098_203,رَأَّسَ,رأس,فعّل,II,past,active,2ms,1,رَأَّسْتَ
098_203,رَأَّسَ,رأس,فعّل,II,past,active,2d,1,رَأَّسْتُما
098_203,رَأَّسَ,رأس,فعّل,II,past,active,2mp,1,رَأَّسْتُمْ
098_203,رَأَّسَ,رأس,فعّل,II,past,active,2fs,1,رَأَّسْتِ
098_203,رَأَّسَ,رأس,فعّل,II,past,active,2fp,1,رَأَّسْتُنَّ
098_203,رَأَّسَ,رأس,فعّل,II,past,active,1s,1,رَأَّسْتُ
098_203,رَأَّسَ,رأس,فعّل,II,past,active,1p,1,رَأَّسْنا
098_203,رَأَّسَ,رأس,فعّل,II,indicative,active,3ms,1,يُرَئِّسُ
098_203,رَأَّسَ,رأس,فعّل,II,indicative,active,3md,1,يُرَئِّسانِ
098_203,رَأَّسَ,رأس,فعّل,II,indicative,active,3mp,1,يُرَئِّسونَ
098_203,رَأَّسَ,رأس,فعّل,II,indicative,active,3fs,1,تُرَئِّسُ
098_203,رَأَّسَ,رأس,فعّل,II,indicative,active,3fd,1,تُرَئِّسانِ
098_203,رَأَّسَ,رأس,فعّل,II,indicative,active,3fp,1,يُرَئِّسْنَ
098_203,رَأَّسَ,رأس,فعّل,II,indicative,active,2ms,1,تُرَئِّسُ
098_203,رَأَّسَ,رأس,فعّل,II,indicative,active,2d,1,تُرَئِّسانِ
098_203,رَأَّسَ,رأس,فعّل,II,indicative,active,2mp,1,تُرَئِّسونَ
098_203,رَأَّسَ,رأس,فعّل,II,indicative,active,2fs,1,تُرَئِّسينَ
098_203,رَأَّسَ,رأس,فعّل,II,indicative,active,2fp,1,تُرَئِّسْنَ
098_203,رَأَّسَ,رأس,فعّل,II,indicative,active,1s,1,أُرَئِّسُ
098_203,رَأَّسَ,رأس,فعّل,II,indicative,active,1p,1,نُرَئِّسُ
098_203,رَأَّسَ,رأس,فعّل,II,imperative,active,2ms,1,رَئِّسْ
098_203,رَأَّسَ,رأس,فعّل,II,imperative,active,2d,1,رَئِّسا
098_203,رَأَّسَ,رأس,فعّل,II,imperative,active,2mp,1,رَئِّسوا
098_203,رَأَّسَ,رأس,فعّل,II,imperative,active,2fs,1,رَئِّسي
098_203,رَأَّسَ,رأس,فعّل,II,imperative,active,2fp,1,رَئِّسْنَ
099_203,شَأَّمَ,شأم,فعّل,II,past,active,3ms,1,شَأَّمَ
099_203,شَأَّمَ,شأم,فعّل,II,past,active,3md,1,شَأَّما
099_203,شَأَّمَ,شأم,فعّل,II,past,active,3mp,1,شَأَّموا
099_203,شَأَّمَ,شأم,فعّل,II,past,active,3fs,1,شَأَّمَتْ
099_203,شَأَّمَ,شأم,فعّل,II,past,active,3fd,1,شَأَّمَتا
099_203,شَأَّمَ,شأم,فعّل,II,past,active,3fp,1,شَأَّمْنَ
099_203,شَأَّمَ,شأم,فعّل,II,past,active,2ms,1,شَأَّمْتَ
099_203,شَأَّمَ,شأم,فعّل,II,past,active,2d,1,شَأَّمْتُما
099_203,شَأَّمَ,شأم,فعّل,II,past,active,2mp,1,شَأَّمْتُمْ
099_203,شَأَّمَ,شأم,فعّل,II,past,active,2fs,1,شَأَّمْتِ
099_203,شَأَّمَ,شأم,فعّل,II,past,active,2fp,1,شَأَّمْتُنَّ
099_203,شَأَّمَ,شأم,فعّل,II,past,active,1s,1,شَأَّمْتُ
099_203,شَأَّمَ,شأم,فعّل,II,past,active,1p,1,شَأَّمْنا
099_203,شَأَّمَ,شأم,فعّل,II,indicative,active,3ms,1,يُشَئِّمُ
099_203,شَأَّمَ,شأم,فعّل,II,indicative,active,3md,1,يُشَئِّمانِ
099_203,شَأَّمَ,شأم,فعّل,II,indicative,active,3mp,1,يُشَئِّمونَ
099_203,شَأَّمَ,شأم,فعّل,II,indicative,active,3fs,1,تُشَئِّمُ
099_203,شَأَّمَ,شأم,فعّل,II,indicative,active,3fd,1,تُشَئِّمانِ
099_203,شَأَّمَ,شأم,فعّل,II,indicative,active,3fp,1,يُشَئِّمْنَ
099_203,شَأَّمَ,شأم,فعّل,II,indicative,active,2ms,1,تُشَئِّمُ
099_203,شَأَّمَ,شأم,فعّل,II,indicative,active,2d,1,تُشَئِّمانِ
099_203,شَأَّمَ,شأم,فعّل,II,indicative,active,2mp,1,تُشَئِّمونَ
099_203,شَأَّمَ,شأم,فعّل,II,indicative,active,2fs,1,تُشَئِّمينَ
099_203,شَأَّمَ,شأم,فعّل,II,indicative,active,2fp,1,تُشَئِّمْنَ
099_203,شَأَّمَ,شأم,فعّل,II,indicative,active,1s,1,أُشَئِّمُ
099_203,شَأَّمَ,شأم,فعّل,II,indicative,active,1p,1,نُشَئِّمُ
099_203,شَأَّمَ,شأم,فعّل,II,imperative,active,2ms,1,شَئِّمْ
099_203,شَأَّمَ,شأم,فعّل,II,imperative,active,2d,1,شَئِّما
099_203,شَأَّمَ,شأم,فعّل,II,imperative,active,2mp,1,شَئِّموا
099_203,شَأَّمَ,شأم,فعّل,II,imperative,active,2fs,1,شَئِّمي
099_203,شَأَّمَ,شأم,فعّل,II,imperative,active,2fp,1,شَئِّمْنَ
100_204,جَزَّأَ,جزأ,فعّل,II,past,active,3ms,1,جَزَّأَ
100_204,جَزَّأَ,جزأ,فعّل,II,past,active,3md,1,جَزَّآ
100_204,جَزَّأَ,جزأ,فعّل,II,past,active,3mp,1,جَزَّؤُوا
100_204,جَزَّأَ,جزأ,فعّل,II,past,active,3fs,1,جَزَّأَتْ
100_204,جَزَّأَ,جزأ,فعّل,II,past,active,3fd,1,جَزَّأَتا
100_204,جَزَّأَ,جزأ,فعّل,II,past,active,3fp,1,جَزَّأْنَ
100_204,جَزَّأَ,جزأ,فعّل,II,past,active,2ms,1,جَزَّأْتَ
100_204,جَزَّأَ,جزأ,فعّل,II,past,active,2d,1,جَزَّأْتُما
100_204,جَزَّأَ,جزأ,فعّل,II,past,active,2mp,1,جَزَّأْتُمْ
100_204,جَزَّأَ,جزأ,فعّل,II,past,active,2fs,1,جَزَّأْتِ
100_204,جَزَّأَ,جزأ,فعّل,II,past,active,2fp,1,جَزَّأْتُنَّ
100_204,جَزَّأَ,جزأ,فعّل,II,past,active,1s,1,جَزَّأْتُ
100_204,جَزَّأَ,جزأ,فعّل,II,past,active,1p,1,جَزَّأْنا
100_204,جَزَّأَ,جزأ,فعّل,II,indicative,active,3ms,1,يُجَزِّئُ
100_204,جَزَّأَ,جزأ,فعّل,II,indicative,active,3md,1,يُجَزِّئانِ
100_204,جَزَّأَ,جزأ,فعّل,II,indicative,active,3mp,1,يُجَزِّئُونَ
100_204,جَزَّأَ,جزأ,فعّل,II,indicative,active,3fs,1,تُجَزِّئُ
100_204,جَزَّأَ,جزأ,فعّل,II,indicative,active,3fd,1,تُجَزِّئانِ
100_204,جَزَّأَ,جزأ,فعّل,II,indicative,active,3fp,1,يُجَزِّئْنَ
100_204,جَزَّأَ,جزأ,فعّل,II,indicative,active,2ms,1,تُجَزِّئُ
100_204,جَزَّأَ,جزأ,فعّل,II,indicative,active,2d,1,تُجَزِّئانِ
100_204,جَزَّأَ,جزأ,فعّل,II,indicative,active,2mp,1,تُجَزِّئُونَ
100_204,جَزَّأَ,جزأ,فعّل,II,indicative,active,2fs,1,تُجَزِّئينَ
100_204,جَزَّأَ,جزأ,فعّل,II,indicative,active,2fp,1,تُجَزِّئْنَ
100_204,جَزَّأَ,جزأ,فعّل,II,indicative,active,1s,1,أُجَزِّئُ
100_204,جَزَّأَ,جزأ,فعّل,II,indicative,active,1p,1,نُجَزِّئُ
100_204,جَزَّأَ,جزأ,فعّل,II,imperative,active,2ms,1,جَزِّئْ
100_204,جَزَّأَ,جزأ,فعّل,II,imperative,active,2d,1,جَزِّئا
100_204,جَزَّأَ,جزأ,فعّل,II,imperative,active,2mp,1,جَزِّئُوا
100_204,جَزَّأَ,جزأ,فعّل,II,imperative,active,2fs,1,جَزِّئي
100_204,جَزَّأَ,جزأ,فعّل,II,imperative,active,2fp,1,جَزِّئْنَ
101_204,هَنَّأَ,هنأ,فعّل,II,past,active,3ms,1,هَنَّأَ
101_204,هَنَّأَ,هنأ,فعّل,II,past,active,3md,1,هَنَّآ
101_204,هَنَّأَ,هنأ,فعّل,II,past,active,3mp,1,هَنَّؤُوا
101_204,هَنَّأَ,هنأ,فعّل,II,past,active,3fs,1,هَنَّأَتْ
101_204,هَنَّأَ,هنأ,فعّل,II,past,active,3fd,1,هَنَّأَتا
101_204,هَنَّأَ,هنأ,فعّل,II,past,active,3fp,1,هَنَّأْنَ
101_204,هَنَّأَ,هنأ,فعّل,II,past,active,2ms,1,هَنَّأْتَ
101_204,هَنَّأَ,هنأ,فعّل,II,past,active,2d,1,هَنَّأْتُما
101_204,هَنَّأَ,هنأ,فعّل,II,past,active,2mp,1,هَنَّأْتُمْ
101_204,هَنَّأَ,هنأ,فعّل,II,past,active,2fs,1,هَنَّأْتِ
101_204,هَنَّأَ,هنأ,فعّل,II,past,active,2fp,1,هَنَّأْتُنَّ
101_204,هَنَّأَ,هنأ,فعّل,II,past,active,1s,1,هَنَّأْتُ
101_204,هَنَّأَ,هنأ,فعّل,II,past,active,1p,1,هَنَّأْنا
101_204,هَنَّأَ,هنأ,فعّل,II,indicative,active,3ms,1,يُهَنِّئُ
101_204,هَنَّأَ,هنأ,فعّل,II,indicative,active,3md,1,يُهَنِّئانِ
101_204,هَنَّأَ,هنأ,فعّل,II,indicative,active,3mp,1,يُهَنِّئُونَ
101_204,هَنَّأَ,هنأ,فعّل,II,indicative,active,3fs,1,تُهَنِّئُ
101_204,هَنَّأَ,هنأ,فعّل,II,indicative,active,3fd,1,تُهَنِّئانِ
101_204,هَنَّأَ,هنأ,فعّل,II,indicative,active,3fp,1,يُهَنِّئْنَ
101_204,هَنَّأَ,هنأ,فعّل,II,indicative,active,2ms,1,تُهَنِّئُ
101_204,هَنَّأَ,هنأ,فعّل,II,indicative,active,2d,1,تُهَنِّئانِ
101_204,هَنَّأَ,هنأ,فعّل,II,indicative,active,2mp,1,تُهَنِّئُونَ
101_204,هَنَّأَ,هنأ,فعّل,II,indicative,active,2fs,1,تُهَنِّئينَ
101_204,هَنَّأَ,هنأ,فعّل,II,indicative,active,2fp,1,تُهَنِّئْنَ
101_204,هَنَّأَ,هنأ,فعّل,II,indicative,active,1s,1,أُهَنِّئُ
101_204,هَنَّأَ,هنأ,فعّل,II,indicative,active,1p,1,نُهَنِّئُ
101_204,هَنَّأَ,هنأ,فعّل,II,imperative,active,2ms,1,هَنِّئْ
101_204,هَنَّأَ,هنأ,فعّل,II,imperative,active,2d,1,هَنِّئا
101_204,هَنَّأَ,هنأ,فعّل,II,imperative,active,2mp,1,هَنِّئُوا
101_204,هَنَّأَ,هنأ,فعّل,II,imperative,active,2fs,1,هَنِّئي
101_204,هَنَّأَ,هنأ,فعّل,II,imperative,active,2fp,1,هَنِّئْنَ
102_208,وَدَّى,ودي,فعّل,II,past,active,3ms,1,وَدَّى
102_208,وَدَّى,ودي,فعّل,II,past,active,3md,1,وَدَّيا
102_208,وَدَّى,ودي,فعّل,II,past,active,3mp,1,وَدَّوْا
102_208,وَدَّى,ودي,فعّل,II,past,active,3fs,1,وَدَّتْ
102_208,وَدَّى,ودي,فعّل,II,past,active,3fd,1,وَدَّتا
102_208,وَدَّى,ودي,فعّل,II,past,active,3fp,1,وَدَّيْنَ
102_208,وَدَّى,ودي,فعّل,II,past,active,2ms,1,وَدَّيْتَ
102_208,وَدَّى,ودي,فعّل,II,past,active,2d,1,وَدَّيْتُما
102_208,وَدَّى,ودي,فعّل,II,past,active,2mp,1,وَدَّيْتُمْ
102_208,وَدَّى,ودي,فعّل,II,past,active,2fs,1,وَدَّيْتِ
102_208,وَدَّى,ودي,فعّل,II,past,active,2fp,1,وَدَّيْتُنَّ
102_208,وَدَّى,ودي,فعّل,II,past,active,1s,1,وَدَّيْتُ
102_208,وَدَّى,ودي,فعّل,II,past,active,1p,1,وَدَّيْنا
102_208,وَدَّى,ودي,فعّل,II,indicative,active,3ms,1,يُوَدِّي
102_208,وَدَّى,ودي,فعّل,II,indicative,active,3md,1,يُوَدِّيانِ
102_208,وَدَّى,ودي,فعّل,II,indicative,active,3mp,1,يُوَدّونَ
102_208,وَدَّى,ودي,فعّل,II,indicative,active,3fs,1,تُوَدِّي
102_208,وَدَّى,ودي,فعّل,II,indicative,active,3fd,1,تُوَدِّيانِ
102_208,وَدَّى,ودي,فعّل,II,indicative,active,3fp,1,يُوَدِّينَ
102_208,وَدَّى,ودي,فعّل,II,indicative,active,2ms,1,تُوَدِّي
102_208,وَدَّى,ودي,فعّل,II,indicative,active,2d,1,تُوَدِّيانِ
102_208,وَدَّى,ودي,فعّل,II,indicative,active,2mp,1,تُوَدّونَ
102_208,وَدَّى,ودي,فعّل,II,indicative,active,2fs,1,تُوَدِّينَ
102_208,وَدَّى,ودي,فعّل,II,indicative,active,2fp,1,تُوَدِّينَ
102_208,وَدَّى,ودي,فعّل,II,indicative,active,1s,1,أُوَدِّي
102_208,وَدَّى,ودي,فعّل,II,indicative,active,1p,1,نُوَدِّي
102_208,وَدَّى,ودي,فعّل,II,imperative,active,2ms,1,وَدِّ
102_208,وَدَّى,ودي,فعّل,II,imperative,active,2d,1,وَدِّيا
102_208,وَدَّى,ودي,فعّل,II,imperative,active,2mp,1,وَدّوا
102_208,وَدَّى,ودي,فعّل,II,imperative,active,2fs,1,وَدِّي
102_208,وَدَّى,ودي,فعّل,II,imperative,active,2fp,1,وَدِّينَ
103_208,وَحَّى,وحي,فعّل,II,past,active,3ms,1,وَحَّى
103_208,وَحَّى,وحي,فعّل,II,past,active,3md,1,وَحَّيا
103_208,وَحَّى,وحي,فعّل,II,past,active,3mp,1,وَحَّوْا
103_208,وَحَّى,وحي,فعّل,II,past,active,3fs,1,وَحَّتْ
103_208,وَحَّى,وحي,فعّل,II,past,active,3fd,1,وَحَّتا
103_208,وَحَّى,وحي,فعّل,II,past,active,3fp,1,وَحَّيْنَ
103_208,وَحَّى,وحي,فعّل,II,past,active,2ms,1,وَحَّيْتَ
103_208,وَحَّى,وحي,فعّل,II,past,active,2d,1,وَحَّيْتُما
103_208,وَحَّى,وحي,فعّل,II,past,active,2mp,1,وَحَّيْتُمْ
103_208,وَحَّى,وحي,فعّل,II,past,active,2fs,1,وَحَّيْتِ
103_208,وَحَّى,وحي,فعّل,II,past,active,2fp,1,وَحَّيْتُنَّ
103_208,وَحَّى,وحي,فعّل,II,past,active,1s,1,وَحَّيْتُ
103_208,وَحَّى,وحي,فعّل,II,past,active,1p,1,وَحَّيْنا
103_208,وَحَّى,وحي,فعّل,II,indicative,active,3ms,1,يُوَحِّي
103_208,وَحَّى,وحي,فعّل,II,indicative,active,3md,1,يُوَحِّيانِ
103_208,وَحَّى,وحي,فعّل,II,indicative,active,3mp,1,يُوَحّونَ
103_208,وَحَّى,وحي,فعّل,II,indicative,active,3fs,1,تُوَحِّي
103_208,وَحَّى,وحي,فعّل,II,indicative,active,3fd,1,تُوَحِّيانِ
103_208,وَحَّى,وحي,فعّل,II,indicative,active,3fp,1,يُوَحِّينَ
103_208,وَحَّى,وحي,فعّل,II,indicative,active,2ms,1,تُوَحِّي
103_208,وَحَّى,وحي,فعّل,II,indicative,active,2d,1,تُوَحِّيانِ
103_208,وَحَّى,وحي,فعّل,II,indicative,active,2mp,1,تُوَحّونَ
103_208,وَحَّى,وحي,فعّل,II,indicative,active,2fs,1,تُوَحِّينَ
103_208,وَحَّى,وحي,فعّل,II,indicative,active,2fp,1,تُوَحِّينَ
103_208,وَحَّى,وحي,فعّل,II,indicative,active,1s,1,أُوَحِّي
103_208,وَحَّى,وحي,فعّل,II,indicative,active,1p,1,نُوَحِّي
103_208,وَحَّى,وحي,فعّل,II,imperative,active,2ms,1,وَحِّ
103_208,وَحَّى,وحي,فعّل,II,imperative,active,2d,1,وَحِّيا
103_208,وَحَّى,وحي,فعّل,II,imperative,active,2mp,1,وَحّوا
103_208,وَحَّى,وحي,فعّل,II,imperative,active,2fs,1,وَحِّي
103_208,وَحَّى,وحي,فعّل,II,imperative,active,2fp,1,وَحِّينَ
104_230,تَجَرَّدَ,جرد,تفعّل,V,past,active,3ms,1,تَجَرَّدَ
104_230,تَجَرَّدَ,جرد,تفعّل,V,past,active,3md,1,تَجَرَّدا
104_230,تَجَرَّدَ,جرد,تفعّل,V,past,active,3mp,1,تَجَرَّدوا
104_230,تَجَرَّدَ,جرد,تفعّل,V,past,active,3fs,1,تَجَرَّدَتْ
104_230,تَجَرَّدَ,جرد,تفعّل,V,past,active,3fd,1,تَجَرَّدَتا
104_230,تَجَرَّدَ,جرد,تفعّل,V,past,active,3fp,1,تَجَرَّدْنَ
104_230,تَجَرَّدَ,جرد,تفعّل,V,past,active,2ms,1,تَجَرَّدْتَ
104_230,تَجَرَّدَ,جرد,تفعّل,V,past,active,2d,1,تَجَرَّدْتُما
104_230,تَجَرَّدَ,جرد,تفعّل,V,past,active,2mp,1,تَجَرَّدْتُمْ
104_230,تَجَرَّدَ,جرد,تفعّل,V,past,active,2fs,1,تَجَرَّدْتِ
104_230,تَجَرَّدَ,جرد,تفعّل,V,past,active,2fp,1,تَجَرَّدْتُنَّ
104_230,تَجَرَّدَ,جرد,تفعّل,V,past,active,1s,1,تَجَرَّدْتُ
104_230,تَجَرَّدَ,جرد,تفعّل,V,past,active,1p,1,تَجَرَّدْنا
104_230,تَجَرَّدَ,جرد,تفعّل,V,indicative,active,3ms,1,يَتَجَرَّدُ
104_230,تَجَرَّدَ,جرد,تفعّل,V,indicative,active,3md,1,يَتَجَرَّدانِ
104_230,تَجَرَّدَ,جرد,تفعّل,V,indicative,active,3mp,1,يَتَجَرَّدونَ
104_230,تَجَرَّدَ,جرد,تفعّل,V,indicative,active,3fs,1,تَتَجَرَّدُ
104_230,تَجَرَّدَ,جرد,تفعّل,V,indicative,active,3fd,1,تَتَجَرَّدانِ
104_230,تَجَرَّدَ,جرد,تفعّل,V,indicative,active,3fp,1,يَتَجَرَّدْنَ
104_230,تَجَرَّدَ,جرد,تفعّل,V,indicative,active,2ms,1,تَتَجَرَّدُ
104_230,تَجَرَّدَ,جرد,تفعّل,V,indicative,active,2d,1,تَتَجَرَّدانِ
104_230,تَجَرَّدَ,جرد,تفعّل,V,indicative,active,2mp,1,تَتَجَرَّدونَ
104_230,تَجَرَّدَ,جرد,تفعّل,V,indicative,active,2fs,1,تَتَجَرَّدينَ
104_230,تَجَرَّدَ,جرد,تفعّل,V,indicative,active,2fp,1,تَتَجَرَّدْنَ
104_230,تَجَرَّدَ,جرد,تفعّل,V,indicative,active,1s,1,أَتَجَرَّدُ
104_230,تَجَرَّدَ,جرد,تفعّل,V,indicative,active,1p,1,نَتَجَرَّدُ
104_230,تَجَرَّدَ,جرد,تفعّل,V,imperative,active,2ms,1,تَجَرَّدْ
104_230,تَجَرَّدَ,جرد,تفعّل,V,imperative,active,2d,1,تَجَرَّدا
104_230,تَجَرَّدَ,جرد,تفعّل,V,imperative,active,2mp,1,تَجَرَّدوا
104_230,تَجَرَّدَ,جرد,تفعّل,V,imperative,active,2fs,1,تَجَرَّدي
104_230,تَجَرَّدَ,جرد,تفعّل,V,imperative,active,2fp,1,تَجَرَّدْنَ
105_230,تَزَعَّمَ,زعم,تفعّل,V,past,active,3ms,1,تَزَعَّمَ
105_230,تَزَعَّمَ,زعم,تفعّل,V,past,active,3md,1,تَزَعَّما
105_230,تَزَعَّمَ,زعم,تفعّل,V,past,active,3mp,1,تَزَعَّموا
105_230,تَزَعَّمَ,زعم,تفعّل,V,past,active,3fs,1,تَزَعَّمَتْ
105_230,تَزَعَّمَ,زعم,تفعّل,V,past,active,3fd,1,تَزَعَّمَتا
105_230,تَزَعَّمَ,زعم,تفعّل,V,past,active,3fp,1,تَزَعَّمْنَ
105_230,تَزَعَّمَ,زعم,تفعّل,V,past,active,2ms,1,تَزَعَّمْتَ
105_230,تَزَعَّمَ,زعم,تفعّل,V,past,active,2d,1,تَزَعَّمْتُما
105_230,تَزَعَّمَ,زعم,تفعّل,V,past,active,2mp,1,تَزَعَّمْتُمْ
105_230,تَزَعَّمَ,زعم,تفعّل,V,past,active,2fs,1,تَزَعَّمْتِ
105_230,تَزَعَّمَ,زعم,تفعّل,V,past,active,2fp,1,تَزَعَّمْتُنَّ
105_230,تَزَعَّمَ,زعم,تفعّل,V,past,active,1s,1,تَزَعَّمْتُ
105_230,تَزَعَّمَ,زعم,تفعّل,V,past,active,1p,1,تَزَعَّمْنا
105_230,تَزَعَّمَ,زعم,تفعّل,V,indicative,active,3ms,1,يَتَزَعَّمُ
105_230,تَزَعَّمَ,زعم,تفعّل,V,indicative,active,3md,1,يَتَزَعَّمانِ
105_230,تَزَعَّمَ,زعم,تفعّل,V,indicative,active,3mp,1,يَتَزَعَّمونَ
105_230,تَزَعَّمَ,زعم,تفعّل,V,indicative,active,3fs,1,تَتَزَعَّمُ
105_230,تَزَعَّمَ,زعم,تفعّل,V,indicative,active,3fd,1,تَتَزَعَّمانِ
105_230,تَزَعَّمَ,زعم,تفعّل,V,indicative,active,3fp,1,يَتَزَعَّمْنَ
105_230,تَزَعَّمَ,زعم,تفعّل,V,indicative,active,2ms,1,تَتَزَعَّمُ
105_230,تَزَعَّمَ,زعم,تفعّل,V,indicative,active,2d,1,تَتَزَعَّمانِ
105_230,تَزَعَّمَ,زعم,تفعّل,V,indicative,active,2mp,1,تَتَزَعَّمونَ
105_230,تَزَعَّمَ,زعم,تفعّل,V,indicative,active,2fs,1,تَتَزَعَّمينَ
105_230,تَزَعَّمَ,زعم,تفعّل,V,indicative,active,2fp,1,تَتَزَعَّمْنَ
105_230,تَزَعَّمَ,زعم,تفعّل,V,indicative,active,1s,1,أَتَزَعَّمُ
105_230,تَزَعَّمَ,زعم,تفعّل,V,indicative,active,1p,1,نَتَزَعَّمُ
105_230,تَزَعَّمَ,زعم,تفعّل,V,imperative,active,2ms,1,تَزَعَّمْ
105_230,تَزَعَّمَ,زعم,تفعّل,V,imperative,active,2d,1,تَزَعَّما
105_230,تَزَعَّمَ,زعم,تفعّل,V,imperative,active,2mp,1,تَزَعَّموا
105_230,تَزَعَّمَ,زعم,تفعّل,V,imperative,active,2fs,1,تَزَعَّمي
105_230,تَزَعَّمَ,زعم,تفعّل,V,imperative,active,2fp,1,تَزَعَّمْنَ
106_231,تَخَفَّفَ,خفف,تفعّل,V,past,active,3ms,1,تَخَفَّفَ
106_231,تَخَفَّفَ,خفف,تفعّل,V,past,active,3md,1,تَخَفَّفا
106_231,تَخَفَّفَ,خفف,تفعّل,V,past,active,3mp,1,تَخَفَّفوا
106_231,تَخَفَّفَ,خفف,تفعّل,V,past,active,3fs,1,تَخَفَّفَتْ
106_231,تَخَفَّفَ,خفف,تفعّل,V,past,active,3fd,1,تَخَفَّفَتا
106_231,تَخَفَّفَ,خفف,تفعّل,V,past,active,3fp,1,تَخَفَّفْنَ
106_231,تَخَفَّفَ,خفف,تفعّل,V,past,active,2ms,1,تَخَفَّفْتَ
106_231,تَخَفَّفَ,خفف,تفعّل,V,past,active,2d,1,تَخَفَّفْتُما
106_231,تَخَفَّفَ,خفف,تفعّل,V,past,active,2mp,1,تَخَفَّفْتُمْ
106_231,تَخَفَّفَ,خفف,تفعّل,V,past,active,2fs,1,تَخَفَّفْتِ
106_231,تَخَفَّفَ,خفف,تفعّل,V,past,active,2fp,1,تَخَفَّفْتُنَّ
106_231,تَخَفَّفَ,خفف,تفعّل,V,past,active,1s,1,تَخَفَّفْتُ
106_231,تَخَفَّفَ,خفف,تفعّل,V,past,active,1p,1,تَخَفَّفْنا
106_231,تَخَفَّفَ,خفف,تفعّل,V,indicative,active,3ms,1,يَتَخَفَّفُ
106_231,تَخَفَّفَ,خفف,تفعّل,V,indicative,active,3md,1,يَتَخَفَّفانِ
106_231,تَخَفَّفَ,خفف,تفعّل,V,indicative,active,3mp,1,يَتَخَفَّفونَ
106_231,تَخَفَّفَ,خفف,تفعّل,V,indicative,active,3fs,1,تَتَخَفَّفُ
106_231,تَخَفَّفَ,خفف,تفعّل,V,indicative,active,3fd,1,تَتَخَفَّفانِ
106_231,تَخَفَّفَ,خفف,تفعّل,V,indicative,active,3fp,1,يَتَخَفَّفْنَ
106_231,تَخَفَّفَ,خفف,تفعّل,V,indicative,active,2ms,1,تَتَخَفَّفُ
106_231,تَخَفَّفَ,خفف,تفعّل,V,indicative,active,2d,1,تَتَخَفَّفانِ
106_231,تَخَفَّفَ,خفف,تفعّل,V,indicative,active,2mp,1,تَتَخَفَّفونَ
106_231,تَخَفَّفَ,خفف,تفعّل,V,indicative,active,2fs,1,تَتَخَفَّفينَ
106_231,تَخَفَّفَ,خفف,تفعّل,V,indicative,active,2fp,1,تَتَخَفَّفْنَ
106_231,تَخَفَّفَ,خفف,تفعّل,V,indicative,active,1s,1,أَتَخَفَّفُ
106_231,تَخَفَّفَ,خفف,تفعّل,V,indicative,active,1p,1,نَتَخَفَّفُ
106_231,تَخَفَّفَ,خفف,تفعّل,V,imperative,active,2ms,1,تَخَفَّفْ
106_231,تَخَفَّفَ,خفف,تفعّل,V,imperative,active,2d,1,تَخَفَّفا
106_231,تَخَفَّفَ,خفف,تفعّل,V,imperative,active,2mp,1,تَخَفَّفوا
106_231,تَخَفَّفَ,خفف,تفعّل,V,imperative,active,2fs,1,تَخَفَّفي
106_231,تَخَفَّفَ,خفف,تفعّل,V,imperative,active,2fp,1,تَخَفَّفْنَ
107_231,تَحَدَّدَ,حدد,تفعّل,V,past,active,3ms,1,تَحَدَّدَ
107_231,تَحَدَّدَ,حدد,تفعّل,V,past,active,3md,1,تَحَدَّدا
107_231,تَحَدَّدَ,حدد,تفعّل,V,past,active,3mp,1,تَحَدَّدوا
107_231,تَحَدَّدَ,حدد,تفعّل,V,past,active,3fs,1,تَحَدَّدَتْ
107_231,تَحَدَّدَ,حدد,تفعّل,V,past,active,3fd,1,تَحَدَّدَتا
107_231,تَحَدَّدَ,حدد,تفعّل,V,past,active,3fp,1,تَحَدَّدْنَ
107_231,تَحَدَّدَ,حدد,تفعّل,V,past,active,2ms,1,تَحَدَّدْتَ
107_231,تَحَدَّدَ,حدد,تفعّل,V,past,active,2d,1,تَحَدَّدْتُما
107_231,تَحَدَّدَ,حدد,تفعّل,V,past,active,2mp,1,تَحَدَّدْتُمْ
107_231,تَحَدَّدَ,حدد,تفعّل,V,past,active,2fs,1,تَحَدَّدْتِ
107_231,تَحَدَّدَ,حدد,تفعّل,V,past,active,2fp,1,تَحَدَّدْتُنَّ
107_231,تَحَدَّدَ,حدد,تفعّل,V,past,active,1s,1,تَحَدَّدْتُ
107_231,تَحَدَّدَ,حدد,تفعّل,V,past,active,1p,1,تَحَدَّدْنا
107_231,تَحَدَّدَ,حدد,تفعّل,V,indicative,active,3ms,1,يَتَحَدَّدُ
107_231,تَحَدَّدَ,حدد,تفعّل,V,indicative,active,3md,1,يَتَحَدَّدانِ
107_231,تَحَدَّدَ,حدد,تفعّل,V,indicative,active,3mp,1,يَتَحَدَّدونَ
107_231,تَحَدَّدَ,حدد,تفعّل,V,indicative,active,3fs,1,تَتَحَدَّدُ
107_231,تَحَدَّدَ,حدد,تفعّل,V,indicative,active,3fd,1,تَتَحَدَّدانِ
107_231,تَحَدَّدَ,حدد,تفعّل,V,indicative,active,3fp,1,يَتَحَدَّدْنَ
107_231,تَحَدَّدَ,حدد,تفعّل,V,indicative,active,2ms,1,تَتَحَدَّدُ
107_231,تَحَدَّدَ,حدد,تفعّل,V,indicative,active,2d,1,تَتَحَدَّدانِ
107_231,تَحَدَّدَ,حدد,تفعّل,V,indicative,active,2mp,1,تَتَحَدَّدونَ
107_231,تَحَدَّدَ,حدد,تفعّل,V,indicative,active,2fs,1,تَتَحَدَّدينَ
107_231,تَحَدَّدَ,حدد,تفعّل,V,indicative,active,2fp,1,تَتَحَدَّدْنَ
107_231,تَحَدَّدَ,حدد,تفعّل,V,indicative,active,1s,1,أَتَحَدَّدُ
107_231,تَحَدَّدَ,حدد,تفعّل,V,indicative,active,1p,1,نَتَحَدَّدُ
107_231,تَحَدَّدَ,حدد,تفعّل,V,imperative,active,2ms,1,تَحَدَّدْ
107_231,تَحَدَّدَ,حدد,تفعّل,V,imperative,active,2d,1,تَحَدَّدا
107_231,تَحَدَّدَ,حدد,تفعّل,V,imperative,active,2mp,1,تَحَدَّدوا
107_231,تَحَدَّدَ,حدد,تفعّل,V,imperative,active,2fs,1,تَحَدَّدي
107_231,تَحَدَّدَ,حدد,تفعّل,V,imperative,active,2fp,1,تَحَدَّدْنَ
108_232,تَأَهَّلَ,أهل,تفعّل,V,past,active,3ms,1,تَأَهَّلَ
108_232,تَأَهَّلَ,أهل,تفعّل,V,past,active,3md,1,تَأَهَّلا
108_232,تَأَهَّلَ,أهل,تفعّل,V,past,active,3mp,1,تَأَهَّلوا
108_232,تَأَهَّلَ,أهل,تفعّل,V,past,active,3fs,1,تَأَهَّلَتْ
108_232,تَأَهَّلَ,أهل,تفعّل,V,past,active,3fd,1,تَأَهَّلَتا
108_232,تَأَهَّلَ,أهل,تفعّل,V,past,active,3fp,1,تَأَهَّلْنَ
108_232,تَأَهَّلَ,أهل,تفعّل,V,past,active,2ms,1,تَأَهَّلْتَ
108_232,تَأَهَّلَ,أهل,تفعّل,V,past,active,2d,1,تَأَهَّلْتُما
108_232,تَأَهَّلَ,أهل,تفعّل,V,past,active,2mp,1,تَأَهَّلْتُمْ
108_232,تَأَهَّلَ,أهل,تفعّل,V,past,active,2fs,1,تَأَهَّلْتِ
108_232,تَأَهَّلَ,أهل,تفعّل,V,past,active,2fp,1,تَأَهَّلْتُنَّ
108_232,تَأَهَّلَ,أهل,تفعّل,V,past,active,1s,1,تَأَهَّلْتُ
108_232,تَأَهَّلَ,أهل,تفعّل,V,past,active,1p,1,تَأَهَّلْنا
108_232,تَأَهَّلَ,أهل,تفعّل,V,indicative,active,3ms,1,يَتَأَهَّلُ
108_232,تَأَهَّلَ,أهل,تفعّل,V,indicative,active,3md,1,يَتَأَهَّلانِ
108_232,تَأَهَّلَ,أهل,تفعّل,V,indicative,active,3mp,1,يَتَأَهَّلونَ
108_232,تَأَهَّلَ,أهل,تفعّل,V,indicative,active,3fs,1,تَتَأَهَّلُ
108_232,تَأَهَّلَ,أهل,تفعّل,V,indicative,active,3fd,1,تَتَأَهَّلانِ
108_232,تَأَهَّلَ,أهل,تفعّل,V,indicative,active,3fp,1,يَتَأَهَّلْنَ
108_232,تَأَهَّلَ,أهل,تفعّل,V,indicative,active,2ms,1,تَتَأَهَّلُ
108_232,تَأَهَّلَ,أهل,تفعّل,V,indicative,active,2d,1,تَتَأَهَّلانِ
108_232,تَأَهَّلَ,أهل,تفعّل,V,indicative,active,2mp,1,تَتَأَهَّلونَ
108_232,تَأَهَّلَ,أهل,تفعّل,V,indicative,active,2fs,1,تَتَأَهَّلينَ
108_232,تَأَهَّلَ,أهل,تفعّل,V,indicative,active,2fp,1,تَتَأَهَّلْنَ
108_232,تَأَهَّلَ,أهل,تفعّل,V,indicative,active,1s,1,أَتَأَهَّلُ
108_232,تَأَهَّلَ,أهل,تفعّل,V,indicative,active,1p,1,نَتَأَهَّلُ
108_232,تَأَهَّلَ,أهل,تفعّل,V,imperative,active,2ms,1,تَأَهَّلْ
108_232,تَأَهَّلَ,أهل,تفعّل,V,imperative,active,2d,1,تَأَهَّلا
108_232,تَأَهَّلَ,أهل,تفعّل,V,imperative,active,2mp,1,تَأَهَّلوا
108_232,تَأَهَّلَ,أهل,تفعّل,V,imperative,active,2fs,1,تَأَهَّلي
108_232,تَأَهَّلَ,أهل,تفعّل,V,imperative,active,2fp,1,تَأَهَّلْنَ
109_232,تَأَبَّطَ,أبط,تفعّل,V,past,active,3ms,1,تَأَبَّطَ
109_232,تَأَبَّطَ,أبط,تفعّل,V,past,active,3md,1,تَأَبَّطا
109_232,تَأَبَّطَ,أبط,تفعّل,V,past,active,3mp,1,تَأَبَّطوا
109_232,تَأَبَّطَ,أبط,تفعّل,V,past,active,3fs,1,تَأَبَّطَتْ
109_232,تَأَبَّطَ,أبط,تفعّل,V,past,active,3fd,1,تَأَبَّطَتا
109_232,تَأَبَّطَ,أبط,تفعّل,V,past,active,3fp,1,تَأَبَّطْنَ
109_232,تَأَبَّطَ,أبط,تفعّل,V,past,active,2ms,1,تَأَبَّطْتَ
109_232,تَأَبَّطَ,أبط,تفعّل,V,past,active,2d,1,تَأَبَّطْتُما
109_232,تَأَبَّطَ,أبط,تفعّل,V,past,active,2mp,1,تَأَبَّطْتُمْ
109_232,تَأَبَّطَ,أبط,تفعّل,V,past,active,2fs,1,تَأَبَّطْتِ
109_232,تَأَبَّطَ,أبط,تفعّل,V,past,active,2fp,1,تَأَبَّطْتُنَّ
109_232,تَأَبَّطَ,أبط,تفعّل,V,past,active,1s,1,تَأَبَّطْتُ
109_232,تَأَبَّطَ,أبط,تفعّل,V,past,active,1p,1,تَأَبَّطْنا
109_232,تَأَبَّطَ,أبط,تفعّل,V,indicative,active,3ms,1,يَتَأَبَّطُ
109_232,تَأَبَّطَ,أبط,تفعّل,V,indicative,active,3md,1,يَتَأَبَّطانِ
109_232,تَأَبَّطَ,أبط,تفعّل,V,indicative,active,3mp,1,يَتَأَبَّطونَ
109_232,تَأَبَّطَ,أبط,تفعّل,V,indicative,active,3fs,1,تَتَأَبَّطُ
109_232,تَأَبَّطَ,أبط,تفعّل,V,indicative,active,3fd,1,تَتَأَبَّطانِ
109_232,تَأَبَّطَ,أبط,تفعّل,V,indicative,active,3fp,1,يَتَأَبَّطْنَ
109_232,تَأَبَّطَ,أبط,تفعّل,V,indicative,active,2ms,1,تَتَأَبَّطُ
109_232,تَأَبَّطَ,أبط,تفعّل,V,indicative,active,2d,1,تَتَأَبَّطانِ
109_232,تَأَبَّطَ,أبط,تفعّل,V,indicative,active,2mp,1,تَتَأَبَّطونَ
109_232,تَأَبَّطَ,أبط,تفعّل,V,indicative,active,2fs,1,تَتَأَبَّطينَ
109_232,تَأَبَّطَ,أبط,تفعّل,V,indicative,active,2fp,1,تَتَأَبَّطْنَ
109_232,تَأَبَّطَ,أبط,تفعّل,V,indicative,active,1s,1,أَتَأَبَّطُ
109_232,تَأَبَّطَ,أبط,تفعّل,V,indicative,active,1p,1,نَتَأَبَّطُ
109_232,تَأَبَّطَ,أبط,تفعّل,V,imperative,active,2ms,1,تَأَبَّطْ
109_232,تَأَبَّطَ,أبط,تفعّل,V,imperative,active,2d,1,تَأَبَّطا
109_232,تَأَبَّطَ,أبط,تفعّل,V,imperative,active,2mp,1,تَأَبَّطوا
109_232,تَأَبَّطَ,أبط,تفعّل,V,imperative,active,2fs,1,تَأَبَّطي
109_232,تَأَبَّطَ,أبط,تفعّل,V,imperative,active,2fp,1,تَأَبَّطْنَ
110_233,تَرَأَّفَ,رأف,تفعّل,V,past,active,3ms,1,تَرَأَّفَ
110_233,تَرَأَّفَ,رأف,تفعّل,V,past,active,3md,1,تَرَأَّفا
110_233,تَرَأَّفَ,رأف,تفعّل,V,past,active,3mp,1,تَرَأَّفوا
110_233,تَرَأَّفَ,رأف,تفعّل,V,past,active,3fs,1,تَرَأَّفَتْ
110_233,تَرَأَّفَ,رأف,تفعّل,V,past,active,3fd,1,تَرَأَّفَتا
110_233,تَرَأَّفَ,رأف,تفعّل,V,past,active,3fp,1,تَرَأَّفْنَ
110_233,تَرَأَّفَ,رأف,تفعّل,V,past,active,2ms,1,تَرَأَّفْتَ
110_233,تَرَأَّفَ,رأف,تفعّل,V,past,active,2d,1,تَرَأَّفْتُما
110_233,تَرَأَّفَ,رأف,تفعّل,V,past,active,2mp,1,تَرَأَّفْتُمْ
110_233,تَرَأَّفَ,رأف,تفعّل,V,past,active,2fs,1,تَرَأَّفْتِ
110_233,تَرَأَّفَ,رأف,تفعّل,V,past,active,2fp,1,تَرَأَّفْتُنَّ
110_233,تَرَأَّفَ,رأف,تفعّل,V,past,active,1s,1,تَرَأَّفْتُ
110_233,تَرَأَّفَ,رأف,تفعّل,V,past,active,1p,1,تَرَأَّفْنا
110_233,تَرَأَّفَ,رأف,تفعّل,V,indicative,active,3ms,1,يَتَرَأَّفُ
110_233,تَرَأَّفَ,رأف,تفعّل,V,indicative,active,3md,1,يَتَرَأَّفانِ
110_233,تَرَأَّفَ,رأف,تفعّل,V,indicative,active,3mp,1,يَتَرَأَّفونَ
110_233,تَرَأَّفَ,رأف,تفعّل,V,indicative,active,3fs,1,تَتَرَأَّفُ
110_233,تَرَأَّفَ,رأف,تفعّل,V,indicative,active,3fd,1,تَتَرَأَّفانِ
110_233,تَرَأَّفَ,رأف,تفعّل,V,indicative,active,3fp,1,يَتَرَأَّفْنَ
110_233,تَرَأَّفَ,رأف,تفعّل,V,indicative,active,2ms,1,تَتَرَأَّفُ
110_233,تَرَأَّفَ,رأف,تفعّل,V,indicative,active,2d,1,تَتَرَأَّفانِ
110_233,تَرَأَّفَ,رأف,تفعّل,V,indicative,active,2mp,1,تَتَرَأَّفونَ
110_233,تَرَأَّفَ,رأف,تفعّل,V,indicative,active,2fs,1,تَتَرَأَّفينَ
110_233,تَرَأَّفَ,رأف,تفعّل,V,indicative,active,2fp,1,تَتَرَأَّفْنَ
110_233,تَرَأَّفَ,رأف,تفعّل,V,indicative,active,1s,1,أَتَرَأَّفُ
110_233,تَرَأَّفَ,رأف,تفعّل,V,indicative,active,1p,1,نَتَرَأَّفُ
110_233,تَرَأَّفَ,رأف,تفعّل,V,imperative,active,2ms,1,تَرَأَّفْ
110_233,تَرَأَّفَ,رأف,تفعّل,V,imperative,active,2d,1,تَرَأَّفا
110_233,تَرَأَّفَ,رأف,تفعّل,V,imperative,active,2mp,1,تَرَأَّفوا
110_233,تَرَأَّفَ,رأف,تفعّل,V,imperative,active,2fs,1,تَرَأَّفي
110_233,تَرَأَّفَ,رأف,تفعّل,V,imperative,active,2fp,1,تَرَأَّفْنَ
111_233,تَذَأَّبَ,ذأب,تفعّل,V,past,active,3ms,1,تَذَأَّبَ
111_233,تَذَأَّبَ,ذأب,تفعّل,V,past,active,3md,1,تَذَأَّبا
111_233,تَذَأَّبَ,ذأب,تفعّل,V,past,active,3mp,1,تَذَأَّبوا
111_233,تَذَأَّبَ,ذأب,تفعّل,V,past,active,3fs,1,تَذَأَّبَتْ
111_233,تَذَأَّبَ,ذأب,تفعّل,V,past,active,3fd,1,تَذَأَّبَتا
111_233,تَذَأَّبَ,ذأب,تفعّل,V,past,active,3fp,1,تَذَأَّبْنَ
111_233,تَذَأَّبَ,ذأب,تفعّل,V,past,active,2ms,1,تَذَأَّبْتَ
111_233,تَذَأَّبَ,ذأب,تفعّل,V,past,active,2d,1,تَذَأَّبْتُما
111_233,تَذَأَّبَ,ذأب,تفعّل,V,past,active,2mp,1,تَذَأَّبْتُمْ
111_233,تَذَأَّبَ,ذأب,تفعّل,V,past,active,2fs,1,تَذَأَّبْتِ
111_233,تَذَأَّبَ,ذأب,تفعّل,V,past,active,2fp,1,تَذَأَّبْتُنَّ
111_233,تَذَأَّبَ,ذأب,تفعّل,V,past,active,1s,1,تَذَأَّبْتُ
111_233,تَذَأَّبَ,ذأب,تفعّل,V,past,active,1p,1,تَذَأَّبْنا
111_233,تَذَأَّبَ,ذأب,تفعّل,V,indicative,active,3ms,1,يَتَذَأَّبُ
111_233,تَذَأَّبَ,ذأب,تفعّل,V,indicative,active,3md,1,يَتَذَأَّبانِ
111_233,تَذَأَّبَ,ذأب,تفعّل,V,indicative,active,3mp,1,يَتَذَأَّبونَ
111_233,تَذَأَّبَ,ذأب,تفعّل,V,indicative,active,3fs,1,تَتَذَأَّبُ
111_233,تَذَأَّبَ,ذأب,تفعّل,V,indicative,active,3fd,1,تَتَذَأَّبانِ
111_233,تَذَأَّبَ,ذأب,تفعّل,V,indicative,active,3fp,1,يَتَذَأَّبْنَ
111_233,تَذَأَّبَ,ذأب,تفعّل,V,indicative,active,2ms,1,تَتَذَأَّبُ
111_233,تَذَأَّبَ,ذأب,تفعّل,V,indicative,active,2d,1,تَتَذَأَّبانِ
111_233,تَذَأَّبَ,ذأب,تفعّل,V,indicative,active,2mp,1,تَتَذَأَّبونَ
111_233,تَذَأَّبَ,ذأب,تفعّل,V,indicative,active,2fs,1,تَتَذَأَّبينَ
111_233,تَذَأَّبَ,ذأب,تفعّل,V,indicative,active,2fp,1,تَتَذَأَّبْنَ
111_233,تَذَأَّبَ,ذأب,تفعّل,V,indicative,active,1s,1,أَتَذَأَّبُ
111_233,تَذَأَّبَ,ذأب,تفعّل,V,indicative,active,1p,1,نَتَذَأَّبُ
111_233,تَذَأَّبَ,ذأب,تفعّل,V,imperative,active,2ms,1,تَذَأَّبْ
111_233,تَذَأَّبَ,ذأب,تفعّل,V,imperative,active,2d,1,تَذَأَّبا
111_233,تَذَأَّبَ,ذأب,تفعّل,V,imperative,active,2mp,1,تَذَأَّبوا
111_233,تَذَأَّبَ,ذأب,تفعّل,V,imperative,active,2fs,1,تَذَأَّبي
111_233,تَذَأَّبَ,ذأب,تفعّل,V,imperative,active,2fp,1,تَذَأَّبْنَ
112_234,تَبَرَّأَ,برأ,تفعّل,V,past,active,3ms,1,تَبَرَّأَ
112_234,تَبَرَّأَ,برأ,تفعّل,V,past,active,3md,1,تَبَرَّآ
112_234,تَبَرَّأَ,برأ,تفعّل,V,past,active,3mp,1,تَبَرَّؤُوا
112_234,تَبَرَّأَ,برأ,تفعّل,V,past,active,3fs,1,تَبَرَّأَتْ
112_234,تَبَرَّأَ,برأ,تفعّل,V,past,active,3fd,1,تَبَرَّأَتا
112_234,تَبَرَّأَ,برأ,تفعّل,V,past,active,3fp,1,تَبَرَّأْنَ
112_234,تَبَرَّأَ,برأ,تفعّل,V,past,active,2ms,1,تَبَرَّأْتَ
112_234,تَبَرَّأَ,برأ,تفعّل,V,past,active,2d,1,تَبَرَّأْتُما
112_234,تَبَرَّأَ,برأ,تفعّل,V,past,active,2mp,1,تَبَرَّأْتُمْ
112_234,تَبَرَّأَ,برأ,تفعّل,V,past,active,2fs,1,تَبَرَّأْتِ
112_234,تَبَرَّأَ,برأ,تفعّل,V,past,active,2fp,1,تَبَرَّأْتُنَّ
112_234,تَبَرَّأَ,برأ,تفعّل,V,past,active,1s,1,تَبَرَّأْتُ
112_234,تَبَرَّأَ,برأ,تفعّل,V,past,active,1p,1,تَبَرَّأْنا
112_234,تَبَرَّأَ,برأ,تفعّل,V,indicative,active,3ms,1,يَتَبَرَّأُ
112_234,تَبَرَّأَ,برأ,تفعّل,V,indicative,active,3md,1,يَتَبَرَّآنِ
112_234,تَبَرَّأَ,برأ,تفعّل,V,indicative,active,3mp,1,يَتَبَرَّؤُونَ
112_234,تَبَرَّأَ,برأ,تفعّل,V,indicative,active,3fs,1,تَتَبَرَّأُ
112_234,تَبَرَّأَ,برأ,تفعّل,V,indicative,active,3fd,1,تَتَبَرَّآنِ
112_234,تَبَرَّأَ,برأ,تفعّل,V,indicative,active,3fp,1,يَتَبَرَّأْنَ
112_234,تَبَرَّأَ,برأ,تفعّل,V,indicative,active,2ms,1,تَتَبَرَّأُ
112_234,تَبَرَّأَ,برأ,تفعّل,V,indicative,active,2d,1,تَتَبَرَّآنِ
112_234,تَبَرَّأَ,برأ,تفعّل,V,indicative,active,2mp,1,تَتَبَرَّؤُونَ
112_234,تَبَرَّأَ,برأ,تفعّل,V,indicative,active,2fs,1,تَتَبَرَّئِينَ
112_234,تَبَرَّأَ,برأ,تفعّل,V,indicative,active,2fp,1,تَتَبَرَّأْنَ
112_234,تَبَرَّأَ,برأ,تفعّل,V,indicative,active,1s,1,أَتَبَرَّأُ
112_234,تَبَرَّأَ,برأ,تفعّل,V,indicative,active,1p,1,نَتَبَرَّأُ
112_234,تَبَرَّأَ,برأ,تفعّل,V,imperative,active,2ms,1,تَبَرَّأْ
112_234,تَبَرَّأَ,برأ,تفعّل,V,imperative,active,2d,1,تَبَرَّآ
112_234,تَبَرَّأَ,برأ,تفعّل,V,imperative,active,2mp,1,تَبَرَّؤُوا
112_234,تَبَرَّأَ,برأ,تفعّل,V,imperative,active,2fs,1,تَبَرَّئِي
112_234,تَبَرَّأَ,برأ,تفعّل,V,imperative,active,2fp,1,تَبَرَّأْنَ
113_234,تَنَشَّأَ,نشأ,تفعّل,V,past,active,3ms,1,تَنَشَّأَ
113_234,تَنَشَّأَ,نشأ,تفعّل,V,past,active,3md,1,تَنَشَّآ
113_234,تَنَشَّأَ,نشأ,تفعّل,V,past,active,3mp,1,تَنَشَّؤُوا
113_234,تَنَشَّأَ,نشأ,تفعّل,V,past,active,3fs,1,تَنَشَّأَتْ
113_234,تَنَشَّأَ,نشأ,تفعّل,V,past,active,3fd,1,تَنَشَّأَتا
113_234,تَنَشَّأَ,نشأ,تفعّل,V,past,active,3fp,1,تَنَشَّأْنَ
113_234,تَنَشَّأَ,نشأ,تفعّل,V,past,active,2ms,1,تَنَشَّأْتَ
113_234,تَنَشَّأَ,نشأ,تفعّل,V,past,active,2d,1,تَنَشَّأْتُما
113_234,تَنَشَّأَ,نشأ,تفعّل,V,past,active,2mp,1,تَنَشَّأْتُمْ
113_234,تَنَشَّأَ,نشأ,تفعّل,V,past,active,2fs,1,تَنَشَّأْتِ
113_234,تَنَشَّأَ,نشأ,تفعّل,V,past,active,2fp,1,تَنَشَّأْتُنَّ
113_234,تَنَشَّأَ,نشأ,تفعّل,V,past,active,1s,1,تَنَشَّأْتُ
113_234,تَنَشَّأَ,نشأ,تفعّل,V,past,active,1p,1,تَنَشَّأْنا
113_234,تَنَشَّأَ,نشأ,تفعّل,V,indicative,active,3ms,1,يَتَنَشَّأُ
113_234,تَنَشَّأَ,نشأ,تفعّل,V,indicative,active,3md,1,يَتَنَشَّآنِ
113_234,تَنَشَّأَ,نشأ,تفعّل,V,indicative,active,3mp,1,يَتَنَشَّؤُونَ
113_234,تَنَشَّأَ,نشأ,تفعّل,V,indicative,active,3fs,1,تَتَنَشَّأُ
113_234,تَنَشَّأَ,نشأ,تفعّل,V,indicative,active,3fd,1,تَتَنَشَّآنِ
113_234,تَنَشَّأَ,نشأ,تفعّل,V,indicative,active,3fp,1,يَتَنَشَّأْنَ
113_234,تَنَشَّأَ,نشأ,تفعّل,V,indicative,active,2ms,1,تَتَنَشَّأُ
113_234,تَنَشَّأَ,نشأ,تفعّل,V,indicative,active,2d,1,تَتَنَشَّآنِ
113_234,تَنَشَّأَ,نشأ,تفعّل,V,indicative,active,2mp,1,تَتَنَشَّؤُونَ
113_234,تَنَشَّأَ,نشأ,تفعّل,V,indicative,active,2fs,1,تَتَنَشَّئِينَ
113_234,تَنَشَّأَ,نشأ,تفعّل,V,indicative,active,2fp,1,تَتَنَشَّأْنَ
113_234,تَنَشَّأَ,نشأ,تفعّل,V,indicative,active,1s,1,أَتَنَشَّأُ
113_234,تَنَشَّأَ,نشأ,تفعّل,V,indicative,active,1p,1,نَتَنَشَّأُ
113_234,تَنَشَّأَ,نشأ,تفعّل,V,imperative,active,2ms,1,تَنَشَّأْ
113_234,تَنَشَّأَ,نشأ,تفعّل,V,imperative,active,2d,1,تَنَشَّآ
113_234,تَنَشَّأَ,نشأ,تفعّل,V,imperative,active,2mp,1,تَنَشَّؤُوا
113_234,تَنَشَّأَ,نشأ,تفعّل,V,imperative,active,2fs,1,تَنَشَّئِي
113_234,تَنَشَّأَ,نشأ,تفعّل,V,imperative,active,2fp,1,تَنَشَّأْنَ
114_235,تَوَجَّهَ,وجه,تفعّل,V,past,active,3ms,1,تَوَجَّهَ
114_235,تَوَجَّهَ,وجه,تفعّل,V,past,active,3md,1,تَوَجَّها
114_235,تَوَجَّهَ,وجه,تفعّل,V,past,active,3mp,1,تَوَجَّهوا
114_235,تَوَجَّهَ,وجه,تفعّل,V,past,active,3fs,1,تَوَجَّهَتْ
114_235,تَوَجَّهَ,وجه,تفعّل,V,past,active,3fd,1,تَوَجَّهَتا
114_235,تَوَجَّهَ,وجه,تفعّل,V,past,active,3fp,1,تَوَجَّهْنَ
114_235,تَوَجَّهَ,وجه,تفعّل,V,past,active,2ms,1,تَوَجَّهْتَ
114_235,تَوَجَّهَ,وجه,تفعّل,V,past,active,2d,1,تَوَجَّهْتُما
114_235,تَوَجَّهَ,وجه,تفعّل,V,past,active,2mp,1,تَوَجَّهْتُمْ
114_235,تَوَجَّهَ,وجه,تفعّل,V,past,active,2fs,1,تَوَجَّهْتِ
114_235,تَوَجَّهَ,وجه,تفعّل,V,past,active,2fp,1,تَوَجَّهْتُنَّ
114_235,تَوَجَّهَ,وجه,تفعّل,V,past,active,1s,1,تَوَجَّهْتُ
114_235,تَوَجَّهَ,وجه,تفعّل,V,past,active,1p,1,تَوَجَّهْنا
114_235,تَوَجَّهَ,وجه,تفعّل,V,indicative,active,3ms,1,يَتَوَجَّهُ
114_235,تَوَجَّهَ,وجه,تفعّل,V,indicative,active,3md,1,يَتَوَجَّهانِ
114_235,تَوَجَّهَ,وجه,تفعّل,V,indicative,active,3mp,1,يَتَوَجَّهونَ
114_235,تَوَجَّهَ,وجه,تفعّل,V,indicative,active,3fs,1,تَتَوَجَّهُ
114_235,تَوَجَّهَ,وجه,تفعّل,V,indicative,active,3fd,1,تَتَوَجَّهانِ
114_235,تَوَجَّهَ,وجه,تفعّل,V,indicative,active,3fp,1,يَتَوَجَّهْنَ
114_235,تَوَجَّهَ,وجه,تفعّل,V,indicative,active,2ms,1,تَتَوَجَّهُ
114_235,تَوَجَّهَ,وجه,تفعّل,V,indicative,active,2d,1,تَتَوَجَّهانِ
114_235,تَوَجَّهَ,وجه,تفعّل,V,indicative,active,2mp,1,تَتَوَجَّهونَ
114_235,تَوَجَّهَ,وجه,تفعّل,V,indicative,active,2fs,1,تَتَوَجَّهينَ
114_235,تَوَجَّهَ,وجه,تفعّل,V,indicative,active,2fp,1,تَتَوَجَّهْنَ
114_235,تَوَجَّهَ,وجه,تفعّل,V,indicative,active,1s,1,أَتَوَجَّهُ
114_235,تَوَجَّهَ,وجه,تفعّل,V,indicative,active,1p,1,نَتَوَجَّهُ
114_235,تَوَجَّهَ,وجه,تفعّل,V,imperative,active,2ms,1,تَوَجَّهْ
114_235,تَوَجَّهَ,وجه,تفعّل,V,imperative,active,2d,1,تَوَجَّها
114_235,تَوَجَّهَ,وجه,تفعّل,V,imperative,active,2mp,1,تَوَجَّهوا
114_235,تَوَجَّهَ,وجه,تفعّل,V,imperative,active,2fs,1,تَوَجَّهي
114_235,تَوَجَّهَ,وجه,تفعّل,V,imperative,active,2fp,1,تَوَجَّهْنَ
115_235,تَيَتَّمَ,يتم,تفعّل,V,past,active,3ms,1,تَيَتَّمَ
115_235,تَيَتَّمَ,يتم,تفعّل,V,past,active,3md,1,تَيَتَّما
115_235,تَيَتَّمَ,يتم,تفعّل,V,past,active,3mp,1,تَيَتَّموا
115_235,تَيَتَّمَ,يتم,تفعّل,V,past,active,3fs,1,تَيَتَّمَتْ
115_235,تَيَتَّمَ,يتم,تفعّل,V,past,active,3fd,1,تَيَتَّمَتا
115_235,تَيَتَّمَ,يتم,تفعّل,V,past,active,3fp,1,تَيَتَّمْنَ
115_235,تَيَتَّمَ,يتم,تفعّل,V,past,active,2ms,1,تَيَتَّمْتَ
115_235,تَيَتَّمَ,يتم,تفعّل,V,past,active,2d,1,تَيَتَّمْتُما
115_235,تَيَتَّمَ,يتم,تفعّل,V,past,active,2mp,1,تَيَتَّمْتُمْ
115_235,تَيَتَّمَ,يتم,تفعّل,V,past,active,2fs,1,تَيَتَّمْتِ
115_235,تَيَتَّمَ,يتم,تفعّل,V,past,active,2fp,1,تَيَتَّمْتُنَّ
115_235,تَيَتَّمَ,يتم,تفعّل,V,past,active,1s,1,تَيَتَّمْتُ
115_235,تَيَتَّمَ,يتم,تفعّل,V,past,active,1p,1,تَيَتَّمْنا
115_235,تَيَتَّمَ,يتم,تفعّل,V,indicative,active,3ms,1,يَتَيَتَّمُ
115_235,تَيَتَّمَ,يتم,تفعّل,V,indicative,active,3md,1,يَتَيَتَّمانِ
115_235,تَيَتَّمَ,يتم,تفعّل,V,indicative,active,3mp,1,يَتَيَتَّمونَ
115_235,تَيَتَّمَ,يتم,تفعّل,V,indicative,active,3fs,1,تَتَيَتَّمُ
115_235,تَيَتَّمَ,يتم,تفعّل,V,indicative,active,3fd,1,تَتَيَتَّمانِ
115_235,تَيَتَّمَ,يتم,تفعّل,V,indicative,active,3fp,1,يَتَيَتَّمْنَ
115_235,تَيَتَّمَ,يتم,تفعّل,V,indicative,active,2ms,1,تَتَيَتَّمُ
115_235,تَيَتَّمَ,يتم,تفعّل,V,indicative,active,2d,1,تَتَيَتَّمانِ
115_235,تَيَتَّمَ,يتم,تفعّل,V,indicative,active,2mp,1,تَتَيَتَّمونَ
115_235,تَيَتَّمَ,يتم,تفعّل,V,indicative,active,2fs,1,تَتَيَتَّمينَ
115_235,تَيَتَّمَ,يتم,تفعّل,V,indicative,active,2fp,1,تَتَيَتَّمْنَ
115_235,تَيَتَّمَ,يتم,تفعّل,V,indicative,active,1s,1,أَتَيَتَّمُ
115_235,تَيَتَّمَ,يتم,تفعّل,V,indicative,active,1p,1,نَتَيَتَّمُ
115_235,تَيَتَّمَ,يتم,تفعّل,V,imperative,active,2ms,1,تَيَتَّمْ
115_235,تَيَتَّمَ,يتم,تفعّل,V,imperative,active,2d,1,تَيَتَّما
115_235,تَيَتَّمَ,يتم,تفعّل,V,imperative,active,2mp,1,تَيَتَّموا
115_235,تَيَتَّمَ,يتم,تفعّل,V,imperative,active,2fs,1,تَيَتَّمي
115_235,تَيَتَّمَ,يتم,تفعّل,V,imperative,active,2fp,1,تَيَتَّمْنَ
116_235,تَوَدَّدَ,ودد,تفعّل,V,past,active,3ms,1,تَوَدَّدَ
116_235,تَوَدَّدَ,ودد,تفعّل,V,past,active,3md,1,تَوَدَّدا
116_235,تَوَدَّدَ,ودد,تفعّل,V,past,active,3mp,1,تَوَدَّدُوا
116_235,تَوَدَّدَ,ودد,تفعّل,V,past,active,3fs,1,تَوَدَّدَتْ
116_235,تَوَدَّدَ,ودد,تفعّل,V,past,active,3fd,1,تَوَدَّدَتا
116_235,تَوَدَّدَ,ودد,تفعّل,V,past,active,3fp,1,تَوَدَّدْنَ
116_235,تَوَدَّدَ,ودد,تفعّل,V,past,active,2ms,1,تَوَدَّدْتَ
116_235,تَوَدَّدَ,ودد,تفعّل,V,past,active,2d,1,تَوَدَّدْتُما
116_235,تَوَدَّدَ,ودد,تفعّل,V,past,active,2mp,1,تَوَدَّدْتُمْ
116_235,تَوَدَّدَ,ودد,تفعّل,V,past,active,2fs,1,تَوَدَّدْتِ
116_235,تَوَدَّدَ,ودد,تفعّل,V,past,active,2fp,1,تَوَدَّدْتُنَّ
116_235,تَوَدَّدَ,ودد,تفعّل,V,past,active,1s,1,تَوَدَّدْتُ
116_235,تَوَدَّدَ,ودد,تفعّل,V,past,active,1p,1,تَوَدَّدْنا
116_235,تَوَدَّدَ,ودد,تفعّل,V,indicative,active,3ms,1,يَتَوَدَّدُ
116_235,تَوَدَّدَ,ودد,تفعّل,V,indicative,active,3md,1,يَتَوَدَّدانِ
116_235,تَوَدَّدَ,ودد,تفعّل,V,indicative,active,3mp,1,يَتَوَدَّدونَ
116_235,تَوَدَّدَ,ودد,تفعّل,V,indicative,active,3fs,1,تَتَوَدَّدُ
116_235,تَوَدَّدَ,ودد,تفعّل,V,indicative,active,3fd,1,تَتَوَدَّدانِ
116_235,تَوَدَّدَ,ودد,تفعّل,V,indicative,active,3fp,1,يَتَوَدَّدْنَ
116_235,تَوَدَّدَ,ودد,تفعّل,V,indicative,active,2ms,1,تَتَوَدَّدُ
116_235,تَوَدَّدَ,ودد,تفعّل,V,indicative,active,2d,1,تَتَوَدَّدانِ
116_235,تَوَدَّدَ,ودد,تفعّل,V,indicative,active,2mp,1,تَتَوَدَّدونَ
116_235,تَوَدَّدَ,ودد,تفعّل,V,indicative,active,2fs,1,تَتَوَدَّدينَ
116_235,تَوَدَّدَ,ودد,تفعّل,V,indicative,active,2fp,1,تَتَوَدَّدْنَ
116_235,تَوَدَّدَ,ودد,تفعّل,V,indicative,active,1s,1,أَتَوَدَّدُ
116_235,تَوَدَّدَ,ودد,تفعّل,V,indicative,active,1p,1,نَتَوَدَّدُ
116_235,تَوَدَّدَ,ودد,تفعّل,V,imperative,active,2ms,1,تَوَدَّدْ
116_235,تَوَدَّدَ,ودد,تفعّل,V,imperative,active,2d,1,تَوَدَّدا
116_235,تَوَدَّدَ,ودد,تفعّل,V,imperative,active,2mp,1,تَوَدَّدُوا
116_235,تَوَدَّدَ,ودد,تفعّل,V,imperative,active,2fs,1,تَوَدَّدِي
116_235,تَوَدَّدَ,ودد,تفعّل,V,imperative,active,2fp,1,تَوَدَّدْنَ
117_235,تَيَمَّمَ,يمم,تفعّل,V,past,active,3ms,1,تَيَمَّمَ
117_235,تَيَمَّمَ,يمم,تفعّل,V,past,active,3md,1,تَيَمَّما
117_235,تَيَمَّمَ,يمم,تفعّل,V,past,active,3mp,1,تَيَمَّمُوا
117_235,تَيَمَّمَ,يمم,تفعّل,V,past,active,3fs,1,تَيَمَّمَتْ
117_235,تَيَمَّمَ,يمم,تفعّل,V,past,active,3fd,1,تَيَمَّمَتا
117_235,تَيَمَّمَ,يمم,تفعّل,V,past,active,3fp,1,تَيَمَّمْنَ
117_235,تَيَمَّمَ,يمم,تفعّل,V,past,active,2ms,1,تَيَمَّمْتَ
117_235,تَيَمَّمَ,يمم,تفعّل,V,past,active,2d,1,تَيَمَّمْتُما
117_235,تَيَمَّمَ,يمم,تفعّل,V,past,active,2mp,1,تَيَمَّمْتُمْ
117_235,تَيَمَّمَ,يمم,تفعّل,V,past,active,2fs,1,تَيَمَّمْتِ
117_235,تَيَمَّمَ,يمم,تفعّل,V,past,active,2fp,1,تَيَمَّمْتُنَّ
117_235,تَيَمَّمَ,يمم,تفعّل,V,past,active,1s,1,تَيَمَّمْتُ
117_235,تَيَمَّمَ,يمم,تفعّل,V,past,active,1p,1,تَيَمَّمْنا
117_235,تَيَمَّمَ,يمم,تفعّل,V,indicative,active,3ms,1,يَتَيَمَّمُ
117_235,تَيَمَّمَ,يمم,تفعّل,V,indicative,active,3md,1,يَتَيَمَّمانِ
117_235,تَيَمَّمَ,يمم,تفعّل,V,indicative,active,3mp,1,يَتَيَمَّمونَ
117_235,تَيَمَّمَ,يمم,تفعّل,V,indicative,active,3fs,1,تَتَيَمَّمُ
117_235,تَيَمَّمَ,يمم,تفعّل,V,indicative,active,3fd,1,تَتَيَمَّمانِ
117_235,تَيَمَّمَ,يمم,تفعّل,V,indicative,active,3fp,1,يَتَيَمَّمْنَ
117_235,تَيَمَّمَ,يمم,تفعّل,V,indicative,active,2ms,1,تَتَيَمَّمُ
117_235,تَيَمَّمَ,يمم,تفعّل,V,indicative,active,2d,1,تَتَيَمَّمانِ
117_235,تَيَمَّمَ,يمم,تفعّل,V,indicative,active,2mp,1,تَتَيَمَّمونَ
117_235,تَيَمَّمَ,يمم,تفعّل,V,indicative,active,2fs,1,تَتَيَمَّمينَ
117_235,تَيَمَّمَ,يمم,تفعّل,V,indicative,active,2fp,1,تَتَيَمَّمْنَ
117_235,تَيَمَّمَ,يمم,تفعّل,V,indicative,active,1s,1,أَتَيَمَّمُ
117_235,تَيَمَّمَ,يمم,تفعّل,V,indicative,active,1p,1,نَتَيَمَّمُ
117_235,تَيَمَّمَ,يمم,تفعّل,V,imperative,active,2ms,1,تَيَمَّمْ
117_235,تَيَمَّمَ,يمم,تفعّل,V,imperative,active,2d,1,تَيَمَّما
117_235,تَيَمَّمَ,يمم,تفعّل,V,imperative,active,2mp,1,تَيَمَّمُوا
117_235,تَيَمَّمَ,يمم,تفعّل,V,imperative,active,2fs,1,تَيَمَّمِي
117_235,تَيَمَّمَ,يمم,تفعّل,V,imperative,active,2fp,1,تَيَمَّمْنَ
118_236,تَخَوَّفَ,خوف,تفعّل,V,past,active,3ms,1,تَخَوَّفَ
118_236,تَخَوَّفَ,خوف,تفعّل,V,past,active,3md,1,تَخَوَّفا
118_236,تَخَوَّفَ,خوف,تفعّل,V,past,active,3mp,1,تَخَوَّفوا
118_236,تَخَوَّفَ,خوف,تفعّل,V,past,active,3fs,1,تَخَوَّفَتْ
118_236,تَخَوَّفَ,خوف,تفعّل,V,past,active,3fd,1,تَخَوَّفَتا
118_236,تَخَوَّفَ,خوف,تفعّل,V,past,active,3fp,1,تَخَوَّفْنَ
118_236,تَخَوَّفَ,خوف,تفعّل,V,past,active,2ms,1,تَخَوَّفْتَ
118_236,تَخَوَّفَ,خوف,تفعّل,V,past,active,2d,1,تَخَوَّفْتُما
118_236,تَخَوَّفَ,خوف,تفعّل,V,past,active,2mp,1,تَخَوَّفْتُمْ
118_236,تَخَوَّفَ,خوف,تفعّل,V,past,active,2fs,1,تَخَوَّفْتِ
118_236,تَخَوَّفَ,خوف,تفعّل,V,past,active,2fp,1,تَخَوَّفْتُنَّ
118_236,تَخَوَّفَ,خوف,تفعّل,V,past,active,1s,1,تَخَوَّفْتُ
118_236,تَخَوَّفَ,خوف,تفعّل,V,past,active,1p,1,تَخَوَّفْنا
118_236,تَخَوَّفَ,خوف,تفعّل,V,indicative,active,3ms,1,يَتَخَوَّفُ
118_236,تَخَوَّفَ,خوف,تفعّل,V,indicative,active,3md,1,يَتَخَوَّفانِ
118_236,تَخَوَّفَ,خوف,تفعّل,V,indicative,active,3mp,1,يَتَخَوَّفونَ
118_236,تَخَوَّفَ,خوف,تفعّل,V,indicative,active,3fs,1,تَتَخَوَّفُ
118_236,تَخَوَّفَ,خوف,تفعّل,V,indicative,active,3fd,1,تَتَخَوَّفانِ
118_236,تَخَوَّفَ,خوف,تفعّل,V,indicative,active,3fp,1,يَتَخَوَّفْنَ
118_236,تَخَوَّفَ,خوف,تفعّل,V,indicative,active,2ms,1,تَتَخَوَّفُ
118_236,تَخَوَّفَ,خوف,تفعّل,V,indicative,active,2d,1,تَتَخَوَّفانِ
118_236,تَخَوَّفَ,خوف,تفعّل,V,indicative,active,2mp,1,تَتَخَوَّفونَ
118_236,تَخَوَّفَ,خوف,تفعّل,V,indicative,active,2fs,1,تَتَخَوَّفينَ
118_236,تَخَوَّفَ,خوف,تفعّل,V,indicative,active,2fp,1,تَتَخَوَّفْنَ
118_236,تَخَوَّفَ,خوف,تفعّل,V,indicative,active,1s,1,أَتَخَوَّفُ
118_236,تَخَوَّفَ,خوف,تفعّل,V,indicative,active,1p,1,نَتَخَوَّفُ
118_236,تَخَوَّفَ,خوف,تفعّل,V,imperative,active,2ms,1,تَخَوَّفْ
118_236,تَخَوَّفَ,خوف,تفعّل,V,imperative,active,2d,1,تَخَوَّفا
118_236,تَخَوَّفَ,خوف,تفعّل,V,imperative,active,2mp,1,تَخَوَّفوا
118_236,تَخَوَّفَ,خوف,تفعّل,V,imperative,active,2fs,1,تَخَوَّفي
118_236,تَخَوَّفَ,خوف,تفعّل,V,imperative,active,2fp,1,تَخَوَّفْنَ
119_236,تَمَيَّزَ,ميز,تفعّل,V,past,active,3ms,1,تَمَيَّزَ
119_236,تَمَيَّزَ,ميز,تفعّل,V,past,active,3md,1,تَمَيَّزا
119_236,تَمَيَّزَ,ميز,تفعّل,V,past,active,3mp,1,تَمَيَّزوا
119_236,تَمَيَّزَ,ميز,تفعّل,V,past,active,3fs,1,تَمَيَّزَتْ
119_236,تَمَيَّزَ,ميز,تفعّل,V,past,active,3fd,1,تَمَيَّزَتا
119_236,تَمَيَّزَ,ميز,تفعّل,V,past,active,3fp,1,تَمَيَّزْنَ
119_236,تَمَيَّزَ,ميز,تفعّل,V,past,active,2ms,1,تَمَيَّزْتَ
119_236,تَمَيَّزَ,ميز,تفعّل,V,past,active,2d,1,تَمَيَّزْتُما
119_236,تَمَيَّزَ,ميز,تفعّل,V,past,active,2mp,1,تَمَيَّزْتُمْ
119_236,تَمَيَّزَ,ميز,تفعّل,V,past,active,2fs,1,تَمَيَّزْتِ
119_236,تَمَيَّزَ,ميز,تفعّل,V,past,active,2fp,1,تَمَيَّزْتُنَّ
119_236,تَمَيَّزَ,ميز,تفعّل,V,past,active,1s,1,تَمَيَّزْتُ
119_236,تَمَيَّزَ,ميز,تفعّل,V,past,active,1p,1,تَمَيَّزْنا
119_236,تَمَيَّزَ,ميز,تفعّل,V,indicative,active,3ms,1,يَتَمَيَّزُ
119_236,تَمَيَّزَ,ميز,تفعّل,V,indicative,active,3md,1,يَتَمَيَّزانِ
119_236,تَمَيَّزَ,ميز,تفعّل,V,indicative,active,3mp,1,يَتَمَيَّزونَ
119_236,تَمَيَّزَ,ميز,تفعّل,V,indicative,active,3fs,1,تَتَمَيَّزُ
119_236,تَمَيَّزَ,ميز,تفعّل,V,indicative,active,3fd,1,تَتَمَيَّزانِ
119_236,تَمَيَّزَ,ميز,تفعّل,V,indicative,active,3fp,1,يَتَمَيَّزْنَ
119_236,تَمَيَّزَ,ميز,تفعّل,V,indicative,active,2ms,1,تَتَمَيَّزُ
119_236,تَمَيَّزَ,ميز,تفعّل,V,indicative,active,2d,1,تَتَمَيَّزانِ
119_236,تَمَيَّزَ,ميز,تفعّل,V,indicative,active,2mp,1,تَتَمَيَّزونَ
119_236,تَمَيَّزَ,ميز,تفعّل,V,indicative,active,2fs,1,تَتَمَيَّزينَ
119_236,تَمَيَّزَ,ميز,تفعّل,V,indicative,active,2fp,1,تَتَمَيَّزْنَ
119_236,تَمَيَّزَ,ميز,تفعّل,V,indicative,active,1s,1,أَتَمَيَّزُ
119_236,تَمَيَّزَ,ميز,تفعّل,V,indicative,active,1p,1,نَتَمَيَّزُ
119_236,تَمَيَّزَ,ميز,تفعّل,V,imperative,active,2ms,1,تَمَيَّزْ
119_236,تَمَيَّزَ,ميز,تفعّل,V,imperative,active,2d,1,تَمَيَّزا
119_236,تَمَيَّزَ,ميز,تفعّل,V,imperative,active,2mp,1,تَمَيَّزوا
119_236,تَمَيَّزَ,ميز,تفعّل,V,imperative,active,2fs,1,تَمَيَّزي
119_236,تَمَيَّزَ,ميز,تفعّل,V,imperative,active,2fp,1,تَمَيَّزْنَ
120_236,تَأَوَّهَ,أوه,تفعّل,V,past,active,3ms,1,تَأَوَّهَ
120_236,تَأَوَّهَ,أوه,تفعّل,V,past,active,3md,1,تَأَوَّها
120_236,تَأَوَّهَ,أوه,تفعّل,V,past,active,3mp,1,تَأَوَّهُوا
120_236,تَأَوَّهَ,أوه,تفعّل,V,past,active,3fs,1,تَأَوَّهَتْ
120_236,تَأَوَّهَ,أوه,تفعّل,V,past,active,3fd,1,تَأَوَّهَتا
120_236,تَأَوَّهَ,أوه,تفعّل,V,past,active,3fp,1,تَأَوَّهْنَ
120_236,تَأَوَّهَ,أوه,تفعّل,V,past,active,2ms,1,تَأَوَّهْتَ
120_236,تَأَوَّهَ,أوه,تفعّل,V,past,active,2d,1,تَأَوَّهْتُما
120_236,تَأَوَّهَ,أوه,تفعّل,V,past,active,2mp,1,تَأَوَّهْتُمْ
120_236,تَأَوَّهَ,أوه,تفعّل,V,past,active,2fs,1,تَأَوَّهْتِ
120_236,تَأَوَّهَ,أوه,تفعّل,V,past,active,2fp,1,تَأَوَّهْتُنَّ
120_236,تَأَوَّهَ,أوه,تفعّل,V,past,active,1s,1,تَأَوَّهْتُ
120_236,تَأَوَّهَ,أوه,تفعّل,V,past,active,1p,1,تَأَوَّهْنا
120_236,تَأَوَّهَ,أوه,تفعّل,V,indicative,active,3ms,1,يَتَأَوَّهُ
120_236,تَأَوَّهَ,أوه,تفعّل,V,indicative,active,3md,1,يَتَأَوَّهانِ
120_236,تَأَوَّهَ,أوه,تفعّل,V,indicative,active,3mp,1,يَتَأَوَّهونَ
120_236,تَأَوَّهَ,أوه,تفعّل,V,indicative,active,3fs,1,تَتَأَوَّهُ
120_236,تَأَوَّهَ,أوه,تفعّل,V,indicative,active,3fd,1,تَتَأَوَّهانِ
120_236,تَأَوَّهَ,أوه,تفعّل,V,indicative,active,3fp,1,يَتَأَوَّهْنَ
120_236,تَأَوَّهَ,أوه,تفعّل,V,indicative,active,2ms,1,تَتَأَوَّهُ
120_236,تَأَوَّهَ,أوه,تفعّل,V,indicative,active,2d,1,تَتَأَوَّهانِ
120_236,تَأَوَّهَ,أوه,تفعّل,V,indicative,active,2mp,1,تَتَأَوَّهونَ
120_236,تَأَوَّهَ,أوه,تفعّل,V,indicative,active,2fs,1,تَتَأَوَّهينَ
120_236,تَأَوَّهَ,أوه,تفعّل,V,indicative,active,2fp,1,تَتَأَوَّهْنَ
120_236,تَأَوَّهَ,أوه,تفعّل,V,indicative,active,1s,1,أَتَأَوَّهُ
120_236,تَأَوَّهَ,أوه,تفعّل,V,indicative,active,1p,1,نَتَأَوَّهُ
120_236,تَأَوَّهَ,أوه,تفعّل,V,imperative,active,2ms,1,تَأَوَّهْ
120_236,تَأَوَّهَ,أوه,تفعّل,V,imperative,active,2d,1,تَأَوَّها
120_236,تَأَوَّهَ,أوه,تفعّل,V,imperative,active,2mp,1,تَأَوَّهُوا
120_236,تَأَوَّهَ,أوه,تفعّل,V,imperative,active,2fs,1,تَأَوَّهي
120_236,تَأَوَّهَ,أوه,تفعّل,V,imperative,active,2fp,1,تَأَوَّهْنَ
121_236,تَهَيَّأَ,هيأ,تفعّل,V,past,active,3ms,1,تَهَيَّأَ
121_236,تَهَيَّأَ,هيأ,تفعّل,V,past,active,3md,1,تَهَيَّآ
121_236,تَهَيَّأَ,هيأ,تفعّل,V,past,active,3mp,1,تَهَيَّؤُوا
121_236,تَهَيَّأَ,هيأ,تفعّل,V,past,active,3fs,1,تَهَيَّأَتْ
121_236,تَهَيَّأَ,هيأ,تفعّل,V,past,active,3fd,1,تَهَيَّأَتا
121_236,تَهَيَّأَ,هيأ,تفعّل,V,past,active,3fp,1,تَهَيَّأْنَ
121_236,تَهَيَّأَ,هيأ,تفعّل,V,past,active,2ms,1,تَهَيَّأْتَ
121_236,تَهَيَّأَ,هيأ,تفعّل,V,past,active,2d,1,تَهَيَّأْتُما
121_236,تَهَيَّأَ,هيأ,تفعّل,V,past,active,2mp,1,تَهَيَّأْتُمْ
121_236,تَهَيَّأَ,هيأ,تفعّل,V,past,active,2fs,1,تَهَيَّأْتِ
121_236,تَهَيَّأَ,هيأ,تفعّل,V,past,active,2fp,1,تَهَيَّأْتُنَّ
121_236,تَهَيَّأَ,هيأ,تفعّل,V,past,active,1s,1,تَهَيَّأْتُ
121_236,تَهَيَّأَ,هيأ,تفعّل,V,past,active,1p,1,تَهَيَّأْنا
121_236,تَهَيَّأَ,هيأ,تفعّل,V,indicative,active,3ms,1,يَتَهَيَّأُ
121_236,تَهَيَّأَ,هيأ,تفعّل,V,indicative,active,3md,1,يَتَهَيَّآنِ
121_236,تَهَيَّأَ,هيأ,تفعّل,V,indicative,active,3mp,1,يَتَهَيَّؤُونَ
121_236,تَهَيَّأَ,هيأ,تفعّل,V,indicative,active,3fs,1,تَتَهَيَّأُ
121_236,تَهَيَّأَ,هيأ,تفعّل,V,indicative,active,3fd,1,تَتَهَيَّآنِ
121_236,تَهَيَّأَ,هيأ,تفعّل,V,indicative,active,3fp,1,يَتَهَيَّأْنَ
121_236,تَهَيَّأَ,هيأ,تفعّل,V,indicative,active,2ms,1,تَتَهَيَّأُ
121_236,تَهَيَّأَ,هيأ,تفعّل,V,indicative,active,2d,1,تَتَهَيَّآنِ
121_236,تَهَيَّأَ,هيأ,تفعّل,V,indicative,active,2mp,1,تَتَهَيَّؤُونَ
121_236,تَهَيَّأَ,هيأ,تفعّل,V,indicative,active,2fs,1,تَتَهَيَّئِينَ
121_236,تَهَيَّأَ,هيأ,تفعّل,V,indicative,active,2fp,1,تَتَهَيَّأْنَ
121_236,تَهَيَّأَ,هيأ,تفعّل,V,indicative,active,1s,1,أَتَهَيَّأُ
121_236,تَهَيَّأَ,هيأ,تفعّل,V,indicative,active,1p,1,نَتَهَيَّأُ
121_236,تَهَيَّأَ,هيأ,تفعّل,V,imperative,active,2ms,1,تَهَيَّأْ
121_236,تَهَيَّأَ,هيأ,تفعّل,V,imperative,active,2d,1,تَهَيَّآ
121_236,تَهَيَّأَ,هيأ,تفعّل,V,imperative,active,2mp,1,تَهَيَّؤُوا
121_236,تَهَيَّأَ,هيأ,تفعّل,V,imperative,active,2fs,1,تَهَيَّئِي
121_236,تَهَيَّأَ,هيأ,تفعّل,V,imperative,active,2fp,1,تَهَيَّأْنَ
122_236,اِطَّوَّقَ,طوق,تفعّل,V,past,active,3ms,1,اِطَّوَّقَ
122_236,اِطَّوَّقَ,طوق,تفعّل,V,past,active,3md,1,اِطَّوَّقا
122_236,اِطَّوَّقَ,طوق,تفعّل,V,past,active,3mp,1,اِطَّوَّقُوا
122_236,اِطَّوَّقَ,طوق,تفعّل,V,past,active,3fs,1,اِطَّوَّقَتْ
122_236,اِطَّوَّقَ,طوق,تفعّل,V,past,active,3fd,1,اِطَّوَّقَتا
122_236,اِطَّوَّقَ,طوق,تفعّل,V,past,active,3fp,1,اِطَّوَّقْنَ
122_236,اِطَّوَّقَ,طوق,تفعّل,V,past,active,2ms,1,اِطَّوَّقْتَ
122_236,اِطَّوَّقَ,طوق,تفعّل,V,past,active,2d,1,اِطَّوَّقْتُما
122_236,اِطَّوَّقَ,طوق,تفعّل,V,past,active,2mp,1,اِطَّوَّقْتُمْ
122_236,اِطَّوَّقَ,طوق,تفعّل,V,past,active,2fs,1,اِطَّوَّقْتِ
122_236,اِطَّوَّقَ,طوق,تفعّل,V,past,active,2fp,1,اِطَّوَّقْتُنَّ
122_236,اِطَّوَّقَ,طوق,تفعّل,V,past,active,1s,1,اِطَّوَّقْتُ
122_236,اِطَّوَّقَ,طوق,تفعّل,V,past,active,1p,1,اِطَّوَّقْنا
122_236,اِطَّوَّقَ,طوق,تفعّل,V,indicative,active,3ms,1,يَطَّوَّقُ
122_236,اِطَّوَّقَ,طوق,تفعّل,V,indicative,active,3md,1,يَطَّوَّقانِ
122_236,اِطَّوَّقَ,طوق,تفعّل,V,indicative,active,3mp,1,يَطَّوَّقونَ
122_236,اِطَّوَّقَ,طوق,تفعّل,V,indicative,active,3fs,1,تَطَّوَّقُ
122_236,اِطَّوَّقَ,طوق,تفعّل,V,indicative,active,3fd,1,تَطَّوَّقانِ
122_236,اِطَّوَّقَ,طوق,تفعّل,V,indicative,active,3fp,1,يَطَّوَّقْنَ
122_236,اِطَّوَّقَ,طوق,تفعّل,V,indicative,active,2ms,1,تَطَّوَّقُ
122_236,اِطَّوَّقَ,طوق,تفعّل,V,indicative,active,2d,1,تَطَّوَّقانِ
122_236,اِطَّوَّقَ,طوق,تفعّل,V,indicative,active,2mp,1,تَطَّوَّقونَ
122_236,اِطَّوَّقَ,طوق,تفعّل,V,indicative,active,2fs,1,تَطَّوَّقينَ
122_236,اِطَّوَّقَ,طوق,تفعّل,V,indicative,active,2fp,1,تَطَّوَّقْنَ
122_236,اِطَّوَّقَ,طوق,تفعّل,V,indicative,active,1s,1,أَطَّوَّقُ
122_236,اِطَّوَّقَ,طوق,تفعّل,V,indicative,active,1p,1,نَطَّوَّقُ
122_236,اِطَّوَّقَ,طوق,تفعّل,V,imperative,active,2ms,1,اِطَّوَّقْ
122_236,اِطَّوَّقَ,طوق,تفعّل,V,imperative,active,2d,1,اِطَّوَّقا
122_236,اِطَّوَّقَ,طوق,تفعّل,V,imperative,active,2mp,1,اِطَّوَّقُوا
122_236,اِطَّوَّقَ,طوق,تفعّل,V,imperative,active,2fs,1,اِطَّوَّقي
122_236,اِطَّوَّقَ,طوق,تفعّل,V,imperative,active,2fp,1,اِطَّوَّقْنَ
123_236,اِطَّيَّرَ,طير,تفعّل,V,past,active,3ms,1,اِطَّيَّرَ
123_236,اِطَّيَّرَ,طير,تفعّل,V,past,active,3md,1,اِطَّيَّرا
123_236,اِطَّيَّرَ,طير,تفعّل,V,past,active,3mp,1,اِطَّيَّرُوا
123_236,اِطَّيَّرَ,طير,تفعّل,V,past,active,3fs,1,اِطَّيَّرَتْ
123_236,اِطَّيَّرَ,طير,تفعّل,V,past,active,3fd,1,اِطَّيَّرَتا
123_236,اِطَّيَّرَ,طير,تفعّل,V,past,active,3fp,1,اِطَّيَّرْنَ
123_236,اِطَّيَّرَ,طير,تفعّل,V,past,active,2ms,1,اِطَّيَّرْتَ
123_236,اِطَّيَّرَ,طير,تفعّل,V,past,active,2d,1,اِطَّيَّرْتُما
123_236,اِطَّيَّرَ,طير,تفعّل,V,past,active,2mp,1,اِطَّيَّرْتُمْ
123_236,اِطَّيَّرَ,طير,تفعّل,V,past,active,2fs,1,اِطَّيَّرْتِ
123_236,اِطَّيَّرَ,طير,تفعّل,V,past,active,2fp,1,اِطَّيَّرْتُنَّ
123_236,اِطَّيَّرَ,طير,تفعّل,V,past,active,1s,1,اِطَّيَّرْتُ
123_236,اِطَّيَّرَ,طير,تفعّل,V,past,active,1p,1,اِطَّيَّرْنا
123_236,اِطَّيَّرَ,طير,تفعّل,V,indicative,active,3ms,1,يَطَّيَّرُ
123_236,اِطَّيَّرَ,طير,تفعّل,V,indicative,active,3md,1,يَطَّيَّرانِ
123_236,اِطَّيَّرَ,طير,تفعّل,V,indicative,active,3mp,1,يَطَّيَّرونَ
123_236,اِطَّيَّرَ,طير,تفعّل,V,indicative,active,3fs,1,تَطَّيَّرُ
123_236,اِطَّيَّرَ,طير,تفعّل,V,indicative,active,3fd,1,تَطَّيَّرانِ
123_236,اِطَّيَّرَ,طير,تفعّل,V,indicative,active,3fp,1,يَطَّيَّرْنَ
123_236,اِطَّيَّرَ,طير,تفعّل,V,indicative,active,2ms,1,تَطَّيَّرُ
123_236,اِطَّيَّرَ,طير,تفعّل,V,indicative,active,2d,1,تَطَّيَّرانِ
123_236,اِطَّيَّرَ,طير,تفعّل,V,indicative,active,2mp,1,تَطَّيَّرونَ
123_236,اِطَّيَّرَ,طير,تفعّل,V,indicative,active,2fs,1,تَطَّيَّرينَ
123_236,اِطَّيَّرَ,طير,تفعّل,V,indicative,active,2fp,1,تَطَّيَّرْنَ
123_236,اِطَّيَّرَ,طير,تفعّل,V,indicative,active,1s,1,أَطَّيَّرُ
123_236,اِطَّيَّرَ,طير,تفعّل,V,indicative,active,1p,1,نَطَّيَّرُ
123_236,اِطَّيَّرَ,طير,تفعّل,V,imperative,active,2ms,1,اِطَّيَّرْ
123_236,اِطَّيَّرَ,طير,تفعّل,V,imperative,active,2d,1,اِطَّيَّرا
123_236,اِطَّيَّرَ,طير,تفعّل,V,imperative,active,2mp,1,اِطَّيَّرُوا
123_236,اِطَّيَّرَ,طير,تفعّل,V,imperative,active,2fs,1,اِطَّيَّري
123_236,اِطَّيَّرَ,طير,تفعّل,V,imperative,active,2fp,1,اِطَّيَّرْنَ
124_110,دَخَلَ,دخل,فعَل يفعُل,I,past,active,3ms,1,دَخَلَ
124_110,دَخَلَ,دخل,فعَل يفعُل,I,past,active,3md,1,دَخَلا
124_110,دَخَلَ,دخل,فعَل يفعُل,I,past,active,3mp,1,دَخَلُوا
124_110,دَخَلَ,دخل,فعَل يفعُل,I,past,active,3fs,1,دَخَلَتْ
124_110,دَخَلَ,دخل,فعَل يفعُل,I,past,active,3fd,1,دَخَلَتا
124_110,دَخَلَ,دخل,فعَل يفعُل,I,past,active,3fp,1,دَخَلْنَ
124_110,دَخَلَ,دخل,فعَل يفعُل,I,past,active,2ms,1,دَخَلْتَ
124_110,دَخَلَ,دخل,فعَل يفعُل,I,past,active,2d,1,دَخَلْتُما
124_110,دَخَلَ,دخل,فعَل يفعُل,I,past,active,2mp,1,دَخَلْتُمْ
124_110,دَخَلَ,دخل,فعَل يفعُل,I,past,active,2fs,1,دَخَلْتِ
124_110,دَخَلَ,دخل,فعَل يفعُل,I,past,active,2fp,1,دَخَلْتُنَّ
124_110,دَخَلَ,دخل,فعَل يفعُل,I,past,active,1s,1,دَخَلْتُ
124_110,دَخَلَ,دخل,فعَل يفعُل,I,past,active,1p,1,دَخَلْنا
124_110,دَخَلَ,دخل,فعَل يفعُل,I,indicative,active,3ms,1,يَدْخُلُ
124_110,دَخَلَ,دخل,فعَل يفعُل,I,indicative,active,3md,1,يَدْخُلانِ
124_110,دَخَلَ,دخل,فعَل يفعُل,I,indicative,active,3mp,1,يَدْخُلونَ
124_110,دَخَلَ,دخل,فعَل يفعُل,I,indicative,active,3fs,1,تَدْخُلُ
124_110,دَخَلَ,دخل,فعَل يفعُل,I,indicative,active,3fd,1,تَدْخُلانِ
124_110,دَخَلَ,دخل,فعَل يفعُل,I,indicative,active,3fp,1,يَدْخُلْنَ
124_110,دَخَلَ,دخل,فعَل يفعُل,I,indicative,active,2ms,1,تَدْخُلُ
124_110,دَخَلَ,دخل,فعَل يفعُل,I,indicative,active,2d,1,تَدْخُلانِ
124_110,دَخَلَ,دخل,فعَل يفعُل,I,indicative,active,2mp,1,تَدْخُلونَ
124_110,دَخَلَ,دخل,فعَل يفعُل,I,indicative,active,2fs,1,تَدْخُلينَ
124_110,دَخَلَ,دخل,فعَل يفعُل,I,indicative,active,2fp,1,تَدْخُلْنَ
124_110,دَخَلَ,دخل,فعَل يفعُل,I,indicative,active,1s,1,أَدْخُلُ
124_110,دَخَلَ,دخل,فعَل يفعُل,I,indicative,active,1p,1,نَدْخُلُ
124_110,دَخَلَ,دخل,فعَل يفعُل,I,imperative,active,2ms,1,اُدْخُلْ
124_110,دَخَلَ,دخل,فعَل يفعُل,I,imperative,active,2d,1,اُدْخُلا
124_110,دَخَلَ,دخل,فعَل يفعُل,I,imperative,active,2mp,1,اُدْخُلُوا
124_110,دَخَلَ,دخل,فعَل يفعُل,I,imperative,active,2fs,1,اُدْخُلي
124_110,دَخَلَ,دخل,فعَل يفعُل,I,imperative,active,2fp,1,اُدْخُلْنَ
125_110,سَقَطَ,سقط,فعَل يفعُل,I,past,active,3ms,1,سَقَطَ
125_110,سَقَطَ,سقط,فعَل يفعُل,I,past,active,3md,1,سَقَطا
125_110,سَقَطَ,سقط,فعَل يفعُل,I,past,active,3mp,1,سَقَطُوا
125_110,سَقَطَ,سقط,فعَل يفعُل,I,past,active,3fs,1,سَقَطَتْ
125_110,سَقَطَ,سقط,فعَل يفعُل,I,past,active,3fd,1,سَقَطَتا
125_110,سَقَطَ,سقط,فعَل يفعُل,I,past,active,3fp,1,سَقَطْنَ
125_110,سَقَطَ,سقط,فعَل يفعُل,I,past,active,2ms,1,سَقَطْتَ
125_110,سَقَطَ,سقط,فعَل يفعُل,I,past,active,2d,1,سَقَطْتُما
125_110,سَقَطَ,سقط,فعَل يفعُل,I,past,active,2mp,1,سَقَطْتُمْ
125_110,سَقَطَ,سقط,فعَل يفعُل,I,past,active,2fs,1,سَقَطْتِ
125_110,سَقَطَ,سقط,فعَل يفعُل,I,past,active,2fp,1,سَقَطْتُنَّ
125_110,سَقَطَ,سقط,فعَل يفعُل,I,past,active,1s,1,سَقَطْتُ
125_110,سَقَطَ,سقط,فعَل يفعُل,I,past,active,1p,1,سَقَطْنا
125_110,سَقَطَ,سقط,فعَل يفعُل,I,indicative,active,3ms,1,يَسْقُطُ
125_110,سَقَطَ,سقط,فعَل يفعُل,I,indicative,active,3md,1,يَسْقُطانِ
125_110,سَقَطَ,سقط,فعَل يفعُل,I,indicative,active,3mp,1,يَسْقُطونَ
125_110,سَقَطَ,سقط,فعَل يفعُل,I,indicative,active,3fs,1,تَسْقُطُ
125_110,سَقَطَ,سقط,فعَل يفعُل,I,indicative,active,3fd,1,تَسْقُطانِ
125_110,سَقَطَ,سقط,فعَل يفعُل,I,indicative,active,3fp,1,يَسْقُطْنَ
125_110,سَقَطَ,سقط,فعَل يفعُل,I,indicative,active,2ms,1,تَسْقُطُ
125_110,سَقَطَ,سقط,فعَل يفعُل,I,indicative,active,2d,1,تَسْقُطانِ
125_110,سَقَطَ,سقط,فعَل يفعُل,I,indicative,active,2mp,1,تَسْقُطونَ
125_110,سَقَطَ,سقط,فعَل يفعُل,I,indicative,active,2fs,1,تَسْقُطينَ
125_110,سَقَطَ,سقط,فعَل يفعُل,I,indicative,active,2fp,1,تَسْقُطْنَ
125_110,سَقَطَ,سقط,فعَل يفعُل,I,indicative,active,1s,1,أَسْقُطُ
125_110,سَقَطَ,سقط,فعَل يفعُل,I,indicative,active,1p,1,نَسْقُطُ
125_110,سَقَطَ,سقط,فعَل يفعُل,I,imperative,active,2ms,1,اُسْقُطْ
125_110,سَقَطَ,سقط,فعَل يفعُل,I,imperative,active,2d,1,اُسْقُطا
125_110,سَقَطَ,سقط,فعَل يفعُل,I,imperative,active,2mp,1,اُسْقُطُوا
125_110,سَقَطَ,سقط,فعَل يفعُل,I,imperative,active,2fs,1,اُسْقُطي
125_110,سَقَطَ,سقط,فعَل يفعُل,I,imperative,active,2fp,1,اُسْقُطْنَ
126_111,شَقَّ,شقق,فعَل يفعُل,I,past,active,3ms,1,شَقَّ
126_111,شَقَّ,شقق,فعَل يفعُل,I,past,active,3md,1,شَقَّا
126_111,شَقَّ,شقق,فعَل يفعُل,I,past,active,3mp,1,شَقُّوا
126_111,شَقَّ,شقق,فعَل يفعُل,I,past,active,3fs,1,شَقَّتْ
126_111,شَقَّ,شقق,فعَل يفعُل,I,past,active,3fd,1,شَقَّتا
126_111,شَقَّ,شقق,فعَل يفعُل,I,past,active,3fp,1,شَقَقْنَ
126_111,شَقَّ,شقق,فعَل يفعُل,I,past,active,2ms,1,شَقَقْتَ
126_111,شَقَّ,شقق,فعَل يفعُل,I,past,active,2d,1,شَقَقْتُما
126_111,شَقَّ,شقق,فعَل يفعُل,I,past,active,2mp,1,شَقَقْتُمْ
126_111,شَقَّ,شقق,فعَل يفعُل,I,past,active,2fs,1,شَقَقْتِ
126_111,شَقَّ,شقق,فعَل يفعُل,I,past,active,2fp,1,شَقَقْتُنَّ
126_111,شَقَّ,شقق,فعَل يفعُل,I,past,active,1s,1,شَقَقْتُ
126_111,شَقَّ,شقق,فعَل يفعُل,I,past,active,1p,1,شَقَقْنا
126_111,شَقَّ,شقق,فعَل يفعُل,I,indicative,active,3ms,1,يَشُقُّ
126_111,شَقَّ,شقق,فعَل يفعُل,I,indicative,active,3md,1,يَشُقَّانِ
126_111,شَقَّ,شقق,فعَل يفعُل,I,indicative,active,3mp,1,يَشُقُّونَ
126_111,شَقَّ,شقق,فعَل يفعُل,I,indicative,active,3fs,1,تَشُقُّ
126_111,شَقَّ,شقق,فعَل يفعُل,I,indicative,active,3fd,1,تَشُقَّانِ
126_111,شَقَّ,شقق,فعَل يفعُل,I,indicative,active,3fp,1,يَشْقُقْنَ
126_111,شَقَّ,شقق,فعَل يفعُل,I,indicative,active,2ms,1,تَشُقُّ
126_111,شَقَّ,شقق,فعَل يفعُل,I,indicative,active,2d,1,تَشُقَّانِ
126_111,شَقَّ,شقق,فعَل يفعُل,I,indicative,active,2mp,1,تَشُقُّونَ
126_111,شَقَّ,شقق,فعَل يفعُل,I,indicative,active,2fs,1,تَشُقِّينَ
126_111,شَقَّ,شقق,فعَل يفعُل,I,indicative,active,2fp,1,تَشْقُقْنَ
126_111,شَقَّ,شقق,فعَل يفعُل,I,indicative,active,1s,1,أَشُقُّ
126_111,شَقَّ,شقق,فعَل يفعُل,I,indicative,active,1p,1,نَشُقُّ
126_111,شَقَّ,شقق,فعَل يفعُل,I,imperative,active,2ms,1,شُقَّ
126_111,شَقَّ,شقق,فعَل يفعُل,I,imperative,active,2d,1,شُقَّا
126_111,شَقَّ,شقق,فعَل يفعُل,I,imperative,active,2mp,1,شُقُّوا
126_111,شَقَّ,شقق,فعَل يفعُل,I,imperative,active,2fs,1,شُقِّي
126_111,شَقَّ,شقق,فعَل يفعُل,I,imperative,active,2fp,1,اُشْقُقْنَ
127_111,ظَنَّ,ظنن,فعَل يفعُل,I,past,active,3ms,1,ظَنَّ
127_111,ظَنَّ,ظنن,فعَل يفعُل,I,past,active,3md,1,ظَنَّا
127_111,ظَنَّ,ظنن,فعَل يفعُل,I,past,active,3mp,1,ظَنُّوا
127_111,ظَنَّ,ظنن,فعَل يفعُل,I,past,active,3fs,1,ظَنَّتْ
127_111,ظَنَّ,ظنن,فعَل يفعُل,I,past,active,3fd,1,ظَنَّتا
127_111,ظَنَّ,ظنن,فعَل يفعُل,I,past,active,3fp,1,ظَنَنَّ
127_111,ظَنَّ,ظنن,فعَل يفعُل,I,past,active,2ms,1,ظَنَنْتَ
127_111,ظَنَّ,ظنن,فعَل يفعُل,I,past,active,2d,1,ظَنَنْتُما
127_111,ظَنَّ,ظنن,فعَل يفعُل,I,past,active,2mp,1,ظَنَنْتُمْ
127_111,ظَنَّ,ظنن,فعَل يفعُل,I,past,active,2fs,1,ظَنَنْتِ
127_111,ظَنَّ,ظنن,فعَل يفعُل,I,past,active,2fp,1,ظَنَنْتُنَّ
127_111,ظَنَّ,ظنن,فعَل يفعُل,I,past,active,1s,1,ظَنَنْتُ
127_111,ظَنَّ,ظنن,فعَل يفعُل,I,past,active,1p,1,ظَنَنَّا
127_111,ظَنَّ,ظنن,فعَل يفعُل,I,indicative,active,3ms,1,يَظُنُّ
127_111,ظَنَّ,ظنن,فعَل يفعُل,I,indicative,active,3md,1,يَظُنَّانِ
127_111,ظَنَّ,ظنن,فعَل يفعُل,I,indicative,active,3mp,1,يَظُنُّونَ
127_111,ظَنَّ,ظنن,فعَل يفعُل,I,indicative,active,3fs,1,تَظُنُّ
127_111,ظَنَّ,ظنن,فعَل يفعُل,I,indicative,active,3fd,1,تَظُنَّانِ
127_111,ظَنَّ,ظنن,فعَل يفعُل,I,indicative,active,3fp,1,يَظْنُنَّ
127_111,ظَنَّ,ظنن,فعَل يفعُل,I,indicative,active,2ms,1,تَظُنُّ
127_111,ظَنَّ,ظنن,فعَل يفعُل,I,indicative,active,2d,1,تَظُنَّانِ
127_111,ظَنَّ,ظنن,فعَل يفعُل,I,indicative,active,2mp,1,تَظُنُّونَ
127_111,ظَنَّ,ظنن,فعَل يفعُل,I,indicative,active,2fs,1,تَظُنِّينَ
127_111,ظَنَّ,ظنن,فعَل يفعُل,I,indicative,active,2fp,1,تَظْنُنَّ
127_111,ظَنَّ,ظنن,فعَل يفعُل,I,indicative,active,1s,1,أَظُنُّ
127_111,ظَنَّ,ظنن,فعَل يفعُل,I,indicative,active,1p,1,نَظُنُّ
127_111,ظَنَّ,ظنن,فعَل يفعُل,I,imperative,active,2ms,1,ظُنَّ
127_111,ظَنَّ,ظنن,فعَل يفعُل,I,imperative,active,2d,1,ظُنَّا
127_111,ظَنَّ,ظنن,فعَل يفعُل,I,imperative,active,2mp,1,ظُنُّوا
127_111,ظَنَّ,ظنن,فعَل يفعُل,I,imperative,active,2fs,1,ظُنِّي
127_111,ظَنَّ,ظنن,فعَل يفعُل,I,imperative,active,2fp,1,اُظْنُنَّ
128_112,أَخَذَ,أخذ,فعَل يفعُل,I,past,active,3ms,1,أَخَذَ
128_112,أَخَذَ,أخذ,فعَل يفعُل,I,past,active,3md,1,أَخَذا
128_112,أَخَذَ,أخذ,فعَل يفعُل,I,past,active,3mp,1,أَخَذُوا
128_112,أَخَذَ,أخذ,فعَل يفعُل,I,past,active,3fs,1,أَخَذَتْ
128_112,أَخَذَ,أخذ,فعَل يفعُل,I,past,active,3fd,1,أَخَذَتا
128_112,أَخَذَ,أخذ,فعَل يفعُل,I,past,active,3fp,1,أَخَذْنَ
128_112,أَخَذَ,أخذ,فعَل يفعُل,I,past,active,2ms,1,أَخَذْتَ
128_112,أَخَذَ,أخذ,فعَل يفعُل,I,past,active,2d,1,أَخَذْتُما
128_112,أَخَذَ,أخذ,فعَل يفعُل,I,past,active,2mp,1,أَخَذْتُمْ
128_112,أَخَذَ,أخذ,فعَل يفعُل,I,past,active,2fs,1,أَخَذْتِ
128_112,أَخَذَ,أخذ,فعَل يفعُل,I,past,active,2fp,1,أَخَذْتُنَّ
128_112,أَخَذَ,أخذ,فعَل يفعُل,I,past,active,1s,1,أَخَذْتُ
128_112,أَخَذَ,أخذ,فعَل يفعُل,I,past,active,1p,1,أَخَذْنا
128_112,أَخَذَ,أخذ,فعَل يفعُل,I,indicative,active,3ms,1,يَأْخُذُ
128_112,أَخَذَ,أخذ,فعَل يفعُل,I,indicative,active,3md,1,يَأْخُذانِ
128_112,أَخَذَ,أخذ,فعَل يفعُل,I,indicative,active,3mp,1,يَأْخُذونَ
128_112,أَخَذَ,أخذ,فعَل يفعُل,I,indicative,active,3fs,1,تَأْخُذُ
128_112,أَخَذَ,أخذ,فعَل يفعُل,I,indicative,active,3fd,1,تَأْخُذانِ
128_112,أَخَذَ,أخذ,فعَل يفعُل,I,indicative,active,3fp,1,يَأْخُذْنَ
128_112,أَخَذَ,أخذ,فعَل يفعُل,I,indicative,active,2ms,1,تَأْخُذُ
128_112,أَخَذَ,أخذ,فعَل يفعُل,I,indicative,active,2d,1,تَأْخُذانِ
128_112,أَخَذَ,أخذ,فعَل يفعُل,I,indicative,active,2mp,1,تَأْخُذونَ
128_112,أَخَذَ,أخذ,فعَل يفعُل,I,indicative,active,2fs,1,تَأْخُذينَ
128_112,أَخَذَ,أخذ,فعَل يفعُل,I,indicative,active,2fp,1,تَأْخُذْنَ
128_112,أَخَذَ,أخذ,فعَل يفعُل,I,indicative,active,1s,1,آخُذُ
128_112,أَخَذَ,أخذ,فعَل يفعُل,I,indicative,active,1p,1,نَأْخُذُ
128_112,أَخَذَ,أخذ,فعَل يفعُل,I,imperative,active,2ms,1,خُذْ
128_112,أَخَذَ,أخذ,فعَل يفعُل,I,imperative,active,2d,1,خُذا
128_112,أَخَذَ,أخذ,فعَل يفعُل,I,imperative,active,2mp,1,خُذُوا
128_112,أَخَذَ,أخذ,فعَل يفعُل,I,imperative,active,2fs,1,خُذي
128_112,أَخَذَ,أخذ,فعَل يفعُل,I,imperative,active,2fp,1,خُذْنَ
129_112,أَمَرَ,أمر,فعَل يفعُل,I,past,active,3ms,1,أَمَرَ
129_112,أَمَرَ,أمر,فعَل يفعُل,I,past,active,3md,1,أَمَرا
129_112,أَمَرَ,أمر,فعَل يفعُل,I,past,active,3mp,1,أَمَرُوا
129_112,أَمَرَ,أمر,فعَل يفعُل,I,past,active,3fs,1,أَمَرَتْ
129_112,أَمَرَ,أمر,فعَل يفعُل,I,past,active,3fd,1,أَمَرَتا
129_112,أَمَرَ,أمر,فعَل يفعُل,I,past,active,3fp,1,أَمَرْنَ
129_112,أَمَرَ,أمر,فعَل يفعُل,I,past,active,2ms,1,أَمَرْتَ
129_112,أَمَرَ,أمر,فعَل يفعُل,I,past,active,2d,1,أَمَرْتُما
129_112,أَمَرَ,أمر,فعَل يفعُل,I,past,active,2mp,1,أَمَرْتُمْ
129_112,أَمَرَ,أمر,فعَل يفعُل,I,past,active,2fs,1,أَمَرْتِ
129_112,أَمَرَ,أمر,فعَل يفعُل,I,past,active,2fp,1,أَمَرْتُنَّ
129_112,أَمَرَ,أمر,فعَل يفعُل,I,past,active,1s,1,أَمَرْتُ
129_112,أَمَرَ,أمر,فعَل يفعُل,I,past,active,1p,1,أَمَرْنا
129_112,أَمَرَ,أمر,فعَل يفعُل,I,indicative,active,3ms,1,يَأْمُرُ
129_112,أَمَرَ,أمر,فعَل يفعُل,I,indicative,active,3md,1,يَأْمُرانِ
129_112,أَمَرَ,أمر,فعَل يفعُل,I,indicative,active,3mp,1,يَأْمُرونَ
129_112,أَمَرَ,أمر,فعَل يفعُل,I,indicative,active,3fs,1,تَأْمُرُ
129_112,أَمَرَ,أمر,فعَل يفعُل,I,indicative,active,3fd,1,تَأْمُرانِ
129_112,أَمَرَ,أمر,فعَل يفعُل,I,indicative,active,3fp,1,يَأْمُرْنَ
129_112,أَمَرَ,أمر,فعَل يفعُل,I,indicative,active,2ms,1,تَأْمُرُ
129_112,أَمَرَ,أمر,فعَل يفعُل,I,indicative,active,2d,1,تَأْمُرانِ
129_112,أَمَرَ,أمر,فعَل يفعُل,I,indicative,active,2mp,1,تَأْمُرونَ
129_112,أَمَرَ,أمر,فعَل يفعُل,I,indicative,active,2fs,1,تَأْمُرينَ
129_112,أَمَرَ,أمر,فعَل يفعُل,I,indicative,active,2fp,1,تَأْمُرْنَ
129_112,أَمَرَ,أمر,فعَل يفعُل,I,indicative,active,1s,1,آمُرُ
129_112,أَمَرَ,أمر,فعَل يفعُل,I,indicative,active,1p,1,نَأْمُرُ
129_112,أَمَرَ,أمر,فعَل يفعُل,I,imperative,active,2ms,1,مُرْ
129_112,أَمَرَ,أمر,فعَل يفعُل,I,imperative,active,2d,1,مُرا
129_112,أَمَرَ,أمر,فعَل يفعُل,I,imperative,active,2mp,1,مُرُوا
129_112,أَمَرَ,أمر,فعَل يفعُل,I,imperative,active,2fs,1,مُري
129_112,أَمَرَ,أمر,فعَل يفعُل,I,imperative,active,2fp,1,مُرْنَ
130_116,عادَ,عود,فعَل يفعُل,I,past,active,3ms,1,عادَ
130_116,عادَ,عود,فعَل يفعُل,I,past,active,3md,1,عادا
130_116,عادَ,عود,فعَل يفعُل,I,past,active,3mp,1,عادُوا
130_116,عادَ,عود,فعَل يفعُل,I,past,active,3fs,1,عادَتْ
130_116,عادَ,عود,فعَل يفعُل,I,past,active,3fd,1,عادَتا
130_116,عادَ,عود,فعَل يفعُل,I,past,active,3fp,1,عُدْنَ
130_116,عادَ,عود,فعَل يفعُل,I,past,active,2ms,1,عُدْتَ
130_116,عادَ,عود,فعَل يفعُل,I,past,active,2d,1,عُدْتُما
130_116,عادَ,عود,فعَل يفعُل,I,past,active,2mp,1,عُدْتُمْ
130_116,عادَ,عود,فعَل يفعُل,I,past,active,2fs,1,عُدْتِ
130_116,عادَ,عود,فعَل يفعُل,I,past,active,2fp,1,عُدْتُنَّ
130_116,عادَ,عود,فعَل يفعُل,I,past,active,1s,1,عُدْتُ
130_116,عادَ,عود,فعَل يفعُل,I,past,active,1p,1,عُدْنا
130_116,عادَ,عود,فعَل يفعُل,I,indicative,active,3ms,1,يَعودُ
130_116,عادَ,عود,فعَل يفعُل,I,indicative,active,3md,1,يَعودانِ
130_116,عادَ,عود,فعَل يفعُل,I,indicative,active,3mp,1,يَعودونَ
130_116,عادَ,عود,فعَل يفعُل,I,indicative,active,3fs,1,تَعودُ
130_116,عادَ,عود,فعَل يفعُل,I,indicative,active,3fd,1,تَعودانِ
130_116,عادَ,عود,فعَل يفعُل,I,indicative,active,3fp,1,يَعُدْنَ
130_116,عادَ,عود,فعَل يفعُل,I,indicative,active,2ms,1,تَعودُ
130_116,عادَ,عود,فعَل يفعُل,I,indicative,active,2d,1,تَعودانِ
130_116,عادَ,عود,فعَل يفعُل,I,indicative,active,2mp,1,تَعودونَ
130_116,عادَ,عود,فعَل يفعُل,I,indicative,active,2fs,1,تَعودينَ
130_116,عادَ,عود,فعَل يفعُل,I,indicative,active,2fp,1,تَعُدْنَ
130_116,عادَ,عود,فعَل يفعُل,I,indicative,active,1s,1,أَعودُ
130_116,عادَ,عود,فعَل يفعُل,I,indicative,active,1p,1,نَعودُ
130_116,عادَ,عود,فعَل يفعُل,I,imperative,active,2ms,1,عُدْ
130_116,عادَ,عود,فعَل يفعُل,I,imperative,active,2d,1,عودا
130_116,عادَ,عود,فعَل يفعُل,I,imperative,active,2mp,1,عودُوا
130_116,عادَ,عود,فعَل يفعُل,I,imperative,active,2fs,1,عودي
130_116,عادَ,عود,فعَل يفعُل,I,imperative,active,2fp,1,عُدْنَ
131_116,كانَ,كون,فعَل يفعُل,I,past,active,3ms,1,كانَ
131_116,كانَ,كون,فعَل يفعُل,I,past,active,3md,1,كانا
131_116,كانَ,كون,فعَل يفعُل,I,past,active,3mp,1,كانُوا
131_116,كانَ,كون,فعَل يفعُل,I,past,active,3fs,1,كانَتْ
131_116,كانَ,كون,فعَل يفعُل,I,past,active,3fd,1,كانَتا
131_116,كانَ,كون,فعَل يفعُل,I,past,active,3fp,1,كُنَّ
131_116,كانَ,كون,فعَل يفعُل,I,past,active,2ms,1,كُنْتَ
131_116,كانَ,كون,فعَل يفعُل,I,past,active,2d,1,كُنْتُما
131_116,كانَ,كون,فعَل يفعُل,I,past,active,2mp,1,كُنْتُمْ
131_116,كانَ,كون,فعَل يفعُل,I,past,active,2fs,1,كُنْتِ
131_116,كانَ,كون,فعَل يفعُل,I,past,active,2fp,1,كُنْتُنَّ
131_116,كانَ,كون,فعَل يفعُل,I,past,active,1s,1,كُنْتُ
131_116,كانَ,كون,فعَل يفعُل,I,past,active,1p,1,كُنَّا
131_116,كانَ,كون,فعَل يفعُل,I,indicative,active,3ms,1,يَكونُ
131_116,كانَ,كون,فعَل يفعُل,I,indicative,active,3md,1,يَكونانِ
131_116,كانَ,كون,فعَل يفعُل,I,indicative,active,3mp,1,يَكونونَ
131_116,كانَ,كون,فعَل يفعُل,I,indicative,active,3fs,1,تَكونُ
131_116,كانَ,كون,فعَل يفعُل,I,indicative,active,3fd,1,تَكونانِ
131_116,كانَ,كون,فعَل يفعُل,I,indicative,active,3fp,1,يَكُنَّ
131_116,كانَ,كون,فعَل يفعُل,I,indicative,active,2ms,1,تَكونُ
131_116,كانَ,كون,فعَل يفعُل,I,indicative,active,2d,1,تَكونانِ
131_116,كانَ,كون,فعَل يفعُل,I,indicative,active,2mp,1,تَكونونَ
131_116,كانَ,كون,فعَل يفعُل,I,indicative,active,2fs,1,تَكونينَ
131_116,كانَ,كون,فعَل يفعُل,I,indicative,active,2fp,1,تَكُنَّ
131_116,كانَ,كون,فعَل يفعُل,I,indicative,active,1s,1,أَكونُ
131_116,كانَ,كون,فعَل يفعُل,I,indicative,active,1p,1,نَكونُ
131_116,كانَ,كون,فعَل يفعُل,I,imperative,active,2ms,1,كُنْ
131_116,كانَ,كون,فعَل يفعُل,I,imperative,active,2d,1,كونا
131_116,كانَ,كون,فعَل يفعُل,I,imperative,active,2mp,1,كونُوا
131_116,كانَ,كون,فعَل يفعُل,I,imperative,active,2fs,1,كوني
131_116,كانَ,كون,فعَل يفعُل,I,imperative,active,2fp,1,كُنَّ
132_117,عَلا,علو,فعَل يفعُل,I,past,active,3ms,1,عَلا
132_117,عَلا,علو,فعَل يفعُل,I,past,active,3md,1,عَلَوَا
132_117,عَلا,علو,فعَل يفعُل,I,past,active,3mp,1,عَلَوْا
132_117,عَلا,علو,فعَل يفعُل,I,past,active,3fs,1,عَلَتْ
132_117,عَلا,علو,فعَل يفعُل,I,past,active,3fd,1,عَلَتا
132_117,عَلا,علو,فعَل يفعُل,I,past,active,3fp,1,عَلَوْنَ
132_117,عَلا,علو,فعَل يفعُل,I,past,active,2ms,1,عَلَوْتَ
132_117,عَلا,علو,فعَل يفعُل,I,past,active,2d,1,عَلَوْتُما
132_117,عَلا,علو,فعَل يفعُل,I,past,active,2mp,1,عَلَوْتُمْ
132_117,عَلا,علو,فعَل يفعُل,I,past,active,2fs,1,عَلَوْتِ
132_117,عَلا,علو,فعَل يفعُل,I,past,active,2fp,1,عَلَوْتُنَّ
132_117,عَلا,علو,فعَل يفعُل,I,past,active,1s,1,عَلَوْتُ
132_117,عَلا,علو,فعَل يفعُل,I,past,active,1p,1,عَلَوْنا
132_117,عَلا,علو,فعَل يفعُل,I,indicative,active,3ms,1,يَعْلُو
132_117,عَلا,علو,فعَل يفعُل,I,indicative,active,3md,1,يَعْلُوَانِ
132_117,عَلا,علو,فعَل يفعُل,I,indicative,active,3mp,1,يَعْلُونَ
132_117,عَلا,علو,فعَل يفعُل,I,indicative,active,3fs,1,تَعْلُو
132_117,عَلا,علو,فعَل يفعُل,I,indicative,active,3fd,1,تَعْلُوَانِ
132_117,عَلا,علو,فعَل يفعُل,I,indicative,active,3fp,1,يَعْلُونَ
132_117,عَلا,علو,فعَل يفعُل,I,indicative,active,2ms,1,تَعْلُو
132_117,عَلا,علو,فعَل يفعُل,I,indicative,active,2d,1,تَعْلُوَانِ
132_117,عَلا,علو,فعَل يفعُل,I,indicative,active,2mp,1,تَعْلُونَ
132_117,عَلا,علو,فعَل يفعُل,I,indicative,active,2fs,1,تَعْلِينَ
132_117,عَلا,علو,فعَل يفعُل,I,indicative,active,2fp,1,تَعْلُونَ
132_117,عَلا,علو,فعَل يفعُل,I,indicative,active,1s,1,أَعْلُو
132_117,عَلا,علو,فعَل يفعُل,I,indicative,active,1p,1,نَعْلُو
132_117,عَلا,علو,فعَل يفعُل,I,imperative,active,2ms,1,اُعْلُ
132_117,عَلا,علو,فعَل يفعُل,I,imperative,active,2d,1,اُعْلُوَا
132_117,عَلا,علو,فعَل يفعُل,I,imperative,active,2mp,1,اُعْلُوا
132_117,عَلا,علو,فعَل يفعُل,I,imperative,active,2fs,1,اُعْلِي
132_117,عَلا,علو,فعَل يفعُل,I,imperative,active,2fp,1,اُعْلُونَ
133_117,غَزا,غزو,فعَل يفعُل,I,past,active,3ms,1,غَزا
133_117,غَزا,غزو,فعَل يفعُل,I,past,active,3md,1,غَزَوَا
133_117,غَزا,غزو,فعَل يفعُل,I,past,active,3mp,1,غَزَوْا
133_117,غَزا,غزو,فعَل يفعُل,I,past,active,3fs,1,غَزَتْ
133_117,غَزا,غزو,فعَل يفعُل,I,past,active,3fd,1,غَزَتا
133_117,غَزا,غزو,فعَل يفعُل,I,past,active,3fp,1,غَزَوْنَ
133_117,غَزا,غزو,فعَل يفعُل,I,past,active,2ms,1,غَزَوْتَ
133_117,غَزا,غزو,فعَل يفعُل,I,past,active,2d,1,غَزَوْتُما
133_117,غَزا,غزو,فعَل يفعُل,I,past,active,2mp,1,غَزَوْتُمْ
133_117,غَزا,غزو,فعَل يفعُل,I,past,active,2fs,1,غَزَوْتِ
133_117,غَزا,غزو,فعَل يفعُل,I,past,active,2fp,1,غَزَوْتُنَّ
133_117,غَزا,غزو,فعَل يفعُل,I,past,active,1s,1,غَزَوْتُ
133_117,غَزا,غزو,فعَل يفعُل,I,past,active,1p,1,غَزَوْنا
133_117,غَزا,غزو,فعَل يفعُل,I,indicative,active,3ms,1,يَغْزُو
133_117,غَزا,غزو,فعَل يفعُل,I,indicative,active,3md,1,يَغْزُوَانِ
133_117,غَزا,غزو,فعَل يفعُل,I,indicative,active,3mp,1,يَغْزُونَ
133_117,غَزا,غزو,فعَل يفعُل,I,indicative,active,3fs,1,تَغْزُو
133_117,غَزا,غزو,فعَل يفعُل,I,indicative,active,3fd,1,تَغْزُوَانِ
133_117,غَزا,غزو,فعَل يفعُل,I,indicative,active,3fp,1,يَغْزُونَ
133_117,غَزا,غزو,فعَل يفعُل,I,indicative,active,2ms,1,تَغْزُو
133_117,غَزا,غزو,فعَل يفعُل,I,indicative,active,2d,1,تَغْزُوَانِ
133_117,غَزا,غزو,فعَل يفعُل,I,indicative,active,2mp,1,تَغْزُونَ
133_117,غَزا,غزو,فعَل يفعُل,I,indicative,active,2fs,1,تَغْزِينَ
133_117,غَزا,غزو,فعَل يفعُل,I,indicative,active,2fp,1,تَغْزُونَ
133_117,غَزا,غزو,فعَل يفعُل,I,indicative,active,1s,1,أَغْزُو
133_117,غَزا,غزو,فعَل يفعُل,I,indicative,active,1p,1,نَغْزُو
133_117,غَزا,غزو,فعَل يفعُل,I,imperative,active,2ms,1,اُغْزُ
133_117,غَزا,غزو,فعَل يفعُل,I,imperative,active,2d,1,اُغْزُوَا
133_117,غَزا,غزو,فعَل يفعُل,I,imperative,active,2mp,1,اُغْزُوا
133_117,غَزا,غزو,فعَل يفعُل,I,imperative,active,2fs,1,اُغْزِي
133_117,غَزا,غزو,فعَل يفعُل,I,imperative,active,2fp,1,اُغْزُونَ
134_237,تَثَنَّى,ثني,تفعّل,V,past,active,3ms,1,تَثَنَّى
134_237,تَثَنَّى,ثني,تفعّل,V,past,active,3md,1,تَثَنَّيا
134_237,تَثَنَّى,ثني,تفعّل,V,past,active,3mp,1,تَثَنَّوْا
134_237,تَثَنَّى,ثني,تفعّل,V,past,active,3fs,1,تَثَنَّتْ
134_237,تَثَنَّى,ثني,تفعّل,V,past,active,3fd,1,تَثَنَّتا
134_237,تَثَنَّى,ثني,تفعّل,V,past,active,3fp,1,تَثَنَّيْنَ
134_237,تَثَنَّى,ثني,تفعّل,V,past,active,2ms,1,تَثَنَّيْتَ
134_237,تَثَنَّى,ثني,تفعّل,V,past,active,2d,1,تَثَنَّيْتُما
134_237,تَثَنَّى,ثني,تفعّل,V,past,active,2mp,1,تَثَنَّيْتُمْ
134_237,تَثَنَّى,ثني,تفعّل,V,past,active,2fs,1,تَثَنَّيْتِ
134_237,تَثَنَّى,ثني,تفعّل,V,past,active,2fp,1,تَثَنَّيْتُنَّ
134_237,تَثَنَّى,ثني,تفعّل,V,past,active,1s,1,تَثَنَّيْتُ
134_237,تَثَنَّى,ثني,تفعّل,V,past,active,1p,1,تَثَنَّيْنا
134_237,تَثَنَّى,ثني,تفعّل,V,indicative,active,3ms,1,يَتَثَنَّى
134_237,تَثَنَّى,ثني,تفعّل,V,indicative,active,3md,1,يَتَثَنَّيانِ
134_237,تَثَنَّى,ثني,تفعّل,V,indicative,active,3mp,1,يَتَثَنَّوْنَ
134_237,تَثَنَّى,ثني,تفعّل,V,indicative,active,3fs,1,تَتَثَنَّى
134_237,تَثَنَّى,ثني,تفعّل,V,indicative,active,3fd,1,تَتَثَنَّيانِ
134_237,تَثَنَّى,ثني,تفعّل,V,indicative,active,3fp,1,يَتَثَنَّيْنَ
134_237,تَثَنَّى,ثني,تفعّل,V,indicative,active,2ms,1,تَتَثَنَّى
134_237,تَثَنَّى,ثني,تفعّل,V,indicative,active,2d,1,تَتَثَنَّيانِ
134_237,تَثَنَّى,ثني,تفعّل,V,indicative,active,2mp,1,تَتَثَنَّوْنَ
134_237,تَثَنَّى,ثني,تفعّل,V,indicative,active,2fs,1,تَتَثَنَّيْنَ
134_237,تَثَنَّى,ثني,تفعّل,V,indicative,active,2fp,1,تَتَثَنَّيْنَ
134_237,تَثَنَّى,ثني,تفعّل,V,indicative,active,1s,1,أَتَثَنَّى
134_237,تَثَنَّى,ثني,تفعّل,V,indicative,active,1p,1,نَتَثَنَّى
134_237,تَثَنَّى,ثني,تفعّل,V,imperative,active,2ms,1,تَثَنَّ
134_237,تَثَنَّى,ثني,تفعّل,V,imperative,active,2d,1,تَثَنَّيا
134_237,تَثَنَّى,ثني,تفعّل,V,imperative,active,2mp,1,تَثَنَّوْا
134_237,تَثَنَّى,ثني,تفعّل,V,imperative,active,2fs,1,تَثَنَّيْ
134_237,تَثَنَّى,ثني,تفعّل,V,imperative,active,2fp,1,تَثَنَّيْنَ
135_237,تَرَدَّى,ردي,تفعّل,V,past,active,3ms,1,تَرَدَّى
135_237,تَرَدَّى,ردي,تفعّل,V,past,active,3md,1,تَرَدَّيا
135_237,تَرَدَّى,ردي,تفعّل,V,past,active,3mp,1,تَرَدَّوْا
135_237,تَرَدَّى,ردي,تفعّل,V,past,active,3fs,1,تَرَدَّتْ
135_237,تَرَدَّى,ردي,تفعّل,V,past,active,3fd,1,تَرَدَّتا
135_237,تَرَدَّى,ردي,تفعّل,V,past,active,3fp,1,تَرَدَّيْنَ
135_237,تَرَدَّى,ردي,تفعّل,V,past,active,2ms,1,تَرَدَّيْتَ
135_237,تَرَدَّى,ردي,تفعّل,V,past,active,2d,1,تَرَدَّيْتُما
135_237,تَرَدَّى,ردي,تفعّل,V,past,active,2mp,1,تَرَدَّيْتُمْ
135_237,تَرَدَّى,ردي,تفعّل,V,past,active,2fs,1,تَرَدَّيْتِ
135_237,تَرَدَّى,ردي,تفعّل,V,past,active,2fp,1,تَرَدَّيْتُنَّ
135_237,تَرَدَّى,ردي,تفعّل,V,past,active,1s,1,تَرَدَّيْتُ
135_237,تَرَدَّى,ردي,تفعّل,V,past,active,1p,1,تَرَدَّيْنا
135_237,تَرَدَّى,ردي,تفعّل,V,indicative,active,3ms,1,يَتَرَدَّى
135_237,تَرَدَّى,ردي,تفعّل,V,indicative,active,3md,1,يَتَرَدَّيانِ
135_237,تَرَدَّى,ردي,تفعّل,V,indicative,active,3mp,1,يَتَرَدَّوْنَ
135_237,تَرَدَّى,ردي,تفعّل,V,indicative,active,3fs,1,تَتَرَدَّى
135_237,تَرَدَّى,ردي,تفعّل,V,indicative,active,3fd,1,تَتَرَدَّيانِ
135_237,تَرَدَّى,ردي,تفعّل,V,indicative,active,3fp,1,يَتَرَدَّيْنَ
135_237,تَرَدَّى,ردي,تفعّل,V,indicative,active,2ms,1,تَتَرَدَّى
135_237,تَرَدَّى,ردي,تفعّل,V,indicative,active,2d,1,تَتَرَدَّيانِ
135_237,تَرَدَّى,ردي,تفعّل,V,indicative,active,2mp,1,تَتَرَدَّوْنَ
135_237,تَرَدَّى,ردي,تفعّل,V,indicative,active,2fs,1,تَتَرَدَّيْنَ
135_237,تَرَدَّى,ردي,تفعّل,V,indicative,active,2fp,1,تَتَرَدَّيْنَ
135_237,تَرَدَّى,ردي,تفعّل,V,indicative,active,1s,1,أَتَرَدَّى
135_237,تَرَدَّى,ردي,تفعّل,V,indicative,active,1p,1,نَتَرَدَّى
135_237,تَرَدَّى,ردي,تفعّل,V,imperative,active,2ms,1,تَرَدَّ
135_237,تَرَدَّى,ردي,تفعّل,V,imperative,active,2d,1,تَرَدَّيا
135_237,تَرَدَّى,ردي,تفعّل,V,imperative,active,2mp,1,تَرَدَّوْا
135_237,تَرَدَّى,ردي,تفعّل,V,imperative,active,2fs,1,تَرَدَّيْ
135_237,تَرَدَّى,ردي,تفعّل,V,imperative,active,2fp,1,تَرَدَّيْنَ
136_237,تَأَتَّى,أتي,تفعّل,V,past,active,3ms,1,تَأَتَّى
136_237,تَأَتَّى,أتي,تفعّل,V,past,active,3md,1,تَأَتَّيا
136_237,تَأَتَّى,أتي,تفعّل,V,past,active,3mp,1,تَأَتَّوْا
136_237,تَأَتَّى,أتي,تفعّل,V,past,active,3fs,1,تَأَتَّتْ
136_237,تَأَتَّى,أتي,تفعّل,V,past,active,3fd,1,تَأَتَّتا
136_237,تَأَتَّى,أتي,تفعّل,V,past,active,3fp,1,تَأَتَّيْنَ
136_237,تَأَتَّى,أتي,تفعّل,V,past,active,2ms,1,تَأَتَّيْتَ
136_237,تَأَتَّى,أتي,تفعّل,V,past,active,2d,1,تَأَتَّيْتُما
136_237,تَأَتَّى,أتي,تفعّل,V,past,active,2mp,1,تَأَتَّيْتُمْ
136_237,تَأَتَّى,أتي,تفعّل,V,past,active,2fs,1,تَأَتَّيْتِ
136_237,تَأَتَّى,أتي,تفعّل,V,past,active,2fp,1,تَأَتَّيْتُنَّ
136_237,تَأَتَّى,أتي,تفعّل,V,past,active,1s,1,تَأَتَّيْتُ
136_237,تَأَتَّى,أتي,تفعّل,V,past,active,1p,1,تَأَتَّيْنا
136_237,تَأَتَّى,أتي,تفعّل,V,indicative,active,3ms,1,يَتَأَتَّى
136_237,تَأَتَّى,أتي,تفعّل,V,indicative,active,3md,1,يَتَأَتَّيانِ
136_237,تَأَتَّى,أتي,تفعّل,V,indicative,active,3mp,1,يَتَأَتَّوْنَ
136_237,تَأَتَّى,أتي,تفعّل,V,indicative,active,3fs,1,تَتَأَتَّى
136_237,تَأَتَّى,أتي,تفعّل,V,indicative,active,3fd,1,تَتَأَتَّيانِ
136_237,تَأَتَّى,أتي,تفعّل,V,indicative,active,3fp,1,يَتَأَتَّيْنَ
136_237,تَأَتَّى,أتي,تفعّل,V,indicative,active,2ms,1,تَتَأَتَّى
136_237,تَأَتَّى,أتي,تفعّل,V,indicative,active,2d,1,تَتَأَتَّيانِ
136_237,تَأَتَّى,أتي,تفعّل,V,indicative,active,2mp,1,تَتَأَتَّوْنَ
136_237,تَأَتَّى,أتي,تفعّل,V,indicative,active,2fs,1,تَتَأَتَّيْنَ
136_237,تَأَتَّى,أتي,تفعّل,V,indicative,active,2fp,1,تَتَأَتَّيْنَ
136_237,تَأَتَّى,أتي,تفعّل,V,indicative,active,1s,1,أَتَأَتَّى
136_237,تَأَتَّى,أتي,تفعّل,V,indicative,active,1p,1,نَتَأَتَّى
136_237,تَأَتَّى,أتي,تفعّل,V,imperative,active,2ms,1,تَأَتَّ
136_237,تَأَتَّى,أتي,تفعّل,V,imperative,active,2d,1,تَأَتَّيا
136_237,تَأَتَّى,أتي,تفعّل,V,imperative,active,2mp,1,تَأَتَّوْا
136_237,تَأَتَّى,أتي,تفعّل,V,imperative,active,2fs,1,تَأَتَّيْ
136_237,تَأَتَّى,أتي,تفعّل,V,imperative,active,2fp,1,تَأَتَّيْنَ
137_237,تَوَخَّى,وخي,تفعّل,V,past,active,3ms,1,تَوَخَّى
137_237,تَوَخَّى,وخي,تفعّل,V,past,active,3md,1,تَوَخَّيا
137_237,تَوَخَّى,وخي,تفعّل,V,past,active,3mp,1,تَوَخَّوْا
137_237,تَوَخَّى,وخي,تفعّل,V,past,active,3fs,1,تَوَخَّتْ
137_237,تَوَخَّى,وخي,تفعّل,V,past,active,3fd,1,تَوَخَّتا
137_237,تَوَخَّى,وخي,تفعّل,V,past,active,3fp,1,تَوَخَّيْنَ
137_237,تَوَخَّى,وخي,تفعّل,V,past,active,2ms,1,تَوَخَّيْتَ
137_237,تَوَخَّى,وخي,تفعّل,V,past,active,2d,1,تَوَخَّيْتُما
137_237,تَوَخَّى,وخي,تفعّل,V,past,active,2mp,1,تَوَخَّيْتُمْ
137_237,تَوَخَّى,وخي,تفعّل,V,past,active,2fs,1,تَوَخَّيْتِ
137_237,تَوَخَّى,وخي,تفعّل,V,past,active,2fp,1,تَوَخَّيْتُنَّ
137_237,تَوَخَّى,وخي,تفعّل,V,past,active,1s,1,تَوَخَّيْتُ
137_237,تَوَخَّى,وخي,تفعّل,V,past,active,1p,1,تَوَخَّيْنا
137_237,تَوَخَّى,وخي,تفعّل,V,indicative,active,3ms,1,يَتَوَخَّى
137_237,تَوَخَّى,وخي,تفعّل,V,indicative,active,3md,1,يَتَوَخَّيانِ
137_237,تَوَخَّى,وخي,تفعّل,V,indicative,active,3mp,1,يَتَوَخَّوْنَ
137_237,تَوَخَّى,وخي,تفعّل,V,indicative,active,3fs,1,تَتَوَخَّى
137_237,تَوَخَّى,وخي,تفعّل,V,indicative,active,3fd,1,تَتَوَخَّيانِ
137_237,تَوَخَّى,وخي,تفعّل,V,indicative,active,3fp,1,يَتَوَخَّيْنَ
137_237,تَوَخَّى,وخي,تفعّل,V,indicative,active,2ms,1,تَتَوَخَّى
137_237,تَوَخَّى,وخي,تفعّل,V,indicative,active,2d,1,تَتَوَخَّيانِ
137_237,تَوَخَّى,وخي,تفعّل,V,indicative,active,2mp,1,تَتَوَخَّوْنَ
137_237,تَوَخَّى,وخي,تفعّل,V,indicative,active,2fs,1,تَتَوَخَّيْنَ
137_237,تَوَخَّى,وخي,تفعّل,V,indicative,active,2fp,1,تَتَوَخَّيْنَ
137_237,تَوَخَّى,وخي,تفعّل,V,indicative,active,1s,1,أَتَوَخَّى
137_237,تَوَخَّى,وخي,تفعّل,V,indicative,active,1p,1,نَتَوَخَّى
137_237,تَوَخَّى,وخي,تفعّل,V,imperative,active,2ms,1,تَوَخَّ
137_237,تَوَخَّى,وخي,تفعّل,V,imperative,active,2d,1,تَوَخَّيا
137_237,تَوَخَّى,وخي,تفعّل,V,imperative,active,2mp,1,تَوَخَّوْا
137_237,تَوَخَّى,وخي,تفعّل,V,imperative,active,2fs,1,تَوَخَّيْ
137_237,تَوَخَّى,وخي,تفعّل,V,imperative,active,2fp,1,تَوَخَّيْنَ
138_238,تَوَعَّى,وعي,تفعّل,V,past,active,3ms,1,تَوَعَّى
138_238,تَوَعَّى,وعي,تفعّل,V,past,active,3md,1,تَوَعَّيا
138_238,تَوَعَّى,وعي,تفعّل,V,past,active,3mp,1,تَوَعَّوْا
138_238,تَوَعَّى,وعي,تفعّل,V,past,active,3fs,1,تَوَعَّتْ
138_238,تَوَعَّى,وعي,تفعّل,V,past,active,3fd,1,تَوَعَّتا
138_238,تَوَعَّى,وعي,تفعّل,V,past,active,3fp,1,تَوَعَّيْنَ
138_238,تَوَعَّى,وعي,تفعّل,V,past,active,2ms,1,تَوَعَّيْتَ
138_238,تَوَعَّى,وعي,تفعّل,V,past,active,2d,1,تَوَعَّيْتُما
138_238,تَوَعَّى,وعي,تفعّل,V,past,active,2mp,1,تَوَعَّيْتُمْ
138_238,تَوَعَّى,وعي,تفعّل,V,past,active,2fs,1,تَوَعَّيْتِ
138_238,تَوَعَّى,وعي,تفعّل,V,past,active,2fp,1,تَوَعَّيْتُنَّ
138_238,تَوَعَّى,وعي,تفعّل,V,past,active,1s,1,تَوَعَّيْتُ
138_238,تَوَعَّى,وعي,تفعّل,V,past,active,1p,1,تَوَعَّيْنا
138_238,تَوَعَّى,وعي,تفعّل,V,indicative,active,3ms,1,يَتَوَعَّى
138_238,تَوَعَّى,وعي,تفعّل,V,indicative,active,3md,1,يَتَوَعَّيانِ
138_238,تَوَعَّى,وعي,تفعّل,V,indicative,active,3mp,1,يَتَوَعَّوْنَ
138_238,تَوَعَّى,وعي,تفعّل,V,indicative,active,3fs,1,تَتَوَعَّى
138_238,تَوَعَّى,وعي,تفعّل,V,indicative,active,3fd,1,تَتَوَعَّيانِ
138_238,تَوَعَّى,وعي,تفعّل,V,indicative,active,3fp,1,يَتَوَعَّيْنَ
138_238,تَوَعَّى,وعي,تفعّل,V,indicative,active,2ms,1,تَتَوَعَّى
138_238,تَوَعَّى,وعي,تفعّل,V,indicative,active,2d,1,تَتَوَعَّيانِ
138_238,تَوَعَّى,وعي,تفعّل,V,indicative,active,2mp,1,تَتَوَعَّوْنَ
138_238,تَوَعَّى,وعي,تفعّل,V,indicative,active,2fs,1,تَتَوَعَّيْنَ
138_238,تَوَعَّى,وعي,تفعّل,V,indicative,active,2fp,1,تَتَوَعَّيْنَ
138_238,تَوَعَّى,وعي,تفعّل,V,indicative,active,1s,1,أَتَوَعَّى
138_238,تَوَعَّى,وعي,تفعّل,V,indicative,active,1p,1,نَتَوَعَّى
138_238,تَوَعَّى,وعي,تفعّل,V,imperative,active,2ms,1,تَوَعَّ
138_238,تَوَعَّى,وعي,تفعّل,V,imperative,active,2d,1,تَوَعَّيا
138_238,تَوَعَّى,وعي,تفعّل,V,imperative,active,2mp,1,تَوَعَّوْا
138_238,تَوَعَّى,وعي,تفعّل,V,imperative,active,2fs,1,تَوَعَّيْ
138_238,تَوَعَّى,وعي,تفعّل,V,imperative,active,2fp,1,تَوَعَّيْنَ
139_238,تَوَفَّى,وفي,تفعّل,V,past,active,3ms,1,تَوَفَّى
139_238,تَوَفَّى,وفي,تفعّل,V,past,active,3md,1,تَوَفَّيا
139_238,تَوَفَّى,وفي,تفعّل,V,past,active,3mp,1,تَوَفَّوْا
139_238,تَوَفَّى,وفي,تفعّل,V,past,active,3fs,1,تَوَفَّتْ
139_238,تَوَفَّى,وفي,تفعّل,V,past,active,3fd,1,تَوَفَّتا
139_238,تَوَفَّى,وفي,تفعّل,V,past,active,3fp,1,تَوَفَّيْنَ
139_238,تَوَفَّى,وفي,تفعّل,V,past,active,2ms,1,تَوَفَّيْتَ
139_238,تَوَفَّى,وفي,تفعّل,V,past,active,2d,1,تَوَفَّيْتُما
139_238,تَوَفَّى,وفي,تفعّل,V,past,active,2mp,1,تَوَفَّيْتُمْ
139_238,تَوَفَّى,وفي,تفعّل,V,past,active,2fs,1,تَوَفَّيْتِ
139_238,تَوَفَّى,وفي,تفعّل,V,past,active,2fp,1,تَوَفَّيْتُنَّ
139_238,تَوَفَّى,وفي,تفعّل,V,past,active,1s,1,تَوَفَّيْتُ
139_238,تَوَفَّى,وفي,تفعّل,V,past,active,1p,1,تَوَفَّيْنا
139_238,تَوَفَّى,وفي,تفعّل,V,indicative,active,3ms,1,يَتَوَفَّى
139_238,تَوَفَّى,وفي,تفعّل,V,indicative,active,3md,1,يَتَوَفَّيانِ
139_238,تَوَفَّى,وفي,تفعّل,V,indicative,active,3mp,1,يَتَوَفَّوْنَ
139_238,تَوَفَّى,وفي,تفعّل,V,indicative,active,3fs,1,تَتَوَفَّى
139_238,تَوَفَّى,وفي,تفعّل,V,indicative,active,3fd,1,تَتَوَفَّيانِ
139_238,تَوَفَّى,وفي,تفعّل,V,indicative,active,3fp,1,يَتَوَفَّيْنَ
139_238,تَوَفَّى,وفي,تفعّل,V,indicative,active,2ms,1,تَتَوَفَّى
139_238,تَوَفَّى,وفي,تفعّل,V,indicative,active,2d,1,تَتَوَفَّيانِ
139_238,تَوَفَّى,وفي,تفعّل,V,indicative,active,2mp,1,تَتَوَفَّوْنَ
139_238,تَوَفَّى,وفي,تفعّل,V,indicative,active,2fs,1,تَتَوَفَّيْنَ
139_238,تَوَفَّى,وفي,تفعّل,V,indicative,active,2fp,1,تَتَوَفَّيْنَ
139_238,تَوَفَّى,وفي,تفعّل,V,indicative,active,1s,1,أَتَوَفَّى
139_238,تَوَفَّى,وفي,تفعّل,V,indicative,active,1p,1,نَتَوَفَّى
139_238,تَوَفَّى,وفي,تفعّل,V,imperative,active,2ms,1,تَوَفَّ
139_238,تَوَفَّى,وفي,تفعّل,V,imperative,active,2d,1,تَوَفَّيا
139_238,تَوَفَّى,وفي,تفعّل,V,imperative,active,2mp,1,تَوَفَّوْا
139_238,تَوَفَّى,وفي,تفعّل,V,imperative,active,2fs,1,تَوَفَّيْ
139_238,تَوَفَّى,وفي,تفعّل,V,imperative,active,2fp,1,تَوَفَّيْنَ
140_239,تَنَوَّى,نوي,تفعّل,V,past,active,3ms,1,تَنَوَّى
140_239,تَنَوَّى,نوي,تفعّل,V,past,active,3md,1,تَنَوَّيا
140_239,تَنَوَّى,نوي,تفعّل,V,past,active,3mp,1,تَنَوَّوْا
140_239,تَنَوَّى,نوي,تفعّل,V,past,active,3fs,1,تَنَوَّتْ
140_239,تَنَوَّى,نوي,تفعّل,V,past,active,3fd,1,تَنَوَّتا
140_239,تَنَوَّى,نوي,تفعّل,V,past,active,3fp,1,تَنَوَّيْنَ
140_239,تَنَوَّى,نوي,تفعّل,V,past,active,2ms,1,تَنَوَّيْتَ
140_239,تَنَوَّى,نوي,تفعّل,V,past,active,2d,1,تَنَوَّيْتُما
140_239,تَنَوَّى,نوي,تفعّل,V,past,active,2mp,1,تَنَوَّيْتُمْ
140_239,تَنَوَّى,نوي,تفعّل,V,past,active,2fs,1,تَنَوَّيْتِ
140_239,تَنَوَّى,نوي,تفعّل,V,past,active,2fp,1,تَنَوَّيْتُنَّ
140_239,تَنَوَّى,نوي,تفعّل,V,past,active,1s,1,تَنَوَّيْتُ
140_239,تَنَوَّى,نوي,تفعّل,V,past,active,1p,1,تَنَوَّيْنا
140_239,تَنَوَّى,نوي,تفعّل,V,indicative,active,3ms,1,يَتَنَوَّى
140_239,تَنَوَّى,نوي,تفعّل,V,indicative,active,3md,1,يَتَنَوَّيانِ
140_239,تَنَوَّى,نوي,تفعّل,V,indicative,active,3mp,1,يَتَنَوَّوْنَ
140_239,تَنَوَّى,نوي,تفعّل,V,indicative,active,3fs,1,تَتَنَوَّى
140_239,تَنَوَّى,نوي,تفعّل,V,indicative,active,3fd,1,تَتَنَوَّيانِ
140_239,تَنَوَّى,نوي,تفعّل,V,indicative,active,3fp,1,يَتَنَوَّيْنَ
140_239,تَنَوَّى,نوي,تفعّل,V,indicative,active,2ms,1,تَتَنَوَّى
140_239,تَنَوَّى,نوي,تفعّل,V,indicative,active,2d,1,تَتَنَوَّيانِ
140_239,تَنَوَّى,نوي,تفعّل,V,indicative,active,2mp,1,تَتَنَوَّوْنَ
140_239,تَنَوَّى,نوي,تفعّل,V,indicative,active,2fs,1,تَتَنَوَّيْنَ
140_239,تَنَوَّى,نوي,تفعّل,V,indicative,active,2fp,1,تَتَنَوَّيْنَ
140_239,تَنَوَّى,نوي,تفعّل,V,indicative,active,1s,1,أَتَنَوَّى
140_239,تَنَوَّى,نوي,تفعّل,V,indicative,active,1p,1,نَتَنَوَّى
140_239,تَنَوَّى,نوي,تفعّل,V,imperative,active,2ms,1,تَنَوَّ
140_239,تَنَوَّى,نوي,تفعّل,V,imperative,active,2d,1,تَنَوَّيا
140_239,تَنَوَّى,نوي,تفعّل,V,imperative,active,2mp,1,تَنَوَّوْا
140_239,تَنَوَّى,نوي,تفعّل,V,imperative,active,2fs,1,تَنَوَّيْ
140_239,تَنَوَّى,نوي,تفعّل,V,imperative,active,2fp,1,تَنَوَّيْنَ
141_239,تَرَوَّى,روي,تفعّل,V,past,active,3ms,1,تَرَوَّى
141_239,تَرَوَّى,روي,تفعّل,V,past,active,3md,1,تَرَوَّيا
141_239,تَرَوَّى,روي,تفعّل,V,past,active,3mp,1,تَرَوَّوْا
141_239,تَرَوَّى,روي,تفعّل,V,past,active,3fs,1,تَرَوَّتْ
141_239,تَرَوَّى,روي,تفعّل,V,past,active,3fd,1,تَرَوَّتا
141_239,تَرَوَّى,روي,تفعّل,V,past,active,3fp,1,تَرَوَّيْنَ
141_239,تَرَوَّى,روي,تفعّل,V,past,active,2ms,1,تَرَوَّيْتَ
141_239,تَرَوَّى,روي,تفعّل,V,past,active,2d,1,تَرَوَّيْتُما
141_239,تَرَوَّى,روي,تفعّل,V,past,active,2mp,1,تَرَوَّيْتُمْ
141_239,تَرَوَّى,روي,تفعّل,V,past,active,2fs,1,تَرَوَّيْتِ
141_239,تَرَوَّى,روي,تفعّل,V,past,active,2fp,1,تَرَوَّيْتُنَّ
141_239,تَرَوَّى,روي,تفعّل,V,past,active,1s,1,تَرَوَّيْتُ
141_239,تَرَوَّى,روي,تفعّل,V,past,active,1p,1,تَرَوَّيْنا
141_239,تَرَوَّى,روي,تفعّل,V,indicative,active,3ms,1,يَتَرَوَّى
141_239,تَرَوَّى,روي,تفعّل,V,indicative,active,3md,1,يَتَرَوَّيانِ
141_239,تَرَوَّى,روي,تفعّل,V,indicative,active,3mp,1,يَتَرَوَّوْنَ
141_239,تَرَوَّى,روي,تفعّل,V,indicative,active,3fs,1,تَتَرَوَّى
141_239,تَرَوَّى,روي,تفعّل,V,indicative,active,3fd,1,تَتَرَوَّيانِ
141_239,تَرَوَّى,روي,تفعّل,V,indicative,active,3fp,1,يَتَرَوَّيْنَ
141_239,تَرَوَّى,روي,تفعّل,V,indicative,active,2ms,1,تَتَرَوَّى
141_239,تَرَوَّى,روي,تفعّل,V,indicative,active,2d,1,تَتَرَوَّيانِ
141_239,تَرَوَّى,روي,تفعّل,V,indicative,active,2mp,1,تَتَرَوَّوْنَ
141_239,تَرَوَّى,روي,تفعّل,V,indicative,active,2fs,1,تَتَرَوَّيْنَ
141_239,تَرَوَّى,روي,تفعّل,V,indicative,active,2fp,1,تَتَرَوَّيْنَ
141_239,تَرَوَّى,روي,تفعّل,V,indicative,active,1s,1,أَتَرَوَّى
141_239,تَرَوَّى,روي,تفعّل,V,indicative,active,1p,1,نَتَرَوَّى
141_239,تَرَوَّى,روي,تفعّل,V,imperative,active,2ms,1,تَرَوَّ
141_239,تَرَوَّى,روي,تفعّل,V,imperative,active,2d,1,تَرَوَّيا
141_239,تَرَوَّى,روي,تفعّل,V,imperative,active,2mp,1,تَرَوَّوْا
141_239,تَرَوَّى,روي,تفعّل,V,imperative,active,2fs,1,تَرَوَّيْ
141_239,تَرَوَّى,روي,تفعّل,V,imperative,active,2fp,1,تَرَوَّيْنَ
142_240,تَقاعَدَ,قعد,تفاعل,VI,past,active,3ms,1,تَقاعَدَ
142_240,تَقاعَدَ,قعد,تفاعل,VI,past,active,3md,1,تَقاعَدا
142_240,تَقاعَدَ,قعد,تفاعل,VI,past,active,3mp,1,تَقاعَدوا
142_240,تَقاعَدَ,قعد,تفاعل,VI,past,active,3fs,1,تَقاعَدَتْ
142_240,تَقاعَدَ,قعد,تفاعل,VI,past,active,3fd,1,تَقاعَدَتا
142_240,تَقاعَدَ,قعد,تفاعل,VI,past,active,3fp,1,تَقاعَدْنَ
142_240,تَقاعَدَ,قعد,تفاعل,VI,past,active,2ms,1,تَقاعَدْتَ
142_240,تَقاعَدَ,قعد,تفاعل,VI,past,active,2d,1,تَقاعَدْتُما
142_240,تَقاعَدَ,قعد,تفاعل,VI,past,active,2mp,1,تَقاعَدْتُمْ
142_240,تَقاعَدَ,قعد,تفاعل,VI,past,active,2fs,1,تَقاعَدْتِ
142_240,تَقاعَدَ,قعد,تفاعل,VI,past,active,2fp,1,تَقاعَدْتُنَّ
142_240,تَقاعَدَ,قعد,تفاعل,VI,past,active,1s,1,تَقاعَدْتُ
142_240,تَقاعَدَ,قعد,تفاعل,VI,past,active,1p,1,تَقاعَدْنا
142_240,تَقاعَدَ,قعد,تفاعل,VI,indicative,active,3ms,1,يَتَقاعَدُ
142_240,تَقاعَدَ,قعد,تفاعل,VI,indicative,active,3md,1,يَتَقاعَدانِ
142_240,تَقاعَدَ,قعد,تفاعل,VI,indicative,active,3mp,1,يَتَقاعَدونَ
142_240,تَقاعَدَ,قعد,تفاعل,VI,indicative,active,3fs,1,تَتَقاعَدُ
142_240,تَقاعَدَ,قعد,تفاعل,VI,indicative,active,3fd,1,تَتَقاعَدانِ
142_240,تَقاعَدَ,قعد,تفاعل,VI,indicative,active,3fp,1,يَتَقاعَدْنَ
142_240,تَقاعَدَ,قعد,تفاعل,VI,indicative,active,2ms,1,تَتَقاعَدُ
142_240,تَقاعَدَ,قعد,تفاعل,VI,indicative,active,2d,1,تَتَقاعَدانِ
142_240,تَقاعَدَ,قعد,تفاعل,VI,indicative,active,2mp,1,تَتَقاعَدونَ
142_240,تَقاعَدَ,قعد,تفاعل,VI,indicative,active,2fs,1,تَتَقاعَدينَ
142_240,تَقاعَدَ,قعد,تفاعل,VI,indicative,active,2fp,1,تَتَقاعَدْنَ
142_240,تَقاعَدَ,قعد,تفاعل,VI,indicative,active,1s,1,أَتَقاعَدُ
142_240,تَقاعَدَ,قعد,تفاعل,VI,indicative,active,1p,1,نَتَقاعَدُ
142_240,تَقاعَدَ,قعد,تفاعل,VI,imperative,active,2ms,1,تَقاعَدْ
142_240,تَقاعَدَ,قعد,تفاعل,VI,imperative,active,2d,1,تَقاعَدا
142_240,تَقاعَدَ,قعد,تفاعل,VI,imperative,active,2mp,1,تَقاعَدوا
142_240,تَقاعَدَ,قعد,تفاعل,VI,imperative,active,2fs,1,تَقاعَدي
142_240,تَقاعَدَ,قعد,تفاعل,VI,imperative,active,2fp,1,تَقاعَدْنَ
143_240,تَنازَلَ,نزل,تفاعل,VI,past,active,3ms,1,تَنازَلَ
143_240,تَنازَلَ,نزل,تفاعل,VI,past,active,3md,1,تَنازَلا
143_240,تَنازَلَ,نزل,تفاعل,VI,past,active,3mp,1,تَنازَلوا
143_240,تَنازَلَ,نزل,تفاعل,VI,past,active,3fs,1,تَنازَلَتْ
143_240,تَنازَلَ,نزل,تفاعل,VI,past,active,3fd,1,تَنازَلَتا
143_240,تَنازَلَ,نزل,تفاعل,VI,past,active,3fp,1,تَنازَلْنَ
143_240,تَنازَلَ,نزل,تفاعل,VI,past,active,2ms,1,تَنازَلْتَ
143_240,تَنازَلَ,نزل,تفاعل,VI,past,active,2d,1,تَنازَلْتُما
143_240,تَنازَلَ,نزل,تفاعل,VI,past,active,2mp,1,تَنازَلْتُمْ
143_240,تَنازَلَ,نزل,تفاعل,VI,past,active,2fs,1,تَنازَلْتِ
143_240,تَنازَلَ,نزل,تفاعل,VI,past,active,2fp,1,تَنازَلْتُنَّ
143_240,تَنازَلَ,نزل,تفاعل,VI,past,active,1s,1,تَنازَلْتُ
143_240,تَنازَلَ,نزل,تفاعل,VI,past,active,1p,1,تَنازَلْنا
143_240,تَنازَلَ,نزل,تفاعل,VI,indicative,active,3ms,1,يَتَنازَلُ
143_240,تَنازَلَ,نزل,تفاعل,VI,indicative,active,3md,1,يَتَنازَلانِ
143_240,تَنازَلَ,نزل,تفاعل,VI,indicative,active,3mp,1,يَتَنازَلونَ
143_240,تَنازَلَ,نزل,تفاعل,VI,indicative,active,3fs,1,تَتَنازَلُ
143_240,تَنازَلَ,نزل,تفاعل,VI,indicative,active,3fd,1,تَتَنازَلانِ
143_240,تَنازَلَ,نزل,تفاعل,VI,indicative,active,3fp,1,يَتَنازَلْنَ
143_240,تَنازَلَ,نزل,تفاعل,VI,indicative,active,2ms,1,تَتَنازَلُ
143_240,تَنازَلَ,نزل,تفاعل,VI,indicative,active,2d,1,تَتَنازَلانِ
143_240,تَنازَلَ,نزل,تفاعل,VI,indicative,active,2mp,1,تَتَنازَلونَ
143_240,تَنازَلَ,نزل,تفاعل,VI,indicative,active,2fs,1,تَتَنازَلينَ
143_240,تَنازَلَ,نزل,تفاعل,VI,indicative,active,2fp,1,تَتَنازَلْنَ
143_240,تَنازَلَ,نزل,تفاعل,VI,indicative,active,1s,1,أَتَنازَلُ
143_240,تَنازَلَ,نزل,تفاعل,VI,indicative,active,1p,1,نَتَنازَلُ
143_240,تَنازَلَ,نزل,تفاعل,VI,imperative,active,2ms,1,تَنازَلْ
143_240,تَنازَلَ,نزل,تفاعل,VI,imperative,active,2d,1,تَنازَلا
143_240,تَنازَلَ,نزل,تفاعل,VI,imperative,active,2mp,1,تَنازَلوا
143_240,تَنازَلَ,نزل,تفاعل,VI,imperative,active,2fs,1,تَنازَلي
143_240,تَنازَلَ,نزل,تفاعل,VI,imperative,active,2fp,1,تَنازَلْنَ
144_111,ضَمَّ,ضمم,فعَل يفعُل,I,past,active,3ms,1,ضَمَّ
144_111,ضَمَّ,ضمم,فعَل يفعُل,I,past,active,3md,1,ضَمَّا
144_111,ضَمَّ,ضمم,فعَل يفعُل,I,past,active,3mp,1,ضَمُّوا
144_111,ضَمَّ,ضمم,فعَل يفعُل,I,past,active,3fs,1,ضَمَّتْ
144_111,ضَمَّ,ضمم,فعَل يفعُل,I,past,active,3fd,1,ضَمَّتا
144_111,ضَمَّ,ضمم,فعَل يفعُل,I,past,active,3fp,1,ضَمَمْنَ
144_111,ضَمَّ,ضمم,فعَل يفعُل,I,past,active,2ms,1,ضَمَمْتَ
144_111,ضَمَّ,ضمم,فعَل يفعُل,I,past,active,2d,1,ضَمَمْتُما
144_111,ضَمَّ,ضمم,فعَل يفعُل,I,past,active,2mp,1,ضَمَمْتُمْ
144_111,ضَمَّ,ضمم,فعَل يفعُل,I,past,active,2fs,1,ضَمَمْتِ
144_111,ضَمَّ,ضمم,فعَل يفعُل,I,past,active,2fp,1,ضَمَمْتُنَّ
144_111,ضَمَّ,ضمم,فعَل يفعُل,I,past,active,1s,1,ضَمَمْتُ
144_111,ضَمَّ,ضمم,فعَل يفعُل,I,past,active,1p,1,ضَمَمْنا
144_111,ضَمَّ,ضمم,فعَل يفعُل,I,indicative,active,3ms,1,يَضُمُّ
144_111,ضَمَّ,ضمم,فعَل يفعُل,I,indicative,active,3md,1,يَضُمَّانِ
144_111,ضَمَّ,ضمم,فعَل يفعُل,I,indicative,active,3mp,1,يَضُمُّونَ
144_111,ضَمَّ,ضمم,فعَل يفعُل,I,indicative,active,3fs,1,تَضُمُّ
144_111,ضَمَّ,ضمم,فعَل يفعُل,I,indicative,active,3fd,1,تَضُمَّانِ
144_111,ضَمَّ,ضمم,فعَل يفعُل,I,indicative,active,3fp,1,يَضْمُمْنَ
144_111,ضَمَّ,ضمم,فعَل يفعُل,I,indicative,active,2ms,1,تَضُمُّ
144_111,ضَمَّ,ضمم,فعَل يفعُل,I,indicative,active,2d,1,تَضُمَّانِ
144_111,ضَمَّ,ضمم,فعَل يفعُل,I,indicative,active,2mp,1,تَضُمُّونَ
144_111,ضَمَّ,ضمم,فعَل يفعُل,I,indicative,active,2fs,1,تَضُمّينَ
144_111,ضَمَّ,ضمم,فعَل يفعُل,I,indicative,active,2fp,1,تَضْمُمْنَ
144_111,ضَمَّ,ضمم,فعَل يفعُل,I,indicative,active,1s,1,أَضُمُّ
144_111,ضَمَّ,ضمم,فعَل يفعُل,I,indicative,active,1p,1,نَضُمُّ
144_111,ضَمَّ,ضمم,فعَل يفعُل,I,imperative,active,2ms,1,ضُمَّ
144_111,ضَمَّ,ضمم,فعَل يفعُل,I,imperative,active,2d,1,ضُمَّا
144_111,ضَمَّ,ضمم,فعَل يفعُل,I,imperative,active,2mp,1,ضُمُّوا
144_111,ضَمَّ,ضمم,فعَل يفعُل,I,imperative,active,2fs,1,ضُمِّي
144_111,ضَمَّ,ضمم,فعَل يفعُل,I,imperative,active,2fp,1,اُضْمُمْنَ
145_111,كَبَّ,كبب,فعَل يفعُل,I,past,active,3ms,1,كَبَّ
145_111,كَبَّ,كبب,فعَل يفعُل,I,past,active,3md,1,كَبَّا
145_111,كَبَّ,كبب,فعَل يفعُل,I,past,active,3mp,1,كَبُّوا
145_111,كَبَّ,كبب,فعَل يفعُل,I,past,active,3fs,1,كَبَّتْ
145_111,كَبَّ,كبب,فعَل يفعُل,I,past,active,3fd,1,كَبَّتا
145_111,كَبَّ,كبب,فعَل يفعُل,I,past,active,3fp,1,كَبَبْنَ
145_111,كَبَّ,كبب,فعَل يفعُل,I,past,active,2ms,1,كَبَبْتَ
145_111,كَبَّ,كبب,فعَل يفعُل,I,past,active,2d,1,كَبَبْتُما
145_111,كَبَّ,كبب,فعَل يفعُل,I,past,active,2mp,1,كَبَبْتُمْ
145_111,كَبَّ,كبب,فعَل يفعُل,I,past,active,2fs,1,كَبَبْتِ
145_111,كَبَّ,كبب,فعَل يفعُل,I,past,active,2fp,1,كَبَبْتُنَّ
145_111,كَبَّ,كبب,فعَل يفعُل,I,past,active,1s,1,كَبَبْتُ
145_111,كَبَّ,كبب,فعَل يفعُل,I,past,active,1p,1,كَبَبْنا
145_111,كَبَّ,كبب,فعَل يفعُل,I,indicative,active,3ms,1,يَكُبُّ
145_111,كَبَّ,كبب,فعَل يفعُل,I,indicative,active,3md,1,يَكُبَّانِ
145_111,كَبَّ,كبب,فعَل يفعُل,I,indicative,active,3mp,1,يَكُبُّونَ
145_111,كَبَّ,كبب,فعَل يفعُل,I,indicative,active,3fs,1,تَكُبُّ
145_111,كَبَّ,كبب,فعَل يفعُل,I,indicative,active,3fd,1,تَكُبَّانِ
145_111,كَبَّ,كبب,فعَل يفعُل,I,indicative,active,3fp,1,يَكْبُبْنَ
145_111,كَبَّ,كبب,فعَل يفعُل,I,indicative,active,2ms,1,تَكُبُّ
145_111,كَبَّ,كبب,فعَل يفعُل,I,indicative,active,2d,1,تَكُبَّانِ
145_111,كَبَّ,كبب,فعَل يفعُل,I,indicative,active,2mp,1,تَكُبُّونَ
145_111,كَبَّ,كبب,فعَل يفعُل,I,indicative,active,2fs,1,تَكُبِّينَ
145_111,كَبَّ,كبب,فعَل يفعُل,I,indicative,active,2fp,1,تَكْبُبْنَ
145_111,كَبَّ,كبب,فعَل يفعُل,I,indicative,active,1s,1,أَكُبُّ
145_111,كَبَّ,كبب,فعَل يفعُل,I,indicative,active,1p,1,نَكُبُّ
145_111,كَبَّ,كبب,فعَل يفعُل,I,imperative,active,2ms,1,كُبَّ
145_111,كَبَّ,كبب,فعَل يفعُل,I,imperative,active,2d,1,كُبَّا
145_111,كَبَّ,كبب,فعَل يفعُل,I,imperative,active,2mp,1,كُبُّوا
145_111,كَبَّ,كبب,فعَل يفعُل,I,imperative,active,2fs,1,كُبِّي
145_111,كَبَّ,كبب,فعَل يفعُل,I,imperative,active,2fp,1,اُكْبُبْنَ
146_111,أَبَّ,أبب,فعَل يفعُل,I,past,active,3ms,1,أَبَّ
146_111,أَبَّ,أبب,فعَل يفعُل,I,past,active,3md,1,أَبَّا
146_111,أَبَّ,أبب,فعَل يفعُل,I,past,active,3mp,1,أَبُّوا
146_111,أَبَّ,أبب,فعَل يفعُل,I,past,active,3fs,1,أَبَّتْ
146_111,أَبَّ,أبب,فعَل يفعُل,I,past,active,3fd,1,أَبَّتا
146_111,أَبَّ,أبب,فعَل يفعُل,I,past,active,3fp,1,أَبَبْنَ
146_111,أَبَّ,أبب,فعَل يفعُل,I,past,active,2ms,1,أَبَبْتَ
146_111,أَبَّ,أبب,فعَل يفعُل,I,past,active,2d,1,أَبَبْتُما
146_111,أَبَّ,أبب,فعَل يفعُل,I,past,active,2mp,1,أَبَبْتُمْ
146_111,أَبَّ,أبب,فعَل يفعُل,I,past,active,2fs,1,أَبَبْتِ
146_111,أَبَّ,أبب,فعَل يفعُل,I,past,active,2fp,1,أَبَبْتُنَّ
146_111,أَبَّ,أبب,فعَل يفعُل,I,past,active,1s,1,أَبَبْتُ
146_111,أَبَّ,أبب,فعَل يفعُل,I,past,active,1p,1,أَبَبْنا
146_111,أَبَّ,أبب,فعَل يفعُل,I,indicative,active,3ms,1,يَؤُبُّ
146_111,أَبَّ,أبب,فعَل يفعُل,I,indicative,active,3md,1,يَؤُبَّانِ
146_111,أَبَّ,أبب,فعَل يفعُل,I,indicative,active,3mp,1,يَؤُبُّونَ
146_111,أَبَّ,أبب,فعَل يفعُل,I,indicative,active,3fs,1,تَؤُبُّ
146_111,أَبَّ,أبب,فعَل يفعُل,I,indicative,active,3fd,1,تَؤُبَّانِ
146_111,أَبَّ,أبب,فعَل يفعُل,I,indicative,active,3fp,1,يَأْبُبْنَ
146_111,أَبَّ,أبب,فعَل يفعُل,I,indicative,active,2ms,1,تَؤُبُّ
146_111,أَبَّ,أبب,فعَل يفعُل,I,indicative,active,2d,1,تَؤُبَّانِ
146_111,أَبَّ,أبب,فعَل يفعُل,I,indicative,active,2mp,1,تَؤُبُّونَ
146_111,أَبَّ,أبب,فعَل يفعُل,I,indicative,active,2fs,1,تَؤُبِّينَ
146_111,أَبَّ,أبب,فعَل يفعُل,I,indicative,active,2fp,1,تَأْبُبْنَ
146_111,أَبَّ,أبب,فعَل يفعُل,I,indicative,active,1s,1,أَؤُبُّ
146_111,أَبَّ,أبب,فعَل يفعُل,I,indicative,active,1p,1,نَؤُبُّ
146_111,أَبَّ,أبب,فعَل يفعُل,I,imperative,active,2ms,1,اُوْبُبْ
146_111,أَبَّ,أبب,فعَل يفعُل,I,imperative,active,2d,1,أُبَّا
146_111,أَبَّ,أبب,فعَل يفعُل,I,imperative,active,2mp,1,أُبُّوا
146_111,أَبَّ,أبب,فعَل يفعُل,I,imperative,active,2fs,1,أُبِّي
146_111,أَبَّ,أبب,فعَل يفعُل,I,imperative,active,2fp,1,اُوْبُبْنَ
147_111,أَمَّ,أمم,فعَل يفعُل,I,past,active,3ms,1,أَمَّ
147_111,أَمَّ,أمم,فعَل يفعُل,I,past,active,3md,1,أَمَّا
147_111,أَمَّ,أمم,فعَل يفعُل,I,past,active,3mp,1,أَمُّوا
147_111,أَمَّ,أمم,فعَل يفعُل,I,past,active,3fs,1,أَمَّتْ
147_111,أَمَّ,أمم,فعَل يفعُل,I,past,active,3fd,1,أَمَّتا
147_111,أَمَّ,أمم,فعَل يفعُل,I,past,active,3fp,1,أَمَمْنَ
147_111,أَمَّ,أمم,فعَل يفعُل,I,past,active,2ms,1,أَمَمْتَ
147_111,أَمَّ,أمم,فعَل يفعُل,I,past,active,2d,1,أَمَمْتُما
147_111,أَمَّ,أمم,فعَل يفعُل,I,past,active,2mp,1,أَمَمْتُمْ
147_111,أَمَّ,أمم,فعَل يفعُل,I,past,active,2fs,1,أَمَمْتِ
147_111,أَمَّ,أمم,فعَل يفعُل,I,past,active,2fp,1,أَمَمْتُنَّ
147_111,أَمَّ,أمم,فعَل يفعُل,I,past,active,1s,1,أَمَمْتُ
147_111,أَمَّ,أمم,فعَل يفعُل,I,past,active,1p,1,أَمَمْنا
147_111,أَمَّ,أمم,فعَل يفعُل,I,indicative,active,3ms,1,يَؤُمُّ
147_111,أَمَّ,أمم,فعَل يفعُل,I,indicative,active,3md,1,يَؤُمَّانِ
147_111,أَمَّ,أمم,فعَل يفعُل,I,indicative,active,3mp,1,يَؤُمُّونَ
147_111,أَمَّ,أمم,فعَل يفعُل,I,indicative,active,3fs,1,تَؤُمُّ
147_111,أَمَّ,أمم,فعَل يفعُل,I,indicative,active,3fd,1,تَؤُمَّانِ
147_111,أَمَّ,أمم,فعَل يفعُل,I,indicative,active,3fp,1,يَأْمُمْنَ
147_111,أَمَّ,أمم,فعَل يفعُل,I,indicative,active,2ms,1,تَؤُمُّ
147_111,أَمَّ,أمم,فعَل يفعُل,I,indicative,active,2d,1,تَؤُمَّانِ
147_111,أَمَّ,أمم,فعَل يفعُل,I,indicative,active,2mp,1,تَؤُمُّونَ
147_111,أَمَّ,أمم,فعَل يفعُل,I,indicative,active,2fs,1,تَؤُمّينَ
147_111,أَمَّ,أمم,فعَل يفعُل,I,indicative,active,2fp,1,تَأْمُمْنَ
147_111,أَمَّ,أمم,فعَل يفعُل,I,indicative,active,1s,1,أَؤُمُّ
147_111,أَمَّ,أمم,فعَل يفعُل,I,indicative,active,1p,1,نَؤُمُّ
147_111,أَمَّ,أمم,فعَل يفعُل,I,imperative,active,2ms,1,اُوْمُمْ
147_111,أَمَّ,أمم,فعَل يفعُل,I,imperative,active,2d,1,أُمَّا
147_111,أَمَّ,أمم,فعَل يفعُل,I,imperative,active,2mp,1,أُمُّوا
147_111,أَمَّ,أمم,فعَل يفعُل,I,imperative,active,2fs,1,أُمِّي
147_111,أَمَّ,أمم,فعَل يفعُل,I,imperative,active,2fp,1,اُوْمُمْنَ
148_120,جَلَسَ,جلس,فعَل يفعِل,I,past,active,3ms,1,جَلَسَ
148_120,جَلَسَ,جلس,فعَل يفعِل,I,past,active,3md,1,جَلَسا
148_120,جَلَسَ,جلس,فعَل يفعِل,I,past,active,3mp,1,جَلَسُوا
148_120,جَلَسَ,جلس,فعَل يفعِل,I,past,active,3fs,1,جَلَسَتْ
148_120,جَلَسَ,جلس,فعَل يفعِل,I,past,active,3fd,1,جَلَسَتا
148_120,جَلَسَ,جلس,فعَل يفعِل,I,past,active,3fp,1,جَلَسْنَ
148_120,جَلَسَ,جلس,فعَل يفعِل,I,past,active,2ms,1,جَلَسْتَ
148_120,جَلَسَ,جلس,فعَل يفعِل,I,past,active,2d,1,جَلَسْتُما
148_120,جَلَسَ,جلس,فعَل يفعِل,I,past,active,2mp,1,جَلَسْتُمْ
148_120,جَلَسَ,جلس,فعَل يفعِل,I,past,active,2fs,1,جَلَسْتِ
148_120,جَلَسَ,جلس,فعَل يفعِل,I,past,active,2fp,1,جَلَسْتُنَّ
148_120,جَلَسَ,جلس,فعَل يفعِل,I,past,active,1s,1,جَلَسْتُ
148_120,جَلَسَ,جلس,فعَل يفعِل,I,past,active,1p,1,جَلَسْنا
148_120,جَلَسَ,جلس,فعَل يفعِل,I,indicative,active,3ms,1,يَجْلِسُ
148_120,جَلَسَ,جلس,فعَل يفعِل,I,indicative,active,3md,1,يَجْلِسانِ
148_120,جَلَسَ,جلس,فعَل يفعِل,I,indicative,active,3mp,1,يَجْلِسونَ
148_120,جَلَسَ,جلس,فعَل يفعِل,I,indicative,active,3fs,1,تَجْلِسُ
148_120,جَلَسَ,جلس,فعَل يفعِل,I,indicative,active,3fd,1,تَجْلِسانِ
148_120,جَلَسَ,جلس,فعَل يفعِل,I,indicative,active,3fp,1,يَجْلِسْنَ
148_120,جَلَسَ,جلس,فعَل يفعِل,I,indicative,active,2ms,1,تَجْلِسُ
148_120,جَلَسَ,جلس,فعَل يفعِل,I,indicative,active,2d,1,تَجْلِسانِ
148_120,جَلَسَ,جلس,فعَل يفعِل,I,indicative,active,2mp,1,تَجْلِسونَ
148_120,جَلَسَ,جلس,فعَل يفعِل,I,indicative,active,2fs,1,تَجْلِسينَ
148_120,جَلَسَ,جلس,فعَل يفعِل,I,indicative,active,2fp,1,تَجْلِسْنَ
148_120,جَلَسَ,جلس,فعَل يفعِل,I,indicative,active,1s,1,أَجْلِسُ
148_120,جَلَسَ,جلس,فعَل يفعِل,I,indicative,active,1p,1,نَجْلِسُ
148_120,جَلَسَ,جلس,فعَل يفعِل,I,imperative,active,2ms,1,اِجْلِسْ
148_120,جَلَسَ,جلس,فعَل يفعِل,I,imperative,active,2d,1,اِجْلِسا
148_120,جَلَسَ,جلس,فعَل يفعِل,I,imperative,active,2mp,1,اِجْلِسُوا
148_120,جَلَسَ,جلس,فعَل يفعِل,I,imperative,active,2fs,1,اِجْلِسِي
148_120,جَلَسَ,جلس,فعَل يفعِل,I,imperative,active,2fp,1,اِجْلِسْنَ
149_120,رَجَعَ,رجع,فعَل يفعِل,I,past,active,3ms,1,رَجَعَ
149_120,رَجَعَ,رجع,فعَل يفعِل,I,past,active,3md,1,رَجَعا
149_120,رَجَعَ,رجع,فعَل يفعِل,I,past,active,3mp,1,رَجَعُوا
149_120,رَجَعَ,رجع,فعَل يفعِل,I,past,active,3fs,1,رَجَعَتْ
149_120,رَجَعَ,رجع,فعَل يفعِل,I,past,active,3fd,1,رَجَعَتا
149_120,رَجَعَ,رجع,فعَل يفعِل,I,past,active,3fp,1,رَجَعْنَ
149_120,رَجَعَ,رجع,فعَل يفعِل,I,past,active,2ms,1,رَجَعْتَ
149_120,رَجَعَ,رجع,فعَل يفعِل,I,past,active,2d,1,رَجَعْتُما
149_120,رَجَعَ,رجع,فعَل يفعِل,I,past,active,2mp,1,رَجَعْتُمْ
149_120,رَجَعَ,رجع,فعَل يفعِل,I,past,active,2fs,1,رَجَعْتِ
149_120,رَجَعَ,رجع,فعَل يفعِل,I,past,active,2fp,1,رَجَعْتُنَّ
149_120,رَجَعَ,رجع,فعَل يفعِل,I,past,active,1s,1,رَجَعْتُ
149_120,رَجَعَ,رجع,فعَل يفعِل,I,past,active,1p,1,رَجَعْنا
149_120,رَجَعَ,رجع,فعَل يفعِل,I,indicative,active,3ms,1,يَرْجِعُ
149_120,رَجَعَ,رجع,فعَل يفعِل,I,indicative,active,3md,1,يَرْجِعانِ
149_120,رَجَعَ,رجع,فعَل يفعِل,I,indicative,active,3mp,1,يَرْجِعونَ
149_120,رَجَعَ,رجع,فعَل يفعِل,I,indicative,active,3fs,1,تَرْجِعُ
149_120,رَجَعَ,رجع,فعَل يفعِل,I,indicative,active,3fd,1,تَرْجِعانِ
149_120,رَجَعَ,رجع,فعَل يفعِل,I,indicative,active,3fp,1,يَرْجِعْنَ
149_120,رَجَعَ,رجع,فعَل يفعِل,I,indicative,active,2ms,1,تَرْجِعُ
149_120,رَجَعَ,رجع,فعَل يفعِل,I,indicative,active,2d,1,تَرْجِعانِ
149_120,رَجَعَ,رجع,فعَل يفعِل,I,indicative,active,2mp,1,تَرْجِعونَ
149_120,رَجَعَ,رجع,فعَل يفعِل,I,indicative,active,2fs,1,تَرْجِعينَ
149_120,رَجَعَ,رجع,فعَل يفعِل,I,indicative,active,2fp,1,تَرْجِعْنَ
149_120,رَجَعَ,رجع,فعَل يفعِل,I,indicative,active,1s,1,أَرْجِعُ
149_120,رَجَعَ,رجع,فعَل يفعِل,I,indicative,active,1p,1,نَرْجِعُ
149_120,رَجَعَ,رجع,فعَل يفعِل,I,imperative,active,2ms,1,اِرْجِعْ
149_120,رَجَعَ,رجع,فعَل يفعِل,I,imperative,active,2d,1,اِرْجِعا
149_120,رَجَعَ,رجع,فعَل يفعِل,I,imperative,active,2mp,1,اِرْجِعُوا
149_120,رَجَعَ,رجع,فعَل يفعِل,I,imperative,active,2fs,1,اِرْجِعِي
149_120,رَجَعَ,رجع,فعَل يفعِل,I,imperative,active,2fp,1,اِرْجِعْنَ
150_120,جَزَمَ,جزم,فعَل يفعِل,I,past,active,3ms,1,جَزَمَ
150_120,جَزَمَ,جزم,فعَل يفعِل,I,past,active,3md,1,جَزَما
150_120,جَزَمَ,جزم,فعَل يفعِل,I,past,active,3mp,1,جَزَمُوا
150_120,جَزَمَ,جزم,فعَل يفعِل,I,past,active,3fs,1,جَزَمَتْ
150_120,جَزَمَ,جزم,فعَل يفعِل,I,past,active,3fd,1,جَزَمَتا
150_120,جَزَمَ,جزم,فعَل يفعِل,I,past,active,3fp,1,جَزَمْنَ
150_120,جَزَمَ,جزم,فعَل يفعِل,I,past,active,2ms,1,جَزَمْتَ
150_120,جَزَمَ,جزم,فعَل يفعِل,I,past,active,2d,1,جَزَمْتُما
150_120,جَزَمَ,جزم,فعَل يفعِل,I,past,active,2mp,1,جَزَمْتُمْ
150_120,جَزَمَ,جزم,فعَل يفعِل,I,past,active,2fs,1,جَزَمْتِ
150_120,جَزَمَ,جزم,فعَل يفعِل,I,past,active,2fp,1,جَزَمْتُنَّ
150_120,جَزَمَ,جزم,فعَل يفعِل,I,past,active,1s,1,جَزَمْتُ
150_120,جَزَمَ,جزم,فعَل يفعِل,I,past,active,1p,1,جَزَمْنا
150_120,جَزَمَ,جزم,فعَل يفعِل,I,indicative,active,3ms,1,يَجْزِمُ
150_120,جَزَمَ,جزم,فعَل يفعِل,I,indicative,active,3md,1,يَجْزِمانِ
150_120,جَزَمَ,جزم,فعَل يفعِل,I,indicative,active,3mp,1,يَجْزِمونَ
150_120,جَزَمَ,جزم,فعَل يفعِل,I,indicative,active,3fs,1,تَجْزِمُ
150_120,جَزَمَ,جزم,فعَل يفعِل,I,indicative,active,3fd,1,تَجْزِمانِ
150_120,جَزَمَ,جزم,فعَل يفعِل,I,indicative,active,3fp,1,يَجْزِمْنَ
150_120,جَزَمَ,جزم,فعَل يفعِل,I,indicative,active,2ms,1,تَجْزِمُ
150_120,جَزَمَ,جزم,فعَل يفعِل,I,indicative,active,2d,1,تَجْزِمانِ
150_120,جَزَمَ,جزم,فعَل يفعِل,I,indicative,active,2mp,1,تَجْزِمونَ
150_120,جَزَمَ,جزم,فعَل يفعِل,I,indicative,active,2fs,1,تَجْزِمينَ
150_120,جَزَمَ,جزم,فعَل يفعِل,I,indicative,active,2fp,1,تَجْزِمْنَ
150_120,جَزَمَ,جزم,فعَل يفعِل,I,indicative,active,1s,1,أَجْزِمُ
150_120,جَزَمَ,جزم,فعَل يفعِل,I,indicative,active,1p,1,نَجْزِمُ
150_120,جَزَمَ,جزم,فعَل يفعِل,I,imperative,active,2ms,1,اِجْزِمْ
150_120,جَزَمَ,جزم,فعَل يفعِل,I,imperative,active,2d,1,اِجْزِما
150_120,جَزَمَ,جزم,فعَل يفعِل,I,imperative,active,2mp,1,اِجْزِمُوا
150_120,جَزَمَ,جزم,فعَل يفعِل,I,imperative,active,2fs,1,اِجْزِمِي
150_120,جَزَمَ,جزم,فعَل يفعِل,I,imperative,active,2fp,1,اِجْزِمْنَ
151_120,نَطَقَ,نطق,فعَل يفعِل,I,past,active,3ms,1,نَطَقَ
151_120,نَطَقَ,نطق,فعَل يفعِل,I,past,active,3md,1,نَطَقا
151_120,نَطَقَ,نطق,فعَل يفعِل,I,past,active,3mp,1,نَطَقُوا
151_120,نَطَقَ,نطق,فعَل يفعِل,I,past,active,3fs,1,نَطَقَتْ
151_120,نَطَقَ,نطق,فعَل يفعِل,I,past,active,3fd,1,نَطَقَتا
151_120,نَطَقَ,نطق,فعَل يفعِل,I,past,active,3fp,1,نَطَقْنَ
151_120,نَطَقَ,نطق,فعَل يفعِل,I,past,active,2ms,1,نَطَقْتَ
151_120,نَطَقَ,نطق,فعَل يفعِل,I,past,active,2d,1,نَطَقْتُما
151_120,نَطَقَ,نطق,فعَل يفعِل,I,past,active,2mp,1,نَطَقْتُمْ
151_120,نَطَقَ,نطق,فعَل يفعِل,I,past,active,2fs,1,نَطَقْتِ
151_120,نَطَقَ,نطق,فعَل يفعِل,I,past,active,2fp,1,نَطَقْتُنَّ
151_120,نَطَقَ,نطق,فعَل يفعِل,I,past,active,1s,1,نَطَقْتُ
151_120,نَطَقَ,نطق,فعَل يفعِل,I,past,active,1p,1,نَطَقْنا
151_120,نَطَقَ,نطق,فعَل يفعِل,I,indicative,active,3ms,1,يَنْطِقُ
151_120,نَطَقَ,نطق,فعَل يفعِل,I,indicative,active,3md,1,يَنْطِقانِ
151_120,نَطَقَ,نطق,فعَل يفعِل,I,indicative,active,3mp,1,يَنْطِقونَ
151_120,نَطَقَ,نطق,فعَل يفعِل,I,indicative,active,3fs,1,تَنْطِقُ
151_120,نَطَقَ,نطق,فعَل يفعِل,I,indicative,active,3fd,1,تَنْطِقانِ
151_120,نَطَقَ,نطق,فعَل يفعِل,I,indicative,active,3fp,1,يَنْطِقْنَ
151_120,نَطَقَ,نطق,فعَل يفعِل,I,indicative,active,2ms,1,تَنْطِقُ
151_120,نَطَقَ,نطق,فعَل يفعِل,I,indicative,active,2d,1,تَنْطِقانِ
151_120,نَطَقَ,نطق,فعَل يفعِل,I,indicative,active,2mp,1,تَنْطِقونَ
151_120,نَطَقَ,نطق,فعَل يفعِل,I,indicative,active,2fs,1,تَنْطِقِينَ
151_120,نَطَقَ,نطق,فعَل يفعِل,I,indicative,active,2fp,1,تَنْطِقْنَ
151_120,نَطَقَ,نطق,فعَل يفعِل,I,indicative,active,1s,1,أَنْطِقُ
151_120,نَطَقَ,نطق,فعَل يفعِل,I,indicative,active,1p,1,نَنْطِقُ
151_120,نَطَقَ,نطق,فعَل يفعِل,I,imperative,active,2ms,1,اِنْطِقْ
151_120,نَطَقَ,نطق,فعَل يفعِل,I,imperative,active,2d,1,اِنْطِقا
151_120,نَطَقَ,نطق,فعَل يفعِل,I,imperative,active,2mp,1,اِنْطِقُوا
151_120,نَطَقَ,نطق,فعَل يفعِل,I,imperative,active,2fs,1,اِنْطِقِي
151_120,نَطَقَ,نطق,فعَل يفعِل,I,imperative,active,2fp,1,اِنْطِقْنَ
152_121,خَفَّ,خفف,فعَل يفعِل,I,past,active,3ms,1,خَفَّ
152_121,خَفَّ,خفف,فعَل يفعِل,I,past,active,3md,1,خَفَّا
152_121,خَفَّ,خفف,فعَل يفعِل,I,past,active,3mp,1,خَفُّوا
152_121,خَفَّ,خفف,فعَل يفعِل,I,past,active,3fs,1,خَفَّتْ
152_121,خَفَّ,خفف,فعَل يفعِل,I,past,active,3fd,1,خَفَّتَا
152_121,خَفَّ,خفف,فعَل يفعِل,I,past,active,3fp,1,خَفَفْنَ
152_121,خَفَّ,خفف,فعَل يفعِل,I,past,active,2ms,1,خَفَفْتَ
152_121,خَفَّ,خفف,فعَل يفعِل,I,past,active,2d,1,خَفَفْتُما
152_121,خَفَّ,خفف,فعَل يفعِل,I,past,active,2mp,1,خَفَفْتُمْ
152_121,خَفَّ,خفف,فعَل يفعِل,I,past,active,2fs,1,خَفَفْتِ
152_121,خَفَّ,خفف,فعَل يفعِل,I,past,active,2fp,1,خَفَفْتُنَّ
152_121,خَفَّ,خفف,فعَل يفعِل,I,past,active,1s,1,خَفَفْتُ
152_121,خَفَّ,خفف,فعَل يفعِل,I,past,active,1p,1,خَفَفْنا
152_121,خَفَّ,خفف,فعَل يفعِل,I,indicative,active,3ms,1,يَخِفُّ
152_121,خَفَّ,خفف,فعَل يفعِل,I,indicative,active,3md,1,يَخِفَّانِ
152_121,خَفَّ,خفف,فعَل يفعِل,I,indicative,active,3mp,1,يَخِفّونَ
152_121,خَفَّ,خفف,فعَل يفعِل,I,indicative,active,3fs,1,تَخِفُّ
152_121,خَفَّ,خفف,فعَل يفعِل,I,indicative,active,3fd,1,تَخِفَّانِ
152_121,خَفَّ,خفف,فعَل يفعِل,I,indicative,active,3fp,1,يَخْفِفْنَ
152_121,خَفَّ,خفف,فعَل يفعِل,I,indicative,active,2ms,1,تَخِفُّ
152_121,خَفَّ,خفف,فعَل يفعِل,I,indicative,active,2d,1,تَخِفَّانِ
152_121,خَفَّ,خفف,فعَل يفعِل,I,indicative,active,2mp,1,تَخِفّونَ
152_121,خَفَّ,خفف,فعَل يفعِل,I,indicative,active,2fs,1,تَخِفِّينَ
152_121,خَفَّ,خفف,فعَل يفعِل,I,indicative,active,2fp,1,تَخْفِفْنَ
152_121,خَفَّ,خفف,فعَل يفعِل,I,indicative,active,1s,1,أَخِفُّ
152_121,خَفَّ,خفف,فعَل يفعِل,I,indicative,active,1p,1,نَخِفُّ
152_121,خَفَّ,خفف,فعَل يفعِل,I,imperative,active,2ms,1,خِفَّ
152_121,خَفَّ,خفف,فعَل يفعِل,I,imperative,active,2d,1,خِفَّا
152_121,خَفَّ,خفف,فعَل يفعِل,I,imperative,active,2mp,1,خِفُّوا
152_121,خَفَّ,خفف,فعَل يفعِل,I,imperative,active,2fs,1,خِفِّي
152_121,خَفَّ,خفف,فعَل يفعِل,I,imperative,active,2fp,1,اِخْفِفْنَ
153_121,رَنَّ,رنن,فعَل يفعِل,I,past,active,3ms,1,رَنَّ
153_121,رَنَّ,رنن,فعَل يفعِل,I,past,active,3md,1,رَنَّا
153_121,رَنَّ,رنن,فعَل يفعِل,I,past,active,3mp,1,رَنُّوا
153_121,رَنَّ,رنن,فعَل يفعِل,I,past,active,3fs,1,رَنَّتْ
153_121,رَنَّ,رنن,فعَل يفعِل,I,past,active,3fd,1,رَنَّتا
153_121,رَنَّ,رنن,فعَل يفعِل,I,past,active,3fp,1,رَنَنَّ
153_121,رَنَّ,رنن,فعَل يفعِل,I,past,active,2ms,1,رَنَنْتَ
153_121,رَنَّ,رنن,فعَل يفعِل,I,past,active,2d,1,رَنَنْتُما
153_121,رَنَّ,رنن,فعَل يفعِل,I,past,active,2mp,1,رَنَنْتُمْ
153_121,رَنَّ,رنن,فعَل يفعِل,I,past,active,2fs,1,رَنَنْتِ
153_121,رَنَّ,رنن,فعَل يفعِل,I,past,active,2fp,1,رَنَنْتُنَّ
153_121,رَنَّ,رنن,فعَل يفعِل,I,past,active,1s,1,رَنَنْتُ
153_121,رَنَّ,رنن,فعَل يفعِل,I,past,active,1p,1,رَنَنَّا
153_121,رَنَّ,رنن,فعَل يفعِل,I,indicative,active,3ms,1,يَرِنُّ
153_121,رَنَّ,رنن,فعَل يفعِل,I,indicative,active,3md,1,يَرِنَّانِ
153_121,رَنَّ,رنن,فعَل يفعِل,I,indicative,active,3mp,1,يَرِنّونَ
153_121,رَنَّ,رنن,فعَل يفعِل,I,indicative,active,3fs,1,تَرِنُّ
153_121,رَنَّ,رنن,فعَل يفعِل,I,indicative,active,3fd,1,تَرِنَّانِ
153_121,رَنَّ,رنن,فعَل يفعِل,I,indicative,active,3fp,1,يَرْنِنَّ
153_121,رَنَّ,رنن,فعَل يفعِل,I,indicative,active,2ms,1,تَرِنُّ
153_121,رَنَّ,رنن,فعَل يفعِل,I,indicative,active,2d,1,تَرِنَّانِ
153_121,رَنَّ,رنن,فعَل يفعِل,I,indicative,active,2mp,1,تَرِنّونَ
153_121,رَنَّ,رنن,فعَل يفعِل,I,indicative,active,2fs,1,تَرِنّينَ
153_121,رَنَّ,رنن,فعَل يفعِل,I,indicative,active,2fp,1,تَرْنِنَّ
153_121,رَنَّ,رنن,فعَل يفعِل,I,indicative,active,1s,1,أَرِنُّ
153_121,رَنَّ,رنن,فعَل يفعِل,I,indicative,active,1p,1,نَرِنُّ
153_121,رَنَّ,رنن,فعَل يفعِل,I,imperative,active,2ms,1,رِنَّ
153_121,رَنَّ,رنن,فعَل يفعِل,I,imperative,active,2d,1,رِنَّا
153_121,رَنَّ,رنن,فعَل يفعِل,I,imperative,active,2mp,1,رِنُّوا
153_121,رَنَّ,رنن,فعَل يفعِل,I,imperative,active,2fs,1,رِنِّي
153_121,رَنَّ,رنن,فعَل يفعِل,I,imperative,active,2fp,1,اِرْنِنَّ
154_123,نَأَتَ,نأت,فعَل يفعِل,I,past,active,3ms,1,نَأَتَ
154_123,نَأَتَ,نأت,فعَل يفعِل,I,past,active,3md,1,نَأَتا
154_123,نَأَتَ,نأت,فعَل يفعِل,I,past,active,3mp,1,نَأَتُوا
154_123,نَأَتَ,نأت,فعَل يفعِل,I,past,active,3fs,1,نَأَتَتْ
154_123,نَأَتَ,نأت,فعَل يفعِل,I,past,active,3fd,1,نَأَتَتا
154_123,نَأَتَ,نأت,فعَل يفعِل,I,past,active,3fp,1,نَأَتْنَ
154_123,نَأَتَ,نأت,فعَل يفعِل,I,past,active,2ms,1,نَأَتَّ
154_123,نَأَتَ,نأت,فعَل يفعِل,I,past,active,2d,1,نَأَتُّما
154_123,نَأَتَ,نأت,فعَل يفعِل,I,past,active,2mp,1,نَأَتُّمْ
154_123,نَأَتَ,نأت,فعَل يفعِل,I,past,active,2fs,1,نَأَتِّ
154_123,نَأَتَ,نأت,فعَل يفعِل,I,past,active,2fp,1,نَأَتُّنَّ
154_123,نَأَتَ,نأت,فعَل يفعِل,I,past,active,1s,1,نَأَتُّ
154_123,نَأَتَ,نأت,فعَل يفعِل,I,past,active,1p,1,نَأَتْنا
154_123,نَأَتَ,نأت,فعَل يفعِل,I,indicative,active,3ms,1,يَنْئِتُ
154_123,نَأَتَ,نأت,فعَل يفعِل,I,indicative,active,3md,1,يَنْئِتانِ
154_123,نَأَتَ,نأت,فعَل يفعِل,I,indicative,active,3mp,1,يَنْئِتونَ
154_123,نَأَتَ,نأت,فعَل يفعِل,I,indicative,active,3fs,1,تَنْئِتُ
154_123,نَأَتَ,نأت,فعَل يفعِل,I,indicative,active,3fd,1,تَنْئِتانِ
154_123,نَأَتَ,نأت,فعَل يفعِل,I,indicative,active,3fp,1,يَنْئِتْنَ
154_123,نَأَتَ,نأت,فعَل يفعِل,I,indicative,active,2ms,1,تَنْئِتُ
154_123,نَأَتَ,نأت,فعَل يفعِل,I,indicative,active,2d,1,تَنْئِتانِ
154_123,نَأَتَ,نأت,فعَل يفعِل,I,indicative,active,2mp,1,تَنْئِتونَ
154_123,نَأَتَ,نأت,فعَل يفعِل,I,indicative,active,2fs,1,تَنْئِتِينَ
154_123,نَأَتَ,نأت,فعَل يفعِل,I,indicative,active,2fp,1,تَنْئِتْنَ
154_123,نَأَتَ,نأت,فعَل يفعِل,I,indicative,active,1s,1,أَنْئِتُ
154_123,نَأَتَ,نأت,فعَل يفعِل,I,indicative,active,1p,1,نَنْئِتُ
154_123,نَأَتَ,نأت,فعَل يفعِل,I,imperative,active,2ms,1,اِنْئِتْ
154_123,نَأَتَ,نأت,فعَل يفعِل,I,imperative,active,2d,1,اِنْئِتا
154_123,نَأَتَ,نأت,فعَل يفعِل,I,imperative,active,2mp,1,اِنْئِتُوا
154_123,نَأَتَ,نأت,فعَل يفعِل,I,imperative,active,2fs,1,اِنْئِتِي
154_123,نَأَتَ,نأت,فعَل يفعِل,I,imperative,active,2fp,1,اِنْئِتْنَ
155_123,نَأَمَ,نأم,فعَل يفعِل,I,past,active,3ms,1,نَأَمَ
155_123,نَأَمَ,نأم,فعَل يفعِل,I,past,active,3md,1,نَأَما
155_123,نَأَمَ,نأم,فعَل يفعِل,I,past,active,3mp,1,نَأَمُوا
155_123,نَأَمَ,نأم,فعَل يفعِل,I,past,active,3fs,1,نَأَمَتْ
155_123,نَأَمَ,نأم,فعَل يفعِل,I,past,active,3fd,1,نَأَمَتا
155_123,نَأَمَ,نأم,فعَل يفعِل,I,past,active,3fp,1,نَأَمْنَ
155_123,نَأَمَ,نأم,فعَل يفعِل,I,past,active,2ms,1,نَأَمْتَ
155_123,نَأَمَ,نأم,فعَل يفعِل,I,past,active,2d,1,نَأَمْتُما
155_123,نَأَمَ,نأم,فعَل يفعِل,I,past,active,2mp,1,نَأَمْتُمْ
155_123,نَأَمَ,نأم,فعَل يفعِل,I,past,active,2fs,1,نَأَمْتِ
155_123,نَأَمَ,نأم,فعَل يفعِل,I,past,active,2fp,1,نَأَمْتُنَّ
155_123,نَأَمَ,نأم,فعَل يفعِل,I,past,active,1s,1,نَأَمْتُ
155_123,نَأَمَ,نأم,فعَل يفعِل,I,past,active,1p,1,نَأَمْنا
155_123,نَأَمَ,نأم,فعَل يفعِل,I,indicative,active,3ms,1,يَنْئِمُ
155_123,نَأَمَ,نأم,فعَل يفعِل,I,indicative,active,3md,1,يَنْئِمانِ
155_123,نَأَمَ,نأم,فعَل يفعِل,I,indicative,active,3mp,1,يَنْئِمونَ
155_123,نَأَمَ,نأم,فعَل يفعِل,I,indicative,active,3fs,1,تَنْئِمُ
155_123,نَأَمَ,نأم,فعَل يفعِل,I,indicative,active,3fd,1,تَنْئِمانِ
155_123,نَأَمَ,نأم,فعَل يفعِل,I,indicative,active,3fp,1,يَنْئِمْنَ
155_123,نَأَمَ,نأم,فعَل يفعِل,I,indicative,active,2ms,1,تَنْئِمُ
155_123,نَأَمَ,نأم,فعَل يفعِل,I,indicative,active,2d,1,تَنْئِمانِ
155_123,نَأَمَ,نأم,فعَل يفعِل,I,indicative,active,2mp,1,تَنْئِمونَ
155_123,نَأَمَ,نأم,فعَل يفعِل,I,indicative,active,2fs,1,تَنْئِمينَ
155_123,نَأَمَ,نأم,فعَل يفعِل,I,indicative,active,2fp,1,تَنْئِمْنَ
155_123,نَأَمَ,نأم,فعَل يفعِل,I,indicative,active,1s,1,أَنْئِمُ
155_123,نَأَمَ,نأم,فعَل يفعِل,I,indicative,active,1p,1,نَنْئِمُ
155_123,نَأَمَ,نأم,فعَل يفعِل,I,imperative,active,2ms,1,اِنْئِمْ
155_123,نَأَمَ,نأم,فعَل يفعِل,I,imperative,active,2d,1,اِنْئِما
155_123,نَأَمَ,نأم,فعَل يفعِل,I,imperative,active,2mp,1,اِنْئِمُوا
155_123,نَأَمَ,نأم,فعَل يفعِل,I,imperative,active,2fs,1,اِنْئِمي
155_123,نَأَمَ,نأم,فعَل يفعِل,I,imperative,active,2fp,1,اِنْئِمْنَ
156_125,وَأَلَ,وأل,فعَل يفعِل,I,past,active,3ms,1,وَأَلَ
156_125,وَأَلَ,وأل,فعَل يفعِل,I,past,active,3md,1,وَأَلا
156_125,وَأَلَ,وأل,فعَل يفعِل,I,past,active,3mp,1,وَأَلُوا
156_125,وَأَلَ,وأل,فعَل يفعِل,I,past,active,3fs,1,وَأَلَتْ
156_125,وَأَلَ,وأل,فعَل يفعِل,I,past,active,3fd,1,وَأَلَتا
156_125,وَأَلَ,وأل,فعَل يفعِل,I,past,active,3fp,1,وَأَلْنَ
156_125,وَأَلَ,وأل,فعَل يفعِل,I,past,active,2ms,1,وَأَلْتَ
156_125,وَأَلَ,وأل,فعَل يفعِل,I,past,active,2d,1,وَأَلْتُما
156_125,وَأَلَ,وأل,فعَل يفعِل,I,past,active,2mp,1,وَأَلْتُمْ
156_125,وَأَلَ,وأل,فعَل يفعِل,I,past,active,2fs,1,وَأَلْتِ
156_125,وَأَلَ,وأل,فعَل يفعِل,I,past,active,2fp,1,وَأَلْتُنَّ
156_125,وَأَلَ,وأل,فعَل يفعِل,I,past,active,1s,1,وَأَلْتُ
156_125,وَأَلَ,وأل,فعَل يفعِل,I,past,active,1p,1,وَأَلْنا
156_125,وَأَلَ,وأل,فعَل يفعِل,I,indicative,active,3ms,1,يَئِلُ
156_125,وَأَلَ,وأل,فعَل يفعِل,I,indicative,active,3md,1,يَئِلَانِ
156_125,وَأَلَ,وأل,فعَل يفعِل,I,indicative,active,3mp,1,يَئِلونَ
156_125,وَأَلَ,وأل,فعَل يفعِل,I,indicative,active,3fs,1,تَئِلُ
156_125,وَأَلَ,وأل,فعَل يفعِل,I,indicative,active,3fd,1,تَئِلَانِ
156_125,وَأَلَ,وأل,فعَل يفعِل,I,indicative,active,3fp,1,يَئِلْنَ
156_125,وَأَلَ,وأل,فعَل يفعِل,I,indicative,active,2ms,1,تَئِلُ
156_125,وَأَلَ,وأل,فعَل يفعِل,I,indicative,active,2d,1,تَئِلَانِ
156_125,وَأَلَ,وأل,فعَل يفعِل,I,indicative,active,2mp,1,تَئِلونَ
156_125,وَأَلَ,وأل,فعَل يفعِل,I,indicative,active,2fs,1,تَئِلِينَ
156_125,وَأَلَ,وأل,فعَل يفعِل,I,indicative,active,2fp,1,تَئِلْنَ
156_125,وَأَلَ,وأل,فعَل يفعِل,I,indicative,active,1s,1,أَئِلُ
156_125,وَأَلَ,وأل,فعَل يفعِل,I,indicative,active,1p,1,نَئِلُ
156_125,وَأَلَ,وأل,فعَل يفعِل,I,imperative,active,2ms,1,اِلْ
156_125,وَأَلَ,وأل,فعَل يفعِل,I,imperative,active,2d,1,إِلا
156_125,وَأَلَ,وأل,فعَل يفعِل,I,imperative,active,2mp,1,إِلُوا
156_125,وَأَلَ,وأل,فعَل يفعِل,I,imperative,active,2fs,1,إِلي
156_125,وَأَلَ,وأل,فعَل يفعِل,I,imperative,active,2fp,1,اِلْنَ
157_125,وَعَدَ,وعد,فعَل يفعِل,I,past,active,3ms,1,وَعَدَ
157_125,وَعَدَ,وعد,فعَل يفعِل,I,past,active,3md,1,وَعَدا
157_125,وَعَدَ,وعد,فعَل يفعِل,I,past,active,3mp,1,وَعَدُوا
157_125,وَعَدَ,وعد,فعَل يفعِل,I,past,active,3fs,1,وَعَدَتْ
157_125,وَعَدَ,وعد,فعَل يفعِل,I,past,active,3fd,1,وَعَدَتا
157_125,وَعَدَ,وعد,فعَل يفعِل,I,past,active,3fp,1,وَعَدْنَ
157_125,وَعَدَ,وعد,فعَل يفعِل,I,past,active,2ms,1,وَعَدْتَ
157_125,وَعَدَ,وعد,فعَل يفعِل,I,past,active,2d,1,وَعَدْتُما
157_125,وَعَدَ,وعد,فعَل يفعِل,I,past,active,2mp,1,وَعَدْتُمْ
157_125,وَعَدَ,وعد,فعَل يفعِل,I,past,active,2fs,1,وَعَدْتِ
157_125,وَعَدَ,وعد,فعَل يفعِل,I,past,active,2fp,1,وَعَدْتُنَّ
157_125,وَعَدَ,وعد,فعَل يفعِل,I,past,active,1s,1,وَعَدْتُ
157_125,وَعَدَ,وعد,فعَل يفعِل,I,past,active,1p,1,وَعَدْنا
157_125,وَعَدَ,وعد,فعَل يفعِل,I,indicative,active,3ms,1,يَعِدُ
157_125,وَعَدَ,وعد,فعَل يفعِل,I,indicative,active,3md,1,يَعِدَانِ
157_125,وَعَدَ,وعد,فعَل يفعِل,I,indicative,active,3mp,1,يَعِدونَ
157_125,وَعَدَ,وعد,فعَل يفعِل,I,indicative,active,3fs,1,تَعِدُ
157_125,وَعَدَ,وعد,فعَل يفعِل,I,indicative,active,3fd,1,تَعِدَانِ
157_125,وَعَدَ,وعد,فعَل يفعِل,I,indicative,active,3fp,1,يَعِدْنَ
157_125,وَعَدَ,وعد,فعَل يفعِل,I,indicative,active,2ms,1,تَعِدُ
157_125,وَعَدَ,وعد,فعَل يفعِل,I,indicative,active,2d,1,تَعِدَانِ
157_125,وَعَدَ,وعد,فعَل يفعِل,I,indicative,active,2mp,1,تَعِدونَ
157_125,وَعَدَ,وعد,فعَل يفعِل,I,indicative,active,2fs,1,تَعِدِينَ
157_125,وَعَدَ,وعد,فعَل يفعِل,I,indicative,active,2fp,1,تَعِدْنَ
157_125,وَعَدَ,وعد,فعَل يفعِل,I,indicative,active,1s,1,أَعِدُ
157_125,وَعَدَ,وعد,فعَل يفعِل,I,indicative,active,1p,1,نَعِدُ
157_125,وَعَدَ,وعد,فعَل يفعِل,I,imperative,active,2ms,1,عِدْ
157_125,وَعَدَ,وعد,فعَل يفعِل,I,imperative,active,2d,1,عِدا
157_125,وَعَدَ,وعد,فعَل يفعِل,I,imperative,active,2mp,1,عِدُوا
157_125,وَعَدَ,وعد,فعَل يفعِل,I,imperative,active,2fs,1,عِدِي
157_125,وَعَدَ,وعد,فعَل يفعِل,I,imperative,active,2fp,1,عِدْنَ
158_127,أَتَى,أتي,فعَل يفعِل,I,past,active,3ms,1,أَتَى
158_127,أَتَى,أتي,فعَل يفعِل,I,past,active,3md,1,أَتَيا
158_127,أَتَى,أتي,فعَل يفعِل,I,past,active,3mp,1,أَتَوْا
158_127,أَتَى,أتي,فعَل يفعِل,I,past,active,3fs,1,أَتَتْ
158_127,أَتَى,أتي,فعَل يفعِل,I,past,active,3fd,1,أَتَتا
158_127,أَتَى,أتي,فعَل يفعِل,I,past,active,3fp,1,أَتَيْنَ
158_127,أَتَى,أتي,فعَل يفعِل,I,past,active,2ms,1,أَتَيْتَ
158_127,أَتَى,أتي,فعَل يفعِل,I,past,active,2d,1,أَتَيْتُما
158_127,أَتَى,أتي,فعَل يفعِل,I,past,active,2mp,1,أَتَيْتُمْ
158_127,أَتَى,أتي,فعَل يفعِل,I,past,active,2fs,1,أَتَيْتِ
158_127,أَتَى,أتي,فعَل يفعِل,I,past,active,2fp,1,أَتَيْتُنَّ
158_127,أَتَى,أتي,فعَل يفعِل,I,past,active,1s,1,أَتَيْتُ
158_127,أَتَى,أتي,فعَل يفعِل,I,past,active,1p,1,أَتَيْنا
158_127,أَتَى,أتي,فعَل يفعِل,I,indicative,active,3ms,1,يَأْتِي
158_127,أَتَى,أتي,فعَل يفعِل,I,indicative,active,3md,1,يَأْتِيانِ
158_127,أَتَى,أتي,فعَل يفعِل,I,indicative,active,3mp,1,يَأْتُونَ
158_127,أَتَى,أتي,فعَل يفعِل,I,indicative,active,3fs,1,تَأْتِي
158_127,أَتَى,أتي,فعَل يفعِل,I,indicative,active,3fd,1,تَأْتِيانِ
158_127,أَتَى,أتي,فعَل يفعِل,I,indicative,active,3fp,1,يَأْتِينَ
158_127,أَتَى,أتي,فعَل يفعِل,I,indicative,active,2ms,1,تَأْتِي
158_127,أَتَى,أتي,فعَل يفعِل,I,indicative,active,2d,1,تَأْتِيانِ
158_127,أَتَى,أتي,فعَل يفعِل,I,indicative,active,2mp,1,تَأْتُونَ
158_127,أَتَى,أتي,فعَل يفعِل,I,indicative,active,2fs,1,تَأْتينَ
158_127,أَتَى,أتي,فعَل يفعِل,I,indicative,active,2fp,1,تَأْتِينَ
158_127,أَتَى,أتي,فعَل يفعِل,I,indicative,active,1s,1,آتِي
158_127,أَتَى,أتي,فعَل يفعِل,I,indicative,active,1p,1,نَأْتِي
158_127,أَتَى,أتي,فعَل يفعِل,I,imperative,active,2ms,1,اِئْتِ
158_127,أَتَى,أتي,فعَل يفعِل,I,imperative,active,2ms,2,اِيتِ
158_127,أَتَى,أتي,فعَل يفعِل,I,imperative,active,2d,1,اِئْتِيا
158_127,أَتَى,أتي,فعَل يفعِل,I,imperative,active,2mp,1,اِئْتُوا
158_127,أَتَى,أتي,فعَل يفعِل,I,imperative,active,2fs,1,اِئْتي
158_127,أَتَى,أتي,فعَل يفعِل,I,imperative,active,2fp,1,اِئْتِينَ
159_127,بَنَى,بني,فعَل يفعِل,I,past,active,3ms,1,بَنَى
159_127,بَنَى,بني,فعَل يفعِل,I,past,active,3md,1,بَنَيا
159_127,بَنَى,بني,فعَل يفعِل,I,past,active,3mp,1,بَنَوْا
159_127,بَنَى,بني,فعَل يفعِل,I,past,active,3fs,1,بَنَتْ
159_127,بَنَى,بني,فعَل يفعِل,I,past,active,3fd,1,بَنَتَا
159_127,بَنَى,بني,فعَل يفعِل,I,past,active,3fp,1,بَنَيْنَ
159_127,بَنَى,بني,فعَل يفعِل,I,past,active,2ms,1,بَنَيْتَ
159_127,بَنَى,بني,فعَل يفعِل,I,past,active,2d,1,بَنَيْتُما
159_127,بَنَى,بني,فعَل يفعِل,I,past,active,2mp,1,بَنَيْتُمْ
159_127,بَنَى,بني,فعَل يفعِل,I,past,active,2fs,1,بَنَيْتِ
159_127,بَنَى,بني,فعَل يفعِل,I,past,active,2fp,1,بَنَيْتُنَّ
159_127,بَنَى,بني,فعَل يفعِل,I,past,active,1s,1,بَنَيْتُ
159_127,بَنَى,بني,فعَل يفعِل,I,past,active,1p,1,بَنَيْنا
159_127,بَنَى,بني,فعَل يفعِل,I,indicative,active,3ms,1,يَبْنِي
159_127,بَنَى,بني,فعَل يفعِل,I,indicative,active,3md,1,يَبْنِيانِ
159_127,بَنَى,بني,فعَل يفعِل,I,indicative,active,3mp,1,يَبْنُونَ
159_127,بَنَى,بني,فعَل يفعِل,I,indicative,active,3fs,1,تَبْنِي
159_127,بَنَى,بني,فعَل يفعِل,I,indicative,active,3fd,1,تَبْنِيانِ
159_127,بَنَى,بني,فعَل يفعِل,I,indicative,active,3fp,1,يَبْنِينَ
159_127,بَنَى,بني,فعَل يفعِل,I,indicative,active,2ms,1,تَبْنِي
159_127,بَنَى,بني,فعَل يفعِل,I,indicative,active,2d,1,تَبْنِيانِ
159_127,بَنَى,بني,فعَل يفعِل,I,indicative,active,2mp,1,تَبْنُونَ
159_127,بَنَى,بني,فعَل يفعِل,I,indicative,active,2fs,1,تَبْنينَ
159_127,بَنَى,بني,فعَل يفعِل,I,indicative,active,2fp,1,تَبْنِينَ
159_127,بَنَى,بني,فعَل يفعِل,I,indicative,active,1s,1,أَبْنِي
159_127,بَنَى,بني,فعَل يفعِل,I,indicative,active,1p,1,نَبْنِي
159_127,بَنَى,بني,فعَل يفعِل,I,imperative,active,2ms,1,اِبْنِ
159_127,بَنَى,بني,فعَل يفعِل,I,imperative,active,2d,1,اِبْنِيا
159_127,بَنَى,بني,فعَل يفعِل,I,imperative,active,2mp,1,اِبْنوا
159_127,بَنَى,بني,فعَل يفعِل,I,imperative,active,2fs,1,اِبْنِي
159_127,بَنَى,بني,فعَل يفعِل,I,imperative,active,2fp,1,اِبْنِينَ
160_127,أَزَى,أزي,فعَل يفعِل,I,past,active,3ms,1,أَزَى
160_127,أَزَى,أزي,فعَل يفعِل,I,past,active,3md,1,أَزَيا
160_127,أَزَى,أزي,فعَل يفعِل,I,past,active,3mp,1,أَزَوْا
160_127,أَزَى,أزي,فعَل يفعِل,I,past,active,3fs,1,أَزَتْ
160_127,أَزَى,أزي,فعَل يفعِل,I,past,active,3fd,1,أَزَتا
160_127,أَزَى,أزي,فعَل يفعِل,I,past,active,3fp,1,أَزَيْنَ
160_127,أَزَى,أزي,فعَل يفعِل,I,past,active,2ms,1,أَزَيْتَ
160_127,أَزَى,أزي,فعَل يفعِل,I,past,active,2d,1,أَزَيْتُما
160_127,أَزَى,أزي,فعَل يفعِل,I,past,active,2mp,1,أَزَيْتُمْ
160_127,أَزَى,أزي,فعَل يفعِل,I,past,active,2fs,1,أَزَيْتِ
160_127,أَزَى,أزي,فعَل يفعِل,I,past,active,2fp,1,أَزَيْتُنَّ
160_127,أَزَى,أزي,فعَل يفعِل,I,past,active,1s,1,أَزَيْتُ
160_127,أَزَى,أزي,فعَل يفعِل,I,past,active,1p,1,أَزَيْنا
160_127,أَزَى,أزي,فعَل يفعِل,I,indicative,active,3ms,1,يَأْزِي
160_127,أَزَى,أزي,فعَل يفعِل,I,indicative,active,3md,1,يَأْزِيانِ
160_127,أَزَى,أزي,فعَل يفعِل,I,indicative,active,3mp,1,يَأْزونَ
160_127,أَزَى,أزي,فعَل يفعِل,I,indicative,active,3fs,1,تَأْزِي
160_127,أَزَى,أزي,فعَل يفعِل,I,indicative,active,3fd,1,تَأْزِيانِ
160_127,أَزَى,أزي,فعَل يفعِل,I,indicative,active,3fp,1,يَأْزِينَ
160_127,أَزَى,أزي,فعَل يفعِل,I,indicative,active,2ms,1,تَأْزِي
160_127,أَزَى,أزي,فعَل يفعِل,I,indicative,active,2d,1,تَأْزِيانِ
160_127,أَزَى,أزي,فعَل يفعِل,I,indicative,active,2mp,1,تَأْزونَ
160_127,أَزَى,أزي,فعَل يفعِل,I,indicative,active,2fs,1,تَأْزينَ
160_127,أَزَى,أزي,فعَل يفعِل,I,indicative,active,2fp,1,تَأْزِينَ
160_127,أَزَى,أزي,فعَل يفعِل,I,indicative,active,1s,1,آزِي
160_127,أَزَى,أزي,فعَل يفعِل,I,indicative,active,1p,1,نَأْزِي
160_127,أَزَى,أزي,فعَل يفعِل,I,imperative,active,2ms,1,اِئْزِ
160_127,أَزَى,أزي,فعَل يفعِل,I,imperative,active,2d,1,اِئْزِيا
160_127,أَزَى,أزي,فعَل يفعِل,I,imperative,active,2mp,1,اِئْزُوا
160_127,أَزَى,أزي,فعَل يفعِل,I,imperative,active,2fs,1,اِئْزِي
160_127,أَزَى,أزي,فعَل يفعِل,I,imperative,active,2fp,1,اِئْزِينَ
161_127,قَضَى,قضي,فعَل يفعِل,I,past,active,3ms,1,قَضَى
161_127,قَضَى,قضي,فعَل يفعِل,I,past,active,3md,1,قَضَيا
161_127,قَضَى,قضي,فعَل يفعِل,I,past,active,3mp,1,قَضَوْا
161_127,قَضَى,قضي,فعَل يفعِل,I,past,active,3fs,1,قَضَتْ
161_127,قَضَى,قضي,فعَل يفعِل,I,past,active,3fd,1,قَضَتا
161_127,قَضَى,قضي,فعَل يفعِل,I,past,active,3fp,1,قَضَيْنَ
161_127,قَضَى,قضي,فعَل يفعِل,I,past,active,2ms,1,قَضَيْتَ
161_127,قَضَى,قضي,فعَل يفعِل,I,past,active,2d,1,قَضَيْتُما
161_127,قَضَى,قضي,فعَل يفعِل,I,past,active,2mp,1,قَضَيْتُمْ
161_127,قَضَى,قضي,فعَل يفعِل,I,past,active,2fs,1,قَضَيْتِ
161_127,قَضَى,قضي,فعَل يفعِل,I,past,active,2fp,1,قَضَيْتُنَّ
161_127,قَضَى,قضي,فعَل يفعِل,I,past,active,1s,1,قَضَيْتُ
161_127,قَضَى,قضي,فعَل يفعِل,I,past,active,1p,1,قَضَيْنَا
161_127,قَضَى,قضي,فعَل يفعِل,I,indicative,active,3ms,1,يَقْضِي
161_127,قَضَى,قضي,فعَل يفعِل,I,indicative,active,3md,1,يَقْضِيانِ
161_127,قَضَى,قضي,فعَل يفعِل,I,indicative,active,3mp,1,يَقْضونَ
161_127,قَضَى,قضي,فعَل يفعِل,I,indicative,active,3fs,1,تَقْضِي
161_127,قَضَى,قضي,فعَل يفعِل,I,indicative,active,3fd,1,تَقْضِيانِ
161_127,قَضَى,قضي,فعَل يفعِل,I,indicative,active,3fp,1,يَقْضِينَ
161_127,قَضَى,قضي,فعَل يفعِل,I,indicative,active,2ms,1,تَقْضِي
161_127,قَضَى,قضي,فعَل يفعِل,I,indicative,active,2d,1,تَقْضِيانِ
161_127,قَضَى,قضي,فعَل يفعِل,I,indicative,active,2mp,1,تَقْضونَ
161_127,قَضَى,قضي,فعَل يفعِل,I,indicative,active,2fs,1,تَقْضينَ
161_127,قَضَى,قضي,فعَل يفعِل,I,indicative,active,2fp,1,تَقْضِينَ
161_127,قَضَى,قضي,فعَل يفعِل,I,indicative,active,1s,1,أَقْضِي
161_127,قَضَى,قضي,فعَل يفعِل,I,indicative,active,1p,1,نَقْضِي
161_127,قَضَى,قضي,فعَل يفعِل,I,imperative,active,2ms,1,اِقْضِ
161_127,قَضَى,قضي,فعَل يفعِل,I,imperative,active,2d,1,اِقْضِيا
161_127,قَضَى,قضي,فعَل يفعِل,I,imperative,active,2mp,1,اِقْضُوا
161_127,قَضَى,قضي,فعَل يفعِل,I,imperative,active,2fs,1,اِقْضي
161_127,قَضَى,قضي,فعَل يفعِل,I,imperative,active,2fp,1,اِقْضِينَ
162_129,شَوَى,شوي,فعَل يفعِل,I,past,active,3ms,1,شَوَى
162_129,شَوَى,شوي,فعَل يفعِل,I,past,active,3md,1,شَوَيا
162_129,شَوَى,شوي,فعَل يفعِل,I,past,active,3mp,1,شَوَوْا
162_129,شَوَى,شوي,فعَل يفعِل,I,past,active,3fs,1,شَوَتْ
162_129,شَوَى,شوي,فعَل يفعِل,I,past,active,3fd,1,شَوَتَا
162_129,شَوَى,شوي,فعَل يفعِل,I,past,active,3fp,1,شَوَيْنَ
162_129,شَوَى,شوي,فعَل يفعِل,I,past,active,2ms,1,شَوَيْتَ
162_129,شَوَى,شوي,فعَل يفعِل,I,past,active,2d,1,شَوَيْتُما
162_129,شَوَى,شوي,فعَل يفعِل,I,past,active,2mp,1,شَوَيْتُمْ
162_129,شَوَى,شوي,فعَل يفعِل,I,past,active,2fs,1,شَوَيْتِ
162_129,شَوَى,شوي,فعَل يفعِل,I,past,active,2fp,1,شَوَيْتُنَّ
162_129,شَوَى,شوي,فعَل يفعِل,I,past,active,1s,1,شَوَيْتُ
162_129,شَوَى,شوي,فعَل يفعِل,I,past,active,1p,1,شَوَيْنا
162_129,شَوَى,شوي,فعَل يفعِل,I,indicative,active,3ms,1,يَشْوِي
162_129,شَوَى,شوي,فعَل يفعِل,I,indicative,active,3md,1,يَشْوِيَانِ
162_129,شَوَى,شوي,فعَل يفعِل,I,indicative,active,3mp,1,يَشْوُونَ
162_129,شَوَى,شوي,فعَل يفعِل,I,indicative,active,3fs,1,تَشْوِي
162_129,شَوَى,شوي,فعَل يفعِل,I,indicative,active,3fd,1,تَشْوِيَانِ
162_129,شَوَى,شوي,فعَل يفعِل,I,indicative,active,3fp,1,يَشْوِينَ
162_129,شَوَى,شوي,فعَل يفعِل,I,indicative,active,2ms,1,تَشْوِي
162_129,شَوَى,شوي,فعَل يفعِل,I,indicative,active,2d,1,تَشْوِيَانِ
162_129,شَوَى,شوي,فعَل يفعِل,I,indicative,active,2mp,1,تَشْوُونَ
162_129,شَوَى,شوي,فعَل يفعِل,I,indicative,active,2fs,1,تَشْوِينَ
162_129,شَوَى,شوي,فعَل يفعِل,I,indicative,active,2fp,1,تَشْوِينَ
162_129,شَوَى,شوي,فعَل يفعِل,I,indicative,active,1s,1,أَشْوِي
162_129,شَوَى,شوي,فعَل يفعِل,I,indicative,active,1p,1,نَشْوِي
162_129,شَوَى,شوي,فعَل يفعِل,I,imperative,active,2ms,1,اِشْوِ
162_129,شَوَى,شوي,فعَل يفعِل,I,imperative,active,2d,1,اِشْوِيا
162_129,شَوَى,شوي,فعَل يفعِل,I,imperative,active,2mp,1,اِشْوُوْا
162_129,شَوَى,شوي,فعَل يفعِل,I,imperative,active,2fs,1,اِشْوِيْ
162_129,شَوَى,شوي,فعَل يفعِل,I,imperative,active,2fp,1,اِشْوِيْنَ
163_129,كَوَى,كوي,فعَل يفعِل,I,past,active,3ms,1,كَوَى
163_129,كَوَى,كوي,فعَل يفعِل,I,past,active,3md,1,كَوَيا
163_129,كَوَى,كوي,فعَل يفعِل,I,past,active,3mp,1,كَوَوْا
163_129,كَوَى,كوي,فعَل يفعِل,I,past,active,3fs,1,كَوَتْ
163_129,كَوَى,كوي,فعَل يفعِل,I,past,active,3fd,1,كَوَتا
163_129,كَوَى,كوي,فعَل يفعِل,I,past,active,3fp,1,كَوَيْنَ
163_129,كَوَى,كوي,فعَل يفعِل,I,past,active,2ms,1,كَوَيْتَ
163_129,كَوَى,كوي,فعَل يفعِل,I,past,active,2d,1,كَوَيْتُما
163_129,كَوَى,كوي,فعَل يفعِل,I,past,active,2mp,1,كَوَيْتُمْ
163_129,كَوَى,كوي,فعَل يفعِل,I,past,active,2fs,1,كَوَيْتِ
163_129,كَوَى,كوي,فعَل يفعِل,I,past,active,2fp,1,كَوَيْتُنَّ
163_129,كَوَى,كوي,فعَل يفعِل,I,past,active,1s,1,كَوَيْتُ
163_129,كَوَى,كوي,فعَل يفعِل,I,past,active,1p,1,كَوَيْنا
163_129,كَوَى,كوي,فعَل يفعِل,I,indicative,active,3ms,1,يَكْوِي
163_129,كَوَى,كوي,فعَل يفعِل,I,indicative,active,3md,1,يَكْوِيَانِ
163_129,كَوَى,كوي,فعَل يفعِل,I,indicative,active,3mp,1,يَكْوُونَ
163_129,كَوَى,كوي,فعَل يفعِل,I,indicative,active,3fs,1,تَكْوِي
163_129,كَوَى,كوي,فعَل يفعِل,I,indicative,active,3fd,1,تَكْوِيَانِ
163_129,كَوَى,كوي,فعَل يفعِل,I,indicative,active,3fp,1,يَكْوِينَ
163_129,كَوَى,كوي,فعَل يفعِل,I,indicative,active,2ms,1,تَكْوِي
163_129,كَوَى,كوي,فعَل يفعِل,I,indicative,active,2d,1,تَكْوِيَانِ
163_129,كَوَى,كوي,فعَل يفعِل,I,indicative,active,2mp,1,تَكْوُونَ
163_129,كَوَى,كوي,فعَل يفعِل,I,indicative,active,2fs,1,تَكْوِينَ
163_129,كَوَى,كوي,فعَل يفعِل,I,indicative,active,2fp,1,تَكْوِينَ
163_129,كَوَى,كوي,فعَل يفعِل,I,indicative,active,1s,1,أَكْوِي
163_129,كَوَى,كوي,فعَل يفعِل,I,indicative,active,1p,1,نَكْوِي
163_129,كَوَى,كوي,فعَل يفعِل,I,imperative,active,2ms,1,اِكْوِ
163_129,كَوَى,كوي,فعَل يفعِل,I,imperative,active,2d,1,اِكْوِيا
163_129,كَوَى,كوي,فعَل يفعِل,I,imperative,active,2mp,1,اِكْوُوا
163_129,كَوَى,كوي,فعَل يفعِل,I,imperative,active,2fs,1,اِكْوِي
163_129,كَوَى,كوي,فعَل يفعِل,I,imperative,active,2fp,1,اِكْوِينَ
164_130,رَهَنَ,رهن,فعَل يفعَل,I,past,active,3ms,1,رَهَنَ
164_130,رَهَنَ,رهن,فعَل يفعَل,I,past,active,3md,1,رَهَنا
164_130,رَهَنَ,رهن,فعَل يفعَل,I,past,active,3mp,1,رَهَنُوا
164_130,رَهَنَ,رهن,فعَل يفعَل,I,past,active,3fs,1,رَهَنَتْ
164_130,رَهَنَ,رهن,فعَل يفعَل,I,past,active,3fd,1,رَهَنَتا
164_130,رَهَنَ,رهن,فعَل يفعَل,I,past,active,3fp,1,رَهَنَّ
164_130,رَهَنَ,رهن,فعَل يفعَل,I,past,active,2ms,1,رَهَنْتَ
164_130,رَهَنَ,رهن,فعَل يفعَل,I,past,active,2d,1,رَهَنْتُما
164_130,رَهَنَ,رهن,فعَل يفعَل,I,past,active,2mp,1,رَهَنْتُمْ
164_130,رَهَنَ,رهن,فعَل يفعَل,I,past,active,2fs,1,رَهَنْتِ
164_130,رَهَنَ,رهن,فعَل يفعَل,I,past,active,2fp,1,رَهَنْتُنَّ
164_130,رَهَنَ,رهن,فعَل يفعَل,I,past,active,1s,1,رَهَنْتُ
164_130,رَهَنَ,رهن,فعَل يفعَل,I,past,active,1p,1,رَهَنَّا
164_130,رَهَنَ,رهن,فعَل يفعَل,I,indicative,active,3ms,1,يَرْهَنُ
164_130,رَهَنَ,رهن,فعَل يفعَل,I,indicative,active,3md,1,يَرْهَنانِ
164_130,رَهَنَ,رهن,فعَل يفعَل,I,indicative,active,3mp,1,يَرْهَنونَ
164_130,رَهَنَ,رهن,فعَل يفعَل,I,indicative,active,3fs,1,تَرْهَنُ
164_130,رَهَنَ,رهن,فعَل يفعَل,I,indicative,active,3fd,1,تَرْهَنانِ
164_130,رَهَنَ,رهن,فعَل يفعَل,I,indicative,active,3fp,1,يَرْهَنَّ
164_130,رَهَنَ,رهن,فعَل يفعَل,I,indicative,active,2ms,1,تَرْهَنُ
164_130,رَهَنَ,رهن,فعَل يفعَل,I,indicative,active,2d,1,تَرْهَنانِ
164_130,رَهَنَ,رهن,فعَل يفعَل,I,indicative,active,2mp,1,تَرْهَنونَ
164_130,رَهَنَ,رهن,فعَل يفعَل,I,indicative,active,2fs,1,تَرْهَنينَ
164_130,رَهَنَ,رهن,فعَل يفعَل,I,indicative,active,2fp,1,تَرْهَنَّ
164_130,رَهَنَ,رهن,فعَل يفعَل,I,indicative,active,1s,1,أَرْهَنُ
164_130,رَهَنَ,رهن,فعَل يفعَل,I,indicative,active,1p,1,نَرْهَنُ
164_130,رَهَنَ,رهن,فعَل يفعَل,I,imperative,active,2ms,1,اِرْهَنْ
164_130,رَهَنَ,رهن,فعَل يفعَل,I,imperative,active,2d,1,اِرْهَنا
164_130,رَهَنَ,رهن,فعَل يفعَل,I,imperative,active,2mp,1,اِرْهَنُوا
164_130,رَهَنَ,رهن,فعَل يفعَل,I,imperative,active,2fs,1,اِرْهَني
164_130,رَهَنَ,رهن,فعَل يفعَل,I,imperative,active,2fp,1,اِرْهَنَّ
165_130,ضَغَطَ,ضغط,فعَل يفعَل,I,past,active,3ms,1,ضَغَطَ
165_130,ضَغَطَ,ضغط,فعَل يفعَل,I,past,active,3md,1,ضَغَطا
165_130,ضَغَطَ,ضغط,فعَل يفعَل,I,past,active,3mp,1,ضَغَطُوا
165_130,ضَغَطَ,ضغط,فعَل يفعَل,I,past,active,3fs,1,ضَغَطَتْ
165_130,ضَغَطَ,ضغط,فعَل يفعَل,I,past,active,3fd,1,ضَغَطَتا
165_130,ضَغَطَ,ضغط,فعَل يفعَل,I,past,active,3fp,1,ضَغَطْنَ
165_130,ضَغَطَ,ضغط,فعَل يفعَل,I,past,active,2ms,1,ضَغَطْتَ
165_130,ضَغَطَ,ضغط,فعَل يفعَل,I,past,active,2d,1,ضَغَطْتُما
165_130,ضَغَطَ,ضغط,فعَل يفعَل,I,past,active,2mp,1,ضَغَطْتُمْ
165_130,ضَغَطَ,ضغط,فعَل يفعَل,I,past,active,2fs,1,ضَغَطْتِ
165_130,ضَغَطَ,ضغط,فعَل يفعَل,I,past,active,2fp,1,ضَغَطْتُنَّ
165_130,ضَغَطَ,ضغط,فعَل يفعَل,I,past,active,1s,1,ضَغَطْتُ
165_130,ضَغَطَ,ضغط,فعَل يفعَل,I,past,active,1p,1,ضَغَطْنا
165_130,ضَغَطَ,ضغط,فعَل يفعَل,I,indicative,active,3ms,1,يَضْغَطُ
165_130,ضَغَطَ,ضغط,فعَل يفعَل,I,indicative,active,3md,1,يَضْغَطانِ
165_130,ضَغَطَ,ضغط,فعَل يفعَل,I,indicative,active,3mp,1,يَضْغَطونَ
165_130,ضَغَطَ,ضغط,فعَل يفعَل,I,indicative,active,3fs,1,تَضْغَطُ
165_130,ضَغَطَ,ضغط,فعَل يفعَل,I,indicative,active,3fd,1,تَضْغَطانِ
165_130,ضَغَطَ,ضغط,فعَل يفعَل,I,indicative,active,3fp,1,يَضْغَطْنَ
165_130,ضَغَطَ,ضغط,فعَل يفعَل,I,indicative,active,2ms,1,تَضْغَطُ
165_130,ضَغَطَ,ضغط,فعَل يفعَل,I,indicative,active,2d,1,تَضْغَطانِ
165_130,ضَغَطَ,ضغط,فعَل يفعَل,I,indicative,active,2mp,1,تَضْغَطونَ
165_130,ضَغَطَ,ضغط,فعَل يفعَل,I,indicative,active,2fs,1,تَضْغَطينَ
165_130,ضَغَطَ,ضغط,فعَل يفعَل,I,indicative,active,2fp,1,تَضْغَطْنَ
165_130,ضَغَطَ,ضغط,فعَل يفعَل,I,indicative,active,1s,1,أَضْغَطُ
165_130,ضَغَطَ,ضغط,فعَل يفعَل,I,indicative,active,1p,1,نَضْغَطُ
165_130,ضَغَطَ,ضغط,فعَل يفعَل,I,imperative,active,2ms,1,اِضْغَطْ
165_130,ضَغَطَ,ضغط,فعَل يفعَل,I,imperative,active,2d,1,اِضْغَطا
165_130,ضَغَطَ,ضغط,فعَل يفعَل,I,imperative,active,2mp,1,اِضْغَطُوا
165_130,ضَغَطَ,ضغط,فعَل يفعَل,I,imperative,active,2fs,1,اِضْغَطي
165_130,ضَغَطَ,ضغط,فعَل يفعَل,I,imperative,active,2fp,1,اِضْغَطْنَ
166_130,مَنَعَ,منع,فعَل يفعَل,I,past,active,3ms,1,مَنَعَ
166_130,مَنَعَ,منع,فعَل يفعَل,I,past,active,3md,1,مَنَعا
166_130,مَنَعَ,منع,فعَل يفعَل,I,past,active,3mp,1,مَنَعُوا
166_130,مَنَعَ,منع,فعَل يفعَل,I,past,active,3fs,1,مَنَعَتْ
166_130,مَنَعَ,منع,فعَل يفعَل,I,past,active,3fd,1,مَنَعَتَا
166_130,مَنَعَ,منع,فعَل يفعَل,I,past,active,3fp,1,مَنَعْنَ
166_130,مَنَعَ,منع,فعَل يفعَل,I,past,active,2ms,1,مَنَعْتَ
166_130,مَنَعَ,منع,فعَل يفعَل,I,past,active,2d,1,مَنَعْتُما
166_130,مَنَعَ,منع,فعَل يفعَل,I,past,active,2mp,1,مَنَعْتُمْ
166_130,مَنَعَ,منع,فعَل يفعَل,I,past,active,2fs,1,مَنَعْتِ
166_130,مَنَعَ,منع,فعَل يفعَل,I,past,active,2fp,1,مَنَعْتُنَّ
166_130,مَنَعَ,منع,فعَل يفعَل,I,past,active,1s,1,مَنَعْتُ
166_130,مَنَعَ,منع,فعَل يفعَل,I,past,active,1p,1,مَنَعْنا
166_130,مَنَعَ,منع,فعَل يفعَل,I,indicative,active,3ms,1,يَمْنَعُ
166_130,مَنَعَ,منع,فعَل يفعَل,I,indicative,active,3md,1,يَمْنَعانِ
166_130,مَنَعَ,منع,فعَل يفعَل,I,indicative,active,3mp,1,يَمْنَعونَ
166_130,مَنَعَ,منع,فعَل يفعَل,I,indicative,active,3fs,1,تَمْنَعُ
166_130,مَنَعَ,منع,فعَل يفعَل,I,indicative,active,3fd,1,تَمْنَعانِ
166_130,مَنَعَ,منع,فعَل يفعَل,I,indicative,active,3fp,1,يَمْنَعْنَ
166_130,مَنَعَ,منع,فعَل يفعَل,I,indicative,active,2ms,1,تَمْنَعُ
166_130,مَنَعَ,منع,فعَل يفعَل,I,indicative,active,2d,1,تَمْنَعانِ
166_130,مَنَعَ,منع,فعَل يفعَل,I,indicative,active,2mp,1,تَمْنَعونَ
166_130,مَنَعَ,منع,فعَل يفعَل,I,indicative,active,2fs,1,تَمْنَعينَ
166_130,مَنَعَ,منع,فعَل يفعَل,I,indicative,active,2fp,1,تَمْنَعْنَ
166_130,مَنَعَ,منع,فعَل يفعَل,I,indicative,active,1s,1,أَمْنَعُ
166_130,مَنَعَ,منع,فعَل يفعَل,I,indicative,active,1p,1,نَمْنَعُ
166_130,مَنَعَ,منع,فعَل يفعَل,I,imperative,active,2ms,1,اِمْنَعْ
166_130,مَنَعَ,منع,فعَل يفعَل,I,imperative,active,2d,1,اِمْنَعا
166_130,مَنَعَ,منع,فعَل يفعَل,I,imperative,active,2mp,1,اِمْنَعُوا
166_130,مَنَعَ,منع,فعَل يفعَل,I,imperative,active,2fs,1,اِمْنَعي
166_130,مَنَعَ,منع,فعَل يفعَل,I,imperative,active,2fp,1,اِمْنَعْنَ
167_130,ذَهَبَ,ذهب,فعَل يفعَل,I,past,active,3ms,1,ذَهَبَ
167_130,ذَهَبَ,ذهب,فعَل يفعَل,I,past,active,3md,1,ذَهَبا
167_130,ذَهَبَ,ذهب,فعَل يفعَل,I,past,active,3mp,1,ذَهَبُوا
167_130,ذَهَبَ,ذهب,فعَل يفعَل,I,past,active,3fs,1,ذَهَبَتْ
167_130,ذَهَبَ,ذهب,فعَل يفعَل,I,past,active,3fd,1,ذَهَبَتَا
167_130,ذَهَبَ,ذهب,فعَل يفعَل,I,past,active,3fp,1,ذَهَبْنَ
167_130,ذَهَبَ,ذهب,فعَل يفعَل,I,past,active,2ms,1,ذَهَبْتَ
167_130,ذَهَبَ,ذهب,فعَل يفعَل,I,past,active,2d,1,ذَهَبْتُما
167_130,ذَهَبَ,ذهب,فعَل يفعَل,I,past,active,2mp,1,ذَهَبْتُمْ
167_130,ذَهَبَ,ذهب,فعَل يفعَل,I,past,active,2fs,1,ذَهَبْتِ
167_130,ذَهَبَ,ذهب,فعَل يفعَل,I,past,active,2fp,1,ذَهَبْتُنَّ
167_130,ذَهَبَ,ذهب,فعَل يفعَل,I,past,active,1s,1,ذَهَبْتُ
167_130,ذَهَبَ,ذهب,فعَل يفعَل,I,past,active,1p,1,ذَهَبْنا
167_130,ذَهَبَ,ذهب,فعَل يفعَل,I,indicative,active,3ms,1,يَذْهَبُ
167_130,ذَهَبَ,ذهب,فعَل يفعَل,I,indicative,active,3md,1,يَذْهَبانِ
167_130,ذَهَبَ,ذهب,فعَل يفعَل,I,indicative,active,3mp,1,يَذْهَبونَ
167_130,ذَهَبَ,ذهب,فعَل يفعَل,I,indicative,active,3fs,1,تَذْهَبُ
167_130,ذَهَبَ,ذهب,فعَل يفعَل,I,indicative,active,3fd,1,تَذْهَبانِ
167_130,ذَهَبَ,ذهب,فعَل يفعَل,I,indicative,active,3fp,1,يَذْهَبْنَ
167_130,ذَهَبَ,ذهب,فعَل يفعَل,I,indicative,active,2ms,1,تَذْهَبُ
167_130,ذَهَبَ,ذهب,فعَل يفعَل,I,indicative,active,2d,1,تَذْهَبانِ
167_130,ذَهَبَ,ذهب,فعَل يفعَل,I,indicative,active,2mp,1,تَذْهَبونَ
167_130,ذَهَبَ,ذهب,فعَل يفعَل,I,indicative,active,2fs,1,تَذْهَبينَ
167_130,ذَهَبَ,ذهب,فعَل يفعَل,I,indicative,active,2fp,1,تَذْهَبْنَ
167_130,ذَهَبَ,ذهب,فعَل يفعَل,I,indicative,active,1s,1,أَذْهَبُ
167_130,ذَهَبَ,ذهب,فعَل يفعَل,I,indicative,active,1p,1,نَذْهَبُ
167_130,ذَهَبَ,ذهب,فعَل يفعَل,I,imperative,active,2ms,1,اِذْهَبْ
167_130,ذَهَبَ,ذهب,فعَل يفعَل,I,imperative,active,2d,1,اِذْهَبا
167_130,ذَهَبَ,ذهب,فعَل يفعَل,I,imperative,active,2mp,1,اِذْهَبُوا
167_130,ذَهَبَ,ذهب,فعَل يفعَل,I,imperative,active,2fs,1,اِذْهَبي
167_130,ذَهَبَ,ذهب,فعَل يفعَل,I,imperative,active,2fp,1,اِذْهَبْنَ
168_131,كَعَّ,كعع,فعَل يفعَل,I,past,active,3ms,1,كَعَّ
168_131,كَعَّ,كعع,فعَل يفعَل,I,past,active,3md,1,كَعَّا
168_131,كَعَّ,كعع,فعَل يفعَل,I,past,active,3mp,1,كَعُّوا
168_131,كَعَّ,كعع,فعَل يفعَل,I,past,active,3fs,1,كَعَّتْ
168_131,كَعَّ,كعع,فعَل يفعَل,I,past,active,3fd,1,كَعَّتا
168_131,كَعَّ,كعع,فعَل يفعَل,I,past,active,3fp,1,كَعَعْنَ
168_131,كَعَّ,كعع,فعَل يفعَل,I,past,active,2ms,1,كَعَعْتَ
168_131,كَعَّ,كعع,فعَل يفعَل,I,past,active,2d,1,كَعَعْتُما
168_131,كَعَّ,كعع,فعَل يفعَل,I,past,active,2mp,1,كَعَعْتُمْ
168_131,كَعَّ,كعع,فعَل يفعَل,I,past,active,2fs,1,كَعَعْتِ
168_131,كَعَّ,كعع,فعَل يفعَل,I,past,active,2fp,1,كَعَعْتُنَّ
168_131,كَعَّ,كعع,فعَل يفعَل,I,past,active,1s,1,كَعَعْتُ
168_131,كَعَّ,كعع,فعَل يفعَل,I,past,active,1p,1,كَعَعْنا
168_131,كَعَّ,كعع,فعَل يفعَل,I,indicative,active,3ms,1,يَكَعُّ
168_131,كَعَّ,كعع,فعَل يفعَل,I,indicative,active,3md,1,يَكَعَّانِ
168_131,كَعَّ,كعع,فعَل يفعَل,I,indicative,active,3mp,1,يَكَعُّونَ
168_131,كَعَّ,كعع,فعَل يفعَل,I,indicative,active,3fs,1,تَكَعُّ
168_131,كَعَّ,كعع,فعَل يفعَل,I,indicative,active,3fd,1,تَكَعَّانِ
168_131,كَعَّ,كعع,فعَل يفعَل,I,indicative,active,3fp,1,يَكْعَعْنَ
168_131,كَعَّ,كعع,فعَل يفعَل,I,indicative,active,2ms,1,تَكَعُّ
168_131,كَعَّ,كعع,فعَل يفعَل,I,indicative,active,2d,1,تَكَعَّانِ
168_131,كَعَّ,كعع,فعَل يفعَل,I,indicative,active,2mp,1,تَكَعُّونَ
168_131,كَعَّ,كعع,فعَل يفعَل,I,indicative,active,2fs,1,تَكَعّينَ
168_131,كَعَّ,كعع,فعَل يفعَل,I,indicative,active,2fp,1,تَكْعَعْنَ
168_131,كَعَّ,كعع,فعَل يفعَل,I,indicative,active,1s,1,أَكَعُّ
168_131,كَعَّ,كعع,فعَل يفعَل,I,indicative,active,1p,1,نَكَعُّ
168_131,كَعَّ,كعع,فعَل يفعَل,I,imperative,active,2ms,1,كَعَّ
168_131,كَعَّ,كعع,فعَل يفعَل,I,imperative,active,2d,1,كَعَّا
168_131,كَعَّ,كعع,فعَل يفعَل,I,imperative,active,2mp,1,كَعُّوا
168_131,كَعَّ,كعع,فعَل يفعَل,I,imperative,active,2fs,1,كَعِّي
168_131,كَعَّ,كعع,فعَل يفعَل,I,imperative,active,2fp,1,اِكْعَعْنَ
169_131,رَخَّ,رخخ,فعَل يفعَل,I,past,active,3ms,1,رَخَّ
169_131,رَخَّ,رخخ,فعَل يفعَل,I,past,active,3md,1,رَخَّا
169_131,رَخَّ,رخخ,فعَل يفعَل,I,past,active,3mp,1,رَخُّوا
169_131,رَخَّ,رخخ,فعَل يفعَل,I,past,active,3fs,1,رَخَّتْ
169_131,رَخَّ,رخخ,فعَل يفعَل,I,past,active,3fd,1,رَخَّتا
169_131,رَخَّ,رخخ,فعَل يفعَل,I,past,active,3fp,1,رَخَخْنَ
169_131,رَخَّ,رخخ,فعَل يفعَل,I,past,active,2ms,1,رَخَخْتَ
169_131,رَخَّ,رخخ,فعَل يفعَل,I,past,active,2d,1,رَخَخْتُما
169_131,رَخَّ,رخخ,فعَل يفعَل,I,past,active,2mp,1,رَخَخْتُمْ
169_131,رَخَّ,رخخ,فعَل يفعَل,I,past,active,2fs,1,رَخَخْتِ
169_131,رَخَّ,رخخ,فعَل يفعَل,I,past,active,2fp,1,رَخَخْتُنَّ
169_131,رَخَّ,رخخ,فعَل يفعَل,I,past,active,1s,1,رَخَخْتُ
169_131,رَخَّ,رخخ,فعَل يفعَل,I,past,active,1p,1,رَخَخْنا
169_131,رَخَّ,رخخ,فعَل يفعَل,I,indicative,active,3ms,1,يَرَخُّ
169_131,رَخَّ,رخخ,فعَل يفعَل,I,indicative,active,3md,1,يَرَخَّانِ
169_131,رَخَّ,رخخ,فعَل يفعَل,I,indicative,active,3mp,1,يَرَخُّونَ
169_131,رَخَّ,رخخ,فعَل يفعَل,I,indicative,active,3fs,1,تَرَخُّ
169_131,رَخَّ,رخخ,فعَل يفعَل,I,indicative,active,3fd,1,تَرَخَّانِ
169_131,رَخَّ,رخخ,فعَل يفعَل,I,indicative,active,3fp,1,يَرْخَخْنَ
169_131,رَخَّ,رخخ,فعَل يفعَل,I,indicative,active,2ms,1,تَرَخُّ
169_131,رَخَّ,رخخ,فعَل يفعَل,I,indicative,active,2d,1,تَرَخَّانِ
169_131,رَخَّ,رخخ,فعَل يفعَل,I,indicative,active,2mp,1,تَرَخُّونَ
169_131,رَخَّ,رخخ,فعَل يفعَل,I,indicative,active,2fs,1,تَرَخّينَ
169_131,رَخَّ,رخخ,فعَل يفعَل,I,indicative,active,2fp,1,تَرْخَخْنَ
169_131,رَخَّ,رخخ,فعَل يفعَل,I,indicative,active,1s,1,أَرَخُّ
169_131,رَخَّ,رخخ,فعَل يفعَل,I,indicative,active,1p,1,نَرَخُّ
169_131,رَخَّ,رخخ,فعَل يفعَل,I,imperative,active,2ms,1,رَخِّ
169_131,رَخَّ,رخخ,فعَل يفعَل,I,imperative,active,2d,1,رَخَّا
169_131,رَخَّ,رخخ,فعَل يفعَل,I,imperative,active,2mp,1,رَخُّوا
169_131,رَخَّ,رخخ,فعَل يفعَل,I,imperative,active,2fs,1,رَخِّي
169_131,رَخَّ,رخخ,فعَل يفعَل,I,imperative,active,2fp,1,اِرْخَخْنَ
170_134,دَرَأَ,درأ,فعَل يفعَل,I,past,active,3ms,1,دَرَأَ
170_134,دَرَأَ,درأ,فعَل يفعَل,I,past,active,3md,1,دَرَآ
170_134,دَرَأَ,درأ,فعَل يفعَل,I,past,active,3mp,1,دَرَؤُوا
170_134,دَرَأَ,درأ,فعَل يفعَل,I,past,active,3fs,1,دَرَأَتْ
170_134,دَرَأَ,درأ,فعَل يفعَل,I,past,active,3fd,1,دَرَأَتا
170_134,دَرَأَ,درأ,فعَل يفعَل,I,past,active,3fp,1,دَرَأْنَ
170_134,دَرَأَ,درأ,فعَل يفعَل,I,past,active,2ms,1,دَرَأْتَ
170_134,دَرَأَ,درأ,فعَل يفعَل,I,past,active,2d,1,دَرَأْتُما
170_134,دَرَأَ,درأ,فعَل يفعَل,I,past,active,2mp,1,دَرَأْتُمْ
170_134,دَرَأَ,درأ,فعَل يفعَل,I,past,active,2fs,1,دَرَأْتِ
170_134,دَرَأَ,درأ,فعَل يفعَل,I,past,active,2fp,1,دَرَأْتُنَّ
170_134,دَرَأَ,درأ,فعَل يفعَل,I,past,active,1s,1,دَرَأْتُ
170_134,دَرَأَ,درأ,فعَل يفعَل,I,past,active,1p,1,دَرَأْنا
170_134,دَرَأَ,درأ,فعَل يفعَل,I,indicative,active,3ms,1,يَدْرَأُ
170_134,دَرَأَ,درأ,فعَل يفعَل,I,indicative,active,3md,1,يَدْرَآنِ
170_134,دَرَأَ,درأ,فعَل يفعَل,I,indicative,active,3mp,1,يَدْرَؤُونَ
170_134,دَرَأَ,درأ,فعَل يفعَل,I,indicative,active,3fs,1,تَدْرَأُ
170_134,دَرَأَ,درأ,فعَل يفعَل,I,indicative,active,3fd,1,تَدْرَآنِ
170_134,دَرَأَ,درأ,فعَل يفعَل,I,indicative,active,3fp,1,يَدْرَأْنَ
170_134,دَرَأَ,درأ,فعَل يفعَل,I,indicative,active,2ms,1,تَدْرَأُ
170_134,دَرَأَ,درأ,فعَل يفعَل,I,indicative,active,2d,1,تَدْرَآنِ
170_134,دَرَأَ,درأ,فعَل يفعَل,I,indicative,active,2mp,1,تَدْرَؤُونَ
170_134,دَرَأَ,درأ,فعَل يفعَل,I,indicative,active,2fs,1,تَدْرَئينَ
170_134,دَرَأَ,درأ,فعَل يفعَل,I,indicative,active,2fp,1,تَدْرَأْنَ
170_134,دَرَأَ,درأ,فعَل يفعَل,I,indicative,active,1s,1,أَدْرَأُ
170_134,دَرَأَ,درأ,فعَل يفعَل,I,indicative,active,1p,1,نَدْرَأُ
170_134,دَرَأَ,درأ,فعَل يفعَل,I,imperative,active,2ms,1,اِدْرَأْ
170_134,دَرَأَ,درأ,فعَل يفعَل,I,imperative,active,2d,1,اِدْرَآ
170_134,دَرَأَ,درأ,فعَل يفعَل,I,imperative,active,2mp,1,اِدْرَؤُوا
170_134,دَرَأَ,درأ,فعَل يفعَل,I,imperative,active,2fs,1,اِدْرَئِي
170_134,دَرَأَ,درأ,فعَل يفعَل,I,imperative,active,2fp,1,اِدْرَأْنَ
171_134,لَجَأَ,لجأ,فعَل يفعَل,I,past,active,3ms,1,لَجَأَ
171_134,لَجَأَ,لجأ,فعَل يفعَل,I,past,active,3md,1,لَجَآ
171_134,لَجَأَ,لجأ,فعَل يفعَل,I,past,active,3mp,1,لَجَؤُوا
171_134,لَجَأَ,لجأ,فعَل يفعَل,I,past,active,3fs,1,لَجَأَتْ
171_134,لَجَأَ,لجأ,فعَل يفعَل,I,past,active,3fd,1,لَجَأَتا
171_134,لَجَأَ,لجأ,فعَل يفعَل,I,past,active,3fp,1,لَجَأْنَ
171_134,لَجَأَ,لجأ,فعَل يفعَل,I,past,active,2ms,1,لَجَأْتَ
171_134,لَجَأَ,لجأ,فعَل يفعَل,I,past,active,2d,1,لَجَأْتُما
171_134,لَجَأَ,لجأ,فعَل يفعَل,I,past,active,2mp,1,لَجَأْتُمْ
171_134,لَجَأَ,لجأ,فعَل يفعَل,I,past,active,2fs,1,لَجَأْتِ
171_134,لَجَأَ,لجأ,فعَل يفعَل,I,past,active,2fp,1,لَجَأْتُنَّ
171_134,لَجَأَ,لجأ,فعَل يفعَل,I,past,active,1s,1,لَجَأْتُ
171_134,لَجَأَ,لجأ,فعَل يفعَل,I,past,active,1p,1,لَجَأْنا
171_134,لَجَأَ,لجأ,فعَل يفعَل,I,indicative,active,3ms,1,يَلْجَأُ
171_134,لَجَأَ,لجأ,فعَل يفعَل,I,indicative,active,3md,1,يَلْجَآنِ
171_134,لَجَأَ,لجأ,فعَل يفعَل,I,indicative,active,3mp,1,يَلْجَؤُونَ
171_134,لَجَأَ,لجأ,فعَل يفعَل,I,indicative,active,3fs,1,تَلْجَأُ
171_134,لَجَأَ,لجأ,فعَل يفعَل,I,indicative,active,3fd,1,تَلْجَآنِ
171_134,لَجَأَ,لجأ,فعَل يفعَل,I,indicative,active,3fp,1,يَلْجَأْنَ
171_134,لَجَأَ,لجأ,فعَل يفعَل,I,indicative,active,2ms,1,تَلْجَأُ
171_134,لَجَأَ,لجأ,فعَل يفعَل,I,indicative,active,2d,1,تَلْجَآنِ
171_134,لَجَأَ,لجأ,فعَل يفعَل,I,indicative,active,2mp,1,تَلْجَؤُونَ
171_134,لَجَأَ,لجأ,فعَل يفعَل,I,indicative,active,2fs,1,تَلْجَئِينَ
171_134,لَجَأَ,لجأ,فعَل يفعَل,I,indicative,active,2fp,1,تَلْجَأْنَ
171_134,لَجَأَ,لجأ,فعَل يفعَل,I,indicative,active,1s,1,أَلْجَأُ
171_134,لَجَأَ,لجأ,فعَل يفعَل,I,indicative,active,1p,1,نَلْجَأُ
171_134,لَجَأَ,لجأ,فعَل يفعَل,I,imperative,active,2ms,1,اِلْجَأْ
171_134,لَجَأَ,لجأ,فعَل يفعَل,I,imperative,active,2d,1,اِلْجَآ
171_134,لَجَأَ,لجأ,فعَل يفعَل,I,imperative,active,2mp,1,اِلْجَؤُوا
171_134,لَجَأَ,لجأ,فعَل يفعَل,I,imperative,active,2fs,1,اِلْجَئي
171_134,لَجَأَ,لجأ,فعَل يفعَل,I,imperative,active,2fp,1,اِلْجَأْنَ
172_140,حَسُنَ,حسن,فعُل يفعُل,I,past,active,3ms,1,حَسُنَ
172_140,حَسُنَ,حسن,فعُل يفعُل,I,past,active,3md,1,حَسُنا
172_140,حَسُنَ,حسن,فعُل يفعُل,I,past,active,3mp,1,حَسُنُوا
172_140,حَسُنَ,حسن,فعُل يفعُل,I,past,active,3fs,1,حَسُنَتْ
172_140,حَسُنَ,حسن,فعُل يفعُل,I,past,active,3fd,1,حَسُنَتا
172_140,حَسُنَ,حسن,فعُل يفعُل,I,past,active,3fp,1,حَسُنَّ
172_140,حَسُنَ,حسن,فعُل يفعُل,I,past,active,2ms,1,حَسُنْتَ
172_140,حَسُنَ,حسن,فعُل يفعُل,I,past,active,2d,1,حَسُنْتُما
172_140,حَسُنَ,حسن,فعُل يفعُل,I,past,active,2mp,1,حَسُنْتُمْ
172_140,حَسُنَ,حسن,فعُل يفعُل,I,past,active,2fs,1,حَسُنْتِ
172_140,حَسُنَ,حسن,فعُل يفعُل,I,past,active,2fp,1,حَسُنْتُنَّ
172_140,حَسُنَ,حسن,فعُل يفعُل,I,past,active,1s,1,حَسُنْتُ
172_140,حَسُنَ,حسن,فعُل يفعُل,I,past,active,1p,1,حَسُنَّا
172_140,حَسُنَ,حسن,فعُل يفعُل,I,indicative,active,3ms,1,يَحْسُنُ
172_140,حَسُنَ,حسن,فعُل يفعُل,I,indicative,active,3md,1,يَحْسُنانِ
172_140,حَسُنَ,حسن,فعُل يفعُل,I,indicative,active,3mp,1,يَحْسُنُونَ
172_140,حَسُنَ,حسن,فعُل يفعُل,I,indicative,active,3fs,1,تَحْسُنُ
172_140,حَسُنَ,حسن,فعُل يفعُل,I,indicative,active,3fd,1,تَحْسُنانِ
172_140,حَسُنَ,حسن,فعُل يفعُل,I,indicative,active,3fp,1,يَحْسُنَّ
172_140,حَسُنَ,حسن,فعُل يفعُل,I,indicative,active,2ms,1,تَحْسُنُ
172_140,حَسُنَ,حسن,فعُل يفعُل,I,indicative,active,2d,1,تَحْسُنانِ
172_140,حَسُنَ,حسن,فعُل يفعُل,I,indicative,active,2mp,1,تَحْسُنُونَ
172_140,حَسُنَ,حسن,فعُل يفعُل,I,indicative,active,2fs,1,تَحْسُنينَ
172_140,حَسُنَ,حسن,فعُل يفعُل,I,indicative,active,2fp,1,تَحْسُنَّ
172_140,حَسُنَ,حسن,فعُل يفعُل,I,indicative,active,1s,1,أَحْسُنُ
172_140,حَسُنَ,حسن,فعُل يفعُل,I,indicative,active,1p,1,نَحْسُنُ
172_140,حَسُنَ,حسن,فعُل يفعُل,I,imperative,active,2ms,1,اُحْسُنْ
172_140,حَسُنَ,حسن,فعُل يفعُل,I,imperative,active,2d,1,اُحْسُنا
172_140,حَسُنَ,حسن,فعُل يفعُل,I,imperative,active,2mp,1,اُحْسُنُوا
172_140,حَسُنَ,حسن,فعُل يفعُل,I,imperative,active,2fs,1,اُحْسُني
172_140,حَسُنَ,حسن,فعُل يفعُل,I,imperative,active,2fp,1,اُحْسُنَّ
173_140,عَنُفَ,عنف,فعُل يفعُل,I,past,active,3ms,1,عَنُفَ
173_140,عَنُفَ,عنف,فعُل يفعُل,I,past,active,3md,1,عَنُفا
173_140,عَنُفَ,عنف,فعُل يفعُل,I,past,active,3mp,1,عَنُفُوا
173_140,عَنُفَ,عنف,فعُل يفعُل,I,past,active,3fs,1,عَنُفَتْ
173_140,عَنُفَ,عنف,فعُل يفعُل,I,past,active,3fd,1,عَنُفَتا
173_140,عَنُفَ,عنف,فعُل يفعُل,I,past,active,3fp,1,عَنُفْنَ
173_140,عَنُفَ,عنف,فعُل يفعُل,I,past,active,2ms,1,عَنُفْتَ
173_140,عَنُفَ,عنف,فعُل يفعُل,I,past,active,2d,1,عَنُفْتُما
173_140,عَنُفَ,عنف,فعُل يفعُل,I,past,active,2mp,1,عَنُفْتُمْ
173_140,عَنُفَ,عنف,فعُل يفعُل,I,past,active,2fs,1,عَنُفْتِ
173_140,عَنُفَ,عنف,فعُل يفعُل,I,past,active,2fp,1,عَنُفْتُنَّ
173_140,عَنُفَ,عنف,فعُل يفعُل,I,past,active,1s,1,عَنُفْتُ
173_140,عَنُفَ,عنف,فعُل يفعُل,I,past,active,1p,1,عَنُفْنا
173_140,عَنُفَ,عنف,فعُل يفعُل,I,indicative,active,3ms,1,يَعْنُفُ
173_140,عَنُفَ,عنف,فعُل يفعُل,I,indicative,active,3md,1,يَعْنُفانِ
173_140,عَنُفَ,عنف,فعُل يفعُل,I,indicative,active,3mp,1,يَعْنُفُونَ
173_140,عَنُفَ,عنف,فعُل يفعُل,I,indicative,active,3fs,1,تَعْنُفُ
173_140,عَنُفَ,عنف,فعُل يفعُل,I,indicative,active,3fd,1,تَعْنُفانِ
173_140,عَنُفَ,عنف,فعُل يفعُل,I,indicative,active,3fp,1,يَعْنُفْنَ
173_140,عَنُفَ,عنف,فعُل يفعُل,I,indicative,active,2ms,1,تَعْنُفُ
173_140,عَنُفَ,عنف,فعُل يفعُل,I,indicative,active,2d,1,تَعْنُفانِ
173_140,عَنُفَ,عنف,فعُل يفعُل,I,indicative,active,2mp,1,تَعْنُفُونَ
173_140,عَنُفَ,عنف,فعُل يفعُل,I,indicative,active,2fs,1,تَعْنُفينَ
173_140,عَنُفَ,عنف,فعُل يفعُل,I,indicative,active,2fp,1,تَعْنُفْنَ
173_140,عَنُفَ,عنف,فعُل يفعُل,I,indicative,active,1s,1,أَعْنُفُ
173_140,عَنُفَ,عنف,فعُل يفعُل,I,indicative,active,1p,1,نَعْنُفُ
173_140,عَنُفَ,عنف,فعُل يفعُل,I,imperative,active,2ms,1,اُعْنُفْ
173_140,عَنُفَ,عنف,فعُل يفعُل,I,imperative,active,2d,1,اُعْنُفا
173_140,عَنُفَ,عنف,فعُل يفعُل,I,imperative,active,2mp,1,اُعْنُفُوا
173_140,عَنُفَ,عنف,فعُل يفعُل,I,imperative,active,2fs,1,اُعْنُفي
173_140,عَنُفَ,عنف,فعُل يفعُل,I,imperative,active,2fp,1,اُعْنُفْنَ
174_140,صَعُبَ,صعب,فعُل يفعُل,I,past,active,3ms,1,صَعُبَ
174_140,صَعُبَ,صعب,فعُل يفعُل,I,past,active,3md,1,صَعُبا
174_140,صَعُبَ,صعب,فعُل يفعُل,I,past,active,3mp,1,صَعُبُوا
174_140,صَعُبَ,صعب,فعُل يفعُل,I,past,active,3fs,1,صَعُبَتْ
174_140,صَعُبَ,صعب,فعُل يفعُل,I,past,active,3fd,1,صَعُبَتا
174_140,صَعُبَ,صعب,فعُل يفعُل,I,past,active,3fp,1,صَعُبْنَ
174_140,صَعُبَ,صعب,فعُل يفعُل,I,past,active,2ms,1,صَعُبْتَ
174_140,صَعُبَ,صعب,فعُل يفعُل,I,past,active,2d,1,صَعُبْتُما
174_140,صَعُبَ,صعب,فعُل يفعُل,I,past,active,2mp,1,صَعُبْتُمْ
174_140,صَعُبَ,صعب,فعُل يفعُل,I,past,active,2fs,1,صَعُبْتِ
174_140,صَعُبَ,صعب,فعُل يفعُل,I,past,active,2fp,1,صَعُبْتُنَّ
174_140,صَعُبَ,صعب,فعُل يفعُل,I,past,active,1s,1,صَعُبْتُ
174_140,صَعُبَ,صعب,فعُل يفعُل,I,past,active,1p,1,صَعُبْنا
174_140,صَعُبَ,صعب,فعُل يفعُل,I,indicative,active,3ms,1,يَصْعُبُ
174_140,صَعُبَ,صعب,فعُل يفعُل,I,indicative,active,3md,1,يَصْعُبانِ
174_140,صَعُبَ,صعب,فعُل يفعُل,I,indicative,active,3mp,1,يَصْعُبونَ
174_140,صَعُبَ,صعب,فعُل يفعُل,I,indicative,active,3fs,1,تَصْعُبُ
174_140,صَعُبَ,صعب,فعُل يفعُل,I,indicative,active,3fd,1,تَصْعُبانِ
174_140,صَعُبَ,صعب,فعُل يفعُل,I,indicative,active,3fp,1,يَصْعُبْنَ
174_140,صَعُبَ,صعب,فعُل يفعُل,I,indicative,active,2ms,1,تَصْعُبُ
174_140,صَعُبَ,صعب,فعُل يفعُل,I,indicative,active,2d,1,تَصْعُبانِ
174_140,صَعُبَ,صعب,فعُل يفعُل,I,indicative,active,2mp,1,تَصْعُبونَ
174_140,صَعُبَ,صعب,فعُل يفعُل,I,indicative,active,2fs,1,تَصْعُبينَ
174_140,صَعُبَ,صعب,فعُل يفعُل,I,indicative,active,2fp,1,تَصْعُبْنَ
174_140,صَعُبَ,صعب,فعُل يفعُل,I,indicative,active,1s,1,أَصْعُبُ
174_140,صَعُبَ,صعب,فعُل يفعُل,I,indicative,active,1p,1,نَصْعُبُ
174_140,صَعُبَ,صعب,فعُل يفعُل,I,imperative,active,2ms,1,اُصْعُبْ
174_140,صَعُبَ,صعب,فعُل يفعُل,I,imperative,active,2d,1,اُصْعُبا
174_140,صَعُبَ,صعب,فعُل يفعُل,I,imperative,active,2mp,1,اُصْعُبُوا
174_140,صَعُبَ,صعب,فعُل يفعُل,I,imperative,active,2fs,1,اُصْعُبي
174_140,صَعُبَ,صعب,فعُل يفعُل,I,imperative,active,2fp,1,اُصْعُبْنَ
175_140,كَبُرَ,كبر,فعُل يفعُل,I,past,active,3ms,1,كَبُرَ
175_140,كَبُرَ,كبر,فعُل يفعُل,I,past,active,3md,1,كَبُرا
175_140,كَبُرَ,كبر,فعُل يفعُل,I,past,active,3mp,1,كَبُرُوا
175_140,كَبُرَ,كبر,فعُل يفعُل,I,past,active,3fs,1,كَبُرَتْ
175_140,كَبُرَ,كبر,فعُل يفعُل,I,past,active,3fd,1,كَبُرَتَا
175_140,كَبُرَ,كبر,فعُل يفعُل,I,past,active,3fp,1,كَبُرْنَ
175_140,كَبُرَ,كبر,فعُل يفعُل,I,past,active,2ms,1,كَبُرْتَ
175_140,كَبُرَ,كبر,فعُل يفعُل,I,past,active,2d,1,كَبُرْتُما
175_140,كَبُرَ,كبر,فعُل يفعُل,I,past,active,2mp,1,كَبُرْتُمْ
175_140,كَبُرَ,كبر,فعُل يفعُل,I,past,active,2fs,1,كَبُرْتِ
175_140,كَبُرَ,كبر,فعُل يفعُل,I,past,active,2fp,1,كَبُرْتُنَّ
175_140,كَبُرَ,كبر,فعُل يفعُل,I,past,active,1s,1,كَبُرْتُ
175_140,كَبُرَ,كبر,فعُل يفعُل,I,past,active,1p,1,كَبُرْنا
175_140,كَبُرَ,كبر,فعُل يفعُل,I,indicative,active,3ms,1,يَكْبُرُ
175_140,كَبُرَ,كبر,فعُل يفعُل,I,indicative,active,3md,1,يَكْبُرانِ
175_140,كَبُرَ,كبر,فعُل يفعُل,I,indicative,active,3mp,1,يَكْبُرونَ
175_140,كَبُرَ,كبر,فعُل يفعُل,I,indicative,active,3fs,1,تَكْبُرُ
175_140,كَبُرَ,كبر,فعُل يفعُل,I,indicative,active,3fd,1,تَكْبُرانِ
175_140,كَبُرَ,كبر,فعُل يفعُل,I,indicative,active,3fp,1,يَكْبُرْنَ
175_140,كَبُرَ,كبر,فعُل يفعُل,I,indicative,active,2ms,1,تَكْبُرُ
175_140,كَبُرَ,كبر,فعُل يفعُل,I,indicative,active,2d,1,تَكْبُرانِ
175_140,كَبُرَ,كبر,فعُل يفعُل,I,indicative,active,2mp,1,تَكْبُرونَ
175_140,كَبُرَ,كبر,فعُل يفعُل,I,indicative,active,2fs,1,تَكْبُرينَ
175_140,كَبُرَ,كبر,فعُل يفعُل,I,indicative,active,2fp,1,تَكْبُرْنَ
175_140,كَبُرَ,كبر,فعُل يفعُل,I,indicative,active,1s,1,أَكْبُرُ
175_140,كَبُرَ,كبر,فعُل يفعُل,I,indicative,active,1p,1,نَكْبُرُ
175_140,كَبُرَ,كبر,فعُل يفعُل,I,imperative,active,2ms,1,اُكْبُرْ
175_140,كَبُرَ,كبر,فعُل يفعُل,I,imperative,active,2d,1,اُكْبُرا
175_140,كَبُرَ,كبر,فعُل يفعُل,I,imperative,active,2mp,1,اُكْبُرُوا
175_140,كَبُرَ,كبر,فعُل يفعُل,I,imperative,active,2fs,1,اُكْبُري
175_140,كَبُرَ,كبر,فعُل يفعُل,I,imperative,active,2fp,1,اُكْبُرْنَ
176_142,أَدُبَ,أدب,فعُل يفعُل,I,past,active,3ms,1,أَدُبَ
176_142,أَدُبَ,أدب,فعُل يفعُل,I,past,active,3md,1,أَدُبا
176_142,أَدُبَ,أدب,فعُل يفعُل,I,past,active,3mp,1,أَدُبوا
176_142,أَدُبَ,أدب,فعُل يفعُل,I,past,active,3fs,1,أَدُبَتْ
176_142,أَدُبَ,أدب,فعُل يفعُل,I,past,active,3fd,1,أَدُبَتا
176_142,أَدُبَ,أدب,فعُل يفعُل,I,past,active,3fp,1,أَدُبْنَ
176_142,أَدُبَ,أدب,فعُل يفعُل,I,past,active,2ms,1,أَدُبْتَ
176_142,أَدُبَ,أدب,فعُل يفعُل,I,past,active,2d,1,أَدُبْتُما
176_142,أَدُبَ,أدب,فعُل يفعُل,I,past,active,2mp,1,أَدُبْتُمْ
176_142,أَدُبَ,أدب,فعُل يفعُل,I,past,active,2fs,1,أَدُبْتِ
176_142,أَدُبَ,أدب,فعُل يفعُل,I,past,active,2fp,1,أَدُبْتُنَّ
176_142,أَدُبَ,أدب,فعُل يفعُل,I,past,active,1s,1,أَدُبْتُ
176_142,أَدُبَ,أدب,فعُل يفعُل,I,past,active,1p,1,أَدُبْنا
176_142,أَدُبَ,أدب,فعُل يفعُل,I,indicative,active,3ms,1,يَأْدُبُ
176_142,أَدُبَ,أدب,فعُل يفعُل,I,indicative,active,3md,1,يَأْدُبانِ
176_142,أَدُبَ,أدب,فعُل يفعُل,I,indicative,active,3mp,1,يَأْدُبونَ
176_142,أَدُبَ,أدب,فعُل يفعُل,I,indicative,active,3fs,1,تَأْدُبُ
176_142,أَدُبَ,أدب,فعُل يفعُل,I,indicative,active,3fd,1,تَأْدُبانِ
176_142,أَدُبَ,أدب,فعُل يفعُل,I,indicative,active,3fp,1,يَأْدُبْنَ
176_142,أَدُبَ,أدب,فعُل يفعُل,I,indicative,active,2ms,1,تَأْدُبُ
176_142,أَدُبَ,أدب,فعُل يفعُل,I,indicative,active,2d,1,تَأْدُبانِ
176_142,أَدُبَ,أدب,فعُل يفعُل,I,indicative,active,2mp,1,تَأْدُبونَ
176_142,أَدُبَ,أدب,فعُل يفعُل,I,indicative,active,2fs,1,تَأْدُبينَ
176_142,أَدُبَ,أدب,فعُل يفعُل,I,indicative,active,2fp,1,تَأْدُبْنَ
176_142,أَدُبَ,أدب,فعُل يفعُل,I,indicative,active,1s,1,آدُبُ
176_142,أَدُبَ,أدب,فعُل يفعُل,I,indicative,active,1p,1,نَأْدُبُ
176_142,أَدُبَ,أدب,فعُل يفعُل,I,imperative,active,2ms,1,اُؤْدُبْ
176_142,أَدُبَ,أدب,فعُل يفعُل,I,imperative,active,2d,1,اُؤْدُبا
176_142,أَدُبَ,أدب,فعُل يفعُل,I,imperative,active,2mp,1,اُؤْدُبوا
176_142,أَدُبَ,أدب,فعُل يفعُل,I,imperative,active,2fs,1,اُؤْدُبي
176_142,أَدُبَ,أدب,فعُل يفعُل,I,imperative,active,2fp,1,اُؤْدُبْنَ
177_142,أَنُثَ,أنث,فعُل يفعُل,I,past,active,3ms,1,أَنُثَ
177_142,أَنُثَ,أنث,فعُل يفعُل,I,past,active,3md,1,أَنُثا
177_142,أَنُثَ,أنث,فعُل يفعُل,I,past,active,3mp,1,أَنُثوا
177_142,أَنُثَ,أنث,فعُل يفعُل,I,past,active,3fs,1,أَنُثَتْ
177_142,أَنُثَ,أنث,فعُل يفعُل,I,past,active,3fd,1,أَنُثَتا
177_142,أَنُثَ,أنث,فعُل يفعُل,I,past,active,3fp,1,أَنُثْنَ
177_142,أَنُثَ,أنث,فعُل يفعُل,I,past,active,2ms,1,أَنُثْتَ
177_142,أَنُثَ,أنث,فعُل يفعُل,I,past,active,2d,1,أَنُثْتُما
177_142,أَنُثَ,أنث,فعُل يفعُل,I,past,active,2mp,1,أَنُثْتُمْ
177_142,أَنُثَ,أنث,فعُل يفعُل,I,past,active,2fs,1,أَنُثْتِ
177_142,أَنُثَ,أنث,فعُل يفعُل,I,past,active,2fp,1,أَنُثْتُنَّ
177_142,أَنُثَ,أنث,فعُل يفعُل,I,past,active,1s,1,أَنُثْتُ
177_142,أَنُثَ,أنث,فعُل يفعُل,I,past,active,1p,1,أَنُثْنا
177_142,أَنُثَ,أنث,فعُل يفعُل,I,indicative,active,3ms,1,يَأْنُثُ
177_142,أَنُثَ,أنث,فعُل يفعُل,I,indicative,active,3md,1,يَأْنُثانِ
177_142,أَنُثَ,أنث,فعُل يفعُل,I,indicative,active,3mp,1,يَأْنُثونَ
177_142,أَنُثَ,أنث,فعُل يفعُل,I,indicative,active,3fs,1,تَأْنُثُ
177_142,أَنُثَ,أنث,فعُل يفعُل,I,indicative,active,3fd,1,تَأْنُثانِ
177_142,أَنُثَ,أنث,فعُل يفعُل,I,indicative,active,3fp,1,يَأْنُثْنَ
177_142,أَنُثَ,أنث,فعُل يفعُل,I,indicative,active,2ms,1,تَأْنُثُ
177_142,أَنُثَ,أنث,فعُل يفعُل,I,indicative,active,2d,1,تَأْنُثانِ
177_142,أَنُثَ,أنث,فعُل يفعُل,I,indicative,active,2mp,1,تَأْنُثونَ
177_142,أَنُثَ,أنث,فعُل يفعُل,I,indicative,active,2fs,1,تَأْنُثينَ
177_142,أَنُثَ,أنث,فعُل يفعُل,I,indicative,active,2fp,1,تَأْنُثْنَ
177_142,أَنُثَ,أنث,فعُل يفعُل,I,indicative,active,1s,1,آنُثُ
177_142,أَنُثَ,أنث,فعُل يفعُل,I,indicative,active,1p,1,نَأْنُثُ
177_142,أَنُثَ,أنث,فعُل يفعُل,I,imperative,active,2ms,1,اُؤْنُثْ
177_142,أَنُثَ,أنث,فعُل يفعُل,I,imperative,active,2d,1,اُؤْنُثا
177_142,أَنُثَ,أنث,فعُل يفعُل,I,imperative,active,2mp,1,اُؤْنُثوا
177_142,أَنُثَ,أنث,فعُل يفعُل,I,imperative,active,2fs,1,اُؤْنُثي
177_142,أَنُثَ,أنث,فعُل يفعُل,I,imperative,active,2fp,1,اُؤْنُثْنَ
178_144,بَطُؤَ,بطؤ,فعُل يفعُل,I,past,active,3ms,1,بَطُؤَ
178_144,بَطُؤَ,بطؤ,فعُل يفعُل,I,past,active,3md,1,بَطُؤَا
178_144,بَطُؤَ,بطؤ,فعُل يفعُل,I,past,active,3mp,1,بَطُؤُوا
178_144,بَطُؤَ,بطؤ,فعُل يفعُل,I,past,active,3fs,1,بَطُؤَتْ
178_144,بَطُؤَ,بطؤ,فعُل يفعُل,I,past,active,3fd,1,بَطُؤَتا
178_144,بَطُؤَ,بطؤ,فعُل يفعُل,I,past,active,3fp,1,بَطُؤْنَ
178_144,بَطُؤَ,بطؤ,فعُل يفعُل,I,past,active,2ms,1,بَطُؤْتَ
178_144,بَطُؤَ,بطؤ,فعُل يفعُل,I,past,active,2d,1,بَطُؤْتُما
178_144,بَطُؤَ,بطؤ,فعُل يفعُل,I,past,active,2mp,1,بَطُؤْتُمْ
178_144,بَطُؤَ,بطؤ,فعُل يفعُل,I,past,active,2fs,1,بَطُؤْتِ
178_144,بَطُؤَ,بطؤ,فعُل يفعُل,I,past,active,2fp,1,بَطُؤْتُنَّ
178_144,بَطُؤَ,بطؤ,فعُل يفعُل,I,past,active,1s,1,بَطُؤْتُ
178_144,بَطُؤَ,بطؤ,فعُل يفعُل,I,past,active,1p,1,بَطُؤْنا
178_144,بَطُؤَ,بطؤ,فعُل يفعُل,I,indicative,active,3ms,1,يَبْطُؤُ
178_144,بَطُؤَ,بطؤ,فعُل يفعُل,I,indicative,active,3md,1,يَبْطُؤَانِ
178_144,بَطُؤَ,بطؤ,فعُل يفعُل,I,indicative,active,3mp,1,يَبْطُؤُونَ
178_144,بَطُؤَ,بطؤ,فعُل يفعُل,I,indicative,active,3fs,1,تَبْطُؤُ
178_144,بَطُؤَ,بطؤ,فعُل يفعُل,I,indicative,active,3fd,1,تَبْطُؤَانِ
178_144,بَطُؤَ,بطؤ,فعُل يفعُل,I,indicative,active,3fp,1,يَبْطُؤْنَ
178_144,بَطُؤَ,بطؤ,فعُل يفعُل,I,indicative,active,2ms,1,تَبْطُؤُ
178_144,بَطُؤَ,بطؤ,فعُل يفعُل,I,indicative,active,2d,1,تَبْطُؤَانِ
178_144,بَطُؤَ,بطؤ,فعُل يفعُل,I,indicative,active,2mp,1,تَبْطُؤُونَ
178_144,بَطُؤَ,بطؤ,فعُل يفعُل,I,indicative,active,2fs,1,تَبْطُئِينَ
178_144,بَطُؤَ,بطؤ,فعُل يفعُل,I,indicative,active,2fp,1,تَبْطُؤْنَ
178_144,بَطُؤَ,بطؤ,فعُل يفعُل,I,indicative,active,1s,1,أَبْطُؤُ
178_144,بَطُؤَ,بطؤ,فعُل يفعُل,I,indicative,active,1p,1,نَبْطُؤُ
178_144,بَطُؤَ,بطؤ,فعُل يفعُل,I,imperative,active,2ms,1,اُبْطُؤْ
178_144,بَطُؤَ,بطؤ,فعُل يفعُل,I,imperative,active,2d,1,اُبْطُؤَا
178_144,بَطُؤَ,بطؤ,فعُل يفعُل,I,imperative,active,2mp,1,اُبْطُؤُوا
178_144,بَطُؤَ,بطؤ,فعُل يفعُل,I,imperative,active,2fs,1,اُبْطُئِي
178_144,بَطُؤَ,بطؤ,فعُل يفعُل,I,imperative,active,2fp,1,اُبْطُؤْنَ
179_144,نَشُؤَ,نشؤ,فعُل يفعُل,I,past,active,3ms,1,نَشُؤَ
179_144,نَشُؤَ,نشؤ,فعُل يفعُل,I,past,active,3md,1,نَشُؤَا
179_144,نَشُؤَ,نشؤ,فعُل يفعُل,I,past,active,3mp,1,نَشُؤُوا
179_144,نَشُؤَ,نشؤ,فعُل يفعُل,I,past,active,3fs,1,نَشُؤَتْ
179_144,نَشُؤَ,نشؤ,فعُل يفعُل,I,past,active,3fd,1,نَشُؤَتا
179_144,نَشُؤَ,نشؤ,فعُل يفعُل,I,past,active,3fp,1,نَشُؤْنَ
179_144,نَشُؤَ,نشؤ,فعُل يفعُل,I,past,active,2ms,1,نَشُؤْتَ
179_144,نَشُؤَ,نشؤ,فعُل يفعُل,I,past,active,2d,1,نَشُؤْتُما
179_144,نَشُؤَ,نشؤ,فعُل يفعُل,I,past,active,2mp,1,نَشُؤْتُمْ
179_144,نَشُؤَ,نشؤ,فعُل يفعُل,I,past,active,2fs,1,نَشُؤْتِ
179_144,نَشُؤَ,نشؤ,فعُل يفعُل,I,past,active,2fp,1,نَشُؤْتُنَّ
179_144,نَشُؤَ,نشؤ,فعُل يفعُل,I,past,active,1s,1,نَشُؤْتُ
179_144,نَشُؤَ,نشؤ,فعُل يفعُل,I,past,active,1p,1,نَشُؤْنا
179_144,نَشُؤَ,نشؤ,فعُل يفعُل,I,indicative,active,3ms,1,يَنْشُؤُ
179_144,نَشُؤَ,نشؤ,فعُل يفعُل,I,indicative,active,3md,1,يَنْشُؤَانِ
179_144,نَشُؤَ,نشؤ,فعُل يفعُل,I,indicative,active,3mp,1,يَنْشُؤُونَ
179_144,نَشُؤَ,نشؤ,فعُل يفعُل,I,indicative,active,3fs,1,تَنْشُؤُ
179_144,نَشُؤَ,نشؤ,فعُل يفعُل,I,indicative,active,3fd,1,تَنْشُؤَانِ
179_144,نَشُؤَ,نشؤ,فعُل يفعُل,I,indicative,active,3fp,1,يَنْشُؤْنَ
179_144,نَشُؤَ,نشؤ,فعُل يفعُل,I,indicative,active,2ms,1,تَنْشُؤُ
179_144,نَشُؤَ,نشؤ,فعُل يفعُل,I,indicative,active,2d,1,تَنْشُؤَانِ
179_144,نَشُؤَ,نشؤ,فعُل يفعُل,I,indicative,active,2mp,1,تَنْشُؤُونَ
179_144,نَشُؤَ,نشؤ,فعُل يفعُل,I,indicative,active,2fs,1,تَنْشُئِينَ
179_144,نَشُؤَ,نشؤ,فعُل يفعُل,I,indicative,active,2fp,1,تَنْشُؤْنَ
179_144,نَشُؤَ,نشؤ,فعُل يفعُل,I,indicative,active,1s,1,أَنْشُؤُ
179_144,نَشُؤَ,نشؤ,فعُل يفعُل,I,indicative,active,1p,1,نَنْشُؤُ
179_144,نَشُؤَ,نشؤ,فعُل يفعُل,I,imperative,active,2ms,1,اُنْشُؤْ
179_144,نَشُؤَ,نشؤ,فعُل يفعُل,I,imperative,active,2d,1,اُنْشُؤَا
179_144,نَشُؤَ,نشؤ,فعُل يفعُل,I,imperative,active,2mp,1,اُنْشُؤُوا
179_144,نَشُؤَ,نشؤ,فعُل يفعُل,I,imperative,active,2fs,1,اُنْشُئِي
179_144,نَشُؤَ,نشؤ,فعُل يفعُل,I,imperative,active,2fp,1,اُنْشُؤْنَ
180_145,وَخُشَ,وخش,فعُل يفعُل,I,past,active,3ms,1,وَخُشَ
180_145,وَخُشَ,وخش,فعُل يفعُل,I,past,active,3md,1,وَخُشا
180_145,وَخُشَ,وخش,فعُل يفعُل,I,past,active,3mp,1,وَخُشُوا
180_145,وَخُشَ,وخش,فعُل يفعُل,I,past,active,3fs,1,وَخُشَتْ
180_145,وَخُشَ,وخش,فعُل يفعُل,I,past,active,3fd,1,وَخُشَتا
180_145,وَخُشَ,وخش,فعُل يفعُل,I,past,active,3fp,1,وَخُشْنَ
180_145,وَخُشَ,وخش,فعُل يفعُل,I,past,active,2ms,1,وَخُشْتَ
180_145,وَخُشَ,وخش,فعُل يفعُل,I,past,active,2d,1,وَخُشْتُما
180_145,وَخُشَ,وخش,فعُل يفعُل,I,past,active,2mp,1,وَخُشْتُمْ
180_145,وَخُشَ,وخش,فعُل يفعُل,I,past,active,2fs,1,وَخُشْتِ
180_145,وَخُشَ,وخش,فعُل يفعُل,I,past,active,2fp,1,وَخُشْتُنَّ
180_145,وَخُشَ,وخش,فعُل يفعُل,I,past,active,1s,1,وَخُشْتُ
180_145,وَخُشَ,وخش,فعُل يفعُل,I,past,active,1p,1,وَخُشْنا
180_145,وَخُشَ,وخش,فعُل يفعُل,I,indicative,active,3ms,1,يَوْخُشُ
180_145,وَخُشَ,وخش,فعُل يفعُل,I,indicative,active,3md,1,يَوْخُشانِ
180_145,وَخُشَ,وخش,فعُل يفعُل,I,indicative,active,3mp,1,يَوْخُشونَ
180_145,وَخُشَ,وخش,فعُل يفعُل,I,indicative,active,3fs,1,تَوْخُشُ
180_145,وَخُشَ,وخش,فعُل يفعُل,I,indicative,active,3fd,1,تَوْخُشانِ
180_145,وَخُشَ,وخش,فعُل يفعُل,I,indicative,active,3fp,1,يَوْخُشْنَ
180_145,وَخُشَ,وخش,فعُل يفعُل,I,indicative,active,2ms,1,تَوْخُشُ
180_145,وَخُشَ,وخش,فعُل يفعُل,I,indicative,active,2d,1,تَوْخُشانِ
180_145,وَخُشَ,وخش,فعُل يفعُل,I,indicative,active,2mp,1,تَوْخُشونَ
180_145,وَخُشَ,وخش,فعُل يفعُل,I,indicative,active,2fs,1,تَوْخُشينَ
180_145,وَخُشَ,وخش,فعُل يفعُل,I,indicative,active,2fp,1,تَوْخُشْنَ
180_145,وَخُشَ,وخش,فعُل يفعُل,I,indicative,active,1s,1,أَوْخُشُ
180_145,وَخُشَ,وخش,فعُل يفعُل,I,indicative,active,1p,1,نَوْخُشُ
180_145,وَخُشَ,وخش,فعُل يفعُل,I,imperative,active,2ms,1,اُوْخُشْ
180_145,وَخُشَ,وخش,فعُل يفعُل,I,imperative,active,2d,1,اُوْخُشا
180_145,وَخُشَ,وخش,فعُل يفعُل,I,imperative,active,2mp,1,اُوْخُشُوا
180_145,وَخُشَ,وخش,فعُل يفعُل,I,imperative,active,2fs,1,اُوْخُشي
180_145,وَخُشَ,وخش,فعُل يفعُل,I,imperative,active,2fp,1,اُوْخُشْنَ
181_145,وَسُمَ,وسم,فعُل يفعُل,I,past,active,3ms,1,وَسُمَ
181_145,وَسُمَ,وسم,فعُل يفعُل,I,past,active,3md,1,وَسُما
181_145,وَسُمَ,وسم,فعُل يفعُل,I,past,active,3mp,1,وَسُمُوا
181_145,وَسُمَ,وسم,فعُل يفعُل,I,past,active,3fs,1,وَسُمَتْ
181_145,وَسُمَ,وسم,فعُل يفعُل,I,past,active,3fd,1,وَسُمَتا
181_145,وَسُمَ,وسم,فعُل يفعُل,I,past,active,3fp,1,وَسُمْنَ
181_145,وَسُمَ,وسم,فعُل يفعُل,I,past,active,2ms,1,وَسُمْتَ
181_145,وَسُمَ,وسم,فعُل يفعُل,I,past,active,2d,1,وَسُمْتُما
181_145,وَسُمَ,وسم,فعُل يفعُل,I,past,active,2mp,1,وَسُمْتُمْ
181_145,وَسُمَ,وسم,فعُل يفعُل,I,past,active,2fs,1,وَسُمْتِ
181_145,وَسُمَ,وسم,فعُل يفعُل,I,past,active,2fp,1,وَسُمْتُنَّ
181_145,وَسُمَ,وسم,فعُل يفعُل,I,past,active,1s,1,وَسُمْتُ
181_145,وَسُمَ,وسم,فعُل يفعُل,I,past,active,1p,1,وَسُمْنا
181_145,وَسُمَ,وسم,فعُل يفعُل,I,indicative,active,3ms,1,يَوْسُمُ
181_145,وَسُمَ,وسم,فعُل يفعُل,I,indicative,active,3md,1,يَوْسُمانِ
181_145,وَسُمَ,وسم,فعُل يفعُل,I,indicative,active,3mp,1,يَوْسُمونَ
181_145,وَسُمَ,وسم,فعُل يفعُل,I,indicative,active,3fs,1,تَوْسُمُ
181_145,وَسُمَ,وسم,فعُل يفعُل,I,indicative,active,3fd,1,تَوْسُمانِ
181_145,وَسُمَ,وسم,فعُل يفعُل,I,indicative,active,3fp,1,يَوْسُمْنَ
181_145,وَسُمَ,وسم,فعُل يفعُل,I,indicative,active,2ms,1,تَوْسُمُ
181_145,وَسُمَ,وسم,فعُل يفعُل,I,indicative,active,2d,1,تَوْسُمانِ
181_145,وَسُمَ,وسم,فعُل يفعُل,I,indicative,active,2mp,1,تَوْسُمونَ
181_145,وَسُمَ,وسم,فعُل يفعُل,I,indicative,active,2fs,1,تَوْسُمينَ
181_145,وَسُمَ,وسم,فعُل يفعُل,I,indicative,active,2fp,1,تَوْسُمْنَ
181_145,وَسُمَ,وسم,فعُل يفعُل,I,indicative,active,1s,1,أَوْسُمُ
181_145,وَسُمَ,وسم,فعُل يفعُل,I,indicative,active,1p,1,نَوْسُمُ
181_145,وَسُمَ,وسم,فعُل يفعُل,I,imperative,active,2ms,1,اُوْسُمْ
181_145,وَسُمَ,وسم,فعُل يفعُل,I,imperative,active,2d,1,اُوْسُما
181_145,وَسُمَ,وسم,فعُل يفعُل,I,imperative,active,2mp,1,اُوْسُمُوا
181_145,وَسُمَ,وسم,فعُل يفعُل,I,imperative,active,2fs,1,اُوْسُمي
181_145,وَسُمَ,وسم,فعُل يفعُل,I,imperative,active,2fp,1,اُوْسُمْنَ
182_150,فَرِحَ,فرح,فعِل يفعَل,I,past,active,3ms,1,فَرِحَ
182_150,فَرِحَ,فرح,فعِل يفعَل,I,past,active,3md,1,فَرِحا
182_150,فَرِحَ,فرح,فعِل يفعَل,I,past,active,3mp,1,فَرِحُوا
182_150,فَرِحَ,فرح,فعِل يفعَل,I,past,active,3fs,1,فَرِحَتْ
182_150,فَرِحَ,فرح,فعِل يفعَل,I,past,active,3fd,1,فَرِحَتا
182_150,فَرِحَ,فرح,فعِل يفعَل,I,past,active,3fp,1,فَرِحْنَ
182_150,فَرِحَ,فرح,فعِل يفعَل,I,past,active,2ms,1,فَرِحْتَ
182_150,فَرِحَ,فرح,فعِل يفعَل,I,past,active,2d,1,فَرِحْتُما
182_150,فَرِحَ,فرح,فعِل يفعَل,I,past,active,2mp,1,فَرِحْتُمْ
182_150,فَرِحَ,فرح,فعِل يفعَل,I,past,active,2fs,1,فَرِحْتِ
182_150,فَرِحَ,فرح,فعِل يفعَل,I,past,active,2fp,1,فَرِحْتُنَّ
182_150,فَرِحَ,فرح,فعِل يفعَل,I,past,active,1s,1,فَرِحْتُ
182_150,فَرِحَ,فرح,فعِل يفعَل,I,past,active,1p,1,فَرِحْنا
182_150,فَرِحَ,فرح,فعِل يفعَل,I,indicative,active,3ms,1,يَفْرَحُ
182_150,فَرِحَ,فرح,فعِل يفعَل,I,indicative,active,3md,1,يَفْرَحانِ
182_150,فَرِحَ,فرح,فعِل يفعَل,I,indicative,active,3mp,1,يَفْرَحونَ
182_150,فَرِحَ,فرح,فعِل يفعَل,I,indicative,active,3fs,1,تَفْرَحُ
182_150,فَرِحَ,فرح,فعِل يفعَل,I,indicative,active,3fd,1,تَفْرَحانِ
182_150,فَرِحَ,فرح,فعِل يفعَل,I,indicative,active,3fp,1,يَفْرَحْنَ
182_150,فَرِحَ,فرح,فعِل يفعَل,I,indicative,active,2ms,1,تَفْرَحُ
182_150,فَرِحَ,فرح,فعِل يفعَل,I,indicative,active,2d,1,تَفْرَحانِ
182_150,فَرِحَ,فرح,فعِل يفعَل,I,indicative,active,2mp,1,تَفْرَحونَ
182_150,فَرِحَ,فرح,فعِل يفعَل,I,indicative,active,2fs,1,تَفْرَحينَ
182_150,فَرِحَ,فرح,فعِل يفعَل,I,indicative,active,2fp,1,تَفْرَحْنَ
182_150,فَرِحَ,فرح,فعِل يفعَل,I,indicative,active,1s,1,أَفْرَحُ
182_150,فَرِحَ,فرح,فعِل يفعَل,I,indicative,active,1p,1,نَفْرَحُ
182_150,فَرِحَ,فرح,فعِل يفعَل,I,imperative,active,2ms,1,اِفْرَحْ
182_150,فَرِحَ,فرح,فعِل يفعَل,I,imperative,active,2d,1,اِفْرَحا
182_150,فَرِحَ,فرح,فعِل يفعَل,I,imperative,active,2mp,1,اِفْرَحُوا
182_150,فَرِحَ,فرح,فعِل يفعَل,I,imperative,active,2fs,1,اِفْرَحي
182_150,فَرِحَ,فرح,فعِل يفعَل,I,imperative,active,2fp,1,اِفْرَحْنَ
183_150,شَبِعَ,شبع,فعِل يفعَل,I,past,active,3ms,1,شَبِعَ
183_150,شَبِعَ,شبع,فعِل يفعَل,I,past,active,3md,1,شَبِعا
183_150,شَبِعَ,شبع,فعِل يفعَل,I,past,active,3mp,1,شَبِعُوا
183_150,شَبِعَ,شبع,فعِل يفعَل,I,past,active,3fs,1,شَبِعَتْ
183_150,شَبِعَ,شبع,فعِل يفعَل,I,past,active,3fd,1,شَبِعَتا
183_150,شَبِعَ,شبع,فعِل يفعَل,I,past,active,3fp,1,شَبِعْنَ
183_150,شَبِعَ,شبع,فعِل يفعَل,I,past,active,2ms,1,شَبِعْتَ
183_150,شَبِعَ,شبع,فعِل يفعَل,I,past,active,2d,1,شَبِعْتُما
183_150,شَبِعَ,شبع,فعِل يفعَل,I,past,active,2mp,1,شَبِعْتُمْ
183_150,شَبِعَ,شبع,فعِل يفعَل,I,past,active,2fs,1,شَبِعْتِ
183_150,شَبِعَ,شبع,فعِل يفعَل,I,past,active,2fp,1,شَبِعْتُنَّ
183_150,شَبِعَ,شبع,فعِل يفعَل,I,past,active,1s,1,شَبِعْتُ
183_150,شَبِعَ,شبع,فعِل يفعَل,I,past,active,1p,1,شَبِعْنا
183_150,شَبِعَ,شبع,فعِل يفعَل,I,indicative,active,3ms,1,يَشْبَعُ
183_150,شَبِعَ,شبع,فعِل يفعَل,I,indicative,active,3md,1,يَشْبَعانِ
183_150,شَبِعَ,شبع,فعِل يفعَل,I,indicative,active,3mp,1,يَشْبَعونَ
183_150,شَبِعَ,شبع,فعِل يفعَل,I,indicative,active,3fs,1,تَشْبَعُ
183_150,شَبِعَ,شبع,فعِل يفعَل,I,indicative,active,3fd,1,تَشْبَعانِ
183_150,شَبِعَ,شبع,فعِل يفعَل,I,indicative,active,3fp,1,يَشْبَعْنَ
183_150,شَبِعَ,شبع,فعِل يفعَل,I,indicative,active,2ms,1,تَشْبَعُ
183_150,شَبِعَ,شبع,فعِل يفعَل,I,indicative,active,2d,1,تَشْبَعانِ
183_150,شَبِعَ,شبع,فعِل يفعَل,I,indicative,active,2mp,1,تَشْبَعونَ
183_150,شَبِعَ,شبع,فعِل يفعَل,I,indicative,active,2fs,1,تَشْبَعينَ
183_150,شَبِعَ,شبع,فعِل يفعَل,I,indicative,active,2fp,1,تَشْبَعْنَ
183_150,شَبِعَ,شبع,فعِل يفعَل,I,indicative,active,1s,1,أَشْبَعُ
183_150,شَبِعَ,شبع,فعِل يفعَل,I,indicative,active,1p,1,نَشْبَعُ
183_150,شَبِعَ,شبع,فعِل يفعَل,I,imperative,active,2ms,1,اِشْبَعْ
183_150,شَبِعَ,شبع,فعِل يفعَل,I,imperative,active,2d,1,اِشْبَعا
183_150,شَبِعَ,شبع,فعِل يفعَل,I,imperative,active,2mp,1,اِشْبَعُوا
183_150,شَبِعَ,شبع,فعِل يفعَل,I,imperative,active,2fs,1,اِشْبَعي
183_150,شَبِعَ,شبع,فعِل يفعَل,I,imperative,active,2fp,1,اِشْبَعْنَ
184_150,حَزِنَ,حزن,فعِل يفعَل,I,past,active,3ms,1,حَزِنَ
184_150,حَزِنَ,حزن,فعِل يفعَل,I,past,active,3md,1,حَزِنا
184_150,حَزِنَ,حزن,فعِل يفعَل,I,past,active,3mp,1,حَزِنُوا
184_150,حَزِنَ,حزن,فعِل يفعَل,I,past,active,3fs,1,حَزِنَتْ
184_150,حَزِنَ,حزن,فعِل يفعَل,I,past,active,3fd,1,حَزِنَتا
184_150,حَزِنَ,حزن,فعِل يفعَل,I,past,active,3fp,1,حَزِنَّ
184_150,حَزِنَ,حزن,فعِل يفعَل,I,past,active,2ms,1,حَزِنْتَ
184_150,حَزِنَ,حزن,فعِل يفعَل,I,past,active,2d,1,حَزِنْتُما
184_150,حَزِنَ,حزن,فعِل يفعَل,I,past,active,2mp,1,حَزِنْتُمْ
184_150,حَزِنَ,حزن,فعِل يفعَل,I,past,active,2fs,1,حَزِنْتِ
184_150,حَزِنَ,حزن,فعِل يفعَل,I,past,active,2fp,1,حَزِنْتُنَّ
184_150,حَزِنَ,حزن,فعِل يفعَل,I,past,active,1s,1,حَزِنْتُ
184_150,حَزِنَ,حزن,فعِل يفعَل,I,past,active,1p,1,حَزِنَّا
184_150,حَزِنَ,حزن,فعِل يفعَل,I,indicative,active,3ms,1,يَحْزَنُ
184_150,حَزِنَ,حزن,فعِل يفعَل,I,indicative,active,3md,1,يَحْزَنانِ
184_150,حَزِنَ,حزن,فعِل يفعَل,I,indicative,active,3mp,1,يَحْزَنونَ
184_150,حَزِنَ,حزن,فعِل يفعَل,I,indicative,active,3fs,1,تَحْزَنُ
184_150,حَزِنَ,حزن,فعِل يفعَل,I,indicative,active,3fd,1,تَحْزَنانِ
184_150,حَزِنَ,حزن,فعِل يفعَل,I,indicative,active,3fp,1,يَحْزَنَّ
184_150,حَزِنَ,حزن,فعِل يفعَل,I,indicative,active,2ms,1,تَحْزَنُ
184_150,حَزِنَ,حزن,فعِل يفعَل,I,indicative,active,2d,1,تَحْزَنانِ
184_150,حَزِنَ,حزن,فعِل يفعَل,I,indicative,active,2mp,1,تَحْزَنونَ
184_150,حَزِنَ,حزن,فعِل يفعَل,I,indicative,active,2fs,1,تَحْزَنينَ
184_150,حَزِنَ,حزن,فعِل يفعَل,I,indicative,active,2fp,1,تَحْزَنَّ
184_150,حَزِنَ,حزن,فعِل يفعَل,I,indicative,active,1s,1,أَحْزَنُ
184_150,حَزِنَ,حزن,فعِل يفعَل,I,indicative,active,1p,1,نَحْزَنُ
184_150,حَزِنَ,حزن,فعِل يفعَل,I,imperative,active,2ms,1,اِحْزَنْ
184_150,حَزِنَ,حزن,فعِل يفعَل,I,imperative,active,2d,1,اِحْزَنا
184_150,حَزِنَ,حزن,فعِل يفعَل,I,imperative,active,2mp,1,اِحْزَنُوا
184_150,حَزِنَ,حزن,فعِل يفعَل,I,imperative,active,2fs,1,اِحْزَني
184_150,حَزِنَ,حزن,فعِل يفعَل,I,imperative,active,2fp,1,اِحْزَنَّ
185_150,رَكِبَ,ركب,فعِل يفعَل,I,past,active,3ms,1,رَكِبَ
185_150,رَكِبَ,ركب,فعِل يفعَل,I,past,active,3md,1,رَكِبا
185_150,رَكِبَ,ركب,فعِل يفعَل,I,past,active,3mp,1,رَكِبُوا
185_150,رَكِبَ,ركب,فعِل يفعَل,I,past,active,3fs,1,رَكِبَتْ
185_150,رَكِبَ,ركب,فعِل يفعَل,I,past,active,3fd,1,رَكِبَتَا
185_150,رَكِبَ,ركب,فعِل يفعَل,I,past,active,3fp,1,رَكِبْنَ
185_150,رَكِبَ,ركب,فعِل يفعَل,I,past,active,2ms,1,رَكِبْتَ
185_150,رَكِبَ,ركب,فعِل يفعَل,I,past,active,2d,1,رَكِبْتُما
185_150,رَكِبَ,ركب,فعِل يفعَل,I,past,active,2mp,1,رَكِبْتُمْ
185_150,رَكِبَ,ركب,فعِل يفعَل,I,past,active,2fs,1,رَكِبْتِ
185_150,رَكِبَ,ركب,فعِل يفعَل,I,past,active,2fp,1,رَكِبْتُنَّ
185_150,رَكِبَ,ركب,فعِل يفعَل,I,past,active,1s,1,رَكِبْتُ
185_150,رَكِبَ,ركب,فعِل يفعَل,I,past,active,1p,1,رَكِبْنا
185_150,رَكِبَ,ركب,فعِل يفعَل,I,indicative,active,3ms,1,يَرْكَبُ
185_150,رَكِبَ,ركب,فعِل يفعَل,I,indicative,active,3md,1,يَرْكَبانِ
185_150,رَكِبَ,ركب,فعِل يفعَل,I,indicative,active,3mp,1,يَرْكَبونَ
185_150,رَكِبَ,ركب,فعِل يفعَل,I,indicative,active,3fs,1,تَرْكَبُ
185_150,رَكِبَ,ركب,فعِل يفعَل,I,indicative,active,3fd,1,تَرْكَبانِ
185_150,رَكِبَ,ركب,فعِل يفعَل,I,indicative,active,3fp,1,يَرْكَبْنَ
185_150,رَكِبَ,ركب,فعِل يفعَل,I,indicative,active,2ms,1,تَرْكَبُ
185_150,رَكِبَ,ركب,فعِل يفعَل,I,indicative,active,2d,1,تَرْكَبانِ
185_150,رَكِبَ,ركب,فعِل يفعَل,I,indicative,active,2mp,1,تَرْكَبونَ
185_150,رَكِبَ,ركب,فعِل يفعَل,I,indicative,active,2fs,1,تَرْكَبينَ
185_150,رَكِبَ,ركب,فعِل يفعَل,I,indicative,active,2fp,1,تَرْكَبْنَ
185_150,رَكِبَ,ركب,فعِل يفعَل,I,indicative,active,1s,1,أَرْكَبُ
185_150,رَكِبَ,ركب,فعِل يفعَل,I,indicative,active,1p,1,نَرْكَبُ
185_150,رَكِبَ,ركب,فعِل يفعَل,I,imperative,active,2ms,1,اِرْكَبْ
185_150,رَكِبَ,ركب,فعِل يفعَل,I,imperative,active,2d,1,اِرْكَبا
185_150,رَكِبَ,ركب,فعِل يفعَل,I,imperative,active,2mp,1,اِرْكَبُوا
185_150,رَكِبَ,ركب,فعِل يفعَل,I,imperative,active,2fs,1,اِرْكَبي
185_150,رَكِبَ,ركب,فعِل يفعَل,I,imperative,active,2fp,1,اِرْكَبْنَ
186_150,شَرِبَ,شرب,فعِل يفعَل,I,past,active,3ms,1,شَرِبَ
186_150,شَرِبَ,شرب,فعِل يفعَل,I,past,active,3md,1,شَرِبا
186_150,شَرِبَ,شرب,فعِل يفعَل,I,past,active,3mp,1,شَرِبُوا
186_150,شَرِبَ,شرب,فعِل يفعَل,I,past,active,3fs,1,شَرِبَتْ
186_150,شَرِبَ,شرب,فعِل يفعَل,I,past,active,3fd,1,شَرِبَتا
186_150,شَرِبَ,شرب,فعِل يفعَل,I,past,active,3fp,1,شَرِبْنَ
186_150,شَرِبَ,شرب,فعِل يفعَل,I,past,active,2ms,1,شَرِبْتَ
186_150,شَرِبَ,شرب,فعِل يفعَل,I,past,active,2d,1,شَرِبْتُما
186_150,شَرِبَ,شرب,فعِل يفعَل,I,past,active,2mp,1,شَرِبْتُمْ
186_150,شَرِبَ,شرب,فعِل يفعَل,I,past,active,2fs,1,شَرِبْتِ
186_150,شَرِبَ,شرب,فعِل يفعَل,I,past,active,2fp,1,شَرِبْتُنَّ
186_150,شَرِبَ,شرب,فعِل يفعَل,I,past,active,1s,1,شَرِبْتُ
186_150,شَرِبَ,شرب,فعِل يفعَل,I,past,active,1p,1,شَرِبْنا
186_150,شَرِبَ,شرب,فعِل يفعَل,I,indicative,active,3ms,1,يَشْرَبُ
186_150,شَرِبَ,شرب,فعِل يفعَل,I,indicative,active,3md,1,يَشْرَبانِ
186_150,شَرِبَ,شرب,فعِل يفعَل,I,indicative,active,3mp,1,يَشْرَبونَ
186_150,شَرِبَ,شرب,فعِل يفعَل,I,indicative,active,3fs,1,تَشْرَبُ
186_150,شَرِبَ,شرب,فعِل يفعَل,I,indicative,active,3fd,1,تَشْرَبانِ
186_150,شَرِبَ,شرب,فعِل يفعَل,I,indicative,active,3fp,1,يَشْرَبْنَ
186_150,شَرِبَ,شرب,فعِل يفعَل,I,indicative,active,2ms,1,تَشْرَبُ
186_150,شَرِبَ,شرب,فعِل يفعَل,I,indicative,active,2d,1,تَشْرَبانِ
186_150,شَرِبَ,شرب,فعِل يفعَل,I,indicative,active,2mp,1,تَشْرَبونَ
186_150,شَرِبَ,شرب,فعِل يفعَل,I,indicative,active,2fs,1,تَشْرَبينَ
186_150,شَرِبَ,شرب,فعِل يفعَل,I,indicative,active,2fp,1,تَشْرَبْنَ
186_150,شَرِبَ,شرب,فعِل يفعَل,I,indicative,active,1s,1,أَشْرَبُ
186_150,شَرِبَ,شرب,فعِل يفعَل,I,indicative,active,1p,1,نَشْرَبُ
186_150,شَرِبَ,شرب,فعِل يفعَل,I,imperative,active,2ms,1,اِشْرَبْ
186_150,شَرِبَ,شرب,فعِل يفعَل,I,imperative,active,2d,1,اِشْرَبا
186_150,شَرِبَ,شرب,فعِل يفعَل,I,imperative,active,2mp,1,اِشْرَبُوا
186_150,شَرِبَ,شرب,فعِل يفعَل,I,imperative,active,2fs,1,اِشْرَبي
186_150,شَرِبَ,شرب,فعِل يفعَل,I,imperative,active,2fp,1,اِشْرَبْنَ
187_150,ضَحِكَ,ضحك,فعِل يفعَل,I,past,active,3ms,1,ضَحِكَ
187_150,ضَحِكَ,ضحك,فعِل يفعَل,I,past,active,3md,1,ضَحِكا
187_150,ضَحِكَ,ضحك,فعِل يفعَل,I,past,active,3mp,1,ضَحِكُوا
187_150,ضَحِكَ,ضحك,فعِل يفعَل,I,past,active,3fs,1,ضَحِكَتْ
187_150,ضَحِكَ,ضحك,فعِل يفعَل,I,past,active,3fd,1,ضَحِكَتا
187_150,ضَحِكَ,ضحك,فعِل يفعَل,I,past,active,3fp,1,ضَحِكْنَ
187_150,ضَحِكَ,ضحك,فعِل يفعَل,I,past,active,2ms,1,ضَحِكْتَ
187_150,ضَحِكَ,ضحك,فعِل يفعَل,I,past,active,2d,1,ضَحِكْتُما
187_150,ضَحِكَ,ضحك,فعِل يفعَل,I,past,active,2mp,1,ضَحِكْتُمْ
187_150,ضَحِكَ,ضحك,فعِل يفعَل,I,past,active,2fs,1,ضَحِكْتِ
187_150,ضَحِكَ,ضحك,فعِل يفعَل,I,past,active,2fp,1,ضَحِكْتُنَّ
187_150,ضَحِكَ,ضحك,فعِل يفعَل,I,past,active,1s,1,ضَحِكْتُ
187_150,ضَحِكَ,ضحك,فعِل يفعَل,I,past,active,1p,1,ضَحِكْنا
187_150,ضَحِكَ,ضحك,فعِل يفعَل,I,indicative,active,3ms,1,يَضْحَكُ
187_150,ضَحِكَ,ضحك,فعِل يفعَل,I,indicative,active,3md,1,يَضْحَكانِ
187_150,ضَحِكَ,ضحك,فعِل يفعَل,I,indicative,active,3mp,1,يَضْحَكونَ
187_150,ضَحِكَ,ضحك,فعِل يفعَل,I,indicative,active,3fs,1,تَضْحَكُ
187_150,ضَحِكَ,ضحك,فعِل يفعَل,I,indicative,active,3fd,1,تَضْحَكانِ
187_150,ضَحِكَ,ضحك,فعِل يفعَل,I,indicative,active,3fp,1,يَضْحَكْنَ
187_150,ضَحِكَ,ضحك,فعِل يفعَل,I,indicative,active,2ms,1,تَضْحَكُ
187_150,ضَحِكَ,ضحك,فعِل يفعَل,I,indicative,active,2d,1,تَضْحَكانِ
187_150,ضَحِكَ,ضحك,فعِل يفعَل,I,indicative,active,2mp,1,تَضْحَكونَ
187_150,ضَحِكَ,ضحك,فعِل يفعَل,I,indicative,active,2fs,1,تَضْحَكينَ
187_150,ضَحِكَ,ضحك,فعِل يفعَل,I,indicative,active,2fp,1,تَضْحَكْنَ
187_150,ضَحِكَ,ضحك,فعِل يفعَل,I,indicative,active,1s,1,أَضْحَكُ
187_150,ضَحِكَ,ضحك,فعِل يفعَل,I,indicative,active,1p,1,نَضْحَكُ
187_150,ضَحِكَ,ضحك,فعِل يفعَل,I,imperative,active,2ms,1,اِضْحَكْ
187_150,ضَحِكَ,ضحك,فعِل يفعَل,I,imperative,active,2d,1,اِضْحَكا
187_150,ضَحِكَ,ضحك,فعِل يفعَل,I,imperative,active,2mp,1,اِضْحَكُوا
187_150,ضَحِكَ,ضحك,فعِل يفعَل,I,imperative,active,2fs,1,اِضْحَكي
187_150,ضَحِكَ,ضحك,فعِل يفعَل,I,imperative,active,2fp,1,اِضْحَكْنَ
188_151,جَفَّ,جفف,فعِل يفعَل,I,past,active,3ms,1,جَفَّ
188_151,جَفَّ,جفف,فعِل يفعَل,I,past,active,3md,1,جَفَّا
188_151,جَفَّ,جفف,فعِل يفعَل,I,past,active,3mp,1,جَفُّوا
188_151,جَفَّ,جفف,فعِل يفعَل,I,past,active,3fs,1,جَفَّتْ
188_151,جَفَّ,جفف,فعِل يفعَل,I,past,active,3fd,1,جَفَّتَا
188_151,جَفَّ,جفف,فعِل يفعَل,I,past,active,3fp,1,جَفِفْنَ
188_151,جَفَّ,جفف,فعِل يفعَل,I,past,active,2ms,1,جَفِفْتَ
188_151,جَفَّ,جفف,فعِل يفعَل,I,past,active,2d,1,جَفِفْتُما
188_151,جَفَّ,جفف,فعِل يفعَل,I,past,active,2mp,1,جَفِفْتُمْ
188_151,جَفَّ,جفف,فعِل يفعَل,I,past,active,2fs,1,جَفِفْتِ
188_151,جَفَّ,جفف,فعِل يفعَل,I,past,active,2fp,1,جَفِفْتُنَّ
188_151,جَفَّ,جفف,فعِل يفعَل,I,past,active,1s,1,جَفِفْتُ
188_151,جَفَّ,جفف,فعِل يفعَل,I,past,active,1p,1,جَفِفْنا
188_151,جَفَّ,جفف,فعِل يفعَل,I,indicative,active,3ms,1,يَجَفُّ
188_151,جَفَّ,جفف,فعِل يفعَل,I,indicative,active,3md,1,يَجَفَّانِ
188_151,جَفَّ,جفف,فعِل يفعَل,I,indicative,active,3mp,1,يَجَفُّونَ
188_151,جَفَّ,جفف,فعِل يفعَل,I,indicative,active,3fs,1,تَجَفُّ
188_151,جَفَّ,جفف,فعِل يفعَل,I,indicative,active,3fd,1,تَجَفَّانِ
188_151,جَفَّ,جفف,فعِل يفعَل,I,indicative,active,3fp,1,يَجْفَفْنَ
188_151,جَفَّ,جفف,فعِل يفعَل,I,indicative,active,2ms,1,تَجَفُّ
188_151,جَفَّ,جفف,فعِل يفعَل,I,indicative,active,2d,1,تَجَفَّانِ
188_151,جَفَّ,جفف,فعِل يفعَل,I,indicative,active,2mp,1,تَجَفُّونَ
188_151,جَفَّ,جفف,فعِل يفعَل,I,indicative,active,2fs,1,تَجَفِّينَ
188_151,جَفَّ,جفف,فعِل يفعَل,I,indicative,active,2fp,1,تَجْفَفْنَ
188_151,جَفَّ,جفف,فعِل يفعَل,I,indicative,active,1s,1,أَجَفُّ
188_151,جَفَّ,جفف,فعِل يفعَل,I,indicative,active,1p,1,نَجَفُّ
188_151,جَفَّ,جفف,فعِل يفعَل,I,imperative,active,2ms,1,جَفَّ
188_151,جَفَّ,جفف,فعِل يفعَل,I,imperative,active,2d,1,جَفَّا
188_151,جَفَّ,جفف,فعِل يفعَل,I,imperative,active,2mp,1,جَفُّوا
188_151,جَفَّ,جفف,فعِل يفعَل,I,imperative,active,2fs,1,جَفِّي
188_151,جَفَّ,جفف,فعِل يفعَل,I,imperative,active,2fp,1,اِجْفَفْنَ
189_151,هَدَّ,هدد,فعِل يفعَل,I,past,active,3ms,1,هَدَّ
189_151,هَدَّ,هدد,فعِل يفعَل,I,past,active,3md,1,هَدَّا
189_151,هَدَّ,هدد,فعِل يفعَل,I,past,active,3mp,1,هَدُّوا
189_151,هَدَّ,هدد,فعِل يفعَل,I,past,active,3fs,1,هَدَّتْ
189_151,هَدَّ,هدد,فعِل يفعَل,I,past,active,3fd,1,هَدَّتا
189_151,هَدَّ,هدد,فعِل يفعَل,I,past,active,3fp,1,هَدِدْنَ
189_151,هَدَّ,هدد,فعِل يفعَل,I,past,active,2ms,1,هَدِدْتَ
189_151,هَدَّ,هدد,فعِل يفعَل,I,past,active,2d,1,هَدِدْتُما
189_151,هَدَّ,هدد,فعِل يفعَل,I,past,active,2mp,1,هَدِدْتُمْ
189_151,هَدَّ,هدد,فعِل يفعَل,I,past,active,2fs,1,هَدِدْتِ
189_151,هَدَّ,هدد,فعِل يفعَل,I,past,active,2fp,1,هَدِدْتُنَّ
189_151,هَدَّ,هدد,فعِل يفعَل,I,past,active,1s,1,هَدِدْتُ
189_151,هَدَّ,هدد,فعِل يفعَل,I,past,active,1p,1,هَدِدْنا
189_151,هَدَّ,هدد,فعِل يفعَل,I,indicative,active,3ms,1,يَهَدُّ
189_151,هَدَّ,هدد,فعِل يفعَل,I,indicative,active,3md,1,يَهَدَّانِ
189_151,هَدَّ,هدد,فعِل يفعَل,I,indicative,active,3mp,1,يَهَدُّونَ
189_151,هَدَّ,هدد,فعِل يفعَل,I,indicative,active,3fs,1,تَهَدُّ
189_151,هَدَّ,هدد,فعِل يفعَل,I,indicative,active,3fd,1,تَهَدَّانِ
189_151,هَدَّ,هدد,فعِل يفعَل,I,indicative,active,3fp,1,يَهْدَدْنَ
189_151,هَدَّ,هدد,فعِل يفعَل,I,indicative,active,2ms,1,تَهَدُّ
189_151,هَدَّ,هدد,فعِل يفعَل,I,indicative,active,2d,1,تَهَدَّانِ
189_151,هَدَّ,هدد,فعِل يفعَل,I,indicative,active,2mp,1,تَهَدُّونَ
189_151,هَدَّ,هدد,فعِل يفعَل,I,indicative,active,2fs,1,تَهَدّينَ
189_151,هَدَّ,هدد,فعِل يفعَل,I,indicative,active,2fp,1,تَهْدَدْنَ
189_151,هَدَّ,هدد,فعِل يفعَل,I,indicative,active,1s,1,أَهَدُّ
189_151,هَدَّ,هدد,فعِل يفعَل,I,indicative,active,1p,1,نَهَدُّ
189_151,هَدَّ,هدد,فعِل يفعَل,I,imperative,active,2ms,1,هَدَّ
189_151,هَدَّ,هدد,فعِل يفعَل,I,imperative,active,2d,1,هَدَّا
189_151,هَدَّ,هدد,فعِل يفعَل,I,imperative,active,2mp,1,هَدُّوا
189_151,هَدَّ,هدد,فعِل يفعَل,I,imperative,active,2fs,1,هَدِّي
189_151,هَدَّ,هدد,فعِل يفعَل,I,imperative,active,2fp,1,اِهْدَدْنَ
190_151,خَصَّ,خصص,فعِل يفعَل,I,past,active,3ms,1,خَصَّ
190_151,خَصَّ,خصص,فعِل يفعَل,I,past,active,3md,1,خَصَّا
190_151,خَصَّ,خصص,فعِل يفعَل,I,past,active,3mp,1,خَصُّوا
190_151,خَصَّ,خصص,فعِل يفعَل,I,past,active,3fs,1,خَصَّتْ
190_151,خَصَّ,خصص,فعِل يفعَل,I,past,active,3fd,1,خَصَّتا
190_151,خَصَّ,خصص,فعِل يفعَل,I,past,active,3fp,1,خَصِصْنَ
190_151,خَصَّ,خصص,فعِل يفعَل,I,past,active,2ms,1,خَصِصْتَ
190_151,خَصَّ,خصص,فعِل يفعَل,I,past,active,2d,1,خَصِصْتُما
190_151,خَصَّ,خصص,فعِل يفعَل,I,past,active,2mp,1,خَصِصْتُمْ
190_151,خَصَّ,خصص,فعِل يفعَل,I,past,active,2fs,1,خَصِصْتِ
190_151,خَصَّ,خصص,فعِل يفعَل,I,past,active,2fp,1,خَصِصْتُنَّ
190_151,خَصَّ,خصص,فعِل يفعَل,I,past,active,1s,1,خَصِصْتُ
190_151,خَصَّ,خصص,فعِل يفعَل,I,past,active,1p,1,خَصِصْنا
190_151,خَصَّ,خصص,فعِل يفعَل,I,indicative,active,3ms,1,يَخَصُّ
190_151,خَصَّ,خصص,فعِل يفعَل,I,indicative,active,3md,1,يَخَصَّانِ
190_151,خَصَّ,خصص,فعِل يفعَل,I,indicative,active,3mp,1,يَخَصُّونَ
190_151,خَصَّ,خصص,فعِل يفعَل,I,indicative,active,3fs,1,تَخَصُّ
190_151,خَصَّ,خصص,فعِل يفعَل,I,indicative,active,3fd,1,تَخَصَّانِ
190_151,خَصَّ,خصص,فعِل يفعَل,I,indicative,active,3fp,1,يَخْصَصْنَ
190_151,خَصَّ,خصص,فعِل يفعَل,I,indicative,active,2ms,1,تَخَصُّ
190_151,خَصَّ,خصص,فعِل يفعَل,I,indicative,active,2d,1,تَخَصَّانِ
190_151,خَصَّ,خصص,فعِل يفعَل,I,indicative,active,2mp,1,تَخَصُّونَ
190_151,خَصَّ,خصص,فعِل يفعَل,I,indicative,active,2fs,1,تَخَصِّينَ
190_151,خَصَّ,خصص,فعِل يفعَل,I,indicative,active,2fp,1,تَخْصَصْنَ
190_151,خَصَّ,خصص,فعِل يفعَل,I,indicative,active,1s,1,أَخَصُّ
190_151,خَصَّ,خصص,فعِل يفعَل,I,indicative,active,1p,1,نَخَصُّ
190_151,خَصَّ,خصص,فعِل يفعَل,I,imperative,active,2ms,1,خَصَّ
190_151,خَصَّ,خصص,فعِل يفعَل,I,imperative,active,2d,1,خَصَّا
190_151,خَصَّ,خصص,فعِل يفعَل,I,imperative,active,2mp,1,خَصُّوا
190_151,خَصَّ,خصص,فعِل يفعَل,I,imperative,active,2fs,1,خَصِّي
190_151,خَصَّ,خصص,فعِل يفعَل,I,imperative,active,2fp,1,اِخْصَصْنَ
191_151,شَمَّ,شمم,فعِل يفعَل,I,past,active,3ms,1,شَمَّ
191_151,شَمَّ,شمم,فعِل يفعَل,I,past,active,3md,1,شَمَّا
191_151,شَمَّ,شمم,فعِل يفعَل,I,past,active,3mp,1,شَمُّوا
191_151,شَمَّ,شمم,فعِل يفعَل,I,past,active,3fs,1,شَمَّتْ
191_151,شَمَّ,شمم,فعِل يفعَل,I,past,active,3fd,1,شَمَّتا
191_151,شَمَّ,شمم,فعِل يفعَل,I,past,active,3fp,1,شَمِمْنَ
191_151,شَمَّ,شمم,فعِل يفعَل,I,past,active,2ms,1,شَمِمْتَ
191_151,شَمَّ,شمم,فعِل يفعَل,I,past,active,2d,1,شَمِمْتُما
191_151,شَمَّ,شمم,فعِل يفعَل,I,past,active,2mp,1,شَمِمْتُمْ
191_151,شَمَّ,شمم,فعِل يفعَل,I,past,active,2fs,1,شَمِمْتِ
191_151,شَمَّ,شمم,فعِل يفعَل,I,past,active,2fp,1,شَمِمْتُنَّ
191_151,شَمَّ,شمم,فعِل يفعَل,I,past,active,1s,1,شَمِمْتُ
191_151,شَمَّ,شمم,فعِل يفعَل,I,past,active,1p,1,شَمِمْنا
191_151,شَمَّ,شمم,فعِل يفعَل,I,indicative,active,3ms,1,يَشَمُّ
191_151,شَمَّ,شمم,فعِل يفعَل,I,indicative,active,3md,1,يَشَمَّانِ
191_151,شَمَّ,شمم,فعِل يفعَل,I,indicative,active,3mp,1,يَشَمُّونَ
191_151,شَمَّ,شمم,فعِل يفعَل,I,indicative,active,3fs,1,تَشَمُّ
191_151,شَمَّ,شمم,فعِل يفعَل,I,indicative,active,3fd,1,تَشَمَّانِ
191_151,شَمَّ,شمم,فعِل يفعَل,I,indicative,active,3fp,1,يَشْمَمْنَ
191_151,شَمَّ,شمم,فعِل يفعَل,I,indicative,active,2ms,1,تَشَمُّ
191_151,شَمَّ,شمم,فعِل يفعَل,I,indicative,active,2d,1,تَشَمَّانِ
191_151,شَمَّ,شمم,فعِل يفعَل,I,indicative,active,2mp,1,تَشَمُّونَ
191_151,شَمَّ,شمم,فعِل يفعَل,I,indicative,active,2fs,1,تَشَمِّينَ
191_151,شَمَّ,شمم,فعِل يفعَل,I,indicative,active,2fp,1,تَشْمَمْنَ
191_151,شَمَّ,شمم,فعِل يفعَل,I,indicative,active,1s,1,أَشَمُّ
191_151,شَمَّ,شمم,فعِل يفعَل,I,indicative,active,1p,1,نَشَمُّ
191_151,شَمَّ,شمم,فعِل يفعَل,I,imperative,active,2ms,1,شَمَّ
191_151,شَمَّ,شمم,فعِل يفعَل,I,imperative,active,2d,1,شَمَّا
191_151,شَمَّ,شمم,فعِل يفعَل,I,imperative,active,2mp,1,شَمُّوا
191_151,شَمَّ,شمم,فعِل يفعَل,I,imperative,active,2fs,1,شَمِّي
191_151,شَمَّ,شمم,فعِل يفعَل,I,imperative,active,2fp,1,اِشْمَمْنَ
192_152,أَذِنَ,أذن,فعِل يفعَل,I,past,active,3ms,1,أَذِنَ
192_152,أَذِنَ,أذن,فعِل يفعَل,I,past,active,3md,1,أَذِنا
192_152,أَذِنَ,أذن,فعِل يفعَل,I,past,active,3mp,1,أَذِنوا
192_152,أَذِنَ,أذن,فعِل يفعَل,I,past,active,3fs,1,أَذِنَتْ
192_152,أَذِنَ,أذن,فعِل يفعَل,I,past,active,3fd,1,أَذِنَتا
192_152,أَذِنَ,أذن,فعِل يفعَل,I,past,active,3fp,1,أَذِنَّ
192_152,أَذِنَ,أذن,فعِل يفعَل,I,past,active,2ms,1,أَذِنْتَ
192_152,أَذِنَ,أذن,فعِل يفعَل,I,past,active,2d,1,أَذِنْتُما
192_152,أَذِنَ,أذن,فعِل يفعَل,I,past,active,2mp,1,أَذِنْتُمْ
192_152,أَذِنَ,أذن,فعِل يفعَل,I,past,active,2fs,1,أَذِنْتِ
192_152,أَذِنَ,أذن,فعِل يفعَل,I,past,active,2fp,1,أَذِنْتُنَّ
192_152,أَذِنَ,أذن,فعِل يفعَل,I,past,active,1s,1,أَذِنْتُ
192_152,أَذِنَ,أذن,فعِل يفعَل,I,past,active,1p,1,أَذِنَّا
192_152,أَذِنَ,أذن,فعِل يفعَل,I,indicative,active,3ms,1,يَأْذَنُ
192_152,أَذِنَ,أذن,فعِل يفعَل,I,indicative,active,3md,1,يَأْذَنانِ
192_152,أَذِنَ,أذن,فعِل يفعَل,I,indicative,active,3mp,1,يَأْذَنونَ
192_152,أَذِنَ,أذن,فعِل يفعَل,I,indicative,active,3fs,1,تَأْذَنُ
192_152,أَذِنَ,أذن,فعِل يفعَل,I,indicative,active,3fd,1,تَأْذَنانِ
192_152,أَذِنَ,أذن,فعِل يفعَل,I,indicative,active,3fp,1,يَأْذَنَّ
192_152,أَذِنَ,أذن,فعِل يفعَل,I,indicative,active,2ms,1,تَأْذَنُ
192_152,أَذِنَ,أذن,فعِل يفعَل,I,indicative,active,2d,1,تَأْذَنانِ
192_152,أَذِنَ,أذن,فعِل يفعَل,I,indicative,active,2mp,1,تَأْذَنونَ
192_152,أَذِنَ,أذن,فعِل يفعَل,I,indicative,active,2fs,1,تَأْذَنينَ
192_152,أَذِنَ,أذن,فعِل يفعَل,I,indicative,active,2fp,1,تَأْذَنَّ
192_152,أَذِنَ,أذن,فعِل يفعَل,I,indicative,active,1s,1,آذَنُ
192_152,أَذِنَ,أذن,فعِل يفعَل,I,indicative,active,1p,1,نَأْذَنُ
192_152,أَذِنَ,أذن,فعِل يفعَل,I,imperative,active,2ms,1,اِئْذَنْ
192_152,أَذِنَ,أذن,فعِل يفعَل,I,imperative,active,2d,1,اِئْذَنا
192_152,أَذِنَ,أذن,فعِل يفعَل,I,imperative,active,2mp,1,اِئْذَنوا
192_152,أَذِنَ,أذن,فعِل يفعَل,I,imperative,active,2fs,1,اِئْذَني
192_152,أَذِنَ,أذن,فعِل يفعَل,I,imperative,active,2fp,1,اِئْذَنَّ
193_152,أَسِدَ,أسد,فعِل يفعَل,I,past,active,3ms,1,أَسِدَ
193_152,أَسِدَ,أسد,فعِل يفعَل,I,past,active,3md,1,أَسِدا
193_152,أَسِدَ,أسد,فعِل يفعَل,I,past,active,3mp,1,أَسِدوا
193_152,أَسِدَ,أسد,فعِل يفعَل,I,past,active,3fs,1,أَسِدَتْ
193_152,أَسِدَ,أسد,فعِل يفعَل,I,past,active,3fd,1,أَسِدَتَا
193_152,أَسِدَ,أسد,فعِل يفعَل,I,past,active,3fp,1,أَسِدْنَ
193_152,أَسِدَ,أسد,فعِل يفعَل,I,past,active,2ms,1,أَسِدْتَ
193_152,أَسِدَ,أسد,فعِل يفعَل,I,past,active,2d,1,أَسِدْتُما
193_152,أَسِدَ,أسد,فعِل يفعَل,I,past,active,2mp,1,أَسِدْتُمْ
193_152,أَسِدَ,أسد,فعِل يفعَل,I,past,active,2fs,1,أَسِدْتِ
193_152,أَسِدَ,أسد,فعِل يفعَل,I,past,active,2fp,1,أَسِدْتُنَّ
193_152,أَسِدَ,أسد,فعِل يفعَل,I,past,active,1s,1,أَسِدْتُ
193_152,أَسِدَ,أسد,فعِل يفعَل,I,past,active,1p,1,أَسِدْنا
193_152,أَسِدَ,أسد,فعِل يفعَل,I,indicative,active,3ms,1,يَأْسَدُ
193_152,أَسِدَ,أسد,فعِل يفعَل,I,indicative,active,3md,1,يَأْسَدانِ
193_152,أَسِدَ,أسد,فعِل يفعَل,I,indicative,active,3mp,1,يَأْسَدونَ
193_152,أَسِدَ,أسد,فعِل يفعَل,I,indicative,active,3fs,1,تَأْسَدُ
193_152,أَسِدَ,أسد,فعِل يفعَل,I,indicative,active,3fd,1,تَأْسَدانِ
193_152,أَسِدَ,أسد,فعِل يفعَل,I,indicative,active,3fp,1,يَأْسَدْنَ
193_152,أَسِدَ,أسد,فعِل يفعَل,I,indicative,active,2ms,1,تَأْسَدُ
193_152,أَسِدَ,أسد,فعِل يفعَل,I,indicative,active,2d,1,تَأْسَدانِ
193_152,أَسِدَ,أسد,فعِل يفعَل,I,indicative,active,2mp,1,تَأْسَدونَ
193_152,أَسِدَ,أسد,فعِل يفعَل,I,indicative,active,2fs,1,تَأْسَدينَ
193_152,أَسِدَ,أسد,فعِل يفعَل,I,indicative,active,2fp,1,تَأْسَدْنَ
193_152,أَسِدَ,أسد,فعِل يفعَل,I,indicative,active,1s,1,آسَدُ
193_152,أَسِدَ,أسد,فعِل يفعَل,I,indicative,active,1p,1,نَأْسَدُ
193_152,أَسِدَ,أسد,فعِل يفعَل,I,imperative,active,2ms,1,اِئْسَدْ
193_152,أَسِدَ,أسد,فعِل يفعَل,I,imperative,active,2d,1,اِئْسَدا
193_152,أَسِدَ,أسد,فعِل يفعَل,I,imperative,active,2mp,1,اِئْسَدوا
193_152,أَسِدَ,أسد,فعِل يفعَل,I,imperative,active,2fs,1,اِئْسَدي
193_152,أَسِدَ,أسد,فعِل يفعَل,I,imperative,active,2fp,1,اِئْسَدْنَ
194_117,شَأَى,شأو,فعَل يفعُل,I,past,active,3ms,1,شَأَى
194_117,شَأَى,شأو,فعَل يفعُل,I,past,active,3md,1,شَأَوَا
194_117,شَأَى,شأو,فعَل يفعُل,I,past,active,3mp,1,شَأَوْا
194_117,شَأَى,شأو,فعَل يفعُل,I,past,active,3fs,1,شَأَتْ
194_117,شَأَى,شأو,فعَل يفعُل,I,past,active,3fd,1,شَأَتا
194_117,شَأَى,شأو,فعَل يفعُل,I,past,active,3fp,1,شَأَوْنَ
194_117,شَأَى,شأو,فعَل يفعُل,I,past,active,2ms,1,شَأَوْتَ
194_117,شَأَى,شأو,فعَل يفعُل,I,past,active,2d,1,شَأَوْتُما
194_117,شَأَى,شأو,فعَل يفعُل,I,past,active,2mp,1,شَأَوْتُمْ
194_117,شَأَى,شأو,فعَل يفعُل,I,past,active,2fs,1,شَأَوْتِ
194_117,شَأَى,شأو,فعَل يفعُل,I,past,active,2fp,1,شَأَوْتُنَّ
194_117,شَأَى,شأو,فعَل يفعُل,I,past,active,1s,1,شَأَوْتُ
194_117,شَأَى,شأو,فعَل يفعُل,I,past,active,1p,1,شَأَوْنا
194_117,شَأَى,شأو,فعَل يفعُل,I,indicative,active,3ms,1,يَشْؤُو
194_117,شَأَى,شأو,فعَل يفعُل,I,indicative,active,3md,1,يَشْؤُوَانِ
194_117,شَأَى,شأو,فعَل يفعُل,I,indicative,active,3mp,1,يَشْؤُونَ
194_117,شَأَى,شأو,فعَل يفعُل,I,indicative,active,3fs,1,تَشْؤُو
194_117,شَأَى,شأو,فعَل يفعُل,I,indicative,active,3fd,1,تَشْؤُوَانِ
194_117,شَأَى,شأو,فعَل يفعُل,I,indicative,active,3fp,1,يَشْؤُونَ
194_117,شَأَى,شأو,فعَل يفعُل,I,indicative,active,2ms,1,تَشْؤُو
194_117,شَأَى,شأو,فعَل يفعُل,I,indicative,active,2d,1,تَشْؤُوَانِ
194_117,شَأَى,شأو,فعَل يفعُل,I,indicative,active,2mp,1,تَشْؤُونَ
194_117,شَأَى,شأو,فعَل يفعُل,I,indicative,active,2fs,1,تَشْئينَ
194_117,شَأَى,شأو,فعَل يفعُل,I,indicative,active,2fp,1,تَشْؤُونَ
194_117,شَأَى,شأو,فعَل يفعُل,I,indicative,active,1s,1,أَشْؤُو
194_117,شَأَى,شأو,فعَل يفعُل,I,indicative,active,1p,1,نَشْؤُو
194_117,شَأَى,شأو,فعَل يفعُل,I,imperative,active,2ms,1,اُشْؤُ
194_117,شَأَى,شأو,فعَل يفعُل,I,imperative,active,2d,1,اُشْؤُوَا
194_117,شَأَى,شأو,فعَل يفعُل,I,imperative,active,2mp,1,اُشْؤُوْا
194_117,شَأَى,شأو,فعَل يفعُل,I,imperative,active,2fs,1,اُشْئِي
194_117,شَأَى,شأو,فعَل يفعُل,I,imperative,active,2fp,1,اُشْؤُوْنَ
195_152,أَثِمَ,أثم,فعِل يفعَل,I,past,active,3ms,1,أَثِمَ
195_152,أَثِمَ,أثم,فعِل يفعَل,I,past,active,3md,1,أَثِما
195_152,أَثِمَ,أثم,فعِل يفعَل,I,past,active,3mp,1,أَثِموا
195_152,أَثِمَ,أثم,فعِل يفعَل,I,past,active,3fs,1,أَثِمَتْ
195_152,أَثِمَ,أثم,فعِل يفعَل,I,past,active,3fd,1,أَثِمَتَا
195_152,أَثِمَ,أثم,فعِل يفعَل,I,past,active,3fp,1,أَثِمْنَ
195_152,أَثِمَ,أثم,فعِل يفعَل,I,past,active,2ms,1,أَثِمْتَ
195_152,أَثِمَ,أثم,فعِل يفعَل,I,past,active,2d,1,أَثِمْتُما
195_152,أَثِمَ,أثم,فعِل يفعَل,I,past,active,2mp,1,أَثِمْتُمْ
195_152,أَثِمَ,أثم,فعِل يفعَل,I,past,active,2fs,1,أَثِمْتِ
195_152,أَثِمَ,أثم,فعِل يفعَل,I,past,active,2fp,1,أَثِمْتُنَّ
195_152,أَثِمَ,أثم,فعِل يفعَل,I,past,active,1s,1,أَثِمْتُ
195_152,أَثِمَ,أثم,فعِل يفعَل,I,past,active,1p,1,أَثِمْنا
195_152,أَثِمَ,أثم,فعِل يفعَل,I,indicative,active,3ms,1,يَأْثَمُ
195_152,أَثِمَ,أثم,فعِل يفعَل,I,indicative,active,3md,1,يَأْثَمانِ
195_152,أَثِمَ,أثم,فعِل يفعَل,I,indicative,active,3mp,1,يَأْثَمونَ
195_152,أَثِمَ,أثم,فعِل يفعَل,I,indicative,active,3fs,1,تَأْثَمُ
195_152,أَثِمَ,أثم,فعِل يفعَل,I,indicative,active,3fd,1,تَأْثَمانِ
195_152,أَثِمَ,أثم,فعِل يفعَل,I,indicative,active,3fp,1,يَأْثَمْنَ
195_152,أَثِمَ,أثم,فعِل يفعَل,I,indicative,active,2ms,1,تَأْثَمُ
195_152,أَثِمَ,أثم,فعِل يفعَل,I,indicative,active,2d,1,تَأْثَمانِ
195_152,أَثِمَ,أثم,فعِل يفعَل,I,indicative,active,2mp,1,تَأْثَمونَ
195_152,أَثِمَ,أثم,فعِل يفعَل,I,indicative,active,2fs,1,تَأْثَمينَ
195_152,أَثِمَ,أثم,فعِل يفعَل,I,indicative,active,2fp,1,تَأْثَمْنَ
195_152,أَثِمَ,أثم,فعِل يفعَل,I,indicative,active,1s,1,آثَمُ
195_152,أَثِمَ,أثم,فعِل يفعَل,I,indicative,active,1p,1,نَأْثَمُ
195_152,أَثِمَ,أثم,فعِل يفعَل,I,imperative,active,2ms,1,اِئْثَمْ
195_152,أَثِمَ,أثم,فعِل يفعَل,I,imperative,active,2d,1,اِئْثَما
195_152,أَثِمَ,أثم,فعِل يفعَل,I,imperative,active,2mp,1,اِئْثَموا
195_152,أَثِمَ,أثم,فعِل يفعَل,I,imperative,active,2fs,1,اِئْثَمي
195_152,أَثِمَ,أثم,فعِل يفعَل,I,imperative,active,2fp,1,اِئْثَمْنَ
196_152,أَنِسَ,أنس,فعِل يفعَل,I,past,active,3ms,1,أَنِسَ
196_152,أَنِسَ,أنس,فعِل يفعَل,I,past,active,3md,1,أَنِسا
196_152,أَنِسَ,أنس,فعِل يفعَل,I,past,active,3mp,1,أَنِسوا
196_152,أَنِسَ,أنس,فعِل يفعَل,I,past,active,3fs,1,أَنِسَتْ
196_152,أَنِسَ,أنس,فعِل يفعَل,I,past,active,3fd,1,أَنِسَتا
196_152,أَنِسَ,أنس,فعِل يفعَل,I,past,active,3fp,1,أَنِسْنَ
196_152,أَنِسَ,أنس,فعِل يفعَل,I,past,active,2ms,1,أَنِسْتَ
196_152,أَنِسَ,أنس,فعِل يفعَل,I,past,active,2d,1,أَنِسْتُما
196_152,أَنِسَ,أنس,فعِل يفعَل,I,past,active,2mp,1,أَنِسْتُمْ
196_152,أَنِسَ,أنس,فعِل يفعَل,I,past,active,2fs,1,أَنِسْتِ
196_152,أَنِسَ,أنس,فعِل يفعَل,I,past,active,2fp,1,أَنِسْتُنَّ
196_152,أَنِسَ,أنس,فعِل يفعَل,I,past,active,1s,1,أَنِسْتُ
196_152,أَنِسَ,أنس,فعِل يفعَل,I,past,active,1p,1,أَنِسْنا
196_152,أَنِسَ,أنس,فعِل يفعَل,I,indicative,active,3ms,1,يَأْنَسُ
196_152,أَنِسَ,أنس,فعِل يفعَل,I,indicative,active,3md,1,يَأْنَسانِ
196_152,أَنِسَ,أنس,فعِل يفعَل,I,indicative,active,3mp,1,يَأْنَسونَ
196_152,أَنِسَ,أنس,فعِل يفعَل,I,indicative,active,3fs,1,تَأْنَسُ
196_152,أَنِسَ,أنس,فعِل يفعَل,I,indicative,active,3fd,1,تَأْنَسانِ
196_152,أَنِسَ,أنس,فعِل يفعَل,I,indicative,active,3fp,1,يَأْنَسْنَ
196_152,أَنِسَ,أنس,فعِل يفعَل,I,indicative,active,2ms,1,تَأْنَسُ
196_152,أَنِسَ,أنس,فعِل يفعَل,I,indicative,active,2d,1,تَأْنَسانِ
196_152,أَنِسَ,أنس,فعِل يفعَل,I,indicative,active,2mp,1,تَأْنَسونَ
196_152,أَنِسَ,أنس,فعِل يفعَل,I,indicative,active,2fs,1,تَأْنَسينَ
196_152,أَنِسَ,أنس,فعِل يفعَل,I,indicative,active,2fp,1,تَأْنَسْنَ
196_152,أَنِسَ,أنس,فعِل يفعَل,I,indicative,active,1s,1,آنَسُ
196_152,أَنِسَ,أنس,فعِل يفعَل,I,indicative,active,1p,1,نَأْنَسُ
196_152,أَنِسَ,أنس,فعِل يفعَل,I,imperative,active,2ms,1,اِئْنَسْ
196_152,أَنِسَ,أنس,فعِل يفعَل,I,imperative,active,2d,1,اِئْنَسا
196_152,أَنِسَ,أنس,فعِل يفعَل,I,imperative,active,2mp,1,اِئْنَسوا
196_152,أَنِسَ,أنس,فعِل يفعَل,I,imperative,active,2fs,1,اِئْنَسي
196_152,أَنِسَ,أنس,فعِل يفعَل,I,imperative,active,2fp,1,اِئْنَسْنَ
197_153,سَئِمَ,سئم,فعِل يفعَل,I,past,active,3ms,1,سَئِمَ
197_153,سَئِمَ,سئم,فعِل يفعَل,I,past,active,3md,1,سَئِما
197_153,سَئِمَ,سئم,فعِل يفعَل,I,past,active,3mp,1,سَئِموا
197_153,سَئِمَ,سئم,فعِل يفعَل,I,past,active,3fs,1,سَئِمَتْ
197_153,سَئِمَ,سئم,فعِل يفعَل,I,past,active,3fd,1,سَئِمَتا
197_153,سَئِمَ,سئم,فعِل يفعَل,I,past,active,3fp,1,سَئِمْنَ
197_153,سَئِمَ,سئم,فعِل يفعَل,I,past,active,2ms,1,سَئِمْتَ
197_153,سَئِمَ,سئم,فعِل يفعَل,I,past,active,2d,1,سَئِمْتُما
197_153,سَئِمَ,سئم,فعِل يفعَل,I,past,active,2mp,1,سَئِمْتُمْ
197_153,سَئِمَ,سئم,فعِل يفعَل,I,past,active,2fs,1,سَئِمْتِ
197_153,سَئِمَ,سئم,فعِل يفعَل,I,past,active,2fp,1,سَئِمْتُنَّ
197_153,سَئِمَ,سئم,فعِل يفعَل,I,past,active,1s,1,سَئِمْتُ
197_153,سَئِمَ,سئم,فعِل يفعَل,I,past,active,1p,1,سَئِمْنا
197_153,سَئِمَ,سئم,فعِل يفعَل,I,indicative,active,3ms,1,يَسْأَمُ
197_153,سَئِمَ,سئم,فعِل يفعَل,I,indicative,active,3md,1,يَسْأَمانِ
197_153,سَئِمَ,سئم,فعِل يفعَل,I,indicative,active,3mp,1,يَسْأَمونَ
197_153,سَئِمَ,سئم,فعِل يفعَل,I,indicative,active,3fs,1,تَسْأَمُ
197_153,سَئِمَ,سئم,فعِل يفعَل,I,indicative,active,3fd,1,تَسْأَمانِ
197_153,سَئِمَ,سئم,فعِل يفعَل,I,indicative,active,3fp,1,يَسْأَمْنَ
197_153,سَئِمَ,سئم,فعِل يفعَل,I,indicative,active,2ms,1,تَسْأَمُ
197_153,سَئِمَ,سئم,فعِل يفعَل,I,indicative,active,2d,1,تَسْأَمانِ
197_153,سَئِمَ,سئم,فعِل يفعَل,I,indicative,active,2mp,1,تَسْأَمونَ
197_153,سَئِمَ,سئم,فعِل يفعَل,I,indicative,active,2fs,1,تَسْأَمينَ
197_153,سَئِمَ,سئم,فعِل يفعَل,I,indicative,active,2fp,1,تَسْأَمْنَ
197_153,سَئِمَ,سئم,فعِل يفعَل,I,indicative,active,1s,1,أَسْأَمُ
197_153,سَئِمَ,سئم,فعِل يفعَل,I,indicative,active,1p,1,نَسْأَمُ
197_153,سَئِمَ,سئم,فعِل يفعَل,I,imperative,active,2ms,1,اِسْأَمْ
197_153,سَئِمَ,سئم,فعِل يفعَل,I,imperative,active,2d,1,اِسْأَما
197_153,سَئِمَ,سئم,فعِل يفعَل,I,imperative,active,2mp,1,اِسْأَموا
197_153,سَئِمَ,سئم,فعِل يفعَل,I,imperative,active,2fs,1,اِسْأَمِي
197_153,سَئِمَ,سئم,فعِل يفعَل,I,imperative,active,2fp,1,اِسْأَمْنَ
198_154,دَفِئَ,دفئ,فعِل يفعَل,I,past,active,3ms,1,دَفِئَ
198_154,دَفِئَ,دفئ,فعِل يفعَل,I,past,active,3md,1,دَفِئَا
198_154,دَفِئَ,دفئ,فعِل يفعَل,I,past,active,3mp,1,دَفِئُوا
198_154,دَفِئَ,دفئ,فعِل يفعَل,I,past,active,3fs,1,دَفِئَتْ
198_154,دَفِئَ,دفئ,فعِل يفعَل,I,past,active,3fd,1,دَفِئَتا
198_154,دَفِئَ,دفئ,فعِل يفعَل,I,past,active,3fp,1,دَفِئْنَ
198_154,دَفِئَ,دفئ,فعِل يفعَل,I,past,active,2ms,1,دَفِئْتَ
198_154,دَفِئَ,دفئ,فعِل يفعَل,I,past,active,2d,1,دَفِئْتُما
198_154,دَفِئَ,دفئ,فعِل يفعَل,I,past,active,2mp,1,دَفِئْتُمْ
198_154,دَفِئَ,دفئ,فعِل يفعَل,I,past,active,2fs,1,دَفِئْتِ
198_154,دَفِئَ,دفئ,فعِل يفعَل,I,past,active,2fp,1,دَفِئْتُنَّ
198_154,دَفِئَ,دفئ,فعِل يفعَل,I,past,active,1s,1,دَفِئْتُ
198_154,دَفِئَ,دفئ,فعِل يفعَل,I,past,active,1p,1,دَفِئْنا
198_154,دَفِئَ,دفئ,فعِل يفعَل,I,indicative,active,3ms,1,يَدْفَأُ
198_154,دَفِئَ,دفئ,فعِل يفعَل,I,indicative,active,3md,1,يَدْفَآنِ
198_154,دَفِئَ,دفئ,فعِل يفعَل,I,indicative,active,3mp,1,يَدْفَؤُونَ
198_154,دَفِئَ,دفئ,فعِل يفعَل,I,indicative,active,3fs,1,تَدْفَأُ
198_154,دَفِئَ,دفئ,فعِل يفعَل,I,indicative,active,3fd,1,تَدْفَآنِ
198_154,دَفِئَ,دفئ,فعِل يفعَل,I,indicative,active,3fp,1,يَدْفَأْنَ
198_154,دَفِئَ,دفئ,فعِل يفعَل,I,indicative,active,2ms,1,تَدْفَأُ
198_154,دَفِئَ,دفئ,فعِل يفعَل,I,indicative,active,2d,1,تَدْفَآنِ
198_154,دَفِئَ,دفئ,فعِل يفعَل,I,indicative,active,2mp,1,تَدْفَؤُونَ
198_154,دَفِئَ,دفئ,فعِل يفعَل,I,indicative,active,2fs,1,تَدْفَئِينَ
198_154,دَفِئَ,دفئ,فعِل يفعَل,I,indicative,active,2fp,1,تَدْفَأْنَ
198_154,دَفِئَ,دفئ,فعِل يفعَل,I,indicative,active,1s,1,أَدْفَأُ
198_154,دَفِئَ,دفئ,فعِل يفعَل,I,indicative,active,1p,1,نَدْفَأُ
198_154,دَفِئَ,دفئ,فعِل يفعَل,I,imperative,active,2ms,1,اِدْفَأْ
198_154,دَفِئَ,دفئ,فعِل يفعَل,I,imperative,active,2d,1,اِدْفَآ
198_154,دَفِئَ,دفئ,فعِل يفعَل,I,imperative,active,2mp,1,اِدْفَؤُوا
198_154,دَفِئَ,دفئ,فعِل يفعَل,I,imperative,active,2fs,1,اِدْفَئي
198_154,دَفِئَ,دفئ,فعِل يفعَل,I,imperative,active,2fp,1,اِدْفَأْنَ
199_159,دَوِيَ,دوي,فعِل يفعَل,I,past,active,3ms,1,دَوِيَ
199_159,دَوِيَ,دوي,فعِل يفعَل,I,past,active,3md,1,دَوِيا
199_159,دَوِيَ,دوي,فعِل يفعَل,I,past,active,3mp,1,دَوُوا
199_159,دَوِيَ,دوي,فعِل يفعَل,I,past,active,3fs,1,دَوِيَتْ
199_159,دَوِيَ,دوي,فعِل يفعَل,I,past,active,3fd,1,دَوِيَتَا
199_159,دَوِيَ,دوي,فعِل يفعَل,I,past,active,3fp,1,دَوِينَ
199_159,دَوِيَ,دوي,فعِل يفعَل,I,past,active,2ms,1,دَوِيتَ
199_159,دَوِيَ,دوي,فعِل يفعَل,I,past,active,2d,1,دَوِيتُما
199_159,دَوِيَ,دوي,فعِل يفعَل,I,past,active,2mp,1,دَوِيتُمْ
199_159,دَوِيَ,دوي,فعِل يفعَل,I,past,active,2fs,1,دَوِيتِ
199_159,دَوِيَ,دوي,فعِل يفعَل,I,past,active,2fp,1,دَوِيتُنَّ
199_159,دَوِيَ,دوي,فعِل يفعَل,I,past,active,1s,1,دَوِيتُ
199_159,دَوِيَ,دوي,فعِل يفعَل,I,past,active,1p,1,دَوِينا
199_159,دَوِيَ,دوي,فعِل يفعَل,I,indicative,active,3ms,1,يَدْوَى
199_159,دَوِيَ,دوي,فعِل يفعَل,I,indicative,active,3md,1,يَدْوَيانِ
199_159,دَوِيَ,دوي,فعِل يفعَل,I,indicative,active,3mp,1,يَدْوَوْنَ
199_159,دَوِيَ,دوي,فعِل يفعَل,I,indicative,active,3fs,1,تَدْوَى
199_159,دَوِيَ,دوي,فعِل يفعَل,I,indicative,active,3fd,1,تَدْوَيانِ
199_159,دَوِيَ,دوي,فعِل يفعَل,I,indicative,active,3fp,1,يَدْوَيْنَ
199_159,دَوِيَ,دوي,فعِل يفعَل,I,indicative,active,2ms,1,تَدْوَى
199_159,دَوِيَ,دوي,فعِل يفعَل,I,indicative,active,2d,1,تَدْوَيانِ
199_159,دَوِيَ,دوي,فعِل يفعَل,I,indicative,active,2mp,1,تَدْوَوْنَ
199_159,دَوِيَ,دوي,فعِل يفعَل,I,indicative,active,2fs,1,تَدْوَيْنَ
199_159,دَوِيَ,دوي,فعِل يفعَل,I,indicative,active,2fp,1,تَدْوَيْنَ
199_159,دَوِيَ,دوي,فعِل يفعَل,I,indicative,active,1s,1,أَدْوَى
199_159,دَوِيَ,دوي,فعِل يفعَل,I,indicative,active,1p,1,نَدْوَى
199_159,دَوِيَ,دوي,فعِل يفعَل,I,imperative,active,2ms,1,اِدْوَ
199_159,دَوِيَ,دوي,فعِل يفعَل,I,imperative,active,2d,1,اِدْوَيا
199_159,دَوِيَ,دوي,فعِل يفعَل,I,imperative,active,2mp,1,اِدْوَوْا
199_159,دَوِيَ,دوي,فعِل يفعَل,I,imperative,active,2fs,1,اِدْوَيْ
199_159,دَوِيَ,دوي,فعِل يفعَل,I,imperative,active,2fp,1,اِدْوَيْنَ
200_159,سَوِيَ,سوي,فعِل يفعَل,I,past,active,3ms,1,سَوِيَ
200_159,سَوِيَ,سوي,فعِل يفعَل,I,past,active,3md,1,سَوِيا
200_159,سَوِيَ,سوي,فعِل يفعَل,I,past,active,3mp,1,سَوُوا
200_159,سَوِيَ,سوي,فعِل يفعَل,I,past,active,3fs,1,سَوِيَتْ
200_159,سَوِيَ,سوي,فعِل يفعَل,I,past,active,3fd,1,سَوِيَتَا
200_159,سَوِيَ,سوي,فعِل يفعَل,I,past,active,3fp,1,سَوِينَ
200_159,سَوِيَ,سوي,فعِل يفعَل,I,past,active,2ms,1,سَوِيتَ
200_159,سَوِيَ,سوي,فعِل يفعَل,I,past,active,2d,1,سَوِيتُما
200_159,سَوِيَ,سوي,فعِل يفعَل,I,past,active,2mp,1,سَوِيتُمْ
200_159,سَوِيَ,سوي,فعِل يفعَل,I,past,active,2fs,1,سَوِيتِ
200_159,سَوِيَ,سوي,فعِل يفعَل,I,past,active,2fp,1,سَوِيتُنَّ
200_159,سَوِيَ,سوي,فعِل يفعَل,I,past,active,1s,1,سَوِيتُ
200_159,سَوِيَ,سوي,فعِل يفعَل,I,past,active,1p,1,سَوِينا
200_159,سَوِيَ,سوي,فعِل يفعَل,I,indicative,active,3ms,1,يَسْوَى
200_159,سَوِيَ,سوي,فعِل يفعَل,I,indicative,active,3md,1,يَسْوَيانِ
200_159,سَوِيَ,سوي,فعِل يفعَل,I,indicative,active,3mp,1,يَسْوَوْنَ
200_159,سَوِيَ,سوي,فعِل يفعَل,I,indicative,active,3fs,1,تَسْوَى
200_159,سَوِيَ,سوي,فعِل يفعَل,I,indicative,active,3fd,1,تَسْوَيانِ
200_159,سَوِيَ,سوي,فعِل يفعَل,I,indicative,active,3fp,1,يَسْوَيْنَ
200_159,سَوِيَ,سوي,فعِل يفعَل,I,indicative,active,2ms,1,تَسْوَى
200_159,سَوِيَ,سوي,فعِل يفعَل,I,indicative,active,2d,1,تَسْوَيانِ
200_159,سَوِيَ,سوي,فعِل يفعَل,I,indicative,active,2mp,1,تَسْوَوْنَ
200_159,سَوِيَ,سوي,فعِل يفعَل,I,indicative,active,2fs,1,تَسْوَيْنَ
200_159,سَوِيَ,سوي,فعِل يفعَل,I,indicative,active,2fp,1,تَسْوَيْنَ
200_159,سَوِيَ,سوي,فعِل يفعَل,I,indicative,active,1s,1,أَسْوَى
200_159,سَوِيَ,سوي,فعِل يفعَل,I,indicative,active,1p,1,نَسْوَى
200_159,سَوِيَ,سوي,فعِل يفعَل,I,imperative,active,2ms,1,اِسْوَ
200_159,سَوِيَ,سوي,فعِل يفعَل,I,imperative,active,2d,1,اِسْوَيا
200_159,سَوِيَ,سوي,فعِل يفعَل,I,imperative,active,2mp,1,اِسْوَوْا
200_159,سَوِيَ,سوي,فعِل يفعَل,I,imperative,active,2fs,1,اِسْوَيْ
200_159,سَوِيَ,سوي,فعِل يفعَل,I,imperative,active,2fp,1,اِسْوَيْنَ
201_159,قَوِيَ,قوي,فعِل يفعَل,I,past,active,3ms,1,قَوِيَ
201_159,قَوِيَ,قوي,فعِل يفعَل,I,past,active,3md,1,قَوِيا
201_159,قَوِيَ,قوي,فعِل يفعَل,I,past,active,3mp,1,قَوُوا
201_159,قَوِيَ,قوي,فعِل يفعَل,I,past,active,3fs,1,قَوِيَتْ
201_159,قَوِيَ,قوي,فعِل يفعَل,I,past,active,3fd,1,قَوِيَتَا
201_159,قَوِيَ,قوي,فعِل يفعَل,I,past,active,3fp,1,قَوِينَ
201_159,قَوِيَ,قوي,فعِل يفعَل,I,past,active,2ms,1,قَوِيتَ
201_159,قَوِيَ,قوي,فعِل يفعَل,I,past,active,2d,1,قَوِيتُما
201_159,قَوِيَ,قوي,فعِل يفعَل,I,past,active,2mp,1,قَوِيتُمْ
201_159,قَوِيَ,قوي,فعِل يفعَل,I,past,active,2fs,1,قَوِيتِ
201_159,قَوِيَ,قوي,فعِل يفعَل,I,past,active,2fp,1,قَوِيتُنَّ
201_159,قَوِيَ,قوي,فعِل يفعَل,I,past,active,1s,1,قَوِيتُ
201_159,قَوِيَ,قوي,فعِل يفعَل,I,past,active,1p,1,قَوِينا
201_159,قَوِيَ,قوي,فعِل يفعَل,I,indicative,active,3ms,1,يَقْوَى
201_159,قَوِيَ,قوي,فعِل يفعَل,I,indicative,active,3md,1,يَقْوَيانِ
201_159,قَوِيَ,قوي,فعِل يفعَل,I,indicative,active,3mp,1,يَقْوَوْنَ
201_159,قَوِيَ,قوي,فعِل يفعَل,I,indicative,active,3fs,1,تَقْوَى
201_159,قَوِيَ,قوي,فعِل يفعَل,I,indicative,active,3fd,1,تَقْوَيانِ
201_159,قَوِيَ,قوي,فعِل يفعَل,I,indicative,active,3fp,1,يَقْوَيْنَ
201_159,قَوِيَ,قوي,فعِل يفعَل,I,indicative,active,2ms,1,تَقْوَى
201_159,قَوِيَ,قوي,فعِل يفعَل,I,indicative,active,2d,1,تَقْوَيانِ
201_159,قَوِيَ,قوي,فعِل يفعَل,I,indicative,active,2mp,1,تَقْوَوْنَ
201_159,قَوِيَ,قوي,فعِل يفعَل,I,indicative,active,2fs,1,تَقْوَيْنَ
201_159,قَوِيَ,قوي,فعِل يفعَل,I,indicative,active,2fp,1,تَقْوَيْنَ
201_159,قَوِيَ,قوي,فعِل يفعَل,I,indicative,active,1s,1,أَقْوَى
201_159,قَوِيَ,قوي,فعِل يفعَل,I,indicative,active,1p,1,نَقْوَى
201_159,قَوِيَ,قوي,فعِل يفعَل,I,imperative,active,2ms,1,اِقْوَ
201_159,قَوِيَ,قوي,فعِل يفعَل,I,imperative,active,2d,1,اِقْوَيا
201_159,قَوِيَ,قوي,فعِل يفعَل,I,imperative,active,2mp,1,اِقْوَوْا
201_159,قَوِيَ,قوي,فعِل يفعَل,I,imperative,active,2fs,1,اِقْوَيْ
201_159,قَوِيَ,قوي,فعِل يفعَل,I,imperative,active,2fp,1,اِقْوَيْنَ
202_165,وَرِمَ,ورم,فعِل يفعِل,I,past,active,3ms,1,وَرِمَ
202_165,وَرِمَ,ورم,فعِل يفعِل,I,past,active,3md,1,وَرِما
202_165,وَرِمَ,ورم,فعِل يفعِل,I,past,active,3mp,1,وَرِمُوا
202_165,وَرِمَ,ورم,فعِل يفعِل,I,past,active,3fs,1,وَرِمَتْ
202_165,وَرِمَ,ورم,فعِل يفعِل,I,past,active,3fd,1,وَرِمَتا
202_165,وَرِمَ,ورم,فعِل يفعِل,I,past,active,3fp,1,وَرِمْنَ
202_165,وَرِمَ,ورم,فعِل يفعِل,I,past,active,2ms,1,وَرِمْتَ
202_165,وَرِمَ,ورم,فعِل يفعِل,I,past,active,2d,1,وَرِمْتُما
202_165,وَرِمَ,ورم,فعِل يفعِل,I,past,active,2mp,1,وَرِمْتُمْ
202_165,وَرِمَ,ورم,فعِل يفعِل,I,past,active,2fs,1,وَرِمْتِ
202_165,وَرِمَ,ورم,فعِل يفعِل,I,past,active,2fp,1,وَرِمْتُنَّ
202_165,وَرِمَ,ورم,فعِل يفعِل,I,past,active,1s,1,وَرِمْتُ
202_165,وَرِمَ,ورم,فعِل يفعِل,I,past,active,1p,1,وَرِمْنا
202_165,وَرِمَ,ورم,فعِل يفعِل,I,indicative,active,3ms,1,يَرِمُ
202_165,وَرِمَ,ورم,فعِل يفعِل,I,indicative,active,3md,1,يَرِمانِ
202_165,وَرِمَ,ورم,فعِل يفعِل,I,indicative,active,3mp,1,يَرِمونَ
202_165,وَرِمَ,ورم,فعِل يفعِل,I,indicative,active,3fs,1,تَرِمُ
202_165,وَرِمَ,ورم,فعِل يفعِل,I,indicative,active,3fd,1,تَرِمانِ
202_165,وَرِمَ,ورم,فعِل يفعِل,I,indicative,active,3fp,1,يَرِمْنَ
202_165,وَرِمَ,ورم,فعِل يفعِل,I,indicative,active,2ms,1,تَرِمُ
202_165,وَرِمَ,ورم,فعِل يفعِل,I,indicative,active,2d,1,تَرِمانِ
202_165,وَرِمَ,ورم,فعِل يفعِل,I,indicative,active,2mp,1,تَرِمونَ
202_165,وَرِمَ,ورم,فعِل يفعِل,I,indicative,active,2fs,1,تَرِمينَ
202_165,وَرِمَ,ورم,فعِل يفعِل,I,indicative,active,2fp,1,تَرِمْنَ
202_165,وَرِمَ,ورم,فعِل يفعِل,I,indicative,active,1s,1,أَرِمُ
202_165,وَرِمَ,ورم,فعِل يفعِل,I,indicative,active,1p,1,نَرِمُ
202_165,وَرِمَ,ورم,فعِل يفعِل,I,imperative,active,2ms,1,رِمْ
202_165,وَرِمَ,ورم,فعِل يفعِل,I,imperative,active,2d,1,رِما
202_165,وَرِمَ,ورم,فعِل يفعِل,I,imperative,active,2mp,1,رِمُوا
202_165,وَرِمَ,ورم,فعِل يفعِل,I,imperative,active,2fs,1,رِمي
202_165,وَرِمَ,ورم,فعِل يفعِل,I,imperative,active,2fp,1,رِمْنَ
203_165,وَرِثَ,ورث,فعِل يفعِل,I,past,active,3ms,1,وَرِثَ
203_165,وَرِثَ,ورث,فعِل يفعِل,I,past,active,3md,1,وَرِثا
203_165,وَرِثَ,ورث,فعِل يفعِل,I,past,active,3mp,1,وَرِثوا
203_165,وَرِثَ,ورث,فعِل يفعِل,I,past,active,3fs,1,وَرِثَتْ
203_165,وَرِثَ,ورث,فعِل يفعِل,I,past,active,3fd,1,وَرِثَتا
203_165,وَرِثَ,ورث,فعِل يفعِل,I,past,active,3fp,1,وَرِثْنَ
203_165,وَرِثَ,ورث,فعِل يفعِل,I,past,active,2ms,1,وَرِثْتَ
203_165,وَرِثَ,ورث,فعِل يفعِل,I,past,active,2d,1,وَرِثْتُما
203_165,وَرِثَ,ورث,فعِل يفعِل,I,past,active,2mp,1,وَرِثْتُمْ
203_165,وَرِثَ,ورث,فعِل يفعِل,I,past,active,2fs,1,وَرِثْتِ
203_165,وَرِثَ,ورث,فعِل يفعِل,I,past,active,2fp,1,وَرِثْتُنَّ
203_165,وَرِثَ,ورث,فعِل يفعِل,I,past,active,1s,1,وَرِثْتُ
203_165,وَرِثَ,ورث,فعِل يفعِل,I,past,active,1p,1,وَرِثْنا
203_165,وَرِثَ,ورث,فعِل يفعِل,I,indicative,active,3ms,1,يَرِثُ
203_165,وَرِثَ,ورث,فعِل يفعِل,I,indicative,active,3md,1,يَرِثَانِ
203_165,وَرِثَ,ورث,فعِل يفعِل,I,indicative,active,3mp,1,يَرِثونَ
203_165,وَرِثَ,ورث,فعِل يفعِل,I,indicative,active,3fs,1,تَرِثُ
203_165,وَرِثَ,ورث,فعِل يفعِل,I,indicative,active,3fd,1,تَرِثَانِ
203_165,وَرِثَ,ورث,فعِل يفعِل,I,indicative,active,3fp,1,يَرِثْنَ
203_165,وَرِثَ,ورث,فعِل يفعِل,I,indicative,active,2ms,1,تَرِثُ
203_165,وَرِثَ,ورث,فعِل يفعِل,I,indicative,active,2d,1,تَرِثَانِ
203_165,وَرِثَ,ورث,فعِل يفعِل,I,indicative,active,2mp,1,تَرِثونَ
203_165,وَرِثَ,ورث,فعِل يفعِل,I,indicative,active,2fs,1,تَرِثينَ
203_165,وَرِثَ,ورث,فعِل يفعِل,I,indicative,active,2fp,1,تَرِثْنَ
203_165,وَرِثَ,ورث,فعِل يفعِل,I,indicative,active,1s,1,أَرِثُ
203_165,وَرِثَ,ورث,فعِل يفعِل,I,indicative,active,1p,1,نَرِثُ
203_165,وَرِثَ,ورث,فعِل يفعِل,I,imperative,active,2ms,1,رِثْ
203_165,وَرِثَ,ورث,فعِل يفعِل,I,imperative,active,2d,1,رِثا
203_165,وَرِثَ,ورث,فعِل يفعِل,I,imperative,active,2mp,1,رِثوا
203_165,وَرِثَ,ورث,فعِل يفعِل,I,imperative,active,2fs,1,رِثي
203_165,وَرِثَ,ورث,فعِل يفعِل,I,imperative,active,2fp,1,رِثْنَ
204_165,يَئِسَ,يئس,فعِل يفعِل,I,past,active,3ms,1,يَئِسَ
204_165,يَئِسَ,يئس,فعِل يفعِل,I,past,active,3md,1,يَئِسا
204_165,يَئِسَ,يئس,فعِل يفعِل,I,past,active,3mp,1,يَئِسوا
204_165,يَئِسَ,يئس,فعِل يفعِل,I,past,active,3fs,1,يَئِسَتْ
204_165,يَئِسَ,يئس,فعِل يفعِل,I,past,active,3fd,1,يَئِسَتَا
204_165,يَئِسَ,يئس,فعِل يفعِل,I,past,active,3fp,1,يَئِسْنَ
204_165,يَئِسَ,يئس,فعِل يفعِل,I,past,active,2ms,1,يَئِسْتَ
204_165,يَئِسَ,يئس,فعِل يفعِل,I,past,active,2d,1,يَئِسْتُما
204_165,يَئِسَ,يئس,فعِل يفعِل,I,past,active,2mp,1,يَئِسْتُمْ
204_165,يَئِسَ,يئس,فعِل يفعِل,I,past,active,2fs,1,يَئِسْتِ
204_165,يَئِسَ,يئس,فعِل يفعِل,I,past,active,2fp,1,يَئِسْتُنَّ
204_165,يَئِسَ,يئس,فعِل يفعِل,I,past,active,1s,1,يَئِسْتُ
204_165,يَئِسَ,يئس,فعِل يفعِل,I,past,active,1p,1,يَئِسْنا
204_165,يَئِسَ,يئس,فعِل يفعِل,I,indicative,active,3ms,1,يَيْئِسُ
204_165,يَئِسَ,يئس,فعِل يفعِل,I,indicative,active,3md,1,يَيْئِسَانِ
204_165,يَئِسَ,يئس,فعِل يفعِل,I,indicative,active,3mp,1,يَيْئِسونَ
204_165,يَئِسَ,يئس,فعِل يفعِل,I,indicative,active,3fs,1,تَيْئِسُ
204_165,يَئِسَ,يئس,فعِل يفعِل,I,indicative,active,3fd,1,تَيْئِسَانِ
204_165,يَئِسَ,يئس,فعِل يفعِل,I,indicative,active,3fp,1,يَيْئِسْنَ
204_165,يَئِسَ,يئس,فعِل يفعِل,I,indicative,active,2ms,1,تَيْئِسُ
204_165,يَئِسَ,يئس,فعِل يفعِل,I,indicative,active,2d,1,تَيْئِسَانِ
204_165,يَئِسَ,يئس,فعِل يفعِل,I,indicative,active,2mp,1,تَيْئِسونَ
204_165,يَئِسَ,يئس,فعِل يفعِل,I,indicative,active,2fs,1,تَيْئِسِينَ
204_165,يَئِسَ,يئس,فعِل يفعِل,I,indicative,active,2fp,1,تَيْئِسْنَ
204_165,يَئِسَ,يئس,فعِل يفعِل,I,indicative,active,1s,1,أَيْئِسُ
204_165,يَئِسَ,يئس,فعِل يفعِل,I,indicative,active,1p,1,نَيْئِسُ
204_165,يَئِسَ,يئس,فعِل يفعِل,I,imperative,active,2ms,1,اِيْئِسْ
204_165,يَئِسَ,يئس,فعِل يفعِل,I,imperative,active,2d,1,اِيْئِسا
204_165,يَئِسَ,يئس,فعِل يفعِل,I,imperative,active,2mp,1,اِيْئِسوا
204_165,يَئِسَ,يئس,فعِل يفعِل,I,imperative,active,2fs,1,اِيْئِسي
204_165,يَئِسَ,يئس,فعِل يفعِل,I,imperative,active,2fp,1,اِيْئِسْنَ
205_210,تابَعَ,تبع,فاعل,III,past,active,3ms,1,تابَعَ
205_210,تابَعَ,تبع,فاعل,III,past,active,3md,1,تابَعا
205_210,تابَعَ,تبع,فاعل,III,past,active,3mp,1,تابَعوا
205_210,تابَعَ,تبع,فاعل,III,past,active,3fs,1,تابَعَتْ
205_210,تابَعَ,تبع,فاعل,III,past,active,3fd,1,تابَعَتا
205_210,تابَعَ,تبع,فاعل,III,past,active,3fp,1,تابَعْنَ
205_210,تابَعَ,تبع,فاعل,III,past,active,2ms,1,تابَعْتَ
205_210,تابَعَ,تبع,فاعل,III,past,active,2d,1,تابَعْتُما
205_210,تابَعَ,تبع,فاعل,III,past,active,2mp,1,تابَعْتُمْ
205_210,تابَعَ,تبع,فاعل,III,past,active,2fs,1,تابَعْتِ
205_210,تابَعَ,تبع,فاعل,III,past,active,2fp,1,تابَعْتُنَّ
205_210,تابَعَ,تبع,فاعل,III,past,active,1s,1,تابَعْتُ
205_210,تابَعَ,تبع,فاعل,III,past,active,1p,1,تابَعْنا
205_210,تابَعَ,تبع,فاعل,III,indicative,active,3ms,1,يُتابِعُ
205_210,تابَعَ,تبع,فاعل,III,indicative,active,3md,1,يُتابِعانِ
205_210,تابَعَ,تبع,فاعل,III,indicative,active,3mp,1,يُتابِعونَ
205_210,تابَعَ,تبع,فاعل,III,indicative,active,3fs,1,تُتابِعُ
205_210,تابَعَ,تبع,فاعل,III,indicative,active,3fd,1,تُتابِعانِ
205_210,تابَعَ,تبع,فاعل,III,indicative,active,3fp,1,يُتابِعْنَ
205_210,تابَعَ,تبع,فاعل,III,indicative,active,2ms,1,تُتابِعُ
205_210,تابَعَ,تبع,فاعل,III,indicative,active,2d,1,تُتابِعانِ
205_210,تابَعَ,تبع,فاعل,III,indicative,active,2mp,1,تُتابِعونَ
205_210,تابَعَ,تبع,فاعل,III,indicative,active,2fs,1,تُتابِعِينَ
205_210,تابَعَ,تبع,فاعل,III,indicative,active,2fp,1,تُتابِعْنَ
205_210,تابَعَ,تبع,فاعل,III,indicative,active,1s,1,أُتابِعُ
205_210,تابَعَ,تبع,فاعل,III,indicative,active,1p,1,نُتابِعُ
205_210,تابَعَ,تبع,فاعل,III,imperative,active,2ms,1,تابِعْ
205_210,تابَعَ,تبع,فاعل,III,imperative,active,2d,1,تابِعا
205_210,تابَعَ,تبع,فاعل,III,imperative,active,2mp,1,تابِعوا
205_210,تابَعَ,تبع,فاعل,III,imperative,active,2fs,1,تابِعِي
205_210,تابَعَ,تبع,فاعل,III,imperative,active,2fp,1,تابِعْنَ
206_210,غادَرَ,غدر,فاعل,III,past,active,3ms,1,غادَرَ
206_210,غادَرَ,غدر,فاعل,III,past,active,3md,1,غادَرا
206_210,غادَرَ,غدر,فاعل,III,past,active,3mp,1,غادَروا
206_210,غادَرَ,غدر,فاعل,III,past,active,3fs,1,غادَرَتْ
206_210,غادَرَ,غدر,فاعل,III,past,active,3fd,1,غادَرَتا
206_210,غادَرَ,غدر,فاعل,III,past,active,3fp,1,غادَرْنَ
206_210,غادَرَ,غدر,فاعل,III,past,active,2ms,1,غادَرْتَ
206_210,غادَرَ,غدر,فاعل,III,past,active,2d,1,غادَرْتُما
206_210,غادَرَ,غدر,فاعل,III,past,active,2mp,1,غادَرْتُمْ
206_210,غادَرَ,غدر,فاعل,III,past,active,2fs,1,غادَرْتِ
206_210,غادَرَ,غدر,فاعل,III,past,active,2fp,1,غادَرْتُنَّ
206_210,غادَرَ,غدر,فاعل,III,past,active,1s,1,غادَرْتُ
206_210,غادَرَ,غدر,فاعل,III,past,active,1p,1,غادَرْنا
206_210,غادَرَ,غدر,فاعل,III,indicative,active,3ms,1,يُغادِرُ
206_210,غادَرَ,غدر,فاعل,III,indicative,active,3md,1,يُغادِرانِ
206_210,غادَرَ,غدر,فاعل,III,indicative,active,3mp,1,يُغادِرونَ
206_210,غادَرَ,غدر,فاعل,III,indicative,active,3fs,1,تُغادِرُ
206_210,غادَرَ,غدر,فاعل,III,indicative,active,3fd,1,تُغادِرانِ
206_210,غادَرَ,غدر,فاعل,III,indicative,active,3fp,1,يُغادِرْنَ
206_210,غادَرَ,غدر,فاعل,III,indicative,active,2ms,1,تُغادِرُ
206_210,غادَرَ,غدر,فاعل,III,indicative,active,2d,1,تُغادِرانِ
206_210,غادَرَ,غدر,فاعل,III,indicative,active,2mp,1,تُغادِرونَ
206_210,غادَرَ,غدر,فاعل,III,indicative,active,2fs,1,تُغادِرينَ
206_210,غادَرَ,غدر,فاعل,III,indicative,active,2fp,1,تُغادِرْنَ
206_210,غادَرَ,غدر,فاعل,III,indicative,active,1s,1,أُغادِرُ
206_210,غادَرَ,غدر,فاعل,III,indicative,active,1p,1,نُغادِرُ
206_210,غادَرَ,غدر,فاعل,III,imperative,active,2ms,1,غادِرْ
206_210,غادَرَ,غدر,فاعل,III,imperative,active,2d,1,غادِرا
206_210,غادَرَ,غدر,فاعل,III,imperative,active,2mp,1,غادِروا
206_210,غادَرَ,غدر,فاعل,III,imperative,active,2fs,1,غادِرِي
206_210,غادَرَ,غدر,فاعل,III,imperative,active,2fp,1,غادِرْنَ
207_211,ضارَّ,ضرر,فاعل,III,past,active,3ms,1,ضارَّ
207_211,ضارَّ,ضرر,فاعل,III,past,active,3md,1,ضارَّا
207_211,ضارَّ,ضرر,فاعل,III,past,active,3mp,1,ضارُّوا
207_211,ضارَّ,ضرر,فاعل,III,past,active,3fs,1,ضارَّتْ
207_211,ضارَّ,ضرر,فاعل,III,past,active,3fd,1,ضارَّتا
207_211,ضارَّ,ضرر,فاعل,III,past,active,3fp,1,ضارَرْنَ
207_211,ضارَّ,ضرر,فاعل,III,past,active,2ms,1,ضارَرْتَ
207_211,ضارَّ,ضرر,فاعل,III,past,active,2d,1,ضارَرْتُما
207_211,ضارَّ,ضرر,فاعل,III,past,active,2mp,1,ضارَرْتُمْ
207_211,ضارَّ,ضرر,فاعل,III,past,active,2fs,1,ضارَرْتِ
207_211,ضارَّ,ضرر,فاعل,III,past,active,2fp,1,ضارَرْتُنَّ
207_211,ضارَّ,ضرر,فاعل,III,past,active,1s,1,ضارَرْتُ
207_211,ضارَّ,ضرر,فاعل,III,past,active,1p,1,ضارَرْنا
207_211,ضارَّ,ضرر,فاعل,III,indicative,active,3ms,1,يُضارُّ
207_211,ضارَّ,ضرر,فاعل,III,indicative,active,3md,1,يُضارَّانِ
207_211,ضارَّ,ضرر,فاعل,III,indicative,active,3mp,1,يُضارُّونَ
207_211,ضارَّ,ضرر,فاعل,III,indicative,active,3fs,1,تُضارُّ
207_211,ضارَّ,ضرر,فاعل,III,indicative,active,3fd,1,تُضارَّانِ
207_211,ضارَّ,ضرر,فاعل,III,indicative,active,3fp,1,يُضارِرْنَ
207_211,ضارَّ,ضرر,فاعل,III,indicative,active,2ms,1,تُضارُّ
207_211,ضارَّ,ضرر,فاعل,III,indicative,active,2d,1,تُضارَّانِ
207_211,ضارَّ,ضرر,فاعل,III,indicative,active,2mp,1,تُضارُّونَ
207_211,ضارَّ,ضرر,فاعل,III,indicative,active,2fs,1,تُضارّينَ
207_211,ضارَّ,ضرر,فاعل,III,indicative,active,2fp,1,تُضارِرْنَ
207_211,ضارَّ,ضرر,فاعل,III,indicative,active,1s,1,أُضارُّ
207_211,ضارَّ,ضرر,فاعل,III,indicative,active,1p,1,نُضارُّ
207_211,ضارَّ,ضرر,فاعل,III,imperative,active,2ms,1,ضارِرْ
207_211,ضارَّ,ضرر,فاعل,III,imperative,active,2d,1,ضارَّا
207_211,ضارَّ,ضرر,فاعل,III,imperative,active,2mp,1,ضارُّوا
207_211,ضارَّ,ضرر,فاعل,III,imperative,active,2fs,1,ضارِّي
207_211,ضارَّ,ضرر,فاعل,III,imperative,active,2fp,1,ضارِرْنَ
208_211,شادَّ,شدد,فاعل,III,past,active,3ms,1,شادَّ
208_211,شادَّ,شدد,فاعل,III,past,active,3md,1,شادَّا
208_211,شادَّ,شدد,فاعل,III,past,active,3mp,1,شادُّوا
208_211,شادَّ,شدد,فاعل,III,past,active,3fs,1,شادَّتْ
208_211,شادَّ,شدد,فاعل,III,past,active,3fd,1,شادَّتا
208_211,شادَّ,شدد,فاعل,III,past,active,3fp,1,شادَدْنَ
208_211,شادَّ,شدد,فاعل,III,past,active,2ms,1,شادَدْتَ
208_211,شادَّ,شدد,فاعل,III,past,active,2d,1,شادَدْتُما
208_211,شادَّ,شدد,فاعل,III,past,active,2mp,1,شادَدْتُمْ
208_211,شادَّ,شدد,فاعل,III,past,active,2fs,1,شادَدْتِ
208_211,شادَّ,شدد,فاعل,III,past,active,2fp,1,شادَدْتُنَّ
208_211,شادَّ,شدد,فاعل,III,past,active,1s,1,شادَدْتُ
208_211,شادَّ,شدد,فاعل,III,past,active,1p,1,شادَدْنا
208_211,شادَّ,شدد,فاعل,III,indicative,active,3ms,1,يُشادُّ
208_211,شادَّ,شدد,فاعل,III,indicative,active,3md,1,يُشادَّانِ
208_211,شادَّ,شدد,فاعل,III,indicative,active,3mp,1,يُشادُّونَ
208_211,شادَّ,شدد,فاعل,III,indicative,active,3fs,1,تُشادُّ
208_211,شادَّ,شدد,فاعل,III,indicative,active,3fd,1,تُشادَّانِ
208_211,شادَّ,شدد,فاعل,III,indicative,active,3fp,1,يُشادِدْنَ
208_211,شادَّ,شدد,فاعل,III,indicative,active,2ms,1,تُشادُّ
208_211,شادَّ,شدد,فاعل,III,indicative,active,2d,1,تُشادَّانِ
208_211,شادَّ,شدد,فاعل,III,indicative,active,2mp,1,تُشادُّونَ
208_211,شادَّ,شدد,فاعل,III,indicative,active,2fs,1,تُشادِّينَ
208_211,شادَّ,شدد,فاعل,III,indicative,active,2fp,1,تُشادِدْنَ
208_211,شادَّ,شدد,فاعل,III,indicative,active,1s,1,أُشادُّ
208_211,شادَّ,شدد,فاعل,III,indicative,active,1p,1,نُشادُّ
208_211,شادَّ,شدد,فاعل,III,imperative,active,2ms,1,شادِدْ
208_211,شادَّ,شدد,فاعل,III,imperative,active,2d,1,شادَّا
208_211,شادَّ,شدد,فاعل,III,imperative,active,2mp,1,شادُّوا
208_211,شادَّ,شدد,فاعل,III,imperative,active,2fs,1,شادِّي
208_211,شادَّ,شدد,فاعل,III,imperative,active,2fp,1,شادِدْنَ
209_214,كافَأَ,كفأ,فاعل,III,past,active,3ms,1,كافَأَ
209_214,كافَأَ,كفأ,فاعل,III,past,active,3md,1,كافَآ
209_214,كافَأَ,كفأ,فاعل,III,past,active,3mp,1,كافَؤُوا
209_214,كافَأَ,كفأ,فاعل,III,past,active,3fs,1,كافَأَتْ
209_214,كافَأَ,كفأ,فاعل,III,past,active,3fd,1,كافَأَتا
209_214,كافَأَ,كفأ,فاعل,III,past,active,3fp,1,كافَأْنَ
209_214,كافَأَ,كفأ,فاعل,III,past,active,2ms,1,كافَأْتَ
209_214,كافَأَ,كفأ,فاعل,III,past,active,2d,1,كافَأْتُما
209_214,كافَأَ,كفأ,فاعل,III,past,active,2mp,1,كافَأْتُمْ
209_214,كافَأَ,كفأ,فاعل,III,past,active,2fs,1,كافَأْتِ
209_214,كافَأَ,كفأ,فاعل,III,past,active,2fp,1,كافَأْتُنَّ
209_214,كافَأَ,كفأ,فاعل,III,past,active,1s,1,كافَأْتُ
209_214,كافَأَ,كفأ,فاعل,III,past,active,1p,1,كافَأْنا
209_214,كافَأَ,كفأ,فاعل,III,indicative,active,3ms,1,يُكافِئُ
209_214,كافَأَ,كفأ,فاعل,III,indicative,active,3md,1,يُكافِئانِ
209_214,كافَأَ,كفأ,فاعل,III,indicative,active,3mp,1,يُكافِئُونَ
209_214,كافَأَ,كفأ,فاعل,III,indicative,active,3fs,1,تُكافِئُ
209_214,كافَأَ,كفأ,فاعل,III,indicative,active,3fd,1,تُكافِئانِ
209_214,كافَأَ,كفأ,فاعل,III,indicative,active,3fp,1,يُكافِئْنَ
209_214,كافَأَ,كفأ,فاعل,III,indicative,active,2ms,1,تُكافِئُ
209_214,كافَأَ,كفأ,فاعل,III,indicative,active,2d,1,تُكافِئانِ
209_214,كافَأَ,كفأ,فاعل,III,indicative,active,2mp,1,تُكافِئُونَ
209_214,كافَأَ,كفأ,فاعل,III,indicative,active,2fs,1,تُكافِئِينَ
209_214,كافَأَ,كفأ,فاعل,III,indicative,active,2fp,1,تُكافِئْنَ
209_214,كافَأَ,كفأ,فاعل,III,indicative,active,1s,1,أُكافِئُ
209_214,كافَأَ,كفأ,فاعل,III,indicative,active,1p,1,نُكافِئُ
209_214,كافَأَ,كفأ,فاعل,III,imperative,active,2ms,1,كافِئْ
209_214,كافَأَ,كفأ,فاعل,III,imperative,active,2d,1,كافِئَا
209_214,كافَأَ,كفأ,فاعل,III,imperative,active,2mp,1,كافِئُوا
209_214,كافَأَ,كفأ,فاعل,III,imperative,active,2fs,1,كافِئِي
209_214,كافَأَ,كفأ,فاعل,III,imperative,active,2fp,1,كافِئْنَ
210_215,وَاجَبَ,وجب,فاعل,III,past,active,3ms,1,وَاجَبَ
210_215,وَاجَبَ,وجب,فاعل,III,past,active,3md,1,وَاجَبا
210_215,وَاجَبَ,وجب,فاعل,III,past,active,3mp,1,وَاجَبوا
210_215,وَاجَبَ,وجب,فاعل,III,past,active,3fs,1,وَاجَبَتْ
210_215,وَاجَبَ,وجب,فاعل,III,past,active,3fd,1,وَاجَبَتَا
210_215,وَاجَبَ,وجب,فاعل,III,past,active,3fp,1,وَاجَبْنَ
210_215,وَاجَبَ,وجب,فاعل,III,past,active,2ms,1,وَاجَبْتَ
210_215,وَاجَبَ,وجب,فاعل,III,past,active,2d,1,وَاجَبْتُما
210_215,وَاجَبَ,وجب,فاعل,III,past,active,2mp,1,وَاجَبْتُمْ
210_215,وَاجَبَ,وجب,فاعل,III,past,active,2fs,1,وَاجَبْتِ
210_215,وَاجَبَ,وجب,فاعل,III,past,active,2fp,1,وَاجَبْتُنَّ
210_215,وَاجَبَ,وجب,فاعل,III,past,active,1s,1,وَاجَبْتُ
210_215,وَاجَبَ,وجب,فاعل,III,past,active,1p,1,وَاجَبْنَا
210_215,وَاجَبَ,وجب,فاعل,III,indicative,active,3ms,1,يُوَاجِبُ
210_215,وَاجَبَ,وجب,فاعل,III,indicative,active,3md,1,يُوَاجِبانِ
210_215,وَاجَبَ,وجب,فاعل,III,indicative,active,3mp,1,يُوَاجِبونَ
210_215,وَاجَبَ,وجب,فاعل,III,indicative,active,3fs,1,تُوَاجِبُ
210_215,وَاجَبَ,وجب,فاعل,III,indicative,active,3fd,1,تُوَاجِبانِ
210_215,وَاجَبَ,وجب,فاعل,III,indicative,active,3fp,1,يُوَاجِبْنَ
210_215,وَاجَبَ,وجب,فاعل,III,indicative,active,2ms,1,تُوَاجِبُ
210_215,وَاجَبَ,وجب,فاعل,III,indicative,active,2d,1,تُوَاجِبانِ
210_215,وَاجَبَ,وجب,فاعل,III,indicative,active,2mp,1,تُوَاجِبونَ
210_215,وَاجَبَ,وجب,فاعل,III,indicative,active,2fs,1,تُوَاجِبِينَ
210_215,وَاجَبَ,وجب,فاعل,III,indicative,active,2fp,1,تُوَاجِبْنَ
210_215,وَاجَبَ,وجب,فاعل,III,indicative,active,1s,1,أُوَاجِبُ
210_215,وَاجَبَ,وجب,فاعل,III,indicative,active,1p,1,نُوَاجِبُ
210_215,وَاجَبَ,وجب,فاعل,III,imperative,active,2ms,1,وَاجِبْ
210_215,وَاجَبَ,وجب,فاعل,III,imperative,active,2d,1,وَاجِبا
210_215,وَاجَبَ,وجب,فاعل,III,imperative,active,2mp,1,وَاجِبوا
210_215,وَاجَبَ,وجب,فاعل,III,imperative,active,2fs,1,وَاجِبي
210_215,وَاجَبَ,وجب,فاعل,III,imperative,active,2fp,1,وَاجِبْنَ
211_215,يَاسَرَ,يسر,فاعل,III,past,active,3ms,1,يَاسَرَ
211_215,يَاسَرَ,يسر,فاعل,III,past,active,3md,1,يَاسَرا
211_215,يَاسَرَ,يسر,فاعل,III,past,active,3mp,1,يَاسَروا
211_215,يَاسَرَ,يسر,فاعل,III,past,active,3fs,1,يَاسَرَتْ
211_215,يَاسَرَ,يسر,فاعل,III,past,active,3fd,1,يَاسَرَتَا
211_215,يَاسَرَ,يسر,فاعل,III,past,active,3fp,1,يَاسَرْنَ
211_215,يَاسَرَ,يسر,فاعل,III,past,active,2ms,1,يَاسَرْتَ
211_215,يَاسَرَ,يسر,فاعل,III,past,active,2d,1,يَاسَرْتُما
211_215,يَاسَرَ,يسر,فاعل,III,past,active,2mp,1,يَاسَرْتُمْ
211_215,يَاسَرَ,يسر,فاعل,III,past,active,2fs,1,يَاسَرْتِ
211_215,يَاسَرَ,يسر,فاعل,III,past,active,2fp,1,يَاسَرْتُنَّ
211_215,يَاسَرَ,يسر,فاعل,III,past,active,1s,1,يَاسَرْتُ
211_215,يَاسَرَ,يسر,فاعل,III,past,active,1p,1,يَاسَرْنا
211_215,يَاسَرَ,يسر,فاعل,III,indicative,active,3ms,1,يُيَاسِرُ
211_215,يَاسَرَ,يسر,فاعل,III,indicative,active,3md,1,يُيَاسِرانِ
211_215,يَاسَرَ,يسر,فاعل,III,indicative,active,3mp,1,يُيَاسِرونَ
211_215,يَاسَرَ,يسر,فاعل,III,indicative,active,3fs,1,تُيَاسِرُ
211_215,يَاسَرَ,يسر,فاعل,III,indicative,active,3fd,1,تُيَاسِرانِ
211_215,يَاسَرَ,يسر,فاعل,III,indicative,active,3fp,1,يُيَاسِرْنَ
211_215,يَاسَرَ,يسر,فاعل,III,indicative,active,2ms,1,تُيَاسِرُ
211_215,يَاسَرَ,يسر,فاعل,III,indicative,active,2d,1,تُيَاسِرانِ
211_215,يَاسَرَ,يسر,فاعل,III,indicative,active,2mp,1,تُيَاسِرونَ
211_215,يَاسَرَ,يسر,فاعل,III,indicative,active,2fs,1,تُيَاسِرِينَ
211_215,يَاسَرَ,يسر,فاعل,III,indicative,active,2fp,1,تُيَاسِرْنَ
211_215,يَاسَرَ,يسر,فاعل,III,indicative,active,1s,1,أُيَاسِرُ
211_215,يَاسَرَ,يسر,فاعل,III,indicative,active,1p,1,نُيَاسِرُ
211_215,يَاسَرَ,يسر,فاعل,III,imperative,active,2ms,1,يَاسِرْ
211_215,يَاسَرَ,يسر,فاعل,III,imperative,active,2d,1,يَاسِرا
211_215,يَاسَرَ,يسر,فاعل,III,imperative,active,2mp,1,يَاسِروا
211_215,يَاسَرَ,يسر,فاعل,III,imperative,active,2fs,1,يَاسِري
211_215,يَاسَرَ,يسر,فاعل,III,imperative,active,2fp,1,يَاسِرْنَ
212_216,جاوَبَ,جوب,فاعل,III,past,active,3ms,1,جاوَبَ
212_216,جاوَبَ,جوب,فاعل,III,past,active,3md,1,جاوَبا
212_216,جاوَبَ,جوب,فاعل,III,past,active,3mp,1,جاوَبوا
212_216,جاوَبَ,جوب,فاعل,III,past,active,3fs,1,جاوَبَتْ
212_216,جاوَبَ,جوب,فاعل,III,past,active,3fd,1,جاوَبَتَا
212_216,جاوَبَ,جوب,فاعل,III,past,active,3fp,1,جاوَبْنَ
212_216,جاوَبَ,جوب,فاعل,III,past,active,2ms,1,جاوَبْتَ
212_216,جاوَبَ,جوب,فاعل,III,past,active,2d,1,جاوَبْتُما
212_216,جاوَبَ,جوب,فاعل,III,past,active,2mp,1,جاوَبْتُمْ
212_216,جاوَبَ,جوب,فاعل,III,past,active,2fs,1,جاوَبْتِ
212_216,جاوَبَ,جوب,فاعل,III,past,active,2fp,1,جاوَبْتُنَّ
212_216,جاوَبَ,جوب,فاعل,III,past,active,1s,1,جاوَبْتُ
212_216,جاوَبَ,جوب,فاعل,III,past,active,1p,1,جاوَبْنا
212_216,جاوَبَ,جوب,فاعل,III,indicative,active,3ms,1,يُجاوِبُ
212_216,جاوَبَ,جوب,فاعل,III,indicative,active,3md,1,يُجاوِبانِ
212_216,جاوَبَ,جوب,فاعل,III,indicative,active,3mp,1,يُجاوِبونَ
212_216,جاوَبَ,جوب,فاعل,III,indicative,active,3fs,1,تُجاوِبُ
212_216,جاوَبَ,جوب,فاعل,III,indicative,active,3fd,1,تُجاوِبانِ
212_216,جاوَبَ,جوب,فاعل,III,indicative,active,3fp,1,يُجاوِبْنَ
212_216,جاوَبَ,جوب,فاعل,III,indicative,active,2ms,1,تُجاوِبُ
212_216,جاوَبَ,جوب,فاعل,III,indicative,active,2d,1,تُجاوِبانِ
212_216,جاوَبَ,جوب,فاعل,III,indicative,active,2mp,1,تُجاوِبونَ
212_216,جاوَبَ,جوب,فاعل,III,indicative,active,2fs,1,تُجاوِبينَ
212_216,جاوَبَ,جوب,فاعل,III,indicative,active,2fp,1,تُجاوِبْنَ
212_216,جاوَبَ,جوب,فاعل,III,indicative,active,1s,1,أُجاوِبُ
212_216,جاوَبَ,جوب,فاعل,III,indicative,active,1p,1,نُجاوِبُ
212_216,جاوَبَ,جوب,فاعل,III,imperative,active,2ms,1,جاوِبْ
212_216,جاوَبَ,جوب,فاعل,III,imperative,active,2d,1,جاوِبا
212_216,جاوَبَ,جوب,فاعل,III,imperative,active,2mp,1,جاوِبوا
212_216,جاوَبَ,جوب,فاعل,III,imperative,active,2fs,1,جاوِبي
212_216,جاوَبَ,جوب,فاعل,III,imperative,active,2fp,1,جاوِبْنَ
213_216,بايَعَ,بيع,فاعل,III,past,active,3ms,1,بايَعَ
213_216,بايَعَ,بيع,فاعل,III,past,active,3md,1,بايَعا
213_216,بايَعَ,بيع,فاعل,III,past,active,3mp,1,بايَعوا
213_216,بايَعَ,بيع,فاعل,III,past,active,3fs,1,بايَعَتْ
213_216,بايَعَ,بيع,فاعل,III,past,active,3fd,1,بايَعَتا
213_216,بايَعَ,بيع,فاعل,III,past,active,3fp,1,بايَعْنَ
213_216,بايَعَ,بيع,فاعل,III,past,active,2ms,1,بايَعْتَ
213_216,بايَعَ,بيع,فاعل,III,past,active,2d,1,بايَعْتُما
213_216,بايَعَ,بيع,فاعل,III,past,active,2mp,1,بايَعْتُمْ
213_216,بايَعَ,بيع,فاعل,III,past,active,2fs,1,بايَعْتِ
213_216,بايَعَ,بيع,فاعل,III,past,active,2fp,1,بايَعْتُنَّ
213_216,بايَعَ,بيع,فاعل,III,past,active,1s,1,بايَعْتُ
213_216,بايَعَ,بيع,فاعل,III,past,active,1p,1,بايَعْنا
213_216,بايَعَ,بيع,فاعل,III,indicative,active,3ms,1,يُبايِعُ
213_216,بايَعَ,بيع,فاعل,III,indicative,active,3md,1,يُبايِعانِ
213_216,بايَعَ,بيع,فاعل,III,indicative,active,3mp,1,يُبايِعونَ
213_216,بايَعَ,بيع,فاعل,III,indicative,active,3fs,1,تُبايِعُ
213_216,بايَعَ,بيع,فاعل,III,indicative,active,3fd,1,تُبايِعانِ
213_216,بايَعَ,بيع,فاعل,III,indicative,active,3fp,1,يُبايِعْنَ
213_216,بايَعَ,بيع,فاعل,III,indicative,active,2ms,1,تُبايِعُ
213_216,بايَعَ,بيع,فاعل,III,indicative,active,2d,1,تُبايِعانِ
213_216,بايَعَ,بيع,فاعل,III,indicative,active,2mp,1,تُبايِعونَ
213_216,بايَعَ,بيع,فاعل,III,indicative,active,2fs,1,تُبايِعينَ
213_216,بايَعَ,بيع,فاعل,III,indicative,active,2fp,1,تُبايِعْنَ
213_216,بايَعَ,بيع,فاعل,III,indicative,active,1s,1,أُبايِعُ
213_216,بايَعَ,بيع,فاعل,III,indicative,active,1p,1,نُبايِعُ
213_216,بايَعَ,بيع,فاعل,III,imperative,active,2ms,1,بايِعْ
213_216,بايَعَ,بيع,فاعل,III,imperative,active,2d,1,بايِعا
213_216,بايَعَ,بيع,فاعل,III,imperative,active,2mp,1,بايِعوا
213_216,بايَعَ,بيع,فاعل,III,imperative,active,2fs,1,بايِعي
213_216,بايَعَ,بيع,فاعل,III,imperative,active,2fp,1,بايِعْنَ
214_219,داوَى,دوي,فاعل,III,past,active,3ms,1,داوَى
214_219,داوَى,دوي,فاعل,III,past,active,3md,1,داوَيا
214_219,داوَى,دوي,فاعل,III,past,active,3mp,1,داوَوْا
214_219,داوَى,دوي,فاعل,III,past,active,3fs,1,داوَتْ
214_219,داوَى,دوي,فاعل,III,past,active,3fd,1,داوَتا
214_219,داوَى,دوي,فاعل,III,past,active,3fp,1,داوَيْنَ
214_219,داوَى,دوي,فاعل,III,past,active,2ms,1,داوَيْتَ
214_219,داوَى,دوي,فاعل,III,past,active,2d,1,داوَيْتُما
214_219,داوَى,دوي,فاعل,III,past,active,2mp,1,داوَيْتُمْ
214_219,داوَى,دوي,فاعل,III,past,active,2fs,1,داوَيْتِ
214_219,داوَى,دوي,فاعل,III,past,active,2fp,1,داوَيْتُنَّ
214_219,داوَى,دوي,فاعل,III,past,active,1s,1,داوَيْتُ
214_219,داوَى,دوي,فاعل,III,past,active,1p,1,داوَيْنا
214_219,داوَى,دوي,فاعل,III,indicative,active,3ms,1,يُداوي
214_219,داوَى,دوي,فاعل,III,indicative,active,3md,1,يُداوِيانِ
214_219,داوَى,دوي,فاعل,III,indicative,active,3mp,1,يُداوونَ
214_219,داوَى,دوي,فاعل,III,indicative,active,3fs,1,تُداوي
214_219,داوَى,دوي,فاعل,III,indicative,active,3fd,1,تُداوِيانِ
214_219,داوَى,دوي,فاعل,III,indicative,active,3fp,1,يُداوينَ
214_219,داوَى,دوي,فاعل,III,indicative,active,2ms,1,تُداوي
214_219,داوَى,دوي,فاعل,III,indicative,active,2d,1,تُداوِيانِ
214_219,داوَى,دوي,فاعل,III,indicative,active,2mp,1,تُداوونَ
214_219,داوَى,دوي,فاعل,III,indicative,active,2fs,1,تُداوينَ
214_219,داوَى,دوي,فاعل,III,indicative,active,2fp,1,تُداوينَ
214_219,داوَى,دوي,فاعل,III,indicative,active,1s,1,أُداوي
214_219,داوَى,دوي,فاعل,III,indicative,active,1p,1,نُداوي
214_219,داوَى,دوي,فاعل,III,imperative,active,2ms,1,داوِ
214_219,داوَى,دوي,فاعل,III,imperative,active,2d,1,داويا
214_219,داوَى,دوي,فاعل,III,imperative,active,2mp,1,داوُوا
214_219,داوَى,دوي,فاعل,III,imperative,active,2fs,1,داوي
214_219,داوَى,دوي,فاعل,III,imperative,active,2fp,1,داوينَ
215_220,أَثْبَتَ,ثبت,أفعل,IV,past,active,3ms,1,أَثْبَتَ
215_220,أَثْبَتَ,ثبت,أفعل,IV,past,active,3md,1,أَثْبَتا
215_220,أَثْبَتَ,ثبت,أفعل,IV,past,active,3mp,1,أَثْبَتوا
215_220,أَثْبَتَ,ثبت,أفعل,IV,past,active,3fs,1,أَثْبَتَتْ
215_220,أَثْبَتَ,ثبت,أفعل,IV,past,active,3fd,1,أَثْبَتَتا
215_220,أَثْبَتَ,ثبت,أفعل,IV,past,active,3fp,1,أَثْبَتْنَ
215_220,أَثْبَتَ,ثبت,أفعل,IV,past,active,2ms,1,أَثْبَتَّ
215_220,أَثْبَتَ,ثبت,أفعل,IV,past,active,2d,1,أَثْبَتُّما
215_220,أَثْبَتَ,ثبت,أفعل,IV,past,active,2mp,1,أَثْبَتُّمْ
215_220,أَثْبَتَ,ثبت,أفعل,IV,past,active,2fs,1,أَثْبَتِّ
215_220,أَثْبَتَ,ثبت,أفعل,IV,past,active,2fp,1,أَثْبَتُّنَّ
215_220,أَثْبَتَ,ثبت,أفعل,IV,past,active,1s,1,أَثْبَتُّ
215_220,أَثْبَتَ,ثبت,أفعل,IV,past,active,1p,1,أَثْبَتْنا
215_220,أَثْبَتَ,ثبت,أفعل,IV,indicative,active,3ms,1,يُثْبِتُ
215_220,أَثْبَتَ,ثبت,أفعل,IV,indicative,active,3md,1,يُثْبِتانِ
215_220,أَثْبَتَ,ثبت,أفعل,IV,indicative,active,3mp,1,يُثْبِتونَ
215_220,أَثْبَتَ,ثبت,أفعل,IV,indicative,active,3fs,1,تُثْبِتُ
215_220,أَثْبَتَ,ثبت,أفعل,IV,indicative,active,3fd,1,تُثْبِتانِ
215_220,أَثْبَتَ,ثبت,أفعل,IV,indicative,active,3fp,1,يُثْبِتْنَ
215_220,أَثْبَتَ,ثبت,أفعل,IV,indicative,active,2ms,1,تُثْبِتُ
215_220,أَثْبَتَ,ثبت,أفعل,IV,indicative,active,2d,1,تُثْبِتانِ
215_220,أَثْبَتَ,ثبت,أفعل,IV,indicative,active,2mp,1,تُثْبِتونَ
215_220,أَثْبَتَ,ثبت,أفعل,IV,indicative,active,2fs,1,تُثْبِتينَ
215_220,أَثْبَتَ,ثبت,أفعل,IV,indicative,active,2fp,1,تُثْبِتْنَ
215_220,أَثْبَتَ,ثبت,أفعل,IV,indicative,active,1s,1,أُثْبِتُ
215_220,أَثْبَتَ,ثبت,أفعل,IV,indicative,active,1p,1,نُثْبِتُ
215_220,أَثْبَتَ,ثبت,أفعل,IV,imperative,active,2ms,1,أَثْبِتْ
215_220,أَثْبَتَ,ثبت,أفعل,IV,imperative,active,2d,1,أَثْبِتا
215_220,أَثْبَتَ,ثبت,أفعل,IV,imperative,active,2mp,1,أَثْبِتوا
215_220,أَثْبَتَ,ثبت,أفعل,IV,imperative,active,2fs,1,أَثْبِتي
215_220,أَثْبَتَ,ثبت,أفعل,IV,imperative,active,2fp,1,أَثْبِتْنَ
216_220,أَعْرَبَ,عرب,أفعل,IV,past,active,3ms,1,أَعْرَبَ
216_220,أَعْرَبَ,عرب,أفعل,IV,past,active,3md,1,أَعْرَبا
216_220,أَعْرَبَ,عرب,أفعل,IV,past,active,3mp,1,أَعْرَبوا
216_220,أَعْرَبَ,عرب,أفعل,IV,past,active,3fs,1,أَعْرَبَتْ
216_220,أَعْرَبَ,عرب,أفعل,IV,past,active,3fd,1,أَعْرَبَتا
216_220,أَعْرَبَ,عرب,أفعل,IV,past,active,3fp,1,أَعْرَبْنَ
216_220,أَعْرَبَ,عرب,أفعل,IV,past,active,2ms,1,أَعْرَبْتَ
216_220,أَعْرَبَ,عرب,أفعل,IV,past,active,2d,1,أَعْرَبْتُما
216_220,أَعْرَبَ,عرب,أفعل,IV,past,active,2mp,1,أَعْرَبْتُمْ
216_220,أَعْرَبَ,عرب,أفعل,IV,past,active,2fs,1,أَعْرَبْتِ
216_220,أَعْرَبَ,عرب,أفعل,IV,past,active,2fp,1,أَعْرَبْتُنَّ
216_220,أَعْرَبَ,عرب,أفعل,IV,past,active,1s,1,أَعْرَبْتُ
216_220,أَعْرَبَ,عرب,أفعل,IV,past,active,1p,1,أَعْرَبْنا
216_220,أَعْرَبَ,عرب,أفعل,IV,indicative,active,3ms,1,يُعْرِبُ
216_220,أَعْرَبَ,عرب,أفعل,IV,indicative,active,3md,1,يُعْرِبانِ
216_220,أَعْرَبَ,عرب,أفعل,IV,indicative,active,3mp,1,يُعْرِبونَ
216_220,أَعْرَبَ,عرب,أفعل,IV,indicative,active,3fs,1,تُعْرِبُ
216_220,أَعْرَبَ,عرب,أفعل,IV,indicative,active,3fd,1,تُعْرِبانِ
216_220,أَعْرَبَ,عرب,أفعل,IV,indicative,active,3fp,1,يُعْرِبْنَ
216_220,أَعْرَبَ,عرب,أفعل,IV,indicative,active,2ms,1,تُعْرِبُ
216_220,أَعْرَبَ,عرب,أفعل,IV,indicative,active,2d,1,تُعْرِبانِ
216_220,أَعْرَبَ,عرب,أفعل,IV,indicative,active,2mp,1,تُعْرِبونَ
216_220,أَعْرَبَ,عرب,أفعل,IV,indicative,active,2fs,1,تُعْرِبينَ
216_220,أَعْرَبَ,عرب,أفعل,IV,indicative,active,2fp,1,تُعْرِبْنَ
216_220,أَعْرَبَ,عرب,أفعل,IV,indicative,active,1s,1,أُعْرِبُ
216_220,أَعْرَبَ,عرب,أفعل,IV,indicative,active,1p,1,نُعْرِبُ
216_220,أَعْرَبَ,عرب,أفعل,IV,imperative,active,2ms,1,أَعْرِبْ
216_220,أَعْرَبَ,عرب,أفعل,IV,imperative,active,2d,1,أَعْرِبا
216_220,أَعْرَبَ,عرب,أفعل,IV,imperative,active,2mp,1,أَعْرِبوا
216_220,أَعْرَبَ,عرب,أفعل,IV,imperative,active,2fs,1,أَعْرِبي
216_220,أَعْرَبَ,عرب,أفعل,IV,imperative,active,2fp,1,أَعْرِبْنَ
217_221,أَحَبَّ,حبب,أفعل,IV,past,active,3ms,1,أَحَبَّ
217_221,أَحَبَّ,حبب,أفعل,IV,past,active,3md,1,أَحَبَّا
217_221,أَحَبَّ,حبب,أفعل,IV,past,active,3mp,1,أَحَبّوا
217_221,أَحَبَّ,حبب,أفعل,IV,past,active,3fs,1,أَحَبَّتْ
217_221,أَحَبَّ,حبب,أفعل,IV,past,active,3fd,1,أَحَبَّتا
217_221,أَحَبَّ,حبب,أفعل,IV,past,active,3fp,1,أَحْبَبْنَ
217_221,أَحَبَّ,حبب,أفعل,IV,past,active,2ms,1,أَحْبَبْتَ
217_221,أَحَبَّ,حبب,أفعل,IV,past,active,2d,1,أَحْبَبْتُما
217_221,أَحَبَّ,حبب,أفعل,IV,past,active,2mp,1,أَحْبَبْتُمْ
217_221,أَحَبَّ,حبب,أفعل,IV,past,active,2fs,1,أَحْبَبْتِ
217_221,أَحَبَّ,حبب,أفعل,IV,past,active,2fp,1,أَحْبَبْتُنَّ
217_221,أَحَبَّ,حبب,أفعل,IV,past,active,1s,1,أَحْبَبْتُ
217_221,أَحَبَّ,حبب,أفعل,IV,past,active,1p,1,أَحْبَبْنا
217_221,أَحَبَّ,حبب,أفعل,IV,indicative,active,3ms,1,يُحِبُّ
217_221,أَحَبَّ,حبب,أفعل,IV,indicative,active,3md,1,يُحِبّانِ
217_221,أَحَبَّ,حبب,أفعل,IV,indicative,active,3mp,1,يُحِبّونَ
217_221,أَحَبَّ,حبب,أفعل,IV,indicative,active,3fs,1,تُحِبُّ
217_221,أَحَبَّ,حبب,أفعل,IV,indicative,active,3fd,1,تُحِبّانِ
217_221,أَحَبَّ,حبب,أفعل,IV,indicative,active,3fp,1,يُحْبِبْنَ
217_221,أَحَبَّ,حبب,أفعل,IV,indicative,active,2ms,1,تُحِبُّ
217_221,أَحَبَّ,حبب,أفعل,IV,indicative,active,2d,1,تُحِبّانِ
217_221,أَحَبَّ,حبب,أفعل,IV,indicative,active,2mp,1,تُحِبّونَ
217_221,أَحَبَّ,حبب,أفعل,IV,indicative,active,2fs,1,تُحِبِّينَ
217_221,أَحَبَّ,حبب,أفعل,IV,indicative,active,2fp,1,تُحْبِبْنَ
217_221,أَحَبَّ,حبب,أفعل,IV,indicative,active,1s,1,أُحِبُّ
217_221,أَحَبَّ,حبب,أفعل,IV,indicative,active,1p,1,نُحِبُّ
217_221,أَحَبَّ,حبب,أفعل,IV,imperative,active,2ms,1,أَحْبِبْ
217_221,أَحَبَّ,حبب,أفعل,IV,imperative,active,2d,1,أَحِبَّا
217_221,أَحَبَّ,حبب,أفعل,IV,imperative,active,2mp,1,أَحِبّوا
217_221,أَحَبَّ,حبب,أفعل,IV,imperative,active,2fs,1,أَحِبِّي
217_221,أَحَبَّ,حبب,أفعل,IV,imperative,active,2fp,1,أَحْبِبْنَ
218_221,أَرَقَّ,رقق,أفعل,IV,past,active,3ms,1,أَرَقَّ
218_221,أَرَقَّ,رقق,أفعل,IV,past,active,3md,1,أَرَقَّا
218_221,أَرَقَّ,رقق,أفعل,IV,past,active,3mp,1,أَرَقّوا
218_221,أَرَقَّ,رقق,أفعل,IV,past,active,3fs,1,أَرَقَّتْ
218_221,أَرَقَّ,رقق,أفعل,IV,past,active,3fd,1,أَرَقَّتا
218_221,أَرَقَّ,رقق,أفعل,IV,past,active,3fp,1,أَرْقَقْنَ
218_221,أَرَقَّ,رقق,أفعل,IV,past,active,2ms,1,أَرْقَقْتَ
218_221,أَرَقَّ,رقق,أفعل,IV,past,active,2d,1,أَرْقَقْتُما
218_221,أَرَقَّ,رقق,أفعل,IV,past,active,2mp,1,أَرْقَقْتُمْ
218_221,أَرَقَّ,رقق,أفعل,IV,past,active,2fs,1,أَرْقَقْتِ
218_221,أَرَقَّ,رقق,أفعل,IV,past,active,2fp,1,أَرْقَقْتُنَّ
218_221,أَرَقَّ,رقق,أفعل,IV,past,active,1s,1,أَرْقَقْتُ
218_221,أَرَقَّ,رقق,أفعل,IV,past,active,1p,1,أَرْقَقْنا
218_221,أَرَقَّ,رقق,أفعل,IV,indicative,active,3ms,1,يُرِقُّ
218_221,أَرَقَّ,رقق,أفعل,IV,indicative,active,3md,1,يُرِقّانِ
218_221,أَرَقَّ,رقق,أفعل,IV,indicative,active,3mp,1,يُرِقّونَ
218_221,أَرَقَّ,رقق,أفعل,IV,indicative,active,3fs,1,تُرِقُّ
218_221,أَرَقَّ,رقق,أفعل,IV,indicative,active,3fd,1,تُرِقّانِ
218_221,أَرَقَّ,رقق,أفعل,IV,indicative,active,3fp,1,يُرْقِقْنَ
218_221,أَرَقَّ,رقق,أفعل,IV,indicative,active,2ms,1,تُرِقُّ
218_221,أَرَقَّ,رقق,أفعل,IV,indicative,active,2d,1,تُرِقّانِ
218_221,أَرَقَّ,رقق,أفعل,IV,indicative,active,2mp,1,تُرِقّونَ
218_221,أَرَقَّ,رقق,أفعل,IV,indicative,active,2fs,1,تُرِقّينَ
218_221,أَرَقَّ,رقق,أفعل,IV,indicative,active,2fp,1,تُرْقِقْنَ
218_221,أَرَقَّ,رقق,أفعل,IV,indicative,active,1s,1,أُرِقُّ
218_221,أَرَقَّ,رقق,أفعل,IV,indicative,active,1p,1,نُرِقُّ
218_221,أَرَقَّ,رقق,أفعل,IV,imperative,active,2ms,1,أَرْقِقْ
218_221,أَرَقَّ,رقق,أفعل,IV,imperative,active,2d,1,أَرِقَّا
218_221,أَرَقَّ,رقق,أفعل,IV,imperative,active,2mp,1,أَرِقّوا
218_221,أَرَقَّ,رقق,أفعل,IV,imperative,active,2fs,1,أَرِقّي
218_221,أَرَقَّ,رقق,أفعل,IV,imperative,active,2fp,1,أَرْقِقْنَ
219_224,أَخْطَأَ,خطأ,أفعل,IV,past,active,3ms,1,أَخْطَأَ
219_224,أَخْطَأَ,خطأ,أفعل,IV,past,active,3md,1,أَخْطَآ
219_224,أَخْطَأَ,خطأ,أفعل,IV,past,active,3mp,1,أَخْطَؤُوا
219_224,أَخْطَأَ,خطأ,أفعل,IV,past,active,3fs,1,أَخْطَأَتْ
219_224,أَخْطَأَ,خطأ,أفعل,IV,past,active,3fd,1,أَخْطَأَتَا
219_224,أَخْطَأَ,خطأ,أفعل,IV,past,active,3fp,1,أَخْطَأْنَ
219_224,أَخْطَأَ,خطأ,أفعل,IV,past,active,2ms,1,أَخْطَأْتَ
219_224,أَخْطَأَ,خطأ,أفعل,IV,past,active,2d,1,أَخْطَأْتُما
219_224,أَخْطَأَ,خطأ,أفعل,IV,past,active,2mp,1,أَخْطَأْتُمْ
219_224,أَخْطَأَ,خطأ,أفعل,IV,past,active,2fs,1,أَخْطَأْتِ
219_224,أَخْطَأَ,خطأ,أفعل,IV,past,active,2fp,1,أَخْطَأْتُنَّ
219_224,أَخْطَأَ,خطأ,أفعل,IV,past,active,1s,1,أَخْطَأْتُ
219_224,أَخْطَأَ,خطأ,أفعل,IV,past,active,1p,1,أَخْطَأْنا
219_224,أَخْطَأَ,خطأ,أفعل,IV,indicative,active,3ms,1,يُخْطِئُ
219_224,أَخْطَأَ,خطأ,أفعل,IV,indicative,active,3md,1,يُخْطِئَانِ
219_224,أَخْطَأَ,خطأ,أفعل,IV,indicative,active,3mp,1,يُخْطِئُونَ
219_224,أَخْطَأَ,خطأ,أفعل,IV,indicative,active,3fs,1,تُخْطِئُ
219_224,أَخْطَأَ,خطأ,أفعل,IV,indicative,active,3fd,1,تُخْطِئَانِ
219_224,أَخْطَأَ,خطأ,أفعل,IV,indicative,active,3fp,1,يُخْطِئْنَ
219_224,أَخْطَأَ,خطأ,أفعل,IV,indicative,active,2ms,1,تُخْطِئُ
219_224,أَخْطَأَ,خطأ,أفعل,IV,indicative,active,2d,1,تُخْطِئَانِ
219_224,أَخْطَأَ,خطأ,أفعل,IV,indicative,active,2mp,1,تُخْطِئُونَ
219_224,أَخْطَأَ,خطأ,أفعل,IV,indicative,active,2fs,1,تُخْطِئِينَ
219_224,أَخْطَأَ,خطأ,أفعل,IV,indicative,active,2fp,1,تُخْطِئْنَ
219_224,أَخْطَأَ,خطأ,أفعل,IV,indicative,active,1s,1,أُخْطِئُ
219_224,أَخْطَأَ,خطأ,أفعل,IV,indicative,active,1p,1,نُخْطِئُ
219_224,أَخْطَأَ,خطأ,أفعل,IV,imperative,active,2ms,1,أَخْطِئْ
219_224,أَخْطَأَ,خطأ,أفعل,IV,imperative,active,2d,1,أَخْطِئَا
219_224,أَخْطَأَ,خطأ,أفعل,IV,imperative,active,2mp,1,أَخْطِئُوا
219_224,أَخْطَأَ,خطأ,أفعل,IV,imperative,active,2fs,1,أَخْطِئِي
219_224,أَخْطَأَ,خطأ,أفعل,IV,imperative,active,2fp,1,أَخْطِئْنَ
220_224,أَنْبَأَ,نبأ,أفعل,IV,past,active,3ms,1,أَنْبَأَ
220_224,أَنْبَأَ,نبأ,أفعل,IV,past,active,3md,1,أَنْبَآ
220_224,أَنْبَأَ,نبأ,أفعل,IV,past,active,3mp,1,أَنْبَؤُوا
220_224,أَنْبَأَ,نبأ,أفعل,IV,past,active,3fs,1,أَنْبَأَتْ
220_224,أَنْبَأَ,نبأ,أفعل,IV,past,active,3fd,1,أَنْبَأَتا
220_224,أَنْبَأَ,نبأ,أفعل,IV,past,active,3fp,1,أَنْبَأْنَ
220_224,أَنْبَأَ,نبأ,أفعل,IV,past,active,2ms,1,أَنْبَأْتَ
220_224,أَنْبَأَ,نبأ,أفعل,IV,past,active,2d,1,أَنْبَأْتُما
220_224,أَنْبَأَ,نبأ,أفعل,IV,past,active,2mp,1,أَنْبَأْتُمْ
220_224,أَنْبَأَ,نبأ,أفعل,IV,past,active,2fs,1,أَنْبَأْتِ
220_224,أَنْبَأَ,نبأ,أفعل,IV,past,active,2fp,1,أَنْبَأْتُنَّ
220_224,أَنْبَأَ,نبأ,أفعل,IV,past,active,1s,1,أَنْبَأْتُ
220_224,أَنْبَأَ,نبأ,أفعل,IV,past,active,1p,1,أَنْبَأْنا
220_224,أَنْبَأَ,نبأ,أفعل,IV,indicative,active,3ms,1,يُنْبِئُ
220_224,أَنْبَأَ,نبأ,أفعل,IV,indicative,active,3md,1,يُنْبِئَانِ
220_224,أَنْبَأَ,نبأ,أفعل,IV,indicative,active,3mp,1,يُنْبِئُونَ
220_224,أَنْبَأَ,نبأ,أفعل,IV,indicative,active,3fs,1,تُنْبِئُ
220_224,أَنْبَأَ,نبأ,أفعل,IV,indicative,active,3fd,1,تُنْبِئَانِ
220_224,أَنْبَأَ,نبأ,أفعل,IV,indicative,active,3fp,1,يُنْبِئْنَ
220_224,أَنْبَأَ,نبأ,أفعل,IV,indicative,active,2ms,1,تُنْبِئُ
220_224,أَنْبَأَ,نبأ,أفعل,IV,indicative,active,2d,1,تُنْبِئَانِ
220_224,أَنْبَأَ,نبأ,أفعل,IV,indicative,active,2mp,1,تُنْبِئُونَ
220_224,أَنْبَأَ,نبأ,أفعل,IV,indicative,active,2fs,1,تُنْبِئينَ
220_224,أَنْبَأَ,نبأ,أفعل,IV,indicative,active,2fp,1,تُنْبِئْنَ
220_224,أَنْبَأَ,نبأ,أفعل,IV,indicative,active,1s,1,أُنْبِئُ
220_224,أَنْبَأَ,نبأ,أفعل,IV,indicative,active,1p,1,نُنْبِئُ
220_224,أَنْبَأَ,نبأ,أفعل,IV,imperative,active,2ms,1,أَنْبِئْ
220_224,أَنْبَأَ,نبأ,أفعل,IV,imperative,active,2d,1,أَنْبِئَا
220_224,أَنْبَأَ,نبأ,أفعل,IV,imperative,active,2mp,1,أَنْبِئُوا
220_224,أَنْبَأَ,نبأ,أفعل,IV,imperative,active,2fs,1,أَنْبِئي
220_224,أَنْبَأَ,نبأ,أفعل,IV,imperative,active,2fp,1,أَنْبِئْنَ
221_225,أَوْحَشَ,وحش,أفعل,IV,past,active,3ms,1,أَوْحَشَ
221_225,أَوْحَشَ,وحش,أفعل,IV,past,active,3md,1,أَوْحَشا
221_225,أَوْحَشَ,وحش,أفعل,IV,past,active,3mp,1,أَوْحَشوا
221_225,أَوْحَشَ,وحش,أفعل,IV,past,active,3fs,1,أَوْحَشَتْ
221_225,أَوْحَشَ,وحش,أفعل,IV,past,active,3fd,1,أَوْحَشَتا
221_225,أَوْحَشَ,وحش,أفعل,IV,past,active,3fp,1,أَوْحَشْنَ
221_225,أَوْحَشَ,وحش,أفعل,IV,past,active,2ms,1,أَوْحَشْتَ
221_225,أَوْحَشَ,وحش,أفعل,IV,past,active,2d,1,أَوْحَشْتُما
221_225,أَوْحَشَ,وحش,أفعل,IV,past,active,2mp,1,أَوْحَشْتُمْ
221_225,أَوْحَشَ,وحش,أفعل,IV,past,active,2fs,1,أَوْحَشْتِ
221_225,أَوْحَشَ,وحش,أفعل,IV,past,active,2fp,1,أَوْحَشْتُنَّ
221_225,أَوْحَشَ,وحش,أفعل,IV,past,active,1s,1,أَوْحَشْتُ
221_225,أَوْحَشَ,وحش,أفعل,IV,past,active,1p,1,أَوْحَشْنا
221_225,أَوْحَشَ,وحش,أفعل,IV,indicative,active,3ms,1,يُوْحِشُ
221_225,أَوْحَشَ,وحش,أفعل,IV,indicative,active,3md,1,يُوْحِشانِ
221_225,أَوْحَشَ,وحش,أفعل,IV,indicative,active,3mp,1,يُوْحِشونَ
221_225,أَوْحَشَ,وحش,أفعل,IV,indicative,active,3fs,1,تُوْحِشُ
221_225,أَوْحَشَ,وحش,أفعل,IV,indicative,active,3fd,1,تُوْحِشانِ
221_225,أَوْحَشَ,وحش,أفعل,IV,indicative,active,3fp,1,يُوْحِشْنَ
221_225,أَوْحَشَ,وحش,أفعل,IV,indicative,active,2ms,1,تُوْحِشُ
221_225,أَوْحَشَ,وحش,أفعل,IV,indicative,active,2d,1,تُوْحِشانِ
221_225,أَوْحَشَ,وحش,أفعل,IV,indicative,active,2mp,1,تُوْحِشونَ
221_225,أَوْحَشَ,وحش,أفعل,IV,indicative,active,2fs,1,تُوْحِشينَ
221_225,أَوْحَشَ,وحش,أفعل,IV,indicative,active,2fp,1,تُوْحِشْنَ
221_225,أَوْحَشَ,وحش,أفعل,IV,indicative,active,1s,1,أُوْحِشُ
221_225,أَوْحَشَ,وحش,أفعل,IV,indicative,active,1p,1,نُوْحِشُ
221_225,أَوْحَشَ,وحش,أفعل,IV,imperative,active,2ms,1,أَوْحِشْ
221_225,أَوْحَشَ,وحش,أفعل,IV,imperative,active,2d,1,أَوْحِشا
221_225,أَوْحَشَ,وحش,أفعل,IV,imperative,active,2mp,1,أَوْحِشوا
221_225,أَوْحَشَ,وحش,أفعل,IV,imperative,active,2fs,1,أَوْحِشي
221_225,أَوْحَشَ,وحش,أفعل,IV,imperative,active,2fp,1,أَوْحِشْنَ
222_225,أَيْقَظَ,يقظ,أفعل,IV,past,active,3ms,1,أَيْقَظَ
222_225,أَيْقَظَ,يقظ,أفعل,IV,past,active,3md,1,أَيْقَظا
222_225,أَيْقَظَ,يقظ,أفعل,IV,past,active,3mp,1,أَيْقَظوا
222_225,أَيْقَظَ,يقظ,أفعل,IV,past,active,3fs,1,أَيْقَظَتْ
222_225,أَيْقَظَ,يقظ,أفعل,IV,past,active,3fd,1,أَيْقَظَتا
222_225,أَيْقَظَ,يقظ,أفعل,IV,past,active,3fp,1,أَيْقَظْنَ
222_225,أَيْقَظَ,يقظ,أفعل,IV,past,active,2ms,1,أَيْقَظْتَ
222_225,أَيْقَظَ,يقظ,أفعل,IV,past,active,2d,1,أَيْقَظْتُما
222_225,أَيْقَظَ,يقظ,أفعل,IV,past,active,2mp,1,أَيْقَظْتُمْ
222_225,أَيْقَظَ,يقظ,أفعل,IV,past,active,2fs,1,أَيْقَظْتِ
222_225,أَيْقَظَ,يقظ,أفعل,IV,past,active,2fp,1,أَيْقَظْتُنَّ
222_225,أَيْقَظَ,يقظ,أفعل,IV,past,active,1s,1,أَيْقَظْتُ
222_225,أَيْقَظَ,يقظ,أفعل,IV,past,active,1p,1,أَيْقَظْنا
222_225,أَيْقَظَ,يقظ,أفعل,IV,indicative,active,3ms,1,يُوْقِظُ
222_225,أَيْقَظَ,يقظ,أفعل,IV,indicative,active,3md,1,يُوْقِظانِ
222_225,أَيْقَظَ,يقظ,أفعل,IV,indicative,active,3mp,1,يُوْقِظونَ
222_225,أَيْقَظَ,يقظ,أفعل,IV,indicative,active,3fs,1,تُوْقِظُ
222_225,أَيْقَظَ,يقظ,أفعل,IV,indicative,active,3fd,1,تُوْقِظانِ
222_225,أَيْقَظَ,يقظ,أفعل,IV,indicative,active,3fp,1,يُوْقِظْنَ
222_225,أَيْقَظَ,يقظ,أفعل,IV,indicative,active,2ms,1,تُوْقِظُ
222_225,أَيْقَظَ,يقظ,أفعل,IV,indicative,active,2d,1,تُوْقِظانِ
222_225,أَيْقَظَ,يقظ,أفعل,IV,indicative,active,2mp,1,تُوْقِظونَ
222_225,أَيْقَظَ,يقظ,أفعل,IV,indicative,active,2fs,1,تُوْقِظِينَ
222_225,أَيْقَظَ,يقظ,أفعل,IV,indicative,active,2fp,1,تُوْقِظْنَ
222_225,أَيْقَظَ,يقظ,أفعل,IV,indicative,active,1s,1,أُوْقِظُ
222_225,أَيْقَظَ,يقظ,أفعل,IV,indicative,active,1p,1,نُوْقِظُ
222_225,أَيْقَظَ,يقظ,أفعل,IV,imperative,active,2ms,1,أَيْقِظْ
222_225,أَيْقَظَ,يقظ,أفعل,IV,imperative,active,2d,1,أَيْقِظا
222_225,أَيْقَظَ,يقظ,أفعل,IV,imperative,active,2mp,1,أَيْقِظوا
222_225,أَيْقَظَ,يقظ,أفعل,IV,imperative,active,2fs,1,أَيْقِظي
222_225,أَيْقَظَ,يقظ,أفعل,IV,imperative,active,2fp,1,أَيْقِظْنَ
223_229,أَهْوَى,هوي,أفعل,IV,past,active,3ms,1,أَهْوَى
223_229,أَهْوَى,هوي,أفعل,IV,past,active,3md,1,أَهْوَيا
223_229,أَهْوَى,هوي,أفعل,IV,past,active,3mp,1,أَهْوَوْا
223_229,أَهْوَى,هوي,أفعل,IV,past,active,3fs,1,أَهْوَتْ
223_229,أَهْوَى,هوي,أفعل,IV,past,active,3fd,1,أَهْوَتَا
223_229,أَهْوَى,هوي,أفعل,IV,past,active,3fp,1,أَهْوَيْنَ
223_229,أَهْوَى,هوي,أفعل,IV,past,active,2ms,1,أَهْوَيْتَ
223_229,أَهْوَى,هوي,أفعل,IV,past,active,2d,1,أَهْوَيْتُما
223_229,أَهْوَى,هوي,أفعل,IV,past,active,2mp,1,أَهْوَيْتُمْ
223_229,أَهْوَى,هوي,أفعل,IV,past,active,2fs,1,أَهْوَيْتِ
223_229,أَهْوَى,هوي,أفعل,IV,past,active,2fp,1,أَهْوَيْتُنَّ
223_229,أَهْوَى,هوي,أفعل,IV,past,active,1s,1,أَهْوَيْتُ
223_229,أَهْوَى,هوي,أفعل,IV,past,active,1p,1,أَهْوَيْنا
223_229,أَهْوَى,هوي,أفعل,IV,indicative,active,3ms,1,يُهْوِي
223_229,أَهْوَى,هوي,أفعل,IV,indicative,active,3md,1,يُهْوِيانِ
223_229,أَهْوَى,هوي,أفعل,IV,indicative,active,3mp,1,يُهْوونَ
223_229,أَهْوَى,هوي,أفعل,IV,indicative,active,3fs,1,تُهْوِي
223_229,أَهْوَى,هوي,أفعل,IV,indicative,active,3fd,1,تُهْوِيانِ
223_229,أَهْوَى,هوي,أفعل,IV,indicative,active,3fp,1,يُهْوِينَ
223_229,أَهْوَى,هوي,أفعل,IV,indicative,active,2ms,1,تُهْوِي
223_229,أَهْوَى,هوي,أفعل,IV,indicative,active,2d,1,تُهْوِيانِ
223_229,أَهْوَى,هوي,أفعل,IV,indicative,active,2mp,1,تُهْوونَ
223_229,أَهْوَى,هوي,أفعل,IV,indicative,active,2fs,1,تُهْوينَ
223_229,أَهْوَى,هوي,أفعل,IV,indicative,active,2fp,1,تُهْوِينَ
223_229,أَهْوَى,هوي,أفعل,IV,indicative,active,1s,1,أُهْوِي
223_229,أَهْوَى,هوي,أفعل,IV,indicative,active,1p,1,نُهْوِي
223_229,أَهْوَى,هوي,أفعل,IV,imperative,active,2ms,1,أَهْوِ
223_229,أَهْوَى,هوي,أفعل,IV,imperative,active,2d,1,أَهْوِيا
223_229,أَهْوَى,هوي,أفعل,IV,imperative,active,2mp,1,أَهْووا
223_229,أَهْوَى,هوي,أفعل,IV,imperative,active,2fs,1,أَهْوي
223_229,أَهْوَى,هوي,أفعل,IV,imperative,active,2fp,1,أَهْوِينَ
224_233,تَكَأَّدَ,كأد,تفعّل,V,past,active,3ms,1,تَكَأَّدَ
224_233,تَكَأَّدَ,كأد,تفعّل,V,past,active,3md,1,تَكَأَّدا
224_233,تَكَأَّدَ,كأد,تفعّل,V,past,active,3mp,1,تَكَأَّدُوا
224_233,تَكَأَّدَ,كأد,تفعّل,V,past,active,3fs,1,تَكَأَّدَتْ
224_233,تَكَأَّدَ,كأد,تفعّل,V,past,active,3fd,1,تَكَأَّدَتا
224_233,تَكَأَّدَ,كأد,تفعّل,V,past,active,3fp,1,تَكَأَّدْنَ
224_233,تَكَأَّدَ,كأد,تفعّل,V,past,active,2ms,1,تَكَأَّدْتَ
224_233,تَكَأَّدَ,كأد,تفعّل,V,past,active,2d,1,تَكَأَّدْتُما
224_233,تَكَأَّدَ,كأد,تفعّل,V,past,active,2mp,1,تَكَأَّدْتُمْ
224_233,تَكَأَّدَ,كأد,تفعّل,V,past,active,2fs,1,تَكَأَّدْتِ
224_233,تَكَأَّدَ,كأد,تفعّل,V,past,active,2fp,1,تَكَأَّدْتُنَّ
224_233,تَكَأَّدَ,كأد,تفعّل,V,past,active,1s,1,تَكَأَّدْتُ
224_233,تَكَأَّدَ,كأد,تفعّل,V,past,active,1p,1,تَكَأَّدْنا
224_233,تَكَأَّدَ,كأد,تفعّل,V,indicative,active,3ms,1,يَتَكَأَّدُ
224_233,تَكَأَّدَ,كأد,تفعّل,V,indicative,active,3md,1,يَتَكَأَّدانِ
224_233,تَكَأَّدَ,كأد,تفعّل,V,indicative,active,3mp,1,يَتَكَأَّدونَ
224_233,تَكَأَّدَ,كأد,تفعّل,V,indicative,active,3fs,1,تَتَكَأَّدُ
224_233,تَكَأَّدَ,كأد,تفعّل,V,indicative,active,3fd,1,تَتَكَأَّدانِ
224_233,تَكَأَّدَ,كأد,تفعّل,V,indicative,active,3fp,1,يَتَكَأَّدْنَ
224_233,تَكَأَّدَ,كأد,تفعّل,V,indicative,active,2ms,1,تَتَكَأَّدُ
224_233,تَكَأَّدَ,كأد,تفعّل,V,indicative,active,2d,1,تَتَكَأَّدانِ
224_233,تَكَأَّدَ,كأد,تفعّل,V,indicative,active,2mp,1,تَتَكَأَّدونَ
224_233,تَكَأَّدَ,كأد,تفعّل,V,indicative,active,2fs,1,تَتَكَأَّدينَ
224_233,تَكَأَّدَ,كأد,تفعّل,V,indicative,active,2fp,1,تَتَكَأَّدْنَ
224_233,تَكَأَّدَ,كأد,تفعّل,V,indicative,active,1s,1,أَتَكَأَّدُ
224_233,تَكَأَّدَ,كأد,تفعّل,V,indicative,active,1p,1,نَتَكَأَّدُ
224_233,تَكَأَّدَ,كأد,تفعّل,V,imperative,active,2ms,1,تَكَأَّدْ
224_233,تَكَأَّدَ,كأد,تفعّل,V,imperative,active,2d,1,تَكَأَّدا
224_233,تَكَأَّدَ,كأد,تفعّل,V,imperative,active,2mp,1,تَكَأَّدُوا
224_233,تَكَأَّدَ,كأد,تفعّل,V,imperative,active,2fs,1,تَكَأَّدي
224_233,تَكَأَّدَ,كأد,تفعّل,V,imperative,active,2fp,1,تَكَأَّدْنَ
225_233,تَسَوَّلَ,سول,تفعّل,V,past,active,3ms,1,تَسَوَّلَ
225_233,تَسَوَّلَ,سول,تفعّل,V,past,active,3md,1,تَسَوَّلا
225_233,تَسَوَّلَ,سول,تفعّل,V,past,active,3mp,1,تَسَوَّلُوا
225_233,تَسَوَّلَ,سول,تفعّل,V,past,active,3fs,1,تَسَوَّلَتْ
225_233,تَسَوَّلَ,سول,تفعّل,V,past,active,3fd,1,تَسَوَّلَتا
225_233,تَسَوَّلَ,سول,تفعّل,V,past,active,3fp,1,تَسَوَّلْنَ
225_233,تَسَوَّلَ,سول,تفعّل,V,past,active,2ms,1,تَسَوَّلْتَ
225_233,تَسَوَّلَ,سول,تفعّل,V,past,active,2d,1,تَسَوَّلْتُما
225_233,تَسَوَّلَ,سول,تفعّل,V,past,active,2mp,1,تَسَوَّلْتُمْ
225_233,تَسَوَّلَ,سول,تفعّل,V,past,active,2fs,1,تَسَوَّلْتِ
225_233,تَسَوَّلَ,سول,تفعّل,V,past,active,2fp,1,تَسَوَّلْتُنَّ
225_233,تَسَوَّلَ,سول,تفعّل,V,past,active,1s,1,تَسَوَّلْتُ
225_233,تَسَوَّلَ,سول,تفعّل,V,past,active,1p,1,تَسَوَّلْنا
225_233,تَسَوَّلَ,سول,تفعّل,V,indicative,active,3ms,1,يَتَسَوَّلُ
225_233,تَسَوَّلَ,سول,تفعّل,V,indicative,active,3md,1,يَتَسَوَّلانِ
225_233,تَسَوَّلَ,سول,تفعّل,V,indicative,active,3mp,1,يَتَسَوَّلونَ
225_233,تَسَوَّلَ,سول,تفعّل,V,indicative,active,3fs,1,تَتَسَوَّلُ
225_233,تَسَوَّلَ,سول,تفعّل,V,indicative,active,3fd,1,تَتَسَوَّلانِ
225_233,تَسَوَّلَ,سول,تفعّل,V,indicative,active,3fp,1,يَتَسَوَّلْنَ
225_233,تَسَوَّلَ,سول,تفعّل,V,indicative,active,2ms,1,تَتَسَوَّلُ
225_233,تَسَوَّلَ,سول,تفعّل,V,indicative,active,2d,1,تَتَسَوَّلانِ
225_233,تَسَوَّلَ,سول,تفعّل,V,indicative,active,2mp,1,تَتَسَوَّلونَ
225_233,تَسَوَّلَ,سول,تفعّل,V,indicative,active,2fs,1,تَتَسَوَّلينَ
225_233,تَسَوَّلَ,سول,تفعّل,V,indicative,active,2fp,1,تَتَسَوَّلْنَ
225_233,تَسَوَّلَ,سول,تفعّل,V,indicative,active,1s,1,أَتَسَوَّلُ
225_233,تَسَوَّلَ,سول,تفعّل,V,indicative,active,1p,1,نَتَسَوَّلُ
225_233,تَسَوَّلَ,سول,تفعّل,V,imperative,active,2ms,1,تَسَوَّلْ
225_233,تَسَوَّلَ,سول,تفعّل,V,imperative,active,2d,1,تَسَوَّلا
225_233,تَسَوَّلَ,سول,تفعّل,V,imperative,active,2mp,1,تَسَوَّلُوا
225_233,تَسَوَّلَ,سول,تفعّل,V,imperative,active,2fs,1,تَسَوَّلي
225_233,تَسَوَّلَ,سول,تفعّل,V,imperative,active,2fp,1,تَسَوَّلْنَ
226_241,تَراصَّ,رصص,تفاعل,VI,past,active,3ms,1,تَراصَّ
226_241,تَراصَّ,رصص,تفاعل,VI,past,active,3md,1,تَراصَّا
226_241,تَراصَّ,رصص,تفاعل,VI,past,active,3mp,1,تَراصُّوا
226_241,تَراصَّ,رصص,تفاعل,VI,past,active,3fs,1,تَراصَّتْ
226_241,تَراصَّ,رصص,تفاعل,VI,past,active,3fd,1,تَراصَّتا
226_241,تَراصَّ,رصص,تفاعل,VI,past,active,3fp,1,تَراصَصْنَ
226_241,تَراصَّ,رصص,تفاعل,VI,past,active,2ms,1,تَراصَصْتَ
226_241,تَراصَّ,رصص,تفاعل,VI,past,active,2d,1,تَراصَصْتُما
226_241,تَراصَّ,رصص,تفاعل,VI,past,active,2mp,1,تَراصَصْتُمْ
226_241,تَراصَّ,رصص,تفاعل,VI,past,active,2fs,1,تَراصَصْتِ
226_241,تَراصَّ,رصص,تفاعل,VI,past,active,2fp,1,تَراصَصْتُنَّ
226_241,تَراصَّ,رصص,تفاعل,VI,past,active,1s,1,تَراصَصْتُ
226_241,تَراصَّ,رصص,تفاعل,VI,past,active,1p,1,تَراصَصْنا
226_241,تَراصَّ,رصص,تفاعل,VI,indicative,active,3ms,1,يَتَراصُّ
226_241,تَراصَّ,رصص,تفاعل,VI,indicative,active,3md,1,يَتَراصَّانِ
226_241,تَراصَّ,رصص,تفاعل,VI,indicative,active,3mp,1,يَتَراصُّونَ
226_241,تَراصَّ,رصص,تفاعل,VI,indicative,active,3fs,1,تَتَراصُّ
226_241,تَراصَّ,رصص,تفاعل,VI,indicative,active,3fd,1,تَتَراصَّانِ
226_241,تَراصَّ,رصص,تفاعل,VI,indicative,active,3fp,1,يَتَراصَصْنَ
226_241,تَراصَّ,رصص,تفاعل,VI,indicative,active,2ms,1,تَتَراصُّ
226_241,تَراصَّ,رصص,تفاعل,VI,indicative,active,2d,1,تَتَراصَّانِ
226_241,تَراصَّ,رصص,تفاعل,VI,indicative,active,2mp,1,تَتَراصُّونَ
226_241,تَراصَّ,رصص,تفاعل,VI,indicative,active,2fs,1,تَتَراصِّينَ
226_241,تَراصَّ,رصص,تفاعل,VI,indicative,active,2fp,1,تَتَراصَصْنَ
226_241,تَراصَّ,رصص,تفاعل,VI,indicative,active,1s,1,أَتَراصُّ
226_241,تَراصَّ,رصص,تفاعل,VI,indicative,active,1p,1,نَتَراصُّ
226_241,تَراصَّ,رصص,تفاعل,VI,imperative,active,2ms,1,تَراصَصْ
226_241,تَراصَّ,رصص,تفاعل,VI,imperative,active,2d,1,تَراصَّا
226_241,تَراصَّ,رصص,تفاعل,VI,imperative,active,2mp,1,تَراصُّوا
226_241,تَراصَّ,رصص,تفاعل,VI,imperative,active,2fs,1,تَراصِّي
226_241,تَراصَّ,رصص,تفاعل,VI,imperative,active,2fp,1,تَراصَصْنَ
227_241,تَمارَّ,مرر,تفاعل,VI,past,active,3ms,1,تَمارَّ
227_241,تَمارَّ,مرر,تفاعل,VI,past,active,3md,1,تَمارَّا
227_241,تَمارَّ,مرر,تفاعل,VI,past,active,3mp,1,تَمارُّوا
227_241,تَمارَّ,مرر,تفاعل,VI,past,active,3fs,1,تَمارَّتْ
227_241,تَمارَّ,مرر,تفاعل,VI,past,active,3fd,1,تَمارَّتا
227_241,تَمارَّ,مرر,تفاعل,VI,past,active,3fp,1,تَمارَرْنَ
227_241,تَمارَّ,مرر,تفاعل,VI,past,active,2ms,1,تَمارَرْتَ
227_241,تَمارَّ,مرر,تفاعل,VI,past,active,2d,1,تَمارَرْتُما
227_241,تَمارَّ,مرر,تفاعل,VI,past,active,2mp,1,تَمارَرْتُمْ
227_241,تَمارَّ,مرر,تفاعل,VI,past,active,2fs,1,تَمارَرْتِ
227_241,تَمارَّ,مرر,تفاعل,VI,past,active,2fp,1,تَمارَرْتُنَّ
227_241,تَمارَّ,مرر,تفاعل,VI,past,active,1s,1,تَمارَرْتُ
227_241,تَمارَّ,مرر,تفاعل,VI,past,active,1p,1,تَمارَرْنا
227_241,تَمارَّ,مرر,تفاعل,VI,indicative,active,3ms,1,يَتَمارُّ
227_241,تَمارَّ,مرر,تفاعل,VI,indicative,active,3md,1,يَتَمارَّانِ
227_241,تَمارَّ,مرر,تفاعل,VI,indicative,active,3mp,1,يَتَمارُّونَ
227_241,تَمارَّ,مرر,تفاعل,VI,indicative,active,3fs,1,تَتَمارُّ
227_241,تَمارَّ,مرر,تفاعل,VI,indicative,active,3fd,1,تَتَمارَّانِ
227_241,تَمارَّ,مرر,تفاعل,VI,indicative,active,3fp,1,يَتَمارَرْنَ
227_241,تَمارَّ,مرر,تفاعل,VI,indicative,active,2ms,1,تَتَمارُّ
227_241,تَمارَّ,مرر,تفاعل,VI,indicative,active,2d,1,تَتَمارَّانِ
227_241,تَمارَّ,مرر,تفاعل,VI,indicative,active,2mp,1,تَتَمارُّونَ
227_241,تَمارَّ,مرر,تفاعل,VI,indicative,active,2fs,1,تَتَمارِّينَ
227_241,تَمارَّ,مرر,تفاعل,VI,indicative,active,2fp,1,تَتَمارَرْنَ
227_241,تَمارَّ,مرر,تفاعل,VI,indicative,active,1s,1,أَتَمارُّ
227_241,تَمارَّ,مرر,تفاعل,VI,indicative,active,1p,1,نَتَمارُّ
227_241,تَمارَّ,مرر,تفاعل,VI,imperative,active,2ms,1,تَمارَرْ
227_241,تَمارَّ,مرر,تفاعل,VI,imperative,active,2d,1,تَمارَّا
227_241,تَمارَّ,مرر,تفاعل,VI,imperative,active,2mp,1,تَمارُّوا
227_241,تَمارَّ,مرر,تفاعل,VI,imperative,active,2fs,1,تَمارِّي
227_241,تَمارَّ,مرر,تفاعل,VI,imperative,active,2fp,1,تَمارَرْنَ
228_244,تَخاطَأَ,خطأ,تفاعل,VI,past,active,3ms,1,تَخاطَأَ
228_244,تَخاطَأَ,خطأ,تفاعل,VI,past,active,3md,1,تَخاطَآ
228_244,تَخاطَأَ,خطأ,تفاعل,VI,past,active,3mp,1,تَخاطَؤُوا
228_244,تَخاطَأَ,خطأ,تفاعل,VI,past,active,3fs,1,تَخاطَأَتْ
228_244,تَخاطَأَ,خطأ,تفاعل,VI,past,active,3fd,1,تَخاطَأَتا
228_244,تَخاطَأَ,خطأ,تفاعل,VI,past,active,3fp,1,تَخاطَأْنَ
228_244,تَخاطَأَ,خطأ,تفاعل,VI,past,active,2ms,1,تَخاطَأْتَ
228_244,تَخاطَأَ,خطأ,تفاعل,VI,past,active,2d,1,تَخاطَأْتُما
228_244,تَخاطَأَ,خطأ,تفاعل,VI,past,active,2mp,1,تَخاطَأْتُمْ
228_244,تَخاطَأَ,خطأ,تفاعل,VI,past,active,2fs,1,تَخاطَأْتِ
228_244,تَخاطَأَ,خطأ,تفاعل,VI,past,active,2fp,1,تَخاطَأْتُنَّ
228_244,تَخاطَأَ,خطأ,تفاعل,VI,past,active,1s,1,تَخاطَأْتُ
228_244,تَخاطَأَ,خطأ,تفاعل,VI,past,active,1p,1,تَخاطَأْنا
228_244,تَخاطَأَ,خطأ,تفاعل,VI,indicative,active,3ms,1,يَتَخاطَأُ
228_244,تَخاطَأَ,خطأ,تفاعل,VI,indicative,active,3md,1,يَتَخاطَآنِ
228_244,تَخاطَأَ,خطأ,تفاعل,VI,indicative,active,3mp,1,يَتَخاطَؤُونَ
228_244,تَخاطَأَ,خطأ,تفاعل,VI,indicative,active,3fs,1,تَتَخاطَأُ
228_244,تَخاطَأَ,خطأ,تفاعل,VI,indicative,active,3fd,1,تَتَخاطَآنِ
228_244,تَخاطَأَ,خطأ,تفاعل,VI,indicative,active,3fp,1,يَتَخاطَأْنَ
228_244,تَخاطَأَ,خطأ,تفاعل,VI,indicative,active,2ms,1,تَتَخاطَأُ
228_244,تَخاطَأَ,خطأ,تفاعل,VI,indicative,active,2d,1,تَتَخاطَآنِ
228_244,تَخاطَأَ,خطأ,تفاعل,VI,indicative,active,2mp,1,تَتَخاطَؤُونَ
228_244,تَخاطَأَ,خطأ,تفاعل,VI,indicative,active,2fs,1,تَتَخاطَئِينَ
228_244,تَخاطَأَ,خطأ,تفاعل,VI,indicative,active,2fp,1,تَتَخاطَأْنَ
228_244,تَخاطَأَ,خطأ,تفاعل,VI,indicative,active,1s,1,أَتَخاطَأُ
228_244,تَخاطَأَ,خطأ,تفاعل,VI,indicative,active,1p,1,نَتَخاطَأُ
228_244,تَخاطَأَ,خطأ,تفاعل,VI,imperative,active,2ms,1,تَخاطَأْ
228_244,تَخاطَأَ,خطأ,تفاعل,VI,imperative,active,2d,1,تَخاطَآ
228_244,تَخاطَأَ,خطأ,تفاعل,VI,imperative,active,2mp,1,تَخاطَؤُوا
228_244,تَخاطَأَ,خطأ,تفاعل,VI,imperative,active,2fs,1,تَخاطَئِي
228_244,تَخاطَأَ,خطأ,تفاعل,VI,imperative,active,2fp,1,تَخاطَأْنَ
229_244,تَرافَأَ,رفأ,تفاعل,VI,past,active,3ms,1,تَرافَأَ
229_244,تَرافَأَ,رفأ,تفاعل,VI,past,active,3md,1,تَرافَآ
229_244,تَرافَأَ,رفأ,تفاعل,VI,past,active,3mp,1,تَرافَؤُوا
229_244,تَرافَأَ,رفأ,تفاعل,VI,past,active,3fs,1,تَرافَأَتْ
229_244,تَرافَأَ,رفأ,تفاعل,VI,past,active,3fd,1,تَرافَأَتا
229_244,تَرافَأَ,رفأ,تفاعل,VI,past,active,3fp,1,تَرافَأْنَ
229_244,تَرافَأَ,رفأ,تفاعل,VI,past,active,2ms,1,تَرافَأْتَ
229_244,تَرافَأَ,رفأ,تفاعل,VI,past,active,2d,1,تَرافَأْتُما
229_244,تَرافَأَ,رفأ,تفاعل,VI,past,active,2mp,1,تَرافَأْتُمْ
229_244,تَرافَأَ,رفأ,تفاعل,VI,past,active,2fs,1,تَرافَأْتِ
229_244,تَرافَأَ,رفأ,تفاعل,VI,past,active,2fp,1,تَرافَأْتُنَّ
229_244,تَرافَأَ,رفأ,تفاعل,VI,past,active,1s,1,تَرافَأْتُ
229_244,تَرافَأَ,رفأ,تفاعل,VI,past,active,1p,1,تَرافَأْنا
229_244,تَرافَأَ,رفأ,تفاعل,VI,indicative,active,3ms,1,يَتَرافَأُ
229_244,تَرافَأَ,رفأ,تفاعل,VI,indicative,active,3md,1,يَتَرافَآنِ
229_244,تَرافَأَ,رفأ,تفاعل,VI,indicative,active,3mp,1,يَتَرافَؤُونَ
229_244,تَرافَأَ,رفأ,تفاعل,VI,indicative,active,3fs,1,تَتَرافَأُ
229_244,تَرافَأَ,رفأ,تفاعل,VI,indicative,active,3fd,1,تَتَرافَآنِ
229_244,تَرافَأَ,رفأ,تفاعل,VI,indicative,active,3fp,1,يَتَرافَأْنَ
229_244,تَرافَأَ,رفأ,تفاعل,VI,indicative,active,2ms,1,تَتَرافَأُ
229_244,تَرافَأَ,رفأ,تفاعل,VI,indicative,active,2d,1,تَتَرافَآنِ
229_244,تَرافَأَ,رفأ,تفاعل,VI,indicative,active,2mp,1,تَتَرافَؤُونَ
229_244,تَرافَأَ,رفأ,تفاعل,VI,indicative,active,2fs,1,تَتَرافَئِينَ
229_244,تَرافَأَ,رفأ,تفاعل,VI,indicative,active,2fp,1,تَتَرافَأْنَ
229_244,تَرافَأَ,رفأ,تفاعل,VI,indicative,active,1s,1,أَتَرافَأُ
229_244,تَرافَأَ,رفأ,تفاعل,VI,indicative,active,1p,1,نَتَرافَأُ
229_244,تَرافَأَ,رفأ,تفاعل,VI,imperative,active,2ms,1,تَرافَأْ
229_244,تَرافَأَ,رفأ,تفاعل,VI,imperative,active,2d,1,تَرافَآ
229_244,تَرافَأَ,رفأ,تفاعل,VI,imperative,active,2mp,1,تَرافَؤُوا
229_244,تَرافَأَ,رفأ,تفاعل,VI,imperative,active,2fs,1,تَرافَئِي
229_244,تَرافَأَ,رفأ,تفاعل,VI,imperative,active,2fp,1,تَرافَأْنَ
230_245,تَوَارَدَ,ورد,تفاعل,VI,past,active,3ms,1,تَوَارَدَ
230_245,تَوَارَدَ,ورد,تفاعل,VI,past,active,3md,1,تَوَارَدا
230_245,تَوَارَدَ,ورد,تفاعل,VI,past,active,3mp,1,تَوَارَدوا
230_245,تَوَارَدَ,ورد,تفاعل,VI,past,active,3fs,1,تَوَارَدَتْ
230_245,تَوَارَدَ,ورد,تفاعل,VI,past,active,3fd,1,تَوَارَدَتا
230_245,تَوَارَدَ,ورد,تفاعل,VI,past,active,3fp,1,تَوَارَدْنَ
230_245,تَوَارَدَ,ورد,تفاعل,VI,past,active,2ms,1,تَوَارَدْتَ
230_245,تَوَارَدَ,ورد,تفاعل,VI,past,active,2d,1,تَوَارَدْتُما
230_245,تَوَارَدَ,ورد,تفاعل,VI,past,active,2mp,1,تَوَارَدْتُمْ
230_245,تَوَارَدَ,ورد,تفاعل,VI,past,active,2fs,1,تَوَارَدْتِ
230_245,تَوَارَدَ,ورد,تفاعل,VI,past,active,2fp,1,تَوَارَدْتُنَّ
230_245,تَوَارَدَ,ورد,تفاعل,VI,past,active,1s,1,تَوَارَدْتُ
230_245,تَوَارَدَ,ورد,تفاعل,VI,past,active,1p,1,تَوَارَدْنا
230_245,تَوَارَدَ,ورد,تفاعل,VI,indicative,active,3ms,1,يَتَوَارَدُ
230_245,تَوَارَدَ,ورد,تفاعل,VI,indicative,active,3md,1,يَتَوَارَدانِ
230_245,تَوَارَدَ,ورد,تفاعل,VI,indicative,active,3mp,1,يَتَوَارَدونَ
230_245,تَوَارَدَ,ورد,تفاعل,VI,indicative,active,3fs,1,تَتَوَارَدُ
230_245,تَوَارَدَ,ورد,تفاعل,VI,indicative,active,3fd,1,تَتَوَارَدانِ
230_245,تَوَارَدَ,ورد,تفاعل,VI,indicative,active,3fp,1,يَتَوَارَدْنَ
230_245,تَوَارَدَ,ورد,تفاعل,VI,indicative,active,2ms,1,تَتَوَارَدُ
230_245,تَوَارَدَ,ورد,تفاعل,VI,indicative,active,2d,1,تَتَوَارَدانِ
230_245,تَوَارَدَ,ورد,تفاعل,VI,indicative,active,2mp,1,تَتَوَارَدونَ
230_245,تَوَارَدَ,ورد,تفاعل,VI,indicative,active,2fs,1,تَتَوَارَدينَ
230_245,تَوَارَدَ,ورد,تفاعل,VI,indicative,active,2fp,1,تَتَوَارَدْنَ
230_245,تَوَارَدَ,ورد,تفاعل,VI,indicative,active,1s,1,أَتَوَارَدُ
230_245,تَوَارَدَ,ورد,تفاعل,VI,indicative,active,1p,1,نَتَوَارَدُ
230_245,تَوَارَدَ,ورد,تفاعل,VI,imperative,active,2ms,1,تَوَارَدْ
230_245,تَوَارَدَ,ورد,تفاعل,VI,imperative,active,2d,1,تَوَارَدا
230_245,تَوَارَدَ,ورد,تفاعل,VI,imperative,active,2mp,1,تَوَارَدوا
230_245,تَوَارَدَ,ورد,تفاعل,VI,imperative,active,2fs,1,تَوَارَدي
230_245,تَوَارَدَ,ورد,تفاعل,VI,imperative,active,2fp,1,تَوَارَدْنَ
231_245,تَيَامَنَ,يمن,تفاعل,VI,past,active,3ms,1,تَيَامَنَ
231_245,تَيَامَنَ,يمن,تفاعل,VI,past,active,3md,1,تَيَامَنا
231_245,تَيَامَنَ,يمن,تفاعل,VI,past,active,3mp,1,تَيَامَنوا
231_245,تَيَامَنَ,يمن,تفاعل,VI,past,active,3fs,1,تَيَامَنَتْ
231_245,تَيَامَنَ,يمن,تفاعل,VI,past,active,3fd,1,تَيَامَنَتا
231_245,تَيَامَنَ,يمن,تفاعل,VI,past,active,3fp,1,تَيَامَنَّ
231_245,تَيَامَنَ,يمن,تفاعل,VI,past,active,2ms,1,تَيَامَنْتَ
231_245,تَيَامَنَ,يمن,تفاعل,VI,past,active,2d,1,تَيَامَنْتُما
231_245,تَيَامَنَ,يمن,تفاعل,VI,past,active,2mp,1,تَيَامَنْتُمْ
231_245,تَيَامَنَ,يمن,تفاعل,VI,past,active,2fs,1,تَيَامَنْتِ
231_245,تَيَامَنَ,يمن,تفاعل,VI,past,active,2fp,1,تَيَامَنْتُنَّ
231_245,تَيَامَنَ,يمن,تفاعل,VI,past,active,1s,1,تَيَامَنْتُ
231_245,تَيَامَنَ,يمن,تفاعل,VI,past,active,1p,1,تَيَامَنَّا
231_245,تَيَامَنَ,يمن,تفاعل,VI,indicative,active,3ms,1,يَتَيَامَنُ
231_245,تَيَامَنَ,يمن,تفاعل,VI,indicative,active,3md,1,يَتَيَامَنانِ
231_245,تَيَامَنَ,يمن,تفاعل,VI,indicative,active,3mp,1,يَتَيَامَنونَ
231_245,تَيَامَنَ,يمن,تفاعل,VI,indicative,active,3fs,1,تَتَيَامَنُ
231_245,تَيَامَنَ,يمن,تفاعل,VI,indicative,active,3fd,1,تَتَيَامَنانِ
231_245,تَيَامَنَ,يمن,تفاعل,VI,indicative,active,3fp,1,يَتَيَامَنَّ
231_245,تَيَامَنَ,يمن,تفاعل,VI,indicative,active,2ms,1,تَتَيَامَنُ
231_245,تَيَامَنَ,يمن,تفاعل,VI,indicative,active,2d,1,تَتَيَامَنانِ
231_245,تَيَامَنَ,يمن,تفاعل,VI,indicative,active,2mp,1,تَتَيَامَنونَ
231_245,تَيَامَنَ,يمن,تفاعل,VI,indicative,active,2fs,1,تَتَيَامَنينَ
231_245,تَيَامَنَ,يمن,تفاعل,VI,indicative,active,2fp,1,تَتَيَامَنَّ
231_245,تَيَامَنَ,يمن,تفاعل,VI,indicative,active,1s,1,أَتَيَامَنُ
231_245,تَيَامَنَ,يمن,تفاعل,VI,indicative,active,1p,1,نَتَيَامَنُ
231_245,تَيَامَنَ,يمن,تفاعل,VI,imperative,active,2ms,1,تَيَامَنْ
231_245,تَيَامَنَ,يمن,تفاعل,VI,imperative,active,2d,1,تَيَامَنا
231_245,تَيَامَنَ,يمن,تفاعل,VI,imperative,active,2mp,1,تَيَامَنوا
231_245,تَيَامَنَ,يمن,تفاعل,VI,imperative,active,2fs,1,تَيَامَني
231_245,تَيَامَنَ,يمن,تفاعل,VI,imperative,active,2fp,1,تَيَامَنَّ
232_246,تَداوَلَ,دول,تفاعل,VI,past,active,3ms,1,تَداوَلَ
232_246,تَداوَلَ,دول,تفاعل,VI,past,active,3md,1,تَداوَلا
232_246,تَداوَلَ,دول,تفاعل,VI,past,active,3mp,1,تَداوَلوا
232_246,تَداوَلَ,دول,تفاعل,VI,past,active,3fs,1,تَداوَلَتْ
232_246,تَداوَلَ,دول,تفاعل,VI,past,active,3fd,1,تَداوَلَتا
232_246,تَداوَلَ,دول,تفاعل,VI,past,active,3fp,1,تَداوَلْنَ
232_246,تَداوَلَ,دول,تفاعل,VI,past,active,2ms,1,تَداوَلْتَ
232_246,تَداوَلَ,دول,تفاعل,VI,past,active,2d,1,تَداوَلْتُما
232_246,تَداوَلَ,دول,تفاعل,VI,past,active,2mp,1,تَداوَلْتُمْ
232_246,تَداوَلَ,دول,تفاعل,VI,past,active,2fs,1,تَداوَلْتِ
232_246,تَداوَلَ,دول,تفاعل,VI,past,active,2fp,1,تَداوَلْتُنَّ
232_246,تَداوَلَ,دول,تفاعل,VI,past,active,1s,1,تَداوَلْتُ
232_246,تَداوَلَ,دول,تفاعل,VI,past,active,1p,1,تَداوَلْنا
232_246,تَداوَلَ,دول,تفاعل,VI,indicative,active,3ms,1,يَتَداوَلُ
232_246,تَداوَلَ,دول,تفاعل,VI,indicative,active,3md,1,يَتَداوَلانِ
232_246,تَداوَلَ,دول,تفاعل,VI,indicative,active,3mp,1,يَتَداوَلونَ
232_246,تَداوَلَ,دول,تفاعل,VI,indicative,active,3fs,1,تَتَداوَلُ
232_246,تَداوَلَ,دول,تفاعل,VI,indicative,active,3fd,1,تَتَداوَلانِ
232_246,تَداوَلَ,دول,تفاعل,VI,indicative,active,3fp,1,يَتَداوَلْنَ
232_246,تَداوَلَ,دول,تفاعل,VI,indicative,active,2ms,1,تَتَداوَلُ
232_246,تَداوَلَ,دول,تفاعل,VI,indicative,active,2d,1,تَتَداوَلانِ
232_246,تَداوَلَ,دول,تفاعل,VI,indicative,active,2mp,1,تَتَداوَلونَ
232_246,تَداوَلَ,دول,تفاعل,VI,indicative,active,2fs,1,تَتَداوَلينَ
232_246,تَداوَلَ,دول,تفاعل,VI,indicative,active,2fp,1,تَتَداوَلْنَ
232_246,تَداوَلَ,دول,تفاعل,VI,indicative,active,1s,1,أَتَداوَلُ
232_246,تَداوَلَ,دول,تفاعل,VI,indicative,active,1p,1,نَتَداوَلُ
232_246,تَداوَلَ,دول,تفاعل,VI,imperative,active,2ms,1,تَداوَلْ
232_246,تَداوَلَ,دول,تفاعل,VI,imperative,active,2d,1,تَداوَلا
232_246,تَداوَلَ,دول,تفاعل,VI,imperative,active,2mp,1,تَداوَلوا
232_246,تَداوَلَ,دول,تفاعل,VI,imperative,active,2fs,1,تَداوَلي
232_246,تَداوَلَ,دول,تفاعل,VI,imperative,active,2fp,1,تَداوَلْنَ
233_246,تَقايَضَ,قيض,تفاعل,VI,past,active,3ms,1,تَقايَضَ
233_246,تَقايَضَ,قيض,تفاعل,VI,past,active,3md,1,تَقايَضا
233_246,تَقايَضَ,قيض,تفاعل,VI,past,active,3mp,1,تَقايَضوا
233_246,تَقايَضَ,قيض,تفاعل,VI,past,active,3fs,1,تَقايَضَتْ
233_246,تَقايَضَ,قيض,تفاعل,VI,past,active,3fd,1,تَقايَضَتا
233_246,تَقايَضَ,قيض,تفاعل,VI,past,active,3fp,1,تَقايَضْنَ
233_246,تَقايَضَ,قيض,تفاعل,VI,past,active,2ms,1,تَقايَضْتَ
233_246,تَقايَضَ,قيض,تفاعل,VI,past,active,2d,1,تَقايَضْتُما
233_246,تَقايَضَ,قيض,تفاعل,VI,past,active,2mp,1,تَقايَضْتُمْ
233_246,تَقايَضَ,قيض,تفاعل,VI,past,active,2fs,1,تَقايَضْتِ
233_246,تَقايَضَ,قيض,تفاعل,VI,past,active,2fp,1,تَقايَضْتُنَّ
233_246,تَقايَضَ,قيض,تفاعل,VI,past,active,1s,1,تَقايَضْتُ
233_246,تَقايَضَ,قيض,تفاعل,VI,past,active,1p,1,تَقايَضْنا
233_246,تَقايَضَ,قيض,تفاعل,VI,indicative,active,3ms,1,يَتَقايَضُ
233_246,تَقايَضَ,قيض,تفاعل,VI,indicative,active,3md,1,يَتَقايَضانِ
233_246,تَقايَضَ,قيض,تفاعل,VI,indicative,active,3mp,1,يَتَقايَضونَ
233_246,تَقايَضَ,قيض,تفاعل,VI,indicative,active,3fs,1,تَتَقايَضُ
233_246,تَقايَضَ,قيض,تفاعل,VI,indicative,active,3fd,1,تَتَقايَضانِ
233_246,تَقايَضَ,قيض,تفاعل,VI,indicative,active,3fp,1,يَتَقايَضْنَ
233_246,تَقايَضَ,قيض,تفاعل,VI,indicative,active,2ms,1,تَتَقايَضُ
233_246,تَقايَضَ,قيض,تفاعل,VI,indicative,active,2d,1,تَتَقايَضانِ
233_246,تَقايَضَ,قيض,تفاعل,VI,indicative,active,2mp,1,تَتَقايَضونَ
233_246,تَقايَضَ,قيض,تفاعل,VI,indicative,active,2fs,1,تَتَقايَضينَ
233_246,تَقايَضَ,قيض,تفاعل,VI,indicative,active,2fp,1,تَتَقايَضْنَ
233_246,تَقايَضَ,قيض,تفاعل,VI,indicative,active,1s,1,أَتَقايَضُ
233_246,تَقايَضَ,قيض,تفاعل,VI,indicative,active,1p,1,نَتَقايَضُ
233_246,تَقايَضَ,قيض,تفاعل,VI,imperative,active,2ms,1,تَقايَضْ
233_246,تَقايَضَ,قيض,تفاعل,VI,imperative,active,2d,1,تَقايَضا
233_246,تَقايَضَ,قيض,تفاعل,VI,imperative,active,2mp,1,تَقايَضوا
233_246,تَقايَضَ,قيض,تفاعل,VI,imperative,active,2fs,1,تَقايَضي
233_246,تَقايَضَ,قيض,تفاعل,VI,imperative,active,2fp,1,تَقايَضْنَ
234_250,اِنْخَرَطَ,خرط,انفعل,VII,past,active,3ms,1,اِنْخَرَطَ
234_250,اِنْخَرَطَ,خرط,انفعل,VII,past,active,3md,1,اِنْخَرَطا
234_250,اِنْخَرَطَ,خرط,انفعل,VII,past,active,3mp,1,اِنْخَرَطوا
234_250,اِنْخَرَطَ,خرط,انفعل,VII,past,active,3fs,1,اِنْخَرَطَتْ
234_250,اِنْخَرَطَ,خرط,انفعل,VII,past,active,3fd,1,اِنْخَرَطَتا
234_250,اِنْخَرَطَ,خرط,انفعل,VII,past,active,3fp,1,اِنْخَرَطْنَ
234_250,اِنْخَرَطَ,خرط,انفعل,VII,past,active,2ms,1,اِنْخَرَطْتَ
234_250,اِنْخَرَطَ,خرط,انفعل,VII,past,active,2d,1,اِنْخَرَطْتُما
234_250,اِنْخَرَطَ,خرط,انفعل,VII,past,active,2mp,1,اِنْخَرَطْتُمْ
234_250,اِنْخَرَطَ,خرط,انفعل,VII,past,active,2fs,1,اِنْخَرَطْتِ
234_250,اِنْخَرَطَ,خرط,انفعل,VII,past,active,2fp,1,اِنْخَرَطْتُنَّ
234_250,اِنْخَرَطَ,خرط,انفعل,VII,past,active,1s,1,اِنْخَرَطْتُ
234_250,اِنْخَرَطَ,خرط,انفعل,VII,past,active,1p,1,اِنْخَرَطْنا
234_250,اِنْخَرَطَ,خرط,انفعل,VII,indicative,active,3ms,1,يَنْخَرِطُ
234_250,اِنْخَرَطَ,خرط,انفعل,VII,indicative,active,3md,1,يَنْخَرِطانِ
234_250,اِنْخَرَطَ,خرط,انفعل,VII,indicative,active,3mp,1,يَنْخَرِطونَ
234_250,اِنْخَرَطَ,خرط,انفعل,VII,indicative,active,3fs,1,تَنْخَرِطُ
234_250,اِنْخَرَطَ,خرط,انفعل,VII,indicative,active,3fd,1,تَنْخَرِطانِ
234_250,اِنْخَرَطَ,خرط,انفعل,VII,indicative,active,3fp,1,يَنْخَرِطْنَ
234_250,اِنْخَرَطَ,خرط,انفعل,VII,indicative,active,2ms,1,تَنْخَرِطُ
234_250,اِنْخَرَطَ,خرط,انفعل,VII,indicative,active,2d,1,تَنْخَرِطانِ
234_250,اِنْخَرَطَ,خرط,انفعل,VII,indicative,active,2mp,1,تَنْخَرِطونَ
234_250,اِنْخَرَطَ,خرط,انفعل,VII,indicative,active,2fs,1,تَنْخَرِطينَ
234_250,اِنْخَرَطَ,خرط,انفعل,VII,indicative,active,2fp,1,تَنْخَرِطْنَ
234_250,اِنْخَرَطَ,خرط,انفعل,VII,indicative,active,1s,1,أَنْخَرِطُ
234_250,اِنْخَرَطَ,خرط,انفعل,VII,indicative,active,1p,1,نَنْخَرِطُ
234_250,اِنْخَرَطَ,خرط,انفعل,VII,imperative,active,2ms,1,اِنْخَرِطْ
234_250,اِنْخَرَطَ,خرط,انفعل,VII,imperative,active,2d,1,اِنْخَرِطا
234_250,اِنْخَرَطَ,خرط,انفعل,VII,imperative,active,2mp,1,اِنْخَرِطوا
234_250,اِنْخَرَطَ,خرط,انفعل,VII,imperative,active,2fs,1,اِنْخَرِطي
234_250,اِنْخَرَطَ,خرط,انفعل,VII,imperative,active,2fp,1,اِنْخَرِطْنَ
235_250,اِنْطَلَقَ,طلق,انفعل,VII,past,active,3ms,1,اِنْطَلَقَ
235_250,اِنْطَلَقَ,طلق,انفعل,VII,past,active,3md,1,اِنْطَلَقا
235_250,اِنْطَلَقَ,طلق,انفعل,VII,past,active,3mp,1,اِنْطَلَقوا
235_250,اِنْطَلَقَ,طلق,انفعل,VII,past,active,3fs,1,اِنْطَلَقَتْ
235_250,اِنْطَلَقَ,طلق,انفعل,VII,past,active,3fd,1,اِنْطَلَقَتا
235_250,اِنْطَلَقَ,طلق,انفعل,VII,past,active,3fp,1,اِنْطَلَقْنَ
235_250,اِنْطَلَقَ,طلق,انفعل,VII,past,active,2ms,1,اِنْطَلَقْتَ
235_250,اِنْطَلَقَ,طلق,انفعل,VII,past,active,2d,1,اِنْطَلَقْتُما
235_250,اِنْطَلَقَ,طلق,انفعل,VII,past,active,2mp,1,اِنْطَلَقْتُمْ
235_250,اِنْطَلَقَ,طلق,انفعل,VII,past,active,2fs,1,اِنْطَلَقْتِ
235_250,اِنْطَلَقَ,طلق,انفعل,VII,past,active,2fp,1,اِنْطَلَقْتُنَّ
235_250,اِنْطَلَقَ,طلق,انفعل,VII,past,active,1s,1,اِنْطَلَقْتُ
235_250,اِنْطَلَقَ,طلق,انفعل,VII,past,active,1p,1,اِنْطَلَقْنا
235_250,اِنْطَلَقَ,طلق,انفعل,VII,indicative,active,3ms,1,يَنْطَلِقُ
235_250,اِنْطَلَقَ,طلق,انفعل,VII,indicative,active,3md,1,يَنْطَلِقانِ
235_250,اِنْطَلَقَ,طلق,انفعل,VII,indicative,active,3mp,1,يَنْطَلِقونَ
235_250,اِنْطَلَقَ,طلق,انفعل,VII,indicative,active,3fs,1,تَنْطَلِقُ
235_250,اِنْطَلَقَ,طلق,انفعل,VII,indicative,active,3fd,1,تَنْطَلِقانِ
235_250,اِنْطَلَقَ,طلق,انفعل,VII,indicative,active,3fp,1,يَنْطَلِقْنَ
235_250,اِنْطَلَقَ,طلق,انفعل,VII,indicative,active,2ms,1,تَنْطَلِقُ
235_250,اِنْطَلَقَ,طلق,انفعل,VII,indicative,active,2d,1,تَنْطَلِقانِ
235_250,اِنْطَلَقَ,طلق,انفعل,VII,indicative,active,2mp,1,تَنْطَلِقونَ
235_250,اِنْطَلَقَ,طلق,انفعل,VII,indicative,active,2fs,1,تَنْطَلِقينَ
235_250,اِنْطَلَقَ,طلق,انفعل,VII,indicative,active,2fp,1,تَنْطَلِقْنَ
235_250,اِنْطَلَقَ,طلق,انفعل,VII,indicative,active,1s,1,أَنْطَلِقُ
235_250,اِنْطَلَقَ,طلق,انفعل,VII,indicative,active,1p,1,نَنْطَلِقُ
235_250,اِنْطَلَقَ,طلق,انفعل,VII,imperative,active,2ms,1,اِنْطَلِقْ
235_250,اِنْطَلَقَ,طلق,انفعل,VII,imperative,active,2d,1,اِنْطَلِقا
235_250,اِنْطَلَقَ,طلق,انفعل,VII,imperative,active,2mp,1,اِنْطَلِقوا
235_250,اِنْطَلَقَ,طلق,انفعل,VII,imperative,active,2fs,1,اِنْطَلِقي
235_250,اِنْطَلَقَ,طلق,انفعل,VII,imperative,active,2fp,1,اِنْطَلِقْنَ
236_153,فَئِدَ,فئد,فعِل يفعَل,I,past,active,3ms,1,فَئِدَ
236_153,فَئِدَ,فئد,فعِل يفعَل,I,past,active,3md,1,فَئِدا
236_153,فَئِدَ,فئد,فعِل يفعَل,I,past,active,3mp,1,فَئِدوا
236_153,فَئِدَ,فئد,فعِل يفعَل,I,past,active,3fs,1,فَئِدَتْ
236_153,فَئِدَ,فئد,فعِل يفعَل,I,past,active,3fd,1,فَئِدَتَا
236_153,فَئِدَ,فئد,فعِل يفعَل,I,past,active,3fp,1,فَئِدْنَ
236_153,فَئِدَ,فئد,فعِل يفعَل,I,past,active,2ms,1,فَئِدْتَ
236_153,فَئِدَ,فئد,فعِل يفعَل,I,past,active,2d,1,فَئِدْتُما
236_153,فَئِدَ,فئد,فعِل يفعَل,I,past,active,2mp,1,فَئِدْتُمْ
236_153,فَئِدَ,فئد,فعِل يفعَل,I,past,active,2fs,1,فَئِدْتِ
236_153,فَئِدَ,فئد,فعِل يفعَل,I,past,active,2fp,1,فَئِدْتُنَّ
236_153,فَئِدَ,فئد,فعِل يفعَل,I,past,active,1s,1,فَئِدْتُ
236_153,فَئِدَ,فئد,فعِل يفعَل,I,past,active,1p,1,فَئِدْنا
236_153,فَئِدَ,فئد,فعِل يفعَل,I,indicative,active,3ms,1,يَفْأَدُ
236_153,فَئِدَ,فئد,فعِل يفعَل,I,indicative,active,3md,1,يَفْأَدانِ
236_153,فَئِدَ,فئد,فعِل يفعَل,I,indicative,active,3mp,1,يَفْأَدونَ
236_153,فَئِدَ,فئد,فعِل يفعَل,I,indicative,active,3fs,1,تَفْأَدُ
236_153,فَئِدَ,فئد,فعِل يفعَل,I,indicative,active,3fd,1,تَفْأَدانِ
236_153,فَئِدَ,فئد,فعِل يفعَل,I,indicative,active,3fp,1,يَفْأَدْنَ
236_153,فَئِدَ,فئد,فعِل يفعَل,I,indicative,active,2ms,1,تَفْأَدُ
236_153,فَئِدَ,فئد,فعِل يفعَل,I,indicative,active,2d,1,تَفْأَدانِ
236_153,فَئِدَ,فئد,فعِل يفعَل,I,indicative,active,2mp,1,تَفْأَدونَ
236_153,فَئِدَ,فئد,فعِل يفعَل,I,indicative,active,2fs,1,تَفْأَدينَ
236_153,فَئِدَ,فئد,فعِل يفعَل,I,indicative,active,2fp,1,تَفْأَدْنَ
236_153,فَئِدَ,فئد,فعِل يفعَل,I,indicative,active,1s,1,أَفْأَدُ
236_153,فَئِدَ,فئد,فعِل يفعَل,I,indicative,active,1p,1,نَفْأَدُ
236_153,فَئِدَ,فئد,فعِل يفعَل,I,imperative,active,2ms,1,اِفْأَدْ
236_153,فَئِدَ,فئد,فعِل يفعَل,I,imperative,active,2d,1,اِفْأَدا
236_153,فَئِدَ,فئد,فعِل يفعَل,I,imperative,active,2mp,1,اِفْأَدوا
236_153,فَئِدَ,فئد,فعِل يفعَل,I,imperative,active,2fs,1,اِفْأَدِي
236_153,فَئِدَ,فئد,فعِل يفعَل,I,imperative,active,2fp,1,اِفْأَدْنَ
237_154,بَرِئَ,برئ,فعِل يفعَل,I,past,active,3ms,1,بَرِئَ
237_154,بَرِئَ,برئ,فعِل يفعَل,I,past,active,3md,1,بَرِئَا
237_154,بَرِئَ,برئ,فعِل يفعَل,I,past,active,3mp,1,بَرِئُوا
237_154,بَرِئَ,برئ,فعِل يفعَل,I,past,active,3fs,1,بَرِئَتْ
237_154,بَرِئَ,برئ,فعِل يفعَل,I,past,active,3fd,1,بَرِئَتا
237_154,بَرِئَ,برئ,فعِل يفعَل,I,past,active,3fp,1,بَرِئْنَ
237_154,بَرِئَ,برئ,فعِل يفعَل,I,past,active,2ms,1,بَرِئْتَ
237_154,بَرِئَ,برئ,فعِل يفعَل,I,past,active,2d,1,بَرِئْتُما
237_154,بَرِئَ,برئ,فعِل يفعَل,I,past,active,2mp,1,بَرِئْتُمْ
237_154,بَرِئَ,برئ,فعِل يفعَل,I,past,active,2fs,1,بَرِئْتِ
237_154,بَرِئَ,برئ,فعِل يفعَل,I,past,active,2fp,1,بَرِئْتُنَّ
237_154,بَرِئَ,برئ,فعِل يفعَل,I,past,active,1s,1,بَرِئْتُ
237_154,بَرِئَ,برئ,فعِل يفعَل,I,past,active,1p,1,بَرِئْنَا
237_154,بَرِئَ,برئ,فعِل يفعَل,I,indicative,active,3ms,1,يَبْرَأُ
237_154,بَرِئَ,برئ,فعِل يفعَل,I,indicative,active,3md,1,يَبْرَآنِ
237_154,بَرِئَ,برئ,فعِل يفعَل,I,indicative,active,3mp,1,يَبْرَؤُونَ
237_154,بَرِئَ,برئ,فعِل يفعَل,I,indicative,active,3fs,1,تَبْرَأُ
237_154,بَرِئَ,برئ,فعِل يفعَل,I,indicative,active,3fd,1,تَبْرَآنِ
237_154,بَرِئَ,برئ,فعِل يفعَل,I,indicative,active,3fp,1,يَبْرَأْنَ
237_154,بَرِئَ,برئ,فعِل يفعَل,I,indicative,active,2ms,1,تَبْرَأُ
237_154,بَرِئَ,برئ,فعِل يفعَل,I,indicative,active,2d,1,تَبْرَآنِ
237_154,بَرِئَ,برئ,فعِل يفعَل,I,indicative,active,2mp,1,تَبْرَؤُونَ
237_154,بَرِئَ,برئ,فعِل يفعَل,I,indicative,active,2fs,1,تَبْرَئِينَ
237_154,بَرِئَ,برئ,فعِل يفعَل,I,indicative,active,2fp,1,تَبْرَأْنَ
237_154,بَرِئَ,برئ,فعِل يفعَل,I,indicative,active,1s,1,أَبْرَأُ
237_154,بَرِئَ,برئ,فعِل يفعَل,I,indicative,active,1p,1,نَبْرَأُ
237_154,بَرِئَ,برئ,فعِل يفعَل,I,imperative,active,2ms,1,اِبْرَأْ
237_154,بَرِئَ,برئ,فعِل يفعَل,I,imperative,active,2d,1,اِبْرَآ
237_154,بَرِئَ,برئ,فعِل يفعَل,I,imperative,active,2mp,1,اِبْرَؤُوا
237_154,بَرِئَ,برئ,فعِل يفعَل,I,imperative,active,2fs,1,اِبْرَئِي
237_154,بَرِئَ,برئ,فعِل يفعَل,I,imperative,active,2fp,1,اِبْرَأْنَ
238_159,عَيِيَ,عيي,فعِل يفعَل,I,past,active,3ms,1,عَيِيَ
238_159,عَيِيَ,عيي,فعِل يفعَل,I,past,active,3md,1,عَيِيا
238_159,عَيِيَ,عيي,فعِل يفعَل,I,past,active,3mp,1,عَيُوا
238_159,عَيِيَ,عيي,فعِل يفعَل,I,past,active,3fs,1,عَيِيَتْ
238_159,عَيِيَ,عيي,فعِل يفعَل,I,past,active,3fd,1,عَيِيَتا
238_159,عَيِيَ,عيي,فعِل يفعَل,I,past,active,3fp,1,عَيِينَ
238_159,عَيِيَ,عيي,فعِل يفعَل,I,past,active,2ms,1,عَيِيتَ
238_159,عَيِيَ,عيي,فعِل يفعَل,I,past,active,2d,1,عَيِيتُما
238_159,عَيِيَ,عيي,فعِل يفعَل,I,past,active,2mp,1,عَيِيتُمْ
238_159,عَيِيَ,عيي,فعِل يفعَل,I,past,active,2fs,1,عَيِيْتِ
238_159,عَيِيَ,عيي,فعِل يفعَل,I,past,active,2fp,1,عَيِيتُنَّ
238_159,عَيِيَ,عيي,فعِل يفعَل,I,past,active,1s,1,عَيِيتُ
238_159,عَيِيَ,عيي,فعِل يفعَل,I,past,active,1p,1,عَيِينا
238_159,عَيِيَ,عيي,فعِل يفعَل,I,indicative,active,3md,1,يَعْيَيانِ
238_159,عَيِيَ,عيي,فعِل يفعَل,I,indicative,active,3mp,1,يَعْيَوْنَ
238_159,عَيِيَ,عيي,فعِل يفعَل,I,indicative,active,3fs,1,تَعْيَا
238_159,عَيِيَ,عيي,فعِل يفعَل,I,indicative,active,3fd,1,تَعْيَيانِ
238_159,عَيِيَ,عيي,فعِل يفعَل,I,indicative,active,3fp,1,يَعْيَيْنَ
238_159,عَيِيَ,عيي,فعِل يفعَل,I,indicative,active,2ms,1,تَعْيَا
238_159,عَيِيَ,عيي,فعِل يفعَل,I,indicative,active,2d,1,تَعْيَيانِ
238_159,عَيِيَ,عيي,فعِل يفعَل,I,indicative,active,2mp,1,تَعْيَوْنَ
238_159,عَيِيَ,عيي,فعِل يفعَل,I,indicative,active,2fs,1,تَعْيَيْنَ
238_159,عَيِيَ,عيي,فعِل يفعَل,I,indicative,active,2fp,1,تَعْيَيْنَ
238_159,عَيِيَ,عيي,فعِل يفعَل,I,indicative,active,1s,1,أَعْيَا
238_159,عَيِيَ,عيي,فعِل يفعَل,I,indicative,active,1p,1,نَعْيَا
238_159,عَيِيَ,عيي,فعِل يفعَل,I,imperative,active,2ms,1,اِعْيَ
238_159,عَيِيَ,عيي,فعِل يفعَل,I,imperative,active,2d,1,اِعْيَيا
238_159,عَيِيَ,عيي,فعِل يفعَل,I,imperative,active,2mp,1,اِعْيَوْا
238_159,عَيِيَ,عيي,فعِل يفعَل,I,imperative,active,2fs,1,اِعْيَيْ
238_159,عَيِيَ,عيي,فعِل يفعَل,I,imperative,active,2fp,1,اِعْيَيْنَ
239_214,باطَأَ,بطأ,فاعل,III,past,active,3ms,1,باطَأَ
239_214,باطَأَ,بطأ,فاعل,III,past,active,3md,1,باطَآ
239_214,باطَأَ,بطأ,فاعل,III,past,active,3mp,1,باطَؤُوا
239_214,باطَأَ,بطأ,فاعل,III,past,active,3fs,1,باطَأَتْ
239_214,باطَأَ,بطأ,فاعل,III,past,active,3fd,1,باطَأَتا
239_214,باطَأَ,بطأ,فاعل,III,past,active,3fp,1,باطَأْنَ
239_214,باطَأَ,بطأ,فاعل,III,past,active,2ms,1,باطَأْتَ
239_214,باطَأَ,بطأ,فاعل,III,past,active,2d,1,باطَأْتُما
239_214,باطَأَ,بطأ,فاعل,III,past,active,2mp,1,باطَأْتُمْ
239_214,باطَأَ,بطأ,فاعل,III,past,active,2fs,1,باطَأْتِ
239_214,باطَأَ,بطأ,فاعل,III,past,active,2fp,1,باطَأْتُنَّ
239_214,باطَأَ,بطأ,فاعل,III,past,active,1s,1,باطَأْتُ
239_214,باطَأَ,بطأ,فاعل,III,past,active,1p,1,باطَأْنا
239_214,باطَأَ,بطأ,فاعل,III,indicative,active,3ms,1,يُباطِئُ
239_214,باطَأَ,بطأ,فاعل,III,indicative,active,3md,1,يُباطِئانِ
239_214,باطَأَ,بطأ,فاعل,III,indicative,active,3mp,1,يُباطِئُونَ
239_214,باطَأَ,بطأ,فاعل,III,indicative,active,3fs,1,تُباطِئُ
239_214,باطَأَ,بطأ,فاعل,III,indicative,active,3fd,1,تُباطِئانِ
239_214,باطَأَ,بطأ,فاعل,III,indicative,active,3fp,1,يُباطِئْنَ
239_214,باطَأَ,بطأ,فاعل,III,indicative,active,2ms,1,تُباطِئُ
239_214,باطَأَ,بطأ,فاعل,III,indicative,active,2d,1,تُباطِئانِ
239_214,باطَأَ,بطأ,فاعل,III,indicative,active,2mp,1,تُباطِئُونَ
239_214,باطَأَ,بطأ,فاعل,III,indicative,active,2fs,1,تُباطِئِينَ
239_214,باطَأَ,بطأ,فاعل,III,indicative,active,2fp,1,تُباطِئْنَ
239_214,باطَأَ,بطأ,فاعل,III,indicative,active,1s,1,أُباطِئُ
239_214,باطَأَ,بطأ,فاعل,III,indicative,active,1p,1,نُباطِئُ
239_214,باطَأَ,بطأ,فاعل,III,imperative,active,2ms,1,باطِئْ
239_214,باطَأَ,بطأ,فاعل,III,imperative,active,2d,1,باطِئَا
239_214,باطَأَ,بطأ,فاعل,III,imperative,active,2mp,1,باطِئُوا
239_214,باطَأَ,بطأ,فاعل,III,imperative,active,2fs,1,باطِئِي
239_214,باطَأَ,بطأ,فاعل,III,imperative,active,2fp,1,باطِئْنَ
240_219,عايا,عيي,فاعل,III,past,active,3ms,1,عايا
240_219,عايا,عيي,فاعل,III,past,active,3mp,1,عايَوْا
240_219,عايا,عيي,فاعل,III,past,active,3fs,1,عايَتْ
240_219,عايا,عيي,فاعل,III,past,active,3fd,1,عايَتا
240_219,عايا,عيي,فاعل,III,past,active,3fp,1,عايَيْنَ
240_219,عايا,عيي,فاعل,III,past,active,2ms,1,عايَيْتَ
240_219,عايا,عيي,فاعل,III,past,active,2d,1,عايَيْتُما
240_219,عايا,عيي,فاعل,III,past,active,2mp,1,عايَيْتُمْ
240_219,عايا,عيي,فاعل,III,past,active,2fs,1,عايَيْتِ
240_219,عايا,عيي,فاعل,III,past,active,2fp,1,عايَيْتُنَّ
240_219,عايا,عيي,فاعل,III,past,active,1s,1,عايَيْتُ
240_219,عايا,عيي,فاعل,III,past,active,1p,1,عايَيْنا
240_219,عايا,عيي,فاعل,III,indicative,active,3ms,1,يُعايي
240_219,عايا,عيي,فاعل,III,indicative,active,3md,1,يُعاييانِ
240_219,عايا,عيي,فاعل,III,indicative,active,3mp,1,يُعايونَ
240_219,عايا,عيي,فاعل,III,indicative,active,3fs,1,تُعايي
240_219,عايا,عيي,فاعل,III,indicative,active,3fd,1,تُعاييانِ
240_219,عايا,عيي,فاعل,III,indicative,active,3fp,1,يُعايينَ
240_219,عايا,عيي,فاعل,III,indicative,active,2ms,1,تُعايي
240_219,عايا,عيي,فاعل,III,indicative,active,2d,1,تُعاييانِ
240_219,عايا,عيي,فاعل,III,indicative,active,2mp,1,تُعايونَ
240_219,عايا,عيي,فاعل,III,indicative,active,2fs,1,تُعايينَ
240_219,عايا,عيي,فاعل,III,indicative,active,2fp,1,تُعايِيْنَ
240_219,عايا,عيي,فاعل,III,indicative,active,1s,1,أُعايي
240_219,عايا,عيي,فاعل,III,indicative,active,1p,1,نُعايي
240_219,عايا,عيي,فاعل,III,imperative,active,2ms,1,عايِ
240_219,عايا,عيي,فاعل,III,imperative,active,2d,1,عاييا
240_219,عايا,عيي,فاعل,III,imperative,active,2mp,1,عايُوا
240_219,عايا,عيي,فاعل,III,imperative,active,2fs,1,عايِي
240_219,عايا,عيي,فاعل,III,imperative,active,2fp,1,عايِيْنَ
241_229,أَحْيا,حيي,أفعل,IV,past,active,3ms,1,أَحْيا
241_229,أَحْيا,حيي,أفعل,IV,past,active,3md,1,أَحَيَّا
241_229,أَحْيا,حيي,أفعل,IV,past,active,3mp,1,أَحْيَوْا
241_229,أَحْيا,حيي,أفعل,IV,past,active,3fs,1,أَحْيَتْ
241_229,أَحْيا,حيي,أفعل,IV,past,active,3fd,1,أَحْيَتا
241_229,أَحْيا,حيي,أفعل,IV,past,active,3fp,1,أَحْيَيْنَ
241_229,أَحْيا,حيي,أفعل,IV,past,active,2ms,1,أَحْيَيْتَ
241_229,أَحْيا,حيي,أفعل,IV,past,active,2d,1,أَحْيَيْتُما
241_229,أَحْيا,حيي,أفعل,IV,past,active,2mp,1,أَحْيَيْتُمْ
241_229,أَحْيا,حيي,أفعل,IV,past,active,2fs,1,أَحْيَيْتِ
241_229,أَحْيا,حيي,أفعل,IV,past,active,2fp,1,أَحْيَيْتُنَّ
241_229,أَحْيا,حيي,أفعل,IV,past,active,1s,1,أَحْيَيْتُ
241_229,أَحْيا,حيي,أفعل,IV,past,active,1p,1,أَحْيَيْنا
241_229,أَحْيا,حيي,أفعل,IV,indicative,active,3ms,1,يُحْيِي
241_229,أَحْيا,حيي,أفعل,IV,indicative,active,3md,1,يُحِيَّانِ
241_229,أَحْيا,حيي,أفعل,IV,indicative,active,3mp,1,يُحْيونَ
241_229,أَحْيا,حيي,أفعل,IV,indicative,active,3fs,1,تُحْيِي
241_229,أَحْيا,حيي,أفعل,IV,indicative,active,3fd,1,تُحِيَّانِ
241_229,أَحْيا,حيي,أفعل,IV,indicative,active,3fp,1,يُحْيِينَ
241_229,أَحْيا,حيي,أفعل,IV,indicative,active,2ms,1,تُحْيِي
241_229,أَحْيا,حيي,أفعل,IV,indicative,active,2d,1,تُحِيَّانِ
241_229,أَحْيا,حيي,أفعل,IV,indicative,active,2mp,1,تُحْيونَ
241_229,أَحْيا,حيي,أفعل,IV,indicative,active,2fs,1,تُحْيينَ
241_229,أَحْيا,حيي,أفعل,IV,indicative,active,1s,1,أُحْيِي
241_229,أَحْيا,حيي,أفعل,IV,indicative,active,1p,1,نُحْيِي
241_229,أَحْيا,حيي,أفعل,IV,imperative,active,2ms,1,أَحْيِ
241_229,أَحْيا,حيي,أفعل,IV,imperative,active,2d,1,أَحِيَّا
241_229,أَحْيا,حيي,أفعل,IV,imperative,active,2mp,1,أَحْيوا
241_229,أَحْيا,حيي,أفعل,IV,imperative,active,2fs,1,أَحْيي
241_229,أَحْيا,حيي,أفعل,IV,imperative,active,2fp,1,أَحْيِينَ
242_248,تَوانَى,وني,تفاعل,VI,past,active,3ms,1,تَوانَى
242_248,تَوانَى,وني,تفاعل,VI,past,active,3md,1,تَوانَيا
242_248,تَوانَى,وني,تفاعل,VI,past,active,3mp,1,تَوانَوْا
242_248,تَوانَى,وني,تفاعل,VI,past,active,3fs,1,تَوانَتْ
242_248,تَوانَى,وني,تفاعل,VI,past,active,3fd,1,تَوانَتَا
242_248,تَوانَى,وني,تفاعل,VI,past,active,3fp,1,تَوانَيْنَ
242_248,تَوانَى,وني,تفاعل,VI,past,active,2ms,1,تَوانَيْتَ
242_248,تَوانَى,وني,تفاعل,VI,past,active,2d,1,تَوانَيْتُما
242_248,تَوانَى,وني,تفاعل,VI,past,active,2mp,1,تَوانَيْتُمْ
242_248,تَوانَى,وني,تفاعل,VI,past,active,2fs,1,تَوانَيْتِ
242_248,تَوانَى,وني,تفاعل,VI,past,active,2fp,1,تَوانَيْتُنَّ
242_248,تَوانَى,وني,تفاعل,VI,past,active,1s,1,تَوانَيْتُ
242_248,تَوانَى,وني,تفاعل,VI,past,active,1p,1,تَوانَيْنا
242_248,تَوانَى,وني,تفاعل,VI,indicative,active,3ms,1,يَتَوانَى
242_248,تَوانَى,وني,تفاعل,VI,indicative,active,3md,1,يَتَوانَيانِ
242_248,تَوانَى,وني,تفاعل,VI,indicative,active,3mp,1,يَتَوانَوْنَ
242_248,تَوانَى,وني,تفاعل,VI,indicative,active,3fs,1,تَتَوانَى
242_248,تَوانَى,وني,تفاعل,VI,indicative,active,3fd,1,تَتَوانَيانِ
242_248,تَوانَى,وني,تفاعل,VI,indicative,active,3fp,1,يَتَوانَيْنَ
242_248,تَوانَى,وني,تفاعل,VI,indicative,active,2ms,1,تَتَوانَى
242_248,تَوانَى,وني,تفاعل,VI,indicative,active,2d,1,تَتَوانَيانِ
242_248,تَوانَى,وني,تفاعل,VI,indicative,active,2mp,1,تَتَوانَوْنَ
242_248,تَوانَى,وني,تفاعل,VI,indicative,active,2fs,1,تَتَوانَيْنَ
242_248,تَوانَى,وني,تفاعل,VI,indicative,active,2fp,1,تَتَوانَيْنَ
242_248,تَوانَى,وني,تفاعل,VI,indicative,active,1s,1,أَتَوانَى
242_248,تَوانَى,وني,تفاعل,VI,indicative,active,1p,1,نَتَوانَى
242_248,تَوانَى,وني,تفاعل,VI,imperative,active,2ms,1,تَوانَ
242_248,تَوانَى,وني,تفاعل,VI,imperative,active,2d,1,تَوانَيا
242_248,تَوانَى,وني,تفاعل,VI,imperative,active,2mp,1,تَوانَوْا
242_248,تَوانَى,وني,تفاعل,VI,imperative,active,2fs,1,تَوانَيْ
242_248,تَوانَى,وني,تفاعل,VI,imperative,active,2fp,1,تَوانَيْنَ
243_248,تَوَارَى,وري,تفاعل,VI,past,active,3ms,1,تَوَارَى
243_248,تَوَارَى,وري,تفاعل,VI,past,active,3md,1,تَوَارَيا
243_248,تَوَارَى,وري,تفاعل,VI,past,active,3mp,1,تَوَارَوْا
243_248,تَوَارَى,وري,تفاعل,VI,past,active,3fs,1,تَوَارَتْ
243_248,تَوَارَى,وري,تفاعل,VI,past,active,3fd,1,تَوَارَتا
243_248,تَوَارَى,وري,تفاعل,VI,past,active,3fp,1,تَوَارَيْنَ
243_248,تَوَارَى,وري,تفاعل,VI,past,active,2ms,1,تَوَارَيْتَ
243_248,تَوَارَى,وري,تفاعل,VI,past,active,2d,1,تَوَارَيْتُما
243_248,تَوَارَى,وري,تفاعل,VI,past,active,2mp,1,تَوَارَيْتُمْ
243_248,تَوَارَى,وري,تفاعل,VI,past,active,2fs,1,تَوَارَيْتِ
243_248,تَوَارَى,وري,تفاعل,VI,past,active,2fp,1,تَوَارَيْتُنَّ
243_248,تَوَارَى,وري,تفاعل,VI,past,active,1s,1,تَوَارَيْتُ
243_248,تَوَارَى,وري,تفاعل,VI,past,active,1p,1,تَوَارَيْنا
243_248,تَوَارَى,وري,تفاعل,VI,indicative,active,3ms,1,يَتَوَارَى
243_248,تَوَارَى,وري,تفاعل,VI,indicative,active,3md,1,يَتَوَارَيانِ
243_248,تَوَارَى,وري,تفاعل,VI,indicative,active,3mp,1,يَتَوَارَوْنَ
243_248,تَوَارَى,وري,تفاعل,VI,indicative,active,3fs,1,تَتَوَارَى
243_248,تَوَارَى,وري,تفاعل,VI,indicative,active,3fd,1,تَتَوَارَيانِ
243_248,تَوَارَى,وري,تفاعل,VI,indicative,active,3fp,1,يَتَوَارَيْنَ
243_248,تَوَارَى,وري,تفاعل,VI,indicative,active,2ms,1,تَتَوَارَى
243_248,تَوَارَى,وري,تفاعل,VI,indicative,active,2d,1,تَتَوَارَيانِ
243_248,تَوَارَى,وري,تفاعل,VI,indicative,active,2mp,1,تَتَوَارَوْنَ
243_248,تَوَارَى,وري,تفاعل,VI,indicative,active,2fs,1,تَتَوَارَيْنَ
243_248,تَوَارَى,وري,تفاعل,VI,indicative,active,2fp,1,تَتَوَارَيْنَ
243_248,تَوَارَى,وري,تفاعل,VI,indicative,active,1s,1,أَتَوَارَى
243_248,تَوَارَى,وري,تفاعل,VI,indicative,active,1p,1,نَتَوَارَى
243_248,تَوَارَى,وري,تفاعل,VI,imperative,active,2ms,1,تَوَارَ
243_248,تَوَارَى,وري,تفاعل,VI,imperative,active,2d,1,تَوَارَيا
243_248,تَوَارَى,وري,تفاعل,VI,imperative,active,2mp,1,تَوَارَوْا
243_248,تَوَارَى,وري,تفاعل,VI,imperative,active,2fs,1,تَوَارَيْ
243_248,تَوَارَى,وري,تفاعل,VI,imperative,active,2fp,1,تَوَارَيْنَ
244_251,اِنْشَقَّ,شقق,انفعل,VII,past,active,3ms,1,اِنْشَقَّ
244_251,اِنْشَقَّ,شقق,انفعل,VII,past,active,3md,1,اِنْشَقَّا
244_251,اِنْشَقَّ,شقق,انفعل,VII,past,active,3mp,1,اِنْشَقُّوا
244_251,اِنْشَقَّ,شقق,انفعل,VII,past,active,3fs,1,اِنْشَقَّتْ
244_251,اِنْشَقَّ,شقق,انفعل,VII,past,active,3fd,1,اِنْشَقَّتا
244_251,اِنْشَقَّ,شقق,انفعل,VII,past,active,3fp,1,اِنْشَقَقْنَ
244_251,اِنْشَقَّ,شقق,انفعل,VII,past,active,2ms,1,اِنْشَقَقْتَ
244_251,اِنْشَقَّ,شقق,انفعل,VII,past,active,2d,1,اِنْشَقَقْتُما
244_251,اِنْشَقَّ,شقق,انفعل,VII,past,active,2mp,1,اِنْشَقَقْتُمْ
244_251,اِنْشَقَّ,شقق,انفعل,VII,past,active,2fs,1,اِنْشَقَقْتِ
244_251,اِنْشَقَّ,شقق,انفعل,VII,past,active,2fp,1,اِنْشَقَقْتُنَّ
244_251,اِنْشَقَّ,شقق,انفعل,VII,past,active,1s,1,اِنْشَقَقْتُ
244_251,اِنْشَقَّ,شقق,انفعل,VII,past,active,1p,1,اِنْشَقَقْنا
244_251,اِنْشَقَّ,شقق,انفعل,VII,indicative,active,3ms,1,يَنْشَقُّ
244_251,اِنْشَقَّ,شقق,انفعل,VII,indicative,active,3md,1,يَنْشَقَّانِ
244_251,اِنْشَقَّ,شقق,انفعل,VII,indicative,active,3mp,1,يَنْشَقُّونَ
244_251,اِنْشَقَّ,شقق,انفعل,VII,indicative,active,3fs,1,تَنْشَقُّ
244_251,اِنْشَقَّ,شقق,انفعل,VII,indicative,active,3fd,1,تَنْشَقَّانِ
244_251,اِنْشَقَّ,شقق,انفعل,VII,indicative,active,3fp,1,يَنْشَقِقْنَ
244_251,اِنْشَقَّ,شقق,انفعل,VII,indicative,active,2ms,1,تَنْشَقُّ
244_251,اِنْشَقَّ,شقق,انفعل,VII,indicative,active,2d,1,تَنْشَقَّانِ
244_251,اِنْشَقَّ,شقق,انفعل,VII,indicative,active,2mp,1,تَنْشَقُّونَ
244_251,اِنْشَقَّ,شقق,انفعل,VII,indicative,active,2fs,1,تَنْشَقِّينَ
244_251,اِنْشَقَّ,شقق,انفعل,VII,indicative,active,2fp,1,تَنْشَقِقْنَ
244_251,اِنْشَقَّ,شقق,انفعل,VII,indicative,active,1s,1,أَنْشَقُّ
244_251,اِنْشَقَّ,شقق,انفعل,VII,indicative,active,1p,1,نَنْشَقُّ
244_251,اِنْشَقَّ,شقق,انفعل,VII,imperative,active,2ms,1,اِنْشَقِقْ
244_251,اِنْشَقَّ,شقق,انفعل,VII,imperative,active,2d,1,اِنْشَقَّا
244_251,اِنْشَقَّ,شقق,انفعل,VII,imperative,active,2mp,1,اِنْشَقُّوا
244_251,اِنْشَقَّ,شقق,انفعل,VII,imperative,active,2fs,1,اِنْشَقّي
244_251,اِنْشَقَّ,شقق,انفعل,VII,imperative,active,2fp,1,اِنْشَقِقْنَ
245_251,اِنْدَسَّ,دسس,انفعل,VII,past,active,3ms,1,اِنْدَسَّ
245_251,اِنْدَسَّ,دسس,انفعل,VII,past,active,3md,1,اِنْدَسَّا
245_251,اِنْدَسَّ,دسس,انفعل,VII,past,active,3mp,1,اِنْدَسُّوا
245_251,اِنْدَسَّ,دسس,انفعل,VII,past,active,3fs,1,اِنْدَسَّتْ
245_251,اِنْدَسَّ,دسس,انفعل,VII,past,active,3fd,1,اِنْدَسَّتَا
245_251,اِنْدَسَّ,دسس,انفعل,VII,past,active,3fp,1,اِنْدَسَسْنَ
245_251,اِنْدَسَّ,دسس,انفعل,VII,past,active,2ms,1,اِنْدَسَسْتَ
245_251,اِنْدَسَّ,دسس,انفعل,VII,past,active,2d,1,اِنْدَسَسْتُما
245_251,اِنْدَسَّ,دسس,انفعل,VII,past,active,2mp,1,اِنْدَسَسْتُمْ
245_251,اِنْدَسَّ,دسس,انفعل,VII,past,active,2fs,1,اِنْدَسَسْتِ
245_251,اِنْدَسَّ,دسس,انفعل,VII,past,active,2fp,1,اِنْدَسَسْتُنَّ
245_251,اِنْدَسَّ,دسس,انفعل,VII,past,active,1s,1,اِنْدَسَسْتُ
245_251,اِنْدَسَّ,دسس,انفعل,VII,past,active,1p,1,اِنْدَسَسْنا
245_251,اِنْدَسَّ,دسس,انفعل,VII,indicative,active,3ms,1,يَنْدَسُّ
245_251,اِنْدَسَّ,دسس,انفعل,VII,indicative,active,3md,1,يَنْدَسَّانِ
245_251,اِنْدَسَّ,دسس,انفعل,VII,indicative,active,3mp,1,يَنْدَسُّونَ
245_251,اِنْدَسَّ,دسس,انفعل,VII,indicative,active,3fs,1,تَنْدَسُّ
245_251,اِنْدَسَّ,دسس,انفعل,VII,indicative,active,3fd,1,تَنْدَسَّانِ
245_251,اِنْدَسَّ,دسس,انفعل,VII,indicative,active,3fp,1,يَنْدَسِسْنَ
245_251,اِنْدَسَّ,دسس,انفعل,VII,indicative,active,2ms,1,تَنْدَسُّ
245_251,اِنْدَسَّ,دسس,انفعل,VII,indicative,active,2d,1,تَنْدَسَّانِ
245_251,اِنْدَسَّ,دسس,انفعل,VII,indicative,active,2mp,1,تَنْدَسُّونَ
245_251,اِنْدَسَّ,دسس,انفعل,VII,indicative,active,2fs,1,تَنْدَسّينَ
245_251,اِنْدَسَّ,دسس,انفعل,VII,indicative,active,2fp,1,تَنْدَسِسْنَ
245_251,اِنْدَسَّ,دسس,انفعل,VII,indicative,active,1s,1,أَنْدَسُّ
245_251,اِنْدَسَّ,دسس,انفعل,VII,indicative,active,1p,1,نَنْدَسُّ
245_251,اِنْدَسَّ,دسس,انفعل,VII,imperative,active,2ms,1,اِنْدَسِسْ
245_251,اِنْدَسَّ,دسس,انفعل,VII,imperative,active,2d,1,اِنْدَسَّا
245_251,اِنْدَسَّ,دسس,انفعل,VII,imperative,active,2mp,1,اِنْدَسُّوا
245_251,اِنْدَسَّ,دسس,انفعل,VII,imperative,active,2fs,1,اِنْدَسِّي
245_251,اِنْدَسَّ,دسس,انفعل,VII,imperative,active,2fp,1,اِنْدَسِسْنَ
246_254,اِنْدَرَأَ,درأ,انفعل,VII,past,active,3ms,1,اِنْدَرَأَ
246_254,اِنْدَرَأَ,درأ,انفعل,VII,past,active,3md,1,اِنْدَرَآ
246_254,اِنْدَرَأَ,درأ,انفعل,VII,past,active,3mp,1,اِنْدَرَؤُوا
246_254,اِنْدَرَأَ,درأ,انفعل,VII,past,active,3fs,1,اِنْدَرَأَتْ
246_254,اِنْدَرَأَ,درأ,انفعل,VII,past,active,3fd,1,اِنْدَرَأَتا
246_254,اِنْدَرَأَ,درأ,انفعل,VII,past,active,3fp,1,اِنْدَرَأْنَ
246_254,اِنْدَرَأَ,درأ,انفعل,VII,past,active,2ms,1,اِنْدَرَأْتَ
246_254,اِنْدَرَأَ,درأ,انفعل,VII,past,active,2d,1,اِنْدَرَأْتُما
246_254,اِنْدَرَأَ,درأ,انفعل,VII,past,active,2mp,1,اِنْدَرَأْتُمْ
246_254,اِنْدَرَأَ,درأ,انفعل,VII,past,active,2fs,1,اِنْدَرَأْتِ
246_254,اِنْدَرَأَ,درأ,انفعل,VII,past,active,2fp,1,اِنْدَرَأْتُنَّ
246_254,اِنْدَرَأَ,درأ,انفعل,VII,past,active,1s,1,اِنْدَرَأْتُ
246_254,اِنْدَرَأَ,درأ,انفعل,VII,past,active,1p,1,اِنْدَرَأْنا
246_254,اِنْدَرَأَ,درأ,انفعل,VII,indicative,active,3ms,1,يَنْدَرِئُ
246_254,اِنْدَرَأَ,درأ,انفعل,VII,indicative,active,3md,1,يَنْدَرِئَانِ
246_254,اِنْدَرَأَ,درأ,انفعل,VII,indicative,active,3mp,1,يَنْدَرِئُونَ
246_254,اِنْدَرَأَ,درأ,انفعل,VII,indicative,active,3fs,1,تَنْدَرِئُ
246_254,اِنْدَرَأَ,درأ,انفعل,VII,indicative,active,3fd,1,تَنْدَرِئَانِ
246_254,اِنْدَرَأَ,درأ,انفعل,VII,indicative,active,3fp,1,يَنْدَرِئْنَ
246_254,اِنْدَرَأَ,درأ,انفعل,VII,indicative,active,2ms,1,تَنْدَرِئُ
246_254,اِنْدَرَأَ,درأ,انفعل,VII,indicative,active,2d,1,تَنْدَرِئَانِ
246_254,اِنْدَرَأَ,درأ,انفعل,VII,indicative,active,2mp,1,تَنْدَرِئُونَ
246_254,اِنْدَرَأَ,درأ,انفعل,VII,indicative,active,2fs,1,تَنْدَرِئينَ
246_254,اِنْدَرَأَ,درأ,انفعل,VII,indicative,active,2fp,1,تَنْدَرِئْنَ
246_254,اِنْدَرَأَ,درأ,انفعل,VII,indicative,active,1s,1,أَنْدَرِئُ
246_254,اِنْدَرَأَ,درأ,انفعل,VII,indicative,active,1p,1,نَنْدَرِئُ
246_254,اِنْدَرَأَ,درأ,انفعل,VII,imperative,active,2ms,1,اِنْدَرِئْ
246_254,اِنْدَرَأَ,درأ,انفعل,VII,imperative,active,2d,1,اِنْدَرِئَا
246_254,اِنْدَرَأَ,درأ,انفعل,VII,imperative,active,2mp,1,اِنْدَرِئُوا
246_254,اِنْدَرَأَ,درأ,انفعل,VII,imperative,active,2fs,1,اِنْدَرِئي
246_254,اِنْدَرَأَ,درأ,انفعل,VII,imperative,active,2fp,1,اِنْدَرِئْنَ
247_254,اِنْكَفَأَ,كفأ,انفعل,VII,past,active,3ms,1,اِنْكَفَأَ
247_254,اِنْكَفَأَ,كفأ,انفعل,VII,past,active,3md,1,اِنْكَفَآ
247_254,اِنْكَفَأَ,كفأ,انفعل,VII,past,active,3mp,1,اِنْكَفَؤُوا
247_254,اِنْكَفَأَ,كفأ,انفعل,VII,past,active,3fs,1,اِنْكَفَأَتْ
247_254,اِنْكَفَأَ,كفأ,انفعل,VII,past,active,3fd,1,اِنْكَفَأَتَا
247_254,اِنْكَفَأَ,كفأ,انفعل,VII,past,active,3fp,1,اِنْكَفَأْنَ
247_254,اِنْكَفَأَ,كفأ,انفعل,VII,past,active,2ms,1,اِنْكَفَأْتَ
247_254,اِنْكَفَأَ,كفأ,انفعل,VII,past,active,2d,1,اِنْكَفَأْتُما
247_254,اِنْكَفَأَ,كفأ,انفعل,VII,past,active,2mp,1,اِنْكَفَأْتُمْ
247_254,اِنْكَفَأَ,كفأ,انفعل,VII,past,active,2fs,1,اِنْكَفَأْتِ
247_254,اِنْكَفَأَ,كفأ,انفعل,VII,past,active,2fp,1,اِنْكَفَأْتُنَّ
247_254,اِنْكَفَأَ,كفأ,انفعل,VII,past,active,1s,1,اِنْكَفَأْتُ
247_254,اِنْكَفَأَ,كفأ,انفعل,VII,past,active,1p,1,اِنْكَفَأْنا
247_254,اِنْكَفَأَ,كفأ,انفعل,VII,indicative,active,3ms,1,يَنْكَفِئُ
247_254,اِنْكَفَأَ,كفأ,انفعل,VII,indicative,active,3md,1,يَنْكَفِئَانِ
247_254,اِنْكَفَأَ,كفأ,انفعل,VII,indicative,active,3mp,1,يَنْكَفِئُونَ
247_254,اِنْكَفَأَ,كفأ,انفعل,VII,indicative,active,3fs,1,تَنْكَفِئُ
247_254,اِنْكَفَأَ,كفأ,انفعل,VII,indicative,active,3fd,1,تَنْكَفِئَانِ
247_254,اِنْكَفَأَ,كفأ,انفعل,VII,indicative,active,3fp,1,يَنْكَفِئْنَ
247_254,اِنْكَفَأَ,كفأ,انفعل,VII,indicative,active,2ms,1,تَنْكَفِئُ
247_254,اِنْكَفَأَ,كفأ,انفعل,VII,indicative,active,2d,1,تَنْكَفِئَانِ
247_254,اِنْكَفَأَ,كفأ,انفعل,VII,indicative,active,2mp,1,تَنْكَفِئُونَ
247_254,اِنْكَفَأَ,كفأ,انفعل,VII,indicative,active,2fs,1,تَنْكَفِئِينَ
247_254,اِنْكَفَأَ,كفأ,انفعل,VII,indicative,active,2fp,1,تَنْكَفِئْنَ
247_254,اِنْكَفَأَ,كفأ,انفعل,VII,indicative,active,1s,1,أَنْكَفِئُ
247_254,اِنْكَفَأَ,كفأ,انفعل,VII,indicative,active,1p,1,نَنْكَفِئُ
247_254,اِنْكَفَأَ,كفأ,انفعل,VII,imperative,active,2ms,1,اِنْكَفِئْ
247_254,اِنْكَفَأَ,كفأ,انفعل,VII,imperative,active,2d,1,اِنْكَفِئَا
247_254,اِنْكَفَأَ,كفأ,انفعل,VII,imperative,active,2mp,1,اِنْكَفِئُوا
247_254,اِنْكَفَأَ,كفأ,انفعل,VII,imperative,active,2fs,1,اِنْكَفِئي
247_254,اِنْكَفَأَ,كفأ,انفعل,VII,imperative,active,2fp,1,اِنْكَفِئْنَ
248_259,اِنْزَوَى,زوي,انفعل,VII,past,active,3ms,1,اِنْزَوَى
248_259,اِنْزَوَى,زوي,انفعل,VII,past,active,3md,1,اِنْزَوَيا
248_259,اِنْزَوَى,زوي,انفعل,VII,past,active,3mp,1,اِنْزَوَوْا
248_259,اِنْزَوَى,زوي,انفعل,VII,past,active,3fs,1,اِنْزَوَتْ
248_259,اِنْزَوَى,زوي,انفعل,VII,past,active,3fd,1,اِنْزَوَتَا
248_259,اِنْزَوَى,زوي,انفعل,VII,past,active,3fp,1,اِنْزَوَيْنَ
248_259,اِنْزَوَى,زوي,انفعل,VII,past,active,2ms,1,اِنْزَوَيْتَ
248_259,اِنْزَوَى,زوي,انفعل,VII,past,active,2d,1,اِنْزَوَيْتُما
248_259,اِنْزَوَى,زوي,انفعل,VII,past,active,2mp,1,اِنْزَوَيْتُمْ
248_259,اِنْزَوَى,زوي,انفعل,VII,past,active,2fs,1,اِنْزَوَيْتِ
248_259,اِنْزَوَى,زوي,انفعل,VII,past,active,2fp,1,اِنْزَوَيْتُنَّ
248_259,اِنْزَوَى,زوي,انفعل,VII,past,active,1s,1,اِنْزَوَيْتُ
248_259,اِنْزَوَى,زوي,انفعل,VII,past,active,1p,1,اِنْزَوَيْنا
248_259,اِنْزَوَى,زوي,انفعل,VII,indicative,active,3ms,1,يَنْزَوِي
248_259,اِنْزَوَى,زوي,انفعل,VII,indicative,active,3md,1,يَنْزَوِيانِ
248_259,اِنْزَوَى,زوي,انفعل,VII,indicative,active,3mp,1,يَنْزَوُونَ
248_259,اِنْزَوَى,زوي,انفعل,VII,indicative,active,3fs,1,تَنْزَوِي
248_259,اِنْزَوَى,زوي,انفعل,VII,indicative,active,3fd,1,تَنْزَوِيانِ
248_259,اِنْزَوَى,زوي,انفعل,VII,indicative,active,3fp,1,يَنْزَوِينَ
248_259,اِنْزَوَى,زوي,انفعل,VII,indicative,active,2ms,1,تَنْزَوِي
248_259,اِنْزَوَى,زوي,انفعل,VII,indicative,active,2d,1,تَنْزَوِيانِ
248_259,اِنْزَوَى,زوي,انفعل,VII,indicative,active,2mp,1,تَنْزَوُونَ
248_259,اِنْزَوَى,زوي,انفعل,VII,indicative,active,2fs,1,تَنْزَوينَ
248_259,اِنْزَوَى,زوي,انفعل,VII,indicative,active,2fp,1,تَنْزَوِينَ
248_259,اِنْزَوَى,زوي,انفعل,VII,indicative,active,1s,1,أَنْزَوِي
248_259,اِنْزَوَى,زوي,انفعل,VII,indicative,active,1p,1,نَنْزَوِي
248_259,اِنْزَوَى,زوي,انفعل,VII,imperative,active,2ms,1,اِنْزَوِ
248_259,اِنْزَوَى,زوي,انفعل,VII,imperative,active,2d,1,اِنْزَوِيا
248_259,اِنْزَوَى,زوي,انفعل,VII,imperative,active,2mp,1,اِنْزَووا
248_259,اِنْزَوَى,زوي,انفعل,VII,imperative,active,2fs,1,اِنْزَوي
248_259,اِنْزَوَى,زوي,انفعل,VII,imperative,active,2fp,1,اِنْزَوِينَ
249_259,اِنْشَوَى,شوي,انفعل,VII,past,active,3ms,1,اِنْشَوَى
249_259,اِنْشَوَى,شوي,انفعل,VII,past,active,3md,1,اِنْشَوَيا
249_259,اِنْشَوَى,شوي,انفعل,VII,past,active,3mp,1,اِنْشَوَوْا
249_259,اِنْشَوَى,شوي,انفعل,VII,past,active,3fs,1,اِنْشَوَتْ
249_259,اِنْشَوَى,شوي,انفعل,VII,past,active,3fd,1,اِنْشَوَتا
249_259,اِنْشَوَى,شوي,انفعل,VII,past,active,3fp,1,اِنْشَوَيْنَ
249_259,اِنْشَوَى,شوي,انفعل,VII,past,active,2ms,1,اِنْشَوَيْتَ
249_259,اِنْشَوَى,شوي,انفعل,VII,past,active,2d,1,اِنْشَوَيْتُما
249_259,اِنْشَوَى,شوي,انفعل,VII,past,active,2mp,1,اِنْشَوَيْتُمْ
249_259,اِنْشَوَى,شوي,انفعل,VII,past,active,2fs,1,اِنْشَوَيْتِ
249_259,اِنْشَوَى,شوي,انفعل,VII,past,active,2fp,1,اِنْشَوَيْتُنَّ
249_259,اِنْشَوَى,شوي,انفعل,VII,past,active,1s,1,اِنْشَوَيْتُ
249_259,اِنْشَوَى,شوي,انفعل,VII,past,active,1p,1,اِنْشَوَيْنا
249_259,اِنْشَوَى,شوي,انفعل,VII,indicative,active,3ms,1,يَنْشَوِي
249_259,اِنْشَوَى,شوي,انفعل,VII,indicative,active,3md,1,يَنْشَوِيانِ
249_259,اِنْشَوَى,شوي,انفعل,VII,indicative,active,3mp,1,يَنْشَوُونَ
249_259,اِنْشَوَى,شوي,انفعل,VII,indicative,active,3fs,1,تَنْشَوِي
249_259,اِنْشَوَى,شوي,انفعل,VII,indicative,active,3fd,1,تَنْشَوِيانِ
249_259,اِنْشَوَى,شوي,انفعل,VII,indicative,active,3fp,1,يَنْشَوِينَ
249_259,اِنْشَوَى,شوي,انفعل,VII,indicative,active,2ms,1,تَنْشَوِي
249_259,اِنْشَوَى,شوي,انفعل,VII,indicative,active,2d,1,تَنْشَوِيانِ
249_259,اِنْشَوَى,شوي,انفعل,VII,indicative,active,2mp,1,تَنْشَوُونَ
249_259,اِنْشَوَى,شوي,انفعل,VII,indicative,active,2fs,1,تَنْشَوينَ
249_259,اِنْشَوَى,شوي,انفعل,VII,indicative,active,2fp,1,تَنْشَوِينَ
249_259,اِنْشَوَى,شوي,انفعل,VII,indicative,active,1s,1,أَنْشَوِي
249_259,اِنْشَوَى,شوي,انفعل,VII,indicative,active,1p,1,نَنْشَوِي
249_259,اِنْشَوَى,شوي,انفعل,VII,imperative,active,2ms,1,اِنْشَوِ
249_259,اِنْشَوَى,شوي,انفعل,VII,imperative,active,2d,1,اِنْشَوِيا
249_259,اِنْشَوَى,شوي,انفعل,VII,imperative,active,2mp,1,اِنْشَووا
249_259,اِنْشَوَى,شوي,انفعل,VII,imperative,active,2fs,1,اِنْشَوي
249_259,اِنْشَوَى,شوي,انفعل,VII,imperative,active,2fp,1,اِنْشَوِينَ
250_260,اِرْتَبَطَ,ربط,افتعل,VIII,past,active,3ms,1,اِرْتَبَطَ
250_260,اِرْتَبَطَ,ربط,افتعل,VIII,past,active,3md,1,اِرْتَبَطا
250_260,اِرْتَبَطَ,ربط,افتعل,VIII,past,active,3mp,1,اِرْتَبَطوا
250_260,اِرْتَبَطَ,ربط,افتعل,VIII,past,active,3fs,1,اِرْتَبَطَتْ
250_260,اِرْتَبَطَ,ربط,افتعل,VIII,past,active,3fd,1,اِرْتَبَطَتا
250_260,اِرْتَبَطَ,ربط,افتعل,VIII,past,active,3fp,1,اِرْتَبَطْنَ
250_260,اِرْتَبَطَ,ربط,افتعل,VIII,past,active,2ms,1,اِرْتَبَطْتَ
250_260,اِرْتَبَطَ,ربط,افتعل,VIII,past,active,2d,1,اِرْتَبَطْتُما
250_260,اِرْتَبَطَ,ربط,افتعل,VIII,past,active,2mp,1,اِرْتَبَطْتُمْ
250_260,اِرْتَبَطَ,ربط,افتعل,VIII,past,active,2fs,1,اِرْتَبَطْتِ
250_260,اِرْتَبَطَ,ربط,افتعل,VIII,past,active,2fp,1,اِرْتَبَطْتُنَّ
250_260,اِرْتَبَطَ,ربط,افتعل,VIII,past,active,1s,1,اِرْتَبَطْتُ
250_260,اِرْتَبَطَ,ربط,افتعل,VIII,past,active,1p,1,اِرْتَبَطْنا
250_260,اِرْتَبَطَ,ربط,افتعل,VIII,indicative,active,3ms,1,يَرْتَبِطُ
250_260,اِرْتَبَطَ,ربط,افتعل,VIII,indicative,active,3md,1,يَرْتَبِطانِ
250_260,اِرْتَبَطَ,ربط,افتعل,VIII,indicative,active,3mp,1,يَرْتَبِطونَ
250_260,اِرْتَبَطَ,ربط,افتعل,VIII,indicative,active,3fs,1,تَرْتَبِطُ
250_260,اِرْتَبَطَ,ربط,افتعل,VIII,indicative,active,3fd,1,تَرْتَبِطانِ
250_260,اِرْتَبَطَ,ربط,افتعل,VIII,indicative,active,3fp,1,يَرْتَبِطْنَ
250_260,اِرْتَبَطَ,ربط,افتعل,VIII,indicative,active,2ms,1,تَرْتَبِطُ
250_260,اِرْتَبَطَ,ربط,افتعل,VIII,indicative,active,2d,1,تَرْتَبِطانِ
250_260,اِرْتَبَطَ,ربط,افتعل,VIII,indicative,active,2mp,1,تَرْتَبِطونَ
250_260,اِرْتَبَطَ,ربط,افتعل,VIII,indicative,active,2fs,1,تَرْتَبِطِينَ
250_260,اِرْتَبَطَ,ربط,افتعل,VIII,indicative,active,2fp,1,تَرْتَبِطْنَ
250_260,اِرْتَبَطَ,ربط,افتعل,VIII,indicative,active,1s,1,أَرْتَبِطُ
250_260,اِرْتَبَطَ,ربط,افتعل,VIII,indicative,active,1p,1,نَرْتَبِطُ
250_260,اِرْتَبَطَ,ربط,افتعل,VIII,imperative,active,2ms,1,اِرْتَبِطْ
250_260,اِرْتَبَطَ,ربط,افتعل,VIII,imperative,active,2d,1,اِرْتَبِطا
250_260,اِرْتَبَطَ,ربط,افتعل,VIII,imperative,active,2mp,1,اِرْتَبِطوا
250_260,اِرْتَبَطَ,ربط,افتعل,VIII,imperative,active,2fs,1,اِرْتَبِطي
250_260,اِرْتَبَطَ,ربط,افتعل,VIII,imperative,active,2fp,1,اِرْتَبِطْنَ
251_260,اِمْتَزَجَ,مزج,افتعل,VIII,past,active,3ms,1,اِمْتَزَجَ
251_260,اِمْتَزَجَ,مزج,افتعل,VIII,past,active,3md,1,اِمْتَزَجا
251_260,اِمْتَزَجَ,مزج,افتعل,VIII,past,active,3mp,1,اِمْتَزَجوا
251_260,اِمْتَزَجَ,مزج,افتعل,VIII,past,active,3fs,1,اِمْتَزَجَتْ
251_260,اِمْتَزَجَ,مزج,افتعل,VIII,past,active,3fd,1,اِمْتَزَجَتا
251_260,اِمْتَزَجَ,مزج,افتعل,VIII,past,active,3fp,1,اِمْتَزَجْنَ
251_260,اِمْتَزَجَ,مزج,افتعل,VIII,past,active,2ms,1,اِمْتَزَجْتَ
251_260,اِمْتَزَجَ,مزج,افتعل,VIII,past,active,2d,1,اِمْتَزَجْتُما
251_260,اِمْتَزَجَ,مزج,افتعل,VIII,past,active,2mp,1,اِمْتَزَجْتُمْ
251_260,اِمْتَزَجَ,مزج,افتعل,VIII,past,active,2fs,1,اِمْتَزَجْتِ
251_260,اِمْتَزَجَ,مزج,افتعل,VIII,past,active,2fp,1,اِمْتَزَجْتُنَّ
251_260,اِمْتَزَجَ,مزج,افتعل,VIII,past,active,1s,1,اِمْتَزَجْتُ
251_260,اِمْتَزَجَ,مزج,افتعل,VIII,past,active,1p,1,اِمْتَزَجْنَا
251_260,اِمْتَزَجَ,مزج,افتعل,VIII,indicative,active,3ms,1,يَمْتَزِجُ
251_260,اِمْتَزَجَ,مزج,افتعل,VIII,indicative,active,3md,1,يَمْتَزِجانِ
251_260,اِمْتَزَجَ,مزج,افتعل,VIII,indicative,active,3mp,1,يَمْتَزِجونَ
251_260,اِمْتَزَجَ,مزج,افتعل,VIII,indicative,active,3fs,1,تَمْتَزِجُ
251_260,اِمْتَزَجَ,مزج,افتعل,VIII,indicative,active,3fd,1,تَمْتَزِجانِ
251_260,اِمْتَزَجَ,مزج,افتعل,VIII,indicative,active,3fp,1,يَمْتَزِجْنَ
251_260,اِمْتَزَجَ,مزج,افتعل,VIII,indicative,active,2ms,1,تَمْتَزِجُ
251_260,اِمْتَزَجَ,مزج,افتعل,VIII,indicative,active,2d,1,تَمْتَزِجانِ
251_260,اِمْتَزَجَ,مزج,افتعل,VIII,indicative,active,2mp,1,تَمْتَزِجونَ
251_260,اِمْتَزَجَ,مزج,افتعل,VIII,indicative,active,2fs,1,تَمْتَزِجينَ
251_260,اِمْتَزَجَ,مزج,افتعل,VIII,indicative,active,2fp,1,تَمْتَزِجْنَ
251_260,اِمْتَزَجَ,مزج,افتعل,VIII,indicative,active,1s,1,أَمْتَزِجُ
251_260,اِمْتَزَجَ,مزج,افتعل,VIII,indicative,active,1p,1,نَمْتَزِجُ
251_260,اِمْتَزَجَ,مزج,افتعل,VIII,imperative,active,2ms,1,اِمْتَزِجْ
251_260,اِمْتَزَجَ,مزج,افتعل,VIII,imperative,active,2d,1,اِمْتَزِجا
251_260,اِمْتَزَجَ,مزج,افتعل,VIII,imperative,active,2mp,1,اِمْتَزِجوا
251_260,اِمْتَزَجَ,مزج,افتعل,VIII,imperative,active,2fs,1,اِمْتَزِجي
251_260,اِمْتَزَجَ,مزج,افتعل,VIII,imperative,active,2fp,1,اِمْتَزِجْنَ
252_260,اِزْدَحَمَ,زحم,افتعل,VIII,past,active,3ms,1,اِزْدَحَمَ
252_260,اِزْدَحَمَ,زحم,افتعل,VIII,past,active,3md,1,اِزْدَحَما
252_260,اِزْدَحَمَ,زحم,افتعل,VIII,past,active,3mp,1,اِزْدَحَموا
252_260,اِزْدَحَمَ,زحم,افتعل,VIII,past,active,3fs,1,اِزْدَحَمَتْ
252_260,اِزْدَحَمَ,زحم,افتعل,VIII,past,active,3fd,1,اِزْدَحَمَتا
252_260,اِزْدَحَمَ,زحم,افتعل,VIII,past,active,3fp,1,اِزْدَحَمْنَ
252_260,اِزْدَحَمَ,زحم,افتعل,VIII,past,active,2ms,1,اِزْدَحَمْتَ
252_260,اِزْدَحَمَ,زحم,افتعل,VIII,past,active,2d,1,اِزْدَحَمْتُما
252_260,اِزْدَحَمَ,زحم,افتعل,VIII,past,active,2mp,1,اِزْدَحَمْتُمْ
252_260,اِزْدَحَمَ,زحم,افتعل,VIII,past,active,2fs,1,اِزْدَحَمْتِ
252_260,اِزْدَحَمَ,زحم,افتعل,VIII,past,active,2fp,1,اِزْدَحَمْتُنَّ
252_260,اِزْدَحَمَ,زحم,افتعل,VIII,past,active,1s,1,اِزْدَحَمْتُ
252_260,اِزْدَحَمَ,زحم,افتعل,VIII,past,active,1p,1,اِزْدَحَمْنا
252_260,اِزْدَحَمَ,زحم,افتعل,VIII,indicative,active,3ms,1,يَزْدَحِمُ
252_260,اِزْدَحَمَ,زحم,افتعل,VIII,indicative,active,3md,1,يَزْدَحِمانِ
252_260,اِزْدَحَمَ,زحم,افتعل,VIII,indicative,active,3mp,1,يَزْدَحِمونَ
252_260,اِزْدَحَمَ,زحم,افتعل,VIII,indicative,active,3fs,1,تَزْدَحِمُ
252_260,اِزْدَحَمَ,زحم,افتعل,VIII,indicative,active,3fd,1,تَزْدَحِمانِ
252_260,اِزْدَحَمَ,زحم,افتعل,VIII,indicative,active,3fp,1,يَزْدَحِمْنَ
252_260,اِزْدَحَمَ,زحم,افتعل,VIII,indicative,active,2ms,1,تَزْدَحِمُ
252_260,اِزْدَحَمَ,زحم,افتعل,VIII,indicative,active,2d,1,تَزْدَحِمانِ
252_260,اِزْدَحَمَ,زحم,افتعل,VIII,indicative,active,2mp,1,تَزْدَحِمونَ
252_260,اِزْدَحَمَ,زحم,افتعل,VIII,indicative,active,2fs,1,تَزْدَحِمينَ
252_260,اِزْدَحَمَ,زحم,افتعل,VIII,indicative,active,2fp,1,تَزْدَحِمْنَ
252_260,اِزْدَحَمَ,زحم,افتعل,VIII,indicative,active,1s,1,أَزْدَحِمُ
252_260,اِزْدَحَمَ,زحم,افتعل,VIII,indicative,active,1p,1,نَزْدَحِمُ
252_260,اِزْدَحَمَ,زحم,افتعل,VIII,imperative,active,2ms,1,اِزْدَحِمْ
252_260,اِزْدَحَمَ,زحم,افتعل,VIII,imperative,active,2d,1,اِزْدَحِما
252_260,اِزْدَحَمَ,زحم,افتعل,VIII,imperative,active,2mp,1,اِزْدَحِموا
252_260,اِزْدَحَمَ,زحم,افتعل,VIII,imperative,active,2fs,1,اِزْدَحِمي
252_260,اِزْدَحَمَ,زحم,افتعل,VIII,imperative,active,2fp,1,اِزْدَحِمْنَ
253_260,اِضْطَلَعَ,ضلع,افتعل,VIII,past,active,3ms,1,اِضْطَلَعَ
253_260,اِضْطَلَعَ,ضلع,افتعل,VIII,past,active,3md,1,اِضْطَلَعا
253_260,اِضْطَلَعَ,ضلع,افتعل,VIII,past,active,3mp,1,اِضْطَلَعوا
253_260,اِضْطَلَعَ,ضلع,افتعل,VIII,past,active,3fs,1,اِضْطَلَعَتْ
253_260,اِضْطَلَعَ,ضلع,افتعل,VIII,past,active,3fd,1,اِضْطَلَعَتا
253_260,اِضْطَلَعَ,ضلع,افتعل,VIII,past,active,3fp,1,اِضْطَلَعْنَ
253_260,اِضْطَلَعَ,ضلع,افتعل,VIII,past,active,2ms,1,اِضْطَلَعْتَ
253_260,اِضْطَلَعَ,ضلع,افتعل,VIII,past,active,2d,1,اِضْطَلَعْتُما
253_260,اِضْطَلَعَ,ضلع,افتعل,VIII,past,active,2mp,1,اِضْطَلَعْتُمْ
253_260,اِضْطَلَعَ,ضلع,افتعل,VIII,past,active,2fs,1,اِضْطَلَعْتِ
253_260,اِضْطَلَعَ,ضلع,افتعل,VIII,past,active,2fp,1,اِضْطَلَعْتُنَّ
253_260,اِضْطَلَعَ,ضلع,افتعل,VIII,past,active,1s,1,اِضْطَلَعْتُ
253_260,اِضْطَلَعَ,ضلع,افتعل,VIII,past,active,1p,1,اِضْطَلَعْنا
253_260,اِضْطَلَعَ,ضلع,افتعل,VIII,indicative,active,3ms,1,يَضْطَلِعُ
253_260,اِضْطَلَعَ,ضلع,افتعل,VIII,indicative,active,3md,1,يَضْطَلِعانِ
253_260,اِضْطَلَعَ,ضلع,افتعل,VIII,indicative,active,3mp,1,يَضْطَلِعونَ
253_260,اِضْطَلَعَ,ضلع,افتعل,VIII,indicative,active,3fs,1,تَضْطَلِعُ
253_260,اِضْطَلَعَ,ضلع,افتعل,VIII,indicative,active,3fd,1,تَضْطَلِعانِ
253_260,اِضْطَلَعَ,ضلع,افتعل,VIII,indicative,active,3fp,1,يَضْطَلِعْنَ
253_260,اِضْطَلَعَ,ضلع,افتعل,VIII,indicative,active,2ms,1,تَضْطَلِعُ
253_260,اِضْطَلَعَ,ضلع,افتعل,VIII,indicative,active,2d,1,تَضْطَلِعانِ
253_260,اِضْطَلَعَ,ضلع,افتعل,VIII,indicative,active,2mp,1,تَضْطَلِعونَ
253_260,اِضْطَلَعَ,ضلع,افتعل,VIII,indicative,active,2fs,1,تَضْطَلِعِينَ
253_260,اِضْطَلَعَ,ضلع,افتعل,VIII,indicative,active,2fp,1,تَضْطَلِعْنَ
253_260,اِضْطَلَعَ,ضلع,افتعل,VIII,indicative,active,1s,1,أَضْطَلِعُ
253_260,اِضْطَلَعَ,ضلع,افتعل,VIII,indicative,active,1p,1,نَضْطَلِعُ
253_260,اِضْطَلَعَ,ضلع,افتعل,VIII,imperative,active,2ms,1,اِضْطَلِعْ
253_260,اِضْطَلَعَ,ضلع,افتعل,VIII,imperative,active,2d,1,اِضْطَلِعا
253_260,اِضْطَلَعَ,ضلع,افتعل,VIII,imperative,active,2mp,1,اِضْطَلِعوا
253_260,اِضْطَلَعَ,ضلع,افتعل,VIII,imperative,active,2fs,1,اِضْطَلِعي
253_260,اِضْطَلَعَ,ضلع,افتعل,VIII,imperative,active,2fp,1,اِضْطَلِعْنَ
254_261,اِرْتَدَّ,ردد,افتعل,VIII,past,active,3ms,1,اِرْتَدَّ
254_261,اِرْتَدَّ,ردد,افتعل,VIII,past,active,3md,1,اِرْتَدَّا
254_261,اِرْتَدَّ,ردد,افتعل,VIII,past,active,3mp,1,اِرْتَدُّوا
254_261,اِرْتَدَّ,ردد,افتعل,VIII,past,active,3fs,1,اِرْتَدَّتْ
254_261,اِرْتَدَّ,ردد,افتعل,VIII,past,active,3fd,1,اِرْتَدَّتَا
254_261,اِرْتَدَّ,ردد,افتعل,VIII,past,active,3fp,1,اِرْتَدَدْنَ
254_261,اِرْتَدَّ,ردد,افتعل,VIII,past,active,2ms,1,اِرْتَدَدْتَ
254_261,اِرْتَدَّ,ردد,افتعل,VIII,past,active,2d,1,اِرْتَدَدْتُما
254_261,اِرْتَدَّ,ردد,افتعل,VIII,past,active,2mp,1,اِرْتَدَدْتُمْ
254_261,اِرْتَدَّ,ردد,افتعل,VIII,past,active,2fs,1,اِرْتَدَدْتِ
254_261,اِرْتَدَّ,ردد,افتعل,VIII,past,active,2fp,1,اِرْتَدَدْتُنَّ
254_261,اِرْتَدَّ,ردد,افتعل,VIII,past,active,1s,1,اِرْتَدَدْتُ
254_261,اِرْتَدَّ,ردد,افتعل,VIII,past,active,1p,1,اِرْتَدَدْنا
254_261,اِرْتَدَّ,ردد,افتعل,VIII,indicative,active,3ms,1,يَرْتَدُّ
254_261,اِرْتَدَّ,ردد,افتعل,VIII,indicative,active,3md,1,يَرْتَدَّانِ
254_261,اِرْتَدَّ,ردد,افتعل,VIII,indicative,active,3mp,1,يَرْتَدُّونَ
254_261,اِرْتَدَّ,ردد,افتعل,VIII,indicative,active,3fs,1,تَرْتَدُّ
254_261,اِرْتَدَّ,ردد,افتعل,VIII,indicative,active,3fd,1,تَرْتَدَّانِ
254_261,اِرْتَدَّ,ردد,افتعل,VIII,indicative,active,3fp,1,يَرْتَدِدْنَ
254_261,اِرْتَدَّ,ردد,افتعل,VIII,indicative,active,2ms,1,تَرْتَدُّ
254_261,اِرْتَدَّ,ردد,افتعل,VIII,indicative,active,2d,1,تَرْتَدَّانِ
254_261,اِرْتَدَّ,ردد,افتعل,VIII,indicative,active,2mp,1,تَرْتَدُّونَ
254_261,اِرْتَدَّ,ردد,افتعل,VIII,indicative,active,2fs,1,تَرْتَدّينَ
254_261,اِرْتَدَّ,ردد,افتعل,VIII,indicative,active,2fp,1,تَرْتَدِدْنَ
254_261,اِرْتَدَّ,ردد,افتعل,VIII,indicative,active,1s,1,أَرْتَدُّ
254_261,اِرْتَدَّ,ردد,افتعل,VIII,indicative,active,1p,1,نَرْتَدُّ
254_261,اِرْتَدَّ,ردد,افتعل,VIII,imperative,active,2ms,1,اِرْتَدِدْ
254_261,اِرْتَدَّ,ردد,افتعل,VIII,imperative,active,2d,1,اِرْتَدَّا
254_261,اِرْتَدَّ,ردد,افتعل,VIII,imperative,active,2mp,1,اِرْتَدُّوا
254_261,اِرْتَدَّ,ردد,افتعل,VIII,imperative,active,2fs,1,اِرْتَدِّي
254_261,اِرْتَدَّ,ردد,افتعل,VIII,imperative,active,2fp,1,اِرْتَدِدْنَ
255_261,اِحْتَلَّ,حلل,افتعل,VIII,past,active,3ms,1,اِحْتَلَّ
255_261,اِحْتَلَّ,حلل,افتعل,VIII,past,active,3md,1,اِحْتَلَّا
255_261,اِحْتَلَّ,حلل,افتعل,VIII,past,active,3mp,1,اِحْتَلُّوا
255_261,اِحْتَلَّ,حلل,افتعل,VIII,past,active,3fs,1,اِحْتَلَّتْ
255_261,اِحْتَلَّ,حلل,افتعل,VIII,past,active,3fd,1,اِحْتَلَّتا
255_261,اِحْتَلَّ,حلل,افتعل,VIII,past,active,3fp,1,اِحْتَلَلْنَ
255_261,اِحْتَلَّ,حلل,افتعل,VIII,past,active,2ms,1,اِحْتَلَلْتَ
255_261,اِحْتَلَّ,حلل,افتعل,VIII,past,active,2d,1,اِحْتَلَلْتُما
255_261,اِحْتَلَّ,حلل,افتعل,VIII,past,active,2mp,1,اِحْتَلَلْتُمْ
255_261,اِحْتَلَّ,حلل,افتعل,VIII,past,active,2fs,1,اِحْتَلَلْتِ
255_261,اِحْتَلَّ,حلل,افتعل,VIII,past,active,2fp,1,اِحْتَلَلْتُنَّ
255_261,اِحْتَلَّ,حلل,افتعل,VIII,past,active,1s,1,اِحْتَلَلْتُ
255_261,اِحْتَلَّ,حلل,افتعل,VIII,past,active,1p,1,اِحْتَلَلْنا
255_261,اِحْتَلَّ,حلل,افتعل,VIII,indicative,active,3ms,1,يَحْتَلُّ
255_261,اِحْتَلَّ,حلل,افتعل,VIII,indicative,active,3md,1,يَحْتَلَّانِ
255_261,اِحْتَلَّ,حلل,افتعل,VIII,indicative,active,3mp,1,يَحْتَلُّونَ
255_261,اِحْتَلَّ,حلل,افتعل,VIII,indicative,active,3fs,1,تَحْتَلُّ
255_261,اِحْتَلَّ,حلل,افتعل,VIII,indicative,active,3fd,1,تَحْتَلَّانِ
255_261,اِحْتَلَّ,حلل,افتعل,VIII,indicative,active,3fp,1,يَحْتَلِلْنَ
255_261,اِحْتَلَّ,حلل,افتعل,VIII,indicative,active,2ms,1,تَحْتَلُّ
255_261,اِحْتَلَّ,حلل,افتعل,VIII,indicative,active,2d,1,تَحْتَلَّانِ
255_261,اِحْتَلَّ,حلل,افتعل,VIII,indicative,active,2mp,1,تَحْتَلُّونَ
255_261,اِحْتَلَّ,حلل,افتعل,VIII,indicative,active,2fs,1,تَحْتَلِّينَ
255_261,اِحْتَلَّ,حلل,افتعل,VIII,indicative,active,2fp,1,تَحْتَلِلْنَ
255_261,اِحْتَلَّ,حلل,افتعل,VIII,indicative,active,1s,1,أَحْتَلُّ
255_261,اِحْتَلَّ,حلل,افتعل,VIII,indicative,active,1p,1,نَحْتَلُّ
255_261,اِحْتَلَّ,حلل,افتعل,VIII,imperative,active,2ms,1,اِحْتَلِلْ
255_261,اِحْتَلَّ,حلل,افتعل,VIII,imperative,active,2d,1,اِحْتَلَّا
255_261,اِحْتَلَّ,حلل,افتعل,VIII,imperative,active,2mp,1,اِحْتَلُّوا
255_261,اِحْتَلَّ,حلل,افتعل,VIII,imperative,active,2fs,1,اِحْتَلِّي
255_261,اِحْتَلَّ,حلل,افتعل,VIII,imperative,active,2fp,1,اِحْتَلِلْنَ
256_261,اِصْطَفَّ,صفف,افتعل,VIII,past,active,3ms,1,اِصْطَفَّ
256_261,اِصْطَفَّ,صفف,افتعل,VIII,past,active,3md,1,اِصْطَفَّا
256_261,اِصْطَفَّ,صفف,افتعل,VIII,past,active,3mp,1,اِصْطَفُّوا
256_261,اِصْطَفَّ,صفف,افتعل,VIII,past,active,3fs,1,اِصْطَفَّتْ
256_261,اِصْطَفَّ,صفف,افتعل,VIII,past,active,3fd,1,اِصْطَفَّتا
256_261,اِصْطَفَّ,صفف,افتعل,VIII,past,active,3fp,1,اِصْطَفَفْنَ
256_261,اِصْطَفَّ,صفف,افتعل,VIII,past,active,2ms,1,اِصْطَفَفْتَ
256_261,اِصْطَفَّ,صفف,افتعل,VIII,past,active,2d,1,اِصْطَفَفْتُما
256_261,اِصْطَفَّ,صفف,افتعل,VIII,past,active,2mp,1,اِصْطَفَفْتُمْ
256_261,اِصْطَفَّ,صفف,افتعل,VIII,past,active,2fs,1,اِصْطَفَفْتِ
256_261,اِصْطَفَّ,صفف,افتعل,VIII,past,active,2fp,1,اِصْطَفَفْتُنَّ
256_261,اِصْطَفَّ,صفف,افتعل,VIII,past,active,1s,1,اِصْطَفَفْتُ
256_261,اِصْطَفَّ,صفف,افتعل,VIII,past,active,1p,1,اِصْطَفَفْنا
256_261,اِصْطَفَّ,صفف,افتعل,VIII,indicative,active,3ms,1,يَصْطَفُّ
256_261,اِصْطَفَّ,صفف,افتعل,VIII,indicative,active,3md,1,يَصْطَفَّانِ
256_261,اِصْطَفَّ,صفف,افتعل,VIII,indicative,active,3mp,1,يَصْطَفُّونَ
256_261,اِصْطَفَّ,صفف,افتعل,VIII,indicative,active,3fs,1,تَصْطَفُّ
256_261,اِصْطَفَّ,صفف,افتعل,VIII,indicative,active,3fd,1,تَصْطَفَّانِ
256_261,اِصْطَفَّ,صفف,افتعل,VIII,indicative,active,3fp,1,يَصْطَفِفْنَ
256_261,اِصْطَفَّ,صفف,افتعل,VIII,indicative,active,2ms,1,تَصْطَفُّ
256_261,اِصْطَفَّ,صفف,افتعل,VIII,indicative,active,2d,1,تَصْطَفَّانِ
256_261,اِصْطَفَّ,صفف,افتعل,VIII,indicative,active,2mp,1,تَصْطَفُّونَ
256_261,اِصْطَفَّ,صفف,افتعل,VIII,indicative,active,2fs,1,تَصْطَفِّينَ
256_261,اِصْطَفَّ,صفف,افتعل,VIII,indicative,active,2fp,1,تَصْطَفِفْنَ
256_261,اِصْطَفَّ,صفف,افتعل,VIII,indicative,active,1s,1,أَصْطَفُّ
256_261,اِصْطَفَّ,صفف,افتعل,VIII,indicative,active,1p,1,نَصْطَفُّ
256_261,اِصْطَفَّ,صفف,افتعل,VIII,imperative,active,2ms,1,اِصْطَفِفْ
256_261,اِصْطَفَّ,صفف,افتعل,VIII,imperative,active,2d,1,اِصْطَفَّا
256_261,اِصْطَفَّ,صفف,افتعل,VIII,imperative,active,2mp,1,اِصْطَفُّوا
256_261,اِصْطَفَّ,صفف,افتعل,VIII,imperative,active,2fs,1,اِصْطَفِّي
256_261,اِصْطَفَّ,صفف,افتعل,VIII,imperative,active,2fp,1,اِصْطَفِفْنَ
257_261,اِزْدَمَّ,زمم,افتعل,VIII,past,active,3ms,1,اِزْدَمَّ
257_261,اِزْدَمَّ,زمم,افتعل,VIII,past,active,3md,1,اِزْدَمَّا
257_261,اِزْدَمَّ,زمم,افتعل,VIII,past,active,3mp,1,اِزْدَمُّوا
257_261,اِزْدَمَّ,زمم,افتعل,VIII,past,active,3fs,1,اِزْدَمَّتْ
257_261,اِزْدَمَّ,زمم,افتعل,VIII,past,active,3fd,1,اِزْدَمَّتا
257_261,اِزْدَمَّ,زمم,افتعل,VIII,past,active,3fp,1,اِزْدَمَمْنَ
257_261,اِزْدَمَّ,زمم,افتعل,VIII,past,active,2ms,1,اِزْدَمَمْتَ
257_261,اِزْدَمَّ,زمم,افتعل,VIII,past,active,2d,1,اِزْدَمَمْتُما
257_261,اِزْدَمَّ,زمم,افتعل,VIII,past,active,2mp,1,اِزْدَمَمْتُمْ
257_261,اِزْدَمَّ,زمم,افتعل,VIII,past,active,2fs,1,اِزْدَمَمْتِ
257_261,اِزْدَمَّ,زمم,افتعل,VIII,past,active,2fp,1,اِزْدَمَمْتُنَّ
257_261,اِزْدَمَّ,زمم,افتعل,VIII,past,active,1s,1,اِزْدَمَمْتُ
257_261,اِزْدَمَّ,زمم,افتعل,VIII,past,active,1p,1,اِزْدَمَمْنا
257_261,اِزْدَمَّ,زمم,افتعل,VIII,indicative,active,3ms,1,يَزْدَمُّ
257_261,اِزْدَمَّ,زمم,افتعل,VIII,indicative,active,3md,1,يَزْدَمَّانِ
257_261,اِزْدَمَّ,زمم,افتعل,VIII,indicative,active,3mp,1,يَزْدَمُّونَ
257_261,اِزْدَمَّ,زمم,افتعل,VIII,indicative,active,3fs,1,تَزْدَمُّ
257_261,اِزْدَمَّ,زمم,افتعل,VIII,indicative,active,3fd,1,تَزْدَمَّانِ
257_261,اِزْدَمَّ,زمم,افتعل,VIII,indicative,active,3fp,1,يَزْدَمِمْنَ
257_261,اِزْدَمَّ,زمم,افتعل,VIII,indicative,active,2ms,1,تَزْدَمُّ
257_261,اِزْدَمَّ,زمم,افتعل,VIII,indicative,active,2d,1,تَزْدَمَّانِ
257_261,اِزْدَمَّ,زمم,افتعل,VIII,indicative,active,2mp,1,تَزْدَمُّونَ
257_261,اِزْدَمَّ,زمم,افتعل,VIII,indicative,active,2fs,1,تَزْدَمِّينَ
257_261,اِزْدَمَّ,زمم,افتعل,VIII,indicative,active,2fp,1,تَزْدَمِمْنَ
257_261,اِزْدَمَّ,زمم,افتعل,VIII,indicative,active,1s,1,أَزْدَمُّ
257_261,اِزْدَمَّ,زمم,افتعل,VIII,indicative,active,1p,1,نَزْدَمُّ
257_261,اِزْدَمَّ,زمم,افتعل,VIII,imperative,active,2ms,1,اِزْدَمِمْ
257_261,اِزْدَمَّ,زمم,افتعل,VIII,imperative,active,2d,1,اِزْدَمَّا
257_261,اِزْدَمَّ,زمم,افتعل,VIII,imperative,active,2mp,1,اِزْدَمُّوا
257_261,اِزْدَمَّ,زمم,افتعل,VIII,imperative,active,2fs,1,اِزْدَمِّي
257_261,اِزْدَمَّ,زمم,افتعل,VIII,imperative,active,2fp,1,اِزْدَمِمْنَ
258_262,اِئْتَمَنَ,ئمن,افتعل,VIII,past,active,3ms,1,اِئْتَمَنَ
258_262,اِئْتَمَنَ,ئمن,افتعل,VIII,past,active,3md,1,اِئْتَمَنا
258_262,اِئْتَمَنَ,ئمن,افتعل,VIII,past,active,3mp,1,اِئْتَمَنوا
258_262,اِئْتَمَنَ,ئمن,افتعل,VIII,past,active,3fs,1,اِئْتَمَنَتْ
258_262,اِئْتَمَنَ,ئمن,افتعل,VIII,past,active,3fd,1,اِئْتَمَنَتا
258_262,اِئْتَمَنَ,ئمن,افتعل,VIII,past,active,3fp,1,اِئْتَمَنَّ
258_262,اِئْتَمَنَ,ئمن,افتعل,VIII,past,active,2ms,1,اِئْتَمَنْتَ
258_262,اِئْتَمَنَ,ئمن,افتعل,VIII,past,active,2d,1,اِئْتَمَنْتُما
258_262,اِئْتَمَنَ,ئمن,افتعل,VIII,past,active,2mp,1,اِئْتَمَنْتُمْ
258_262,اِئْتَمَنَ,ئمن,افتعل,VIII,past,active,2fs,1,اِئْتَمَنْتِ
258_262,اِئْتَمَنَ,ئمن,افتعل,VIII,past,active,2fp,1,اِئْتَمَنْتُنَّ
258_262,اِئْتَمَنَ,ئمن,افتعل,VIII,past,active,1s,1,اِئْتَمَنْتُ
258_262,اِئْتَمَنَ,ئمن,افتعل,VIII,past,active,1p,1,اِئْتَمَنَّا
258_262,اِئْتَمَنَ,ئمن,افتعل,VIII,indicative,active,3ms,1,يَأْتَمِنُ
258_262,اِئْتَمَنَ,ئمن,افتعل,VIII,indicative,active,3md,1,يَأْتَمِنانِ
258_262,اِئْتَمَنَ,ئمن,افتعل,VIII,indicative,active,3mp,1,يَأْتَمِنونَ
258_262,اِئْتَمَنَ,ئمن,افتعل,VIII,indicative,active,3fs,1,تَأْتَمِنُ
258_262,اِئْتَمَنَ,ئمن,افتعل,VIII,indicative,active,3fd,1,تَأْتَمِنانِ
258_262,اِئْتَمَنَ,ئمن,افتعل,VIII,indicative,active,3fp,1,يَأْتَمِنَّ
258_262,اِئْتَمَنَ,ئمن,افتعل,VIII,indicative,active,2ms,1,تَأْتَمِنُ
258_262,اِئْتَمَنَ,ئمن,افتعل,VIII,indicative,active,2d,1,تَأْتَمِنانِ
258_262,اِئْتَمَنَ,ئمن,افتعل,VIII,indicative,active,2mp,1,تَأْتَمِنونَ
258_262,اِئْتَمَنَ,ئمن,افتعل,VIII,indicative,active,2fs,1,تَأْتَمِنِينَ
258_262,اِئْتَمَنَ,ئمن,افتعل,VIII,indicative,active,2fp,1,تَأْتَمِنَّ
258_262,اِئْتَمَنَ,ئمن,افتعل,VIII,indicative,active,1s,1,أَأْتَمِنُ
258_262,اِئْتَمَنَ,ئمن,افتعل,VIII,indicative,active,1p,1,نَأْتَمِنُ
258_262,اِئْتَمَنَ,ئمن,افتعل,VIII,imperative,active,2ms,1,اِئْتَمِنْ
258_262,اِئْتَمَنَ,ئمن,افتعل,VIII,imperative,active,2d,1,اِئْتَمِنا
258_262,اِئْتَمَنَ,ئمن,افتعل,VIII,imperative,active,2mp,1,اِئْتَمِنوا
258_262,اِئْتَمَنَ,ئمن,افتعل,VIII,imperative,active,2fs,1,اِئْتَمِني
258_262,اِئْتَمَنَ,ئمن,افتعل,VIII,imperative,active,2fp,1,اِئْتَمِنَّ
259_262,اِئْتَشَرَ,ئشر,افتعل,VIII,past,active,3ms,1,اِئْتَشَرَ
259_262,اِئْتَشَرَ,ئشر,افتعل,VIII,past,active,3md,1,اِئْتَشَرا
259_262,اِئْتَشَرَ,ئشر,افتعل,VIII,past,active,3mp,1,اِئْتَشَروا
259_262,اِئْتَشَرَ,ئشر,افتعل,VIII,past,active,3fs,1,اِئْتَشَرَتْ
259_262,اِئْتَشَرَ,ئشر,افتعل,VIII,past,active,3fd,1,اِئْتَشَرَتَا
259_262,اِئْتَشَرَ,ئشر,افتعل,VIII,past,active,3fp,1,اِئْتَشَرْنَ
259_262,اِئْتَشَرَ,ئشر,افتعل,VIII,past,active,2ms,1,اِئْتَشَرْتَ
259_262,اِئْتَشَرَ,ئشر,افتعل,VIII,past,active,2d,1,اِئْتَشَرْتُما
259_262,اِئْتَشَرَ,ئشر,افتعل,VIII,past,active,2mp,1,اِئْتَشَرْتُمْ
259_262,اِئْتَشَرَ,ئشر,افتعل,VIII,past,active,2fs,1,اِئْتَشَرْتِ
259_262,اِئْتَشَرَ,ئشر,افتعل,VIII,past,active,2fp,1,اِئْتَشَرْتُنَّ
259_262,اِئْتَشَرَ,ئشر,افتعل,VIII,past,active,1s,1,اِئْتَشَرْتُ
259_262,اِئْتَشَرَ,ئشر,افتعل,VIII,past,active,1p,1,اِئْتَشَرْنا
259_262,اِئْتَشَرَ,ئشر,افتعل,VIII,indicative,active,3ms,1,يَأْتَشِرُ
259_262,اِئْتَشَرَ,ئشر,افتعل,VIII,indicative,active,3md,1,يَأْتَشِرانِ
259_262,اِئْتَشَرَ,ئشر,افتعل,VIII,indicative,active,3mp,1,يَأْتَشِرونَ
259_262,اِئْتَشَرَ,ئشر,افتعل,VIII,indicative,active,3fs,1,تَأْتَشِرُ
259_262,اِئْتَشَرَ,ئشر,افتعل,VIII,indicative,active,3fd,1,تَأْتَشِرانِ
259_262,اِئْتَشَرَ,ئشر,افتعل,VIII,indicative,active,3fp,1,يَأْتَشِرْنَ
259_262,اِئْتَشَرَ,ئشر,افتعل,VIII,indicative,active,2ms,1,تَأْتَشِرُ
259_262,اِئْتَشَرَ,ئشر,افتعل,VIII,indicative,active,2d,1,تَأْتَشِرانِ
259_262,اِئْتَشَرَ,ئشر,افتعل,VIII,indicative,active,2mp,1,تَأْتَشِرونَ
259_262,اِئْتَشَرَ,ئشر,افتعل,VIII,indicative,active,2fs,1,تَأْتَشِرِينَ
259_262,اِئْتَشَرَ,ئشر,افتعل,VIII,indicative,active,2fp,1,تَأْتَشِرْنَ
259_262,اِئْتَشَرَ,ئشر,افتعل,VIII,indicative,active,1s,1,أَأْتَشِرُ
259_262,اِئْتَشَرَ,ئشر,افتعل,VIII,indicative,active,1p,1,نَأْتَشِرُ
259_262,اِئْتَشَرَ,ئشر,افتعل,VIII,imperative,active,2ms,1,اِئْتَشِرْ
259_262,اِئْتَشَرَ,ئشر,افتعل,VIII,imperative,active,2d,1,اِئْتَشِرا
259_262,اِئْتَشَرَ,ئشر,افتعل,VIII,imperative,active,2mp,1,اِئْتَشِروا
259_262,اِئْتَشَرَ,ئشر,افتعل,VIII,imperative,active,2fs,1,اِئْتَشِرِي
259_262,اِئْتَشَرَ,ئشر,افتعل,VIII,imperative,active,2fp,1,اِئْتَشِرْنَ
260_264,اِبْتَدَأَ,بدأ,افتعل,VIII,past,active,3ms,1,اِبْتَدَأَ
260_264,اِبْتَدَأَ,بدأ,افتعل,VIII,past,active,3md,1,اِبْتَدَآ
260_264,اِبْتَدَأَ,بدأ,افتعل,VIII,past,active,3mp,1,اِبْتَدَؤُوا
260_264,اِبْتَدَأَ,بدأ,افتعل,VIII,past,active,3fs,1,اِبْتَدَأَتْ
260_264,اِبْتَدَأَ,بدأ,افتعل,VIII,past,active,3fd,1,اِبْتَدَأَتا
260_264,اِبْتَدَأَ,بدأ,افتعل,VIII,past,active,3fp,1,اِبْتَدَأْنَ
260_264,اِبْتَدَأَ,بدأ,افتعل,VIII,past,active,2ms,1,اِبْتَدَأْتَ
260_264,اِبْتَدَأَ,بدأ,افتعل,VIII,past,active,2d,1,اِبْتَدَأْتُما
260_264,اِبْتَدَأَ,بدأ,افتعل,VIII,past,active,2mp,1,اِبْتَدَأْتُمْ
260_264,اِبْتَدَأَ,بدأ,افتعل,VIII,past,active,2fs,1,اِبْتَدَأْتِ
260_264,اِبْتَدَأَ,بدأ,افتعل,VIII,past,active,2fp,1,اِبْتَدَأْتُنَّ
260_264,اِبْتَدَأَ,بدأ,افتعل,VIII,past,active,1s,1,اِبْتَدَأْتُ
260_264,اِبْتَدَأَ,بدأ,افتعل,VIII,past,active,1p,1,اِبْتَدَأْنَا
260_264,اِبْتَدَأَ,بدأ,افتعل,VIII,indicative,active,3ms,1,يَبْتَدِئُ
260_264,اِبْتَدَأَ,بدأ,افتعل,VIII,indicative,active,3md,1,يَبْتَدِئَانِ
260_264,اِبْتَدَأَ,بدأ,افتعل,VIII,indicative,active,3mp,1,يَبْتَدِئُونَ
260_264,اِبْتَدَأَ,بدأ,افتعل,VIII,indicative,active,3fs,1,تَبْتَدِئُ
260_264,اِبْتَدَأَ,بدأ,افتعل,VIII,indicative,active,3fd,1,تَبْتَدِئَانِ
260_264,اِبْتَدَأَ,بدأ,افتعل,VIII,indicative,active,3fp,1,يَبْتَدِئْنَ
260_264,اِبْتَدَأَ,بدأ,افتعل,VIII,indicative,active,2ms,1,تَبْتَدِئُ
260_264,اِبْتَدَأَ,بدأ,افتعل,VIII,indicative,active,2d,1,تَبْتَدِئَانِ
260_264,اِبْتَدَأَ,بدأ,افتعل,VIII,indicative,active,2mp,1,تَبْتَدِئُونَ
260_264,اِبْتَدَأَ,بدأ,افتعل,VIII,indicative,active,2fs,1,تَبْتَدِئِينَ
260_264,اِبْتَدَأَ,بدأ,افتعل,VIII,indicative,active,2fp,1,تَبْتَدِئْنَ
260_264,اِبْتَدَأَ,بدأ,افتعل,VIII,indicative,active,1s,1,أَبْتَدِئُ
260_264,اِبْتَدَأَ,بدأ,افتعل,VIII,indicative,active,1p,1,نَبْتَدِئُ
260_264,اِبْتَدَأَ,بدأ,افتعل,VIII,imperative,active,2ms,1,اِبْتَدِئْ
260_264,اِبْتَدَأَ,بدأ,افتعل,VIII,imperative,active,2d,1,اِبْتَدِئَا
260_264,اِبْتَدَأَ,بدأ,افتعل,VIII,imperative,active,2mp,1,اِبْتَدِئُوا
260_264,اِبْتَدَأَ,بدأ,افتعل,VIII,imperative,active,2fs,1,اِبْتَدِئِي
260_264,اِبْتَدَأَ,بدأ,افتعل,VIII,imperative,active,2fp,1,اِبْتَدِئْنَ
261_264,اِلْتَجَأَ,لجأ,افتعل,VIII,past,active,3ms,1,اِلْتَجَأَ
261_264,اِلْتَجَأَ,لجأ,افتعل,VIII,past,active,3md,1,اِلْتَجَآ
261_264,اِلْتَجَأَ,لجأ,افتعل,VIII,past,active,3mp,1,اِلْتَجَؤُوا
261_264,اِلْتَجَأَ,لجأ,افتعل,VIII,past,active,3fs,1,اِلْتَجَأَتْ
261_264,اِلْتَجَأَ,لجأ,افتعل,VIII,past,active,3fd,1,اِلْتَجَأَتا
261_264,اِلْتَجَأَ,لجأ,افتعل,VIII,past,active,3fp,1,اِلْتَجَأْنَ
261_264,اِلْتَجَأَ,لجأ,افتعل,VIII,past,active,2ms,1,اِلْتَجَأْتَ
261_264,اِلْتَجَأَ,لجأ,افتعل,VIII,past,active,2d,1,اِلْتَجَأْتُما
261_264,اِلْتَجَأَ,لجأ,افتعل,VIII,past,active,2mp,1,اِلْتَجَأْتُمْ
261_264,اِلْتَجَأَ,لجأ,افتعل,VIII,past,active,2fs,1,اِلْتَجَأْتِ
261_264,اِلْتَجَأَ,لجأ,افتعل,VIII,past,active,2fp,1,اِلْتَجَأْتُنَّ
261_264,اِلْتَجَأَ,لجأ,افتعل,VIII,past,active,1s,1,اِلْتَجَأْتُ
261_264,اِلْتَجَأَ,لجأ,افتعل,VIII,past,active,1p,1,اِلْتَجَأْنا
261_264,اِلْتَجَأَ,لجأ,افتعل,VIII,indicative,active,3ms,1,يَلْتَجِئُ
261_264,اِلْتَجَأَ,لجأ,افتعل,VIII,indicative,active,3md,1,يَلْتَجِئَانِ
261_264,اِلْتَجَأَ,لجأ,افتعل,VIII,indicative,active,3fs,1,تَلْتَجِئُ
261_264,اِلْتَجَأَ,لجأ,افتعل,VIII,indicative,active,3fd,1,تَلْتَجِئَانِ
261_264,اِلْتَجَأَ,لجأ,افتعل,VIII,indicative,active,3fp,1,يَلْتَجِئْنَ
261_264,اِلْتَجَأَ,لجأ,افتعل,VIII,indicative,active,2ms,1,تَلْتَجِئُ
261_264,اِلْتَجَأَ,لجأ,افتعل,VIII,indicative,active,2d,1,تَلْتَجِئَانِ
261_264,اِلْتَجَأَ,لجأ,افتعل,VIII,indicative,active,2fs,1,تَلْتَجِئِينَ
261_264,اِلْتَجَأَ,لجأ,افتعل,VIII,indicative,active,2fp,1,تَلْتَجِئْنَ
261_264,اِلْتَجَأَ,لجأ,افتعل,VIII,indicative,active,1s,1,أَلْتَجِئُ
261_264,اِلْتَجَأَ,لجأ,افتعل,VIII,indicative,active,1p,1,نَلْتَجِئُ
261_264,اِلْتَجَأَ,لجأ,افتعل,VIII,imperative,active,2ms,1,اِلْتَجِئْ
261_264,اِلْتَجَأَ,لجأ,افتعل,VIII,imperative,active,2d,1,اِلْتَجِئَا
261_264,اِلْتَجَأَ,لجأ,افتعل,VIII,imperative,active,2mp,1,اِلْتَجِئُوا
261_264,اِلْتَجَأَ,لجأ,افتعل,VIII,imperative,active,2fs,1,اِلْتَجِئِي
261_264,اِلْتَجَأَ,لجأ,افتعل,VIII,imperative,active,2fp,1,اِلْتَجِئْنَ
262_269,اِسْتَوَى,سوي,افتعل,VIII,past,active,3ms,1,اِسْتَوَى
262_269,اِسْتَوَى,سوي,افتعل,VIII,past,active,3md,1,اِسْتَوَيا
262_269,اِسْتَوَى,سوي,افتعل,VIII,past,active,3mp,1,اِسْتَوَوْا
262_269,اِسْتَوَى,سوي,افتعل,VIII,past,active,3fs,1,اِسْتَوَتْ
262_269,اِسْتَوَى,سوي,افتعل,VIII,past,active,3fd,1,اِسْتَوَتا
262_269,اِسْتَوَى,سوي,افتعل,VIII,past,active,3fp,1,اِسْتَوَيْنَ
262_269,اِسْتَوَى,سوي,افتعل,VIII,past,active,2ms,1,اِسْتَوَيْتَ
262_269,اِسْتَوَى,سوي,افتعل,VIII,past,active,2d,1,اِسْتَوَيْتُما
262_269,اِسْتَوَى,سوي,افتعل,VIII,past,active,2mp,1,اِسْتَوَيْتُمْ
262_269,اِسْتَوَى,سوي,افتعل,VIII,past,active,2fs,1,اِسْتَوَيْتِ
262_269,اِسْتَوَى,سوي,افتعل,VIII,past,active,2fp,1,اِسْتَوَيْتُنَّ
262_269,اِسْتَوَى,سوي,افتعل,VIII,past,active,1s,1,اِسْتَوَيْتُ
262_269,اِسْتَوَى,سوي,افتعل,VIII,past,active,1p,1,اِسْتَوَيْنا
262_269,اِسْتَوَى,سوي,افتعل,VIII,indicative,active,3ms,1,يَسْتَوِي
262_269,اِسْتَوَى,سوي,افتعل,VIII,indicative,active,3md,1,يَسْتَوِيانِ
262_269,اِسْتَوَى,سوي,افتعل,VIII,indicative,active,3mp,1,يَسْتَوُونَ
262_269,اِسْتَوَى,سوي,افتعل,VIII,indicative,active,3fs,1,تَسْتَوِي
262_269,اِسْتَوَى,سوي,افتعل,VIII,indicative,active,3fd,1,تَسْتَوِيانِ
262_269,اِسْتَوَى,سوي,افتعل,VIII,indicative,active,3fp,1,يَسْتَوِينَ
262_269,اِسْتَوَى,سوي,افتعل,VIII,indicative,active,2ms,1,تَسْتَوِي
262_269,اِسْتَوَى,سوي,افتعل,VIII,indicative,active,2d,1,تَسْتَوِيانِ
262_269,اِسْتَوَى,سوي,افتعل,VIII,indicative,active,2mp,1,تَسْتَوُونَ
262_269,اِسْتَوَى,سوي,افتعل,VIII,indicative,active,2fs,1,تَسْتَوِينَ
262_269,اِسْتَوَى,سوي,افتعل,VIII,indicative,active,2fp,1,تَسْتَوِينَ
262_269,اِسْتَوَى,سوي,افتعل,VIII,indicative,active,1s,1,أَسْتَوِي
262_269,اِسْتَوَى,سوي,افتعل,VIII,indicative,active,1p,1,نَسْتَوِي
262_269,اِسْتَوَى,سوي,افتعل,VIII,imperative,active,2ms,1,اِسْتَوِ
262_269,اِسْتَوَى,سوي,افتعل,VIII,imperative,active,2d,1,اِسْتَوِيا
262_269,اِسْتَوَى,سوي,افتعل,VIII,imperative,active,2mp,1,اِسْتَوُوا
262_269,اِسْتَوَى,سوي,افتعل,VIII,imperative,active,2fs,1,اِسْتَوِي
262_269,اِسْتَوَى,سوي,افتعل,VIII,imperative,active,2fp,1,اِسْتَوِينَ
263_269,اِلْتَوَى,لوي,افتعل,VIII,past,active,3ms,1,اِلْتَوَى
263_269,اِلْتَوَى,لوي,افتعل,VIII,past,active,3md,1,اِلْتَوَيا
263_269,اِلْتَوَى,لوي,افتعل,VIII,past,active,3mp,1,اِلْتَوَوْا
263_269,اِلْتَوَى,لوي,افتعل,VIII,past,active,3fs,1,اِلْتَوَتْ
263_269,اِلْتَوَى,لوي,افتعل,VIII,past,active,3fd,1,اِلْتَوَتَا
263_269,اِلْتَوَى,لوي,افتعل,VIII,past,active,3fp,1,اِلْتَوَيْنَ
263_269,اِلْتَوَى,لوي,افتعل,VIII,past,active,2ms,1,اِلْتَوَيْتَ
263_269,اِلْتَوَى,لوي,افتعل,VIII,past,active,2d,1,اِلْتَوَيْتُما
263_269,اِلْتَوَى,لوي,افتعل,VIII,past,active,2mp,1,اِلْتَوَيْتُمْ
263_269,اِلْتَوَى,لوي,افتعل,VIII,past,active,2fs,1,اِلْتَوَيْتِ
263_269,اِلْتَوَى,لوي,افتعل,VIII,past,active,2fp,1,اِلْتَوَيْتُنَّ
263_269,اِلْتَوَى,لوي,افتعل,VIII,past,active,1s,1,اِلْتَوَيْتُ
263_269,اِلْتَوَى,لوي,افتعل,VIII,past,active,1p,1,اِلْتَوَيْنا
263_269,اِلْتَوَى,لوي,افتعل,VIII,indicative,active,3ms,1,يَلْتَوِي
263_269,اِلْتَوَى,لوي,افتعل,VIII,indicative,active,3md,1,يَلْتَوِيانِ
263_269,اِلْتَوَى,لوي,افتعل,VIII,indicative,active,3mp,1,يَلْتَوُونَ
263_269,اِلْتَوَى,لوي,افتعل,VIII,indicative,active,3fs,1,تَلْتَوِي
263_269,اِلْتَوَى,لوي,افتعل,VIII,indicative,active,3fd,1,تَلْتَوِيانِ
263_269,اِلْتَوَى,لوي,افتعل,VIII,indicative,active,2ms,1,تَلْتَوِي
263_269,اِلْتَوَى,لوي,افتعل,VIII,indicative,active,2d,1,تَلْتَوِيانِ
263_269,اِلْتَوَى,لوي,افتعل,VIII,indicative,active,2mp,1,تَلْتَوُونَ
263_269,اِلْتَوَى,لوي,افتعل,VIII,indicative,active,2fs,1,تَلْتَوِينَ
263_269,اِلْتَوَى,لوي,افتعل,VIII,indicative,active,2fp,1,تَلْتَوِينَ
263_269,اِلْتَوَى,لوي,افتعل,VIII,indicative,active,1s,1,أَلْتَوِي
263_269,اِلْتَوَى,لوي,افتعل,VIII,indicative,active,1p,1,نَلْتَوِي
263_269,اِلْتَوَى,لوي,افتعل,VIII,imperative,active,2ms,1,اِلْتَوِ
263_269,اِلْتَوَى,لوي,افتعل,VIII,imperative,active,2d,1,اِلْتَوِيا
263_269,اِلْتَوَى,لوي,افتعل,VIII,imperative,active,2mp,1,اِلْتَوُوا
263_269,اِلْتَوَى,لوي,افتعل,VIII,imperative,active,2fs,1,اِلْتَوِي
263_269,اِلْتَوَى,لوي,افتعل,VIII,imperative,active,2fp,1,اِلْتَوِينَ
264_270,اِزْرَقَّ,زرق,افعلّ,IX,past,active,3ms,1,اِزْرَقَّ
264_270,اِزْرَقَّ,زرق,افعلّ,IX,past,active,3md,1,اِزْرَقَّا
264_270,اِزْرَقَّ,زرق,افعلّ,IX,past,active,3mp,1,اِزْرَقُّوا
264_270,اِزْرَقَّ,زرق,افعلّ,IX,past,active,3fs,1,اِزْرَقَّتْ
264_270,اِزْرَقَّ,زرق,افعلّ,IX,past,active,3fd,1,اِزْرَقَّتا
264_270,اِزْرَقَّ,زرق,افعلّ,IX,past,active,3fp,1,اِزْرَقَقْنَ
264_270,اِزْرَقَّ,زرق,افعلّ,IX,past,active,2ms,1,اِزْرَقَقْتَ
264_270,اِزْرَقَّ,زرق,افعلّ,IX,past,active,2d,1,اِزْرَقَقْتُما
264_270,اِزْرَقَّ,زرق,افعلّ,IX,past,active,2mp,1,اِزْرَقَقْتُمْ
264_270,اِزْرَقَّ,زرق,افعلّ,IX,past,active,2fs,1,اِزْرَقَقْتِ
264_270,اِزْرَقَّ,زرق,افعلّ,IX,past,active,2fp,1,اِزْرَقَقْتُنَّ
264_270,اِزْرَقَّ,زرق,افعلّ,IX,past,active,1s,1,اِزْرَقَقْتُ
264_270,اِزْرَقَّ,زرق,افعلّ,IX,past,active,1p,1,اِزْرَقَقْنا
264_270,اِزْرَقَّ,زرق,افعلّ,IX,indicative,active,3ms,1,يَزْرَقُّ
264_270,اِزْرَقَّ,زرق,افعلّ,IX,indicative,active,3md,1,يَزْرَقَّانِ
264_270,اِزْرَقَّ,زرق,افعلّ,IX,indicative,active,3mp,1,يَزْرَقُّونَ
264_270,اِزْرَقَّ,زرق,افعلّ,IX,indicative,active,3fs,1,تَزْرَقُّ
264_270,اِزْرَقَّ,زرق,افعلّ,IX,indicative,active,3fd,1,تَزْرَقَّانِ
264_270,اِزْرَقَّ,زرق,افعلّ,IX,indicative,active,3fp,1,يَزْرَقِقْنَ
264_270,اِزْرَقَّ,زرق,افعلّ,IX,indicative,active,2ms,1,تَزْرَقُّ
264_270,اِزْرَقَّ,زرق,افعلّ,IX,indicative,active,2d,1,تَزْرَقَّانِ
264_270,اِزْرَقَّ,زرق,افعلّ,IX,indicative,active,2mp,1,تَزْرَقُّونَ
264_270,اِزْرَقَّ,زرق,افعلّ,IX,indicative,active,2fs,1,تَزْرَقِّينَ
264_270,اِزْرَقَّ,زرق,افعلّ,IX,indicative,active,2fp,1,تَزْرَقِقْنَ
264_270,اِزْرَقَّ,زرق,افعلّ,IX,indicative,active,1s,1,أَزْرَقُّ
264_270,اِزْرَقَّ,زرق,افعلّ,IX,indicative,active,1p,1,نَزْرَقُّ
264_270,اِزْرَقَّ,زرق,افعلّ,IX,imperative,active,2ms,1,اِزْرَقَّ
264_270,اِزْرَقَّ,زرق,افعلّ,IX,imperative,active,2d,1,اِزْرَقَّا
264_270,اِزْرَقَّ,زرق,افعلّ,IX,imperative,active,2mp,1,اِزْرَقُّوا
264_270,اِزْرَقَّ,زرق,افعلّ,IX,imperative,active,2fs,1,اِزْرَقِّي
264_270,اِزْرَقَّ,زرق,افعلّ,IX,imperative,active,2fp,1,اِزْرَقِقْنَ
265_270,اِخْرَجَّ,خرج,افعلّ,IX,past,active,3ms,1,اِخْرَجَّ
265_270,اِخْرَجَّ,خرج,افعلّ,IX,past,active,3md,1,اِخْرَجَّا
265_270,اِخْرَجَّ,خرج,افعلّ,IX,past,active,3mp,1,اِخْرَجُّوا
265_270,اِخْرَجَّ,خرج,افعلّ,IX,past,active,3fs,1,اِخْرَجَّتْ
265_270,اِخْرَجَّ,خرج,افعلّ,IX,past,active,3fd,1,اِخْرَجَّتا
265_270,اِخْرَجَّ,خرج,افعلّ,IX,past,active,3fp,1,اِخْرَجَجْنَ
265_270,اِخْرَجَّ,خرج,افعلّ,IX,past,active,2ms,1,اِخْرَجَجْتَ
265_270,اِخْرَجَّ,خرج,افعلّ,IX,past,active,2d,1,اِخْرَجَجْتُما
265_270,اِخْرَجَّ,خرج,افعلّ,IX,past,active,2mp,1,اِخْرَجَجْتُمْ
265_270,اِخْرَجَّ,خرج,افعلّ,IX,past,active,2fs,1,اِخْرَجَجْتِ
265_270,اِخْرَجَّ,خرج,افعلّ,IX,past,active,2fp,1,اِخْرَجَجْتُنَّ
265_270,اِخْرَجَّ,خرج,افعلّ,IX,past,active,1s,1,اِخْرَجَجْتُ
265_270,اِخْرَجَّ,خرج,افعلّ,IX,past,active,1p,1,اِخْرَجَجْنا
265_270,اِخْرَجَّ,خرج,افعلّ,IX,indicative,active,3ms,1,يَخْرَجُّ
265_270,اِخْرَجَّ,خرج,افعلّ,IX,indicative,active,3md,1,يَخْرَجَّانِ
265_270,اِخْرَجَّ,خرج,افعلّ,IX,indicative,active,3mp,1,يَخْرَجُّونَ
265_270,اِخْرَجَّ,خرج,افعلّ,IX,indicative,active,3fs,1,تَخْرَجُّ
265_270,اِخْرَجَّ,خرج,افعلّ,IX,indicative,active,3fd,1,تَخْرَجَّانِ
265_270,اِخْرَجَّ,خرج,افعلّ,IX,indicative,active,3fp,1,يَخْرَجِجْنَ
265_270,اِخْرَجَّ,خرج,افعلّ,IX,indicative,active,2ms,1,تَخْرَجُّ
265_270,اِخْرَجَّ,خرج,افعلّ,IX,indicative,active,2d,1,تَخْرَجَّانِ
265_270,اِخْرَجَّ,خرج,افعلّ,IX,indicative,active,2mp,1,تَخْرَجُّونَ
265_270,اِخْرَجَّ,خرج,افعلّ,IX,indicative,active,2fs,1,تَخْرَجِّينَ
265_270,اِخْرَجَّ,خرج,افعلّ,IX,indicative,active,2fp,1,تَخْرَجِجْنَ
265_270,اِخْرَجَّ,خرج,افعلّ,IX,indicative,active,1s,1,أَخْرَجُّ
265_270,اِخْرَجَّ,خرج,افعلّ,IX,indicative,active,1p,1,نَخْرَجُّ
265_270,اِخْرَجَّ,خرج,افعلّ,IX,imperative,active,2ms,1,اِخْرَجَّ
265_270,اِخْرَجَّ,خرج,افعلّ,IX,imperative,active,2d,1,اِخْرَجَّا
265_270,اِخْرَجَّ,خرج,افعلّ,IX,imperative,active,2mp,1,اِخْرَجُّوا
265_270,اِخْرَجَّ,خرج,افعلّ,IX,imperative,active,2fs,1,اِخْرَجِّي
265_270,اِخْرَجَّ,خرج,افعلّ,IX,imperative,active,2fp,1,اِخْرَجِجْنَ
266_276,اِسْوَدَّ,سود,افعلّ,IX,past,active,3ms,1,اِسْوَدَّ
266_276,اِسْوَدَّ,سود,افعلّ,IX,past,active,3md,1,اِسْوَدَّا
266_276,اِسْوَدَّ,سود,افعلّ,IX,past,active,3mp,1,اِسْوَدُّوا
266_276,اِسْوَدَّ,سود,افعلّ,IX,past,active,3fs,1,اِسْوَدَّتْ
266_276,اِسْوَدَّ,سود,افعلّ,IX,past,active,3fd,1,اِسْوَدَّتا
266_276,اِسْوَدَّ,سود,افعلّ,IX,past,active,3fp,1,اِسْوَدَدْنَ
266_276,اِسْوَدَّ,سود,افعلّ,IX,past,active,2ms,1,اِسْوَدَدْتَ
266_276,اِسْوَدَّ,سود,افعلّ,IX,past,active,2d,1,اِسْوَدَدْتُما
266_276,اِسْوَدَّ,سود,افعلّ,IX,past,active,2mp,1,اِسْوَدَدْتُمْ
266_276,اِسْوَدَّ,سود,افعلّ,IX,past,active,2fs,1,اِسْوَدَدْتِ
266_276,اِسْوَدَّ,سود,افعلّ,IX,past,active,2fp,1,اِسْوَدَدْتُنَّ
266_276,اِسْوَدَّ,سود,افعلّ,IX,past,active,1s,1,اِسْوَدَدْتُ
266_276,اِسْوَدَّ,سود,افعلّ,IX,past,active,1p,1,اِسْوَدَدْنا
266_276,اِسْوَدَّ,سود,افعلّ,IX,indicative,active,3ms,1,يَسْوَدُّ
266_276,اِسْوَدَّ,سود,افعلّ,IX,indicative,active,3md,1,يَسْوَدَّانِ
266_276,اِسْوَدَّ,سود,افعلّ,IX,indicative,active,3mp,1,يَسْوَدُّونَ
266_276,اِسْوَدَّ,سود,افعلّ,IX,indicative,active,3fs,1,تَسْوَدُّ
266_276,اِسْوَدَّ,سود,افعلّ,IX,indicative,active,3fd,1,تَسْوَدَّانِ
266_276,اِسْوَدَّ,سود,افعلّ,IX,indicative,active,3fp,1,يَسْوَدِدْنَ
266_276,اِسْوَدَّ,سود,افعلّ,IX,indicative,active,2ms,1,تَسْوَدُّ
266_276,اِسْوَدَّ,سود,افعلّ,IX,indicative,active,2d,1,تَسْوَدَّانِ
266_276,اِسْوَدَّ,سود,افعلّ,IX,indicative,active,2mp,1,تَسْوَدُّونَ
266_276,اِسْوَدَّ,سود,افعلّ,IX,indicative,active,2fs,1,تَسْوَدّينَ
266_276,اِسْوَدَّ,سود,افعلّ,IX,indicative,active,2fp,1,تَسْوَدِدْنَ
266_276,اِسْوَدَّ,سود,افعلّ,IX,indicative,active,1s,1,أَسْوَدُّ
266_276,اِسْوَدَّ,سود,افعلّ,IX,indicative,active,1p,1,نَسْوَدُّ
266_276,اِسْوَدَّ,سود,افعلّ,IX,imperative,active,2ms,1,اِسْوَدَّ
266_276,اِسْوَدَّ,سود,افعلّ,IX,imperative,active,2d,1,اِسْوَدَّا
266_276,اِسْوَدَّ,سود,افعلّ,IX,imperative,active,2mp,1,اِسْوَدُّوا
266_276,اِسْوَدَّ,سود,افعلّ,IX,imperative,active,2fs,1,اِسْوَدّي
266_276,اِسْوَدَّ,سود,افعلّ,IX,imperative,active,2fp,1,اِسْوَدِدْنَ
267_276,اِبْيَضَّ,بيض,افعلّ,IX,past,active,3ms,1,اِبْيَضَّ
267_276,اِبْيَضَّ,بيض,افعلّ,IX,past,active,3md,1,اِبْيَضَّا
267_276,اِبْيَضَّ,بيض,افعلّ,IX,past,active,3mp,1,اِبْيَضُّوا
267_276,اِبْيَضَّ,بيض,افعلّ,IX,past,active,3fs,1,اِبْيَضَّتْ
267_276,اِبْيَضَّ,بيض,افعلّ,IX,past,active,3fd,1,اِبْيَضَّتَا
267_276,اِبْيَضَّ,بيض,افعلّ,IX,past,active,3fp,1,اِبْيَضَضْنَ
267_276,اِبْيَضَّ,بيض,افعلّ,IX,past,active,2ms,1,اِبْيَضَضْتَ
267_276,اِبْيَضَّ,بيض,افعلّ,IX,past,active,2d,1,اِبْيَضَضْتُما
267_276,اِبْيَضَّ,بيض,افعلّ,IX,past,active,2mp,1,اِبْيَضَضْتُمْ
267_276,اِبْيَضَّ,بيض,افعلّ,IX,past,active,2fs,1,اِبْيَضَضْتِ
267_276,اِبْيَضَّ,بيض,افعلّ,IX,past,active,2fp,1,اِبْيَضَضْتُنَّ
267_276,اِبْيَضَّ,بيض,افعلّ,IX,past,active,1s,1,اِبْيَضَضْتُ
267_276,اِبْيَضَّ,بيض,افعلّ,IX,past,active,1p,1,اِبْيَضَضْنا
267_276,اِبْيَضَّ,بيض,افعلّ,IX,indicative,active,3ms,1,يَبْيَضُّ
267_276,اِبْيَضَّ,بيض,افعلّ,IX,indicative,active,3md,1,يَبْيَضَّانِ
267_276,اِبْيَضَّ,بيض,افعلّ,IX,indicative,active,3mp,1,يَبْيَضُّونَ
267_276,اِبْيَضَّ,بيض,افعلّ,IX,indicative,active,3fs,1,تَبْيَضُّ
267_276,اِبْيَضَّ,بيض,افعلّ,IX,indicative,active,3fd,1,تَبْيَضَّانِ
267_276,اِبْيَضَّ,بيض,افعلّ,IX,indicative,active,3fp,1,يَبْيَضِضْنَ
267_276,اِبْيَضَّ,بيض,افعلّ,IX,indicative,active,2ms,1,تَبْيَضُّ
267_276,اِبْيَضَّ,بيض,افعلّ,IX,indicative,active,2d,1,تَبْيَضَّانِ
267_276,اِبْيَضَّ,بيض,افعلّ,IX,indicative,active,2mp,1,تَبْيَضُّونَ
267_276,اِبْيَضَّ,بيض,افعلّ,IX,indicative,active,2fs,1,تَبْيَضّينَ
267_276,اِبْيَضَّ,بيض,افعلّ,IX,indicative,active,2fp,1,تَبْيَضِضْنَ
267_276,اِبْيَضَّ,بيض,افعلّ,IX,indicative,active,1s,1,أَبْيَضُّ
267_276,اِبْيَضَّ,بيض,افعلّ,IX,indicative,active,1p,1,نَبْيَضُّ
267_276,اِبْيَضَّ,بيض,افعلّ,IX,imperative,active,2ms,1,اِبْيَضَّ
267_276,اِبْيَضَّ,بيض,افعلّ,IX,imperative,active,2d,1,اِبْيَضَّا
267_276,اِبْيَضَّ,بيض,افعلّ,IX,imperative,active,2mp,1,اِبْيَضُّوا
267_276,اِبْيَضَّ,بيض,افعلّ,IX,imperative,active,2fs,1,اِبْيَضّي
267_276,اِبْيَضَّ,بيض,افعلّ,IX,imperative,active,2fp,1,اِبْيَضِضْنَ
268_280,اِسْتَغْرَبَ,غرب,استفعل,X,past,active,3ms,1,اِسْتَغْرَبَ
268_280,اِسْتَغْرَبَ,غرب,استفعل,X,past,active,3md,1,اِسْتَغْرَبا
268_280,اِسْتَغْرَبَ,غرب,استفعل,X,past,active,3mp,1,اِسْتَغْرَبوا
268_280,اِسْتَغْرَبَ,غرب,استفعل,X,past,active,3fs,1,اِسْتَغْرَبَتْ
268_280,اِسْتَغْرَبَ,غرب,استفعل,X,past,active,3fd,1,اِسْتَغْرَبَتا
268_280,اِسْتَغْرَبَ,غرب,استفعل,X,past,active,3fp,1,اِسْتَغْرَبْنَ
268_280,اِسْتَغْرَبَ,غرب,استفعل,X,past,active,2ms,1,اِسْتَغْرَبْتَ
268_280,اِسْتَغْرَبَ,غرب,استفعل,X,past,active,2d,1,اِسْتَغْرَبْتُما
268_280,اِسْتَغْرَبَ,غرب,استفعل,X,past,active,2mp,1,اِسْتَغْرَبْتُمْ
268_280,اِسْتَغْرَبَ,غرب,استفعل,X,past,active,2fs,1,اِسْتَغْرَبْتِ
268_280,اِسْتَغْرَبَ,غرب,استفعل,X,past,active,2fp,1,اِسْتَغْرَبْتُنَّ
268_280,اِسْتَغْرَبَ,غرب,استفعل,X,past,active,1s,1,اِسْتَغْرَبْتُ
268_280,اِسْتَغْرَبَ,غرب,استفعل,X,past,active,1p,1,اِسْتَغْرَبْنا
268_280,اِسْتَغْرَبَ,غرب,استفعل,X,indicative,active,3ms,1,يَسْتَغْرِبُ
268_280,اِسْتَغْرَبَ,غرب,استفعل,X,indicative,active,3md,1,يَسْتَغْرِبانِ
268_280,اِسْتَغْرَبَ,غرب,استفعل,X,indicative,active,3mp,1,يَسْتَغْرِبونَ
268_280,اِسْتَغْرَبَ,غرب,استفعل,X,indicative,active,3fs,1,تَسْتَغْرِبُ
268_280,اِسْتَغْرَبَ,غرب,استفعل,X,indicative,active,3fd,1,تَسْتَغْرِبانِ
268_280,اِسْتَغْرَبَ,غرب,استفعل,X,indicative,active,3fp,1,يَسْتَغْرِبْنَ
268_280,اِسْتَغْرَبَ,غرب,استفعل,X,indicative,active,2ms,1,تَسْتَغْرِبُ
268_280,اِسْتَغْرَبَ,غرب,استفعل,X,indicative,active,2d,1,تَسْتَغْرِبانِ
268_280,اِسْتَغْرَبَ,غرب,استفعل,X,indicative,active,2mp,1,تَسْتَغْرِبونَ
268_280,اِسْتَغْرَبَ,غرب,استفعل,X,indicative,active,2fs,1,تَسْتَغْرِبينَ
268_280,اِسْتَغْرَبَ,غرب,استفعل,X,indicative,active,2fp,1,تَسْتَغْرِبْنَ
268_280,اِسْتَغْرَبَ,غرب,استفعل,X,indicative,active,1s,1,أَسْتَغْرِبُ
268_280,اِسْتَغْرَبَ,غرب,استفعل,X,indicative,active,1p,1,نَسْتَغْرِبُ
268_280,اِسْتَغْرَبَ,غرب,استفعل,X,imperative,active,2ms,1,اِسْتَغْرِبْ
268_280,اِسْتَغْرَبَ,غرب,استفعل,X,imperative,active,2d,1,اِسْتَغْرِبا
268_280,اِسْتَغْرَبَ,غرب,استفعل,X,imperative,active,2mp,1,اِسْتَغْرِبوا
268_280,اِسْتَغْرَبَ,غرب,استفعل,X,imperative,active,2fs,1,اِسْتَغْرِبي
268_280,اِسْتَغْرَبَ,غرب,استفعل,X,imperative,active,2fp,1,اِسْتَغْرِبْنَ
269_280,اِسْتَقْبَلَ,قبل,استفعل,X,past,active,3ms,1,اِسْتَقْبَلَ
269_280,اِسْتَقْبَلَ,قبل,استفعل,X,past,active,3md,1,اِسْتَقْبَلا
269_280,اِسْتَقْبَلَ,قبل,استفعل,X,past,active,3mp,1,اِسْتَقْبَلوا
269_280,اِسْتَقْبَلَ,قبل,استفعل,X,past,active,3fs,1,اِسْتَقْبَلَتْ
269_280,اِسْتَقْبَلَ,قبل,استفعل,X,past,active,3fd,1,اِسْتَقْبَلَتا
269_280,اِسْتَقْبَلَ,قبل,استفعل,X,past,active,3fp,1,اِسْتَقْبَلْنَ
269_280,اِسْتَقْبَلَ,قبل,استفعل,X,past,active,2ms,1,اِسْتَقْبَلْتَ
269_280,اِسْتَقْبَلَ,قبل,استفعل,X,past,active,2d,1,اِسْتَقْبَلْتُما
269_280,اِسْتَقْبَلَ,قبل,استفعل,X,past,active,2mp,1,اِسْتَقْبَلْتُمْ
269_280,اِسْتَقْبَلَ,قبل,استفعل,X,past,active,2fs,1,اِسْتَقْبَلْتِ
269_280,اِسْتَقْبَلَ,قبل,استفعل,X,past,active,2fp,1,اِسْتَقْبَلْتُنَّ
269_280,اِسْتَقْبَلَ,قبل,استفعل,X,past,active,1s,1,اِسْتَقْبَلْتُ
269_280,اِسْتَقْبَلَ,قبل,استفعل,X,past,active,1p,1,اِسْتَقْبَلْنا
269_280,اِسْتَقْبَلَ,قبل,استفعل,X,indicative,active,3ms,1,يَسْتَقْبِلُ
269_280,اِسْتَقْبَلَ,قبل,استفعل,X,indicative,active,3md,1,يَسْتَقْبِلانِ
269_280,اِسْتَقْبَلَ,قبل,استفعل,X,indicative,active,3mp,1,يَسْتَقْبِلونَ
269_280,اِسْتَقْبَلَ,قبل,استفعل,X,indicative,active,3fs,1,تَسْتَقْبِلُ
269_280,اِسْتَقْبَلَ,قبل,استفعل,X,indicative,active,3fd,1,تَسْتَقْبِلانِ
269_280,اِسْتَقْبَلَ,قبل,استفعل,X,indicative,active,3fp,1,يَسْتَقْبِلْنَ
269_280,اِسْتَقْبَلَ,قبل,استفعل,X,indicative,active,2ms,1,تَسْتَقْبِلُ
269_280,اِسْتَقْبَلَ,قبل,استفعل,X,indicative,active,2d,1,تَسْتَقْبِلانِ
269_280,اِسْتَقْبَلَ,قبل,استفعل,X,indicative,active,2mp,1,تَسْتَقْبِلونَ
269_280,اِسْتَقْبَلَ,قبل,استفعل,X,indicative,active,2fs,1,تَسْتَقْبِلِينَ
269_280,اِسْتَقْبَلَ,قبل,استفعل,X,indicative,active,2fp,1,تَسْتَقْبِلْنَ
269_280,اِسْتَقْبَلَ,قبل,استفعل,X,indicative,active,1s,1,أَسْتَقْبِلُ
269_280,اِسْتَقْبَلَ,قبل,استفعل,X,indicative,active,1p,1,نَسْتَقْبِلُ
269_280,اِسْتَقْبَلَ,قبل,استفعل,X,imperative,active,2ms,1,اِسْتَقْبِلْ
269_280,اِسْتَقْبَلَ,قبل,استفعل,X,imperative,active,2d,1,اِسْتَقْبِلا
269_280,اِسْتَقْبَلَ,قبل,استفعل,X,imperative,active,2mp,1,اِسْتَقْبِلوا
269_280,اِسْتَقْبَلَ,قبل,استفعل,X,imperative,active,2fs,1,اِسْتَقْبِلي
269_280,اِسْتَقْبَلَ,قبل,استفعل,X,imperative,active,2fp,1,اِسْتَقْبِلْنَ
270_281,اِسْتَرَدَّ,ردد,استفعل,X,past,active,3ms,1,اِسْتَرَدَّ
270_281,اِسْتَرَدَّ,ردد,استفعل,X,past,active,3md,1,اِسْتَرَدَّا
270_281,اِسْتَرَدَّ,ردد,استفعل,X,past,active,3mp,1,اِسْتَرَدُّوا
270_281,اِسْتَرَدَّ,ردد,استفعل,X,past,active,3fs,1,اِسْتَرَدَّتْ
270_281,اِسْتَرَدَّ,ردد,استفعل,X,past,active,3fd,1,اِسْتَرَدَّتا
270_281,اِسْتَرَدَّ,ردد,استفعل,X,past,active,3fp,1,اِسْتَرْدَدْنَ
270_281,اِسْتَرَدَّ,ردد,استفعل,X,past,active,2ms,1,اِسْتَرْدَدْتَ
270_281,اِسْتَرَدَّ,ردد,استفعل,X,past,active,2d,1,اِسْتَرْدَدْتُما
270_281,اِسْتَرَدَّ,ردد,استفعل,X,past,active,2mp,1,اِسْتَرْدَدْتُمْ
270_281,اِسْتَرَدَّ,ردد,استفعل,X,past,active,2fs,1,اِسْتَرْدَدْتِ
270_281,اِسْتَرَدَّ,ردد,استفعل,X,past,active,2fp,1,اِسْتَرْدَدْتُنَّ
270_281,اِسْتَرَدَّ,ردد,استفعل,X,past,active,1s,1,اِسْتَرْدَدْتُ
270_281,اِسْتَرَدَّ,ردد,استفعل,X,past,active,1p,1,اِسْتَرْدَدْنا
270_281,اِسْتَرَدَّ,ردد,استفعل,X,indicative,active,3ms,1,يَسْتَرِدُّ
270_281,اِسْتَرَدَّ,ردد,استفعل,X,indicative,active,3md,1,يَسْتَرِدَّانِ
270_281,اِسْتَرَدَّ,ردد,استفعل,X,indicative,active,3mp,1,يَسْتَرِدُّونَ
270_281,اِسْتَرَدَّ,ردد,استفعل,X,indicative,active,3fs,1,تَسْتَرِدُّ
270_281,اِسْتَرَدَّ,ردد,استفعل,X,indicative,active,3fd,1,تَسْتَرِدَّانِ
270_281,اِسْتَرَدَّ,ردد,استفعل,X,indicative,active,3fp,1,يَسْتَرْدِدْنَ
270_281,اِسْتَرَدَّ,ردد,استفعل,X,indicative,active,2ms,1,تَسْتَرِدُّ
270_281,اِسْتَرَدَّ,ردد,استفعل,X,indicative,active,2d,1,تَسْتَرِدَّانِ
270_281,اِسْتَرَدَّ,ردد,استفعل,X,indicative,active,2mp,1,تَسْتَرِدُّونَ
270_281,اِسْتَرَدَّ,ردد,استفعل,X,indicative,active,2fs,1,تَسْتَرِدّينَ
270_281,اِسْتَرَدَّ,ردد,استفعل,X,indicative,active,2fp,1,تَسْتَرْدِدْنَ
270_281,اِسْتَرَدَّ,ردد,استفعل,X,indicative,active,1s,1,أَسْتَرِدُّ
270_281,اِسْتَرَدَّ,ردد,استفعل,X,indicative,active,1p,1,نَسْتَرِدُّ
270_281,اِسْتَرَدَّ,ردد,استفعل,X,imperative,active,2ms,1,اِسْتَرْدِدْ
270_281,اِسْتَرَدَّ,ردد,استفعل,X,imperative,active,2d,1,اِسْتَرِدَّا
270_281,اِسْتَرَدَّ,ردد,استفعل,X,imperative,active,2mp,1,اِسْتَرِدُّوا
270_281,اِسْتَرَدَّ,ردد,استفعل,X,imperative,active,2fs,1,اِسْتَرِدِّي
270_281,اِسْتَرَدَّ,ردد,استفعل,X,imperative,active,2fp,1,اِسْتَرْدِدْنَ
271_281,اِسْتَفَزَّ,فزز,استفعل,X,past,active,3ms,1,اِسْتَفَزَّ
271_281,اِسْتَفَزَّ,فزز,استفعل,X,past,active,3md,1,اِسْتَفَزَّا
271_281,اِسْتَفَزَّ,فزز,استفعل,X,past,active,3mp,1,اِسْتَفَزُّوا
271_281,اِسْتَفَزَّ,فزز,استفعل,X,past,active,3fs,1,اِسْتَفَزَّتْ
271_281,اِسْتَفَزَّ,فزز,استفعل,X,past,active,3fd,1,اِسْتَفَزَّتا
271_281,اِسْتَفَزَّ,فزز,استفعل,X,past,active,3fp,1,اِسْتَفْزَزْنَ
271_281,اِسْتَفَزَّ,فزز,استفعل,X,past,active,2ms,1,اِسْتَفْزَزْتَ
271_281,اِسْتَفَزَّ,فزز,استفعل,X,past,active,2d,1,اِسْتَفْزَزْتُما
271_281,اِسْتَفَزَّ,فزز,استفعل,X,past,active,2mp,1,اِسْتَفْزَزْتُمْ
271_281,اِسْتَفَزَّ,فزز,استفعل,X,past,active,2fs,1,اِسْتَفْزَزْتِ
271_281,اِسْتَفَزَّ,فزز,استفعل,X,past,active,2fp,1,اِسْتَفْزَزْتُنَّ
271_281,اِسْتَفَزَّ,فزز,استفعل,X,past,active,1s,1,اِسْتَفْزَزْتُ
271_281,اِسْتَفَزَّ,فزز,استفعل,X,past,active,1p,1,اِسْتَفْزَزْنا
271_281,اِسْتَفَزَّ,فزز,استفعل,X,indicative,active,3ms,1,يَسْتَفِزُّ
271_281,اِسْتَفَزَّ,فزز,استفعل,X,indicative,active,3md,1,يَسْتَفِزَّانِ
271_281,اِسْتَفَزَّ,فزز,استفعل,X,indicative,active,3mp,1,يَسْتَفِزُّونَ
271_281,اِسْتَفَزَّ,فزز,استفعل,X,indicative,active,3fs,1,تَسْتَفِزُّ
271_281,اِسْتَفَزَّ,فزز,استفعل,X,indicative,active,3fd,1,تَسْتَفِزَّانِ
271_281,اِسْتَفَزَّ,فزز,استفعل,X,indicative,active,3fp,1,يَسْتَفْزِزْنَ
271_281,اِسْتَفَزَّ,فزز,استفعل,X,indicative,active,2ms,1,تَسْتَفِزُّ
271_281,اِسْتَفَزَّ,فزز,استفعل,X,indicative,active,2d,1,تَسْتَفِزَّانِ
271_281,اِسْتَفَزَّ,فزز,استفعل,X,indicative,active,2mp,1,تَسْتَفِزُّونَ
271_281,اِسْتَفَزَّ,فزز,استفعل,X,indicative,active,2fs,1,تَسْتَفِزّينَ
271_281,اِسْتَفَزَّ,فزز,استفعل,X,indicative,active,2fp,1,تَسْتَفْزِزْنَ
271_281,اِسْتَفَزَّ,فزز,استفعل,X,indicative,active,1s,1,أَسْتَفِزُّ
271_281,اِسْتَفَزَّ,فزز,استفعل,X,indicative,active,1p,1,نَسْتَفِزُّ
271_281,اِسْتَفَزَّ,فزز,استفعل,X,imperative,active,2ms,1,اِسْتَفْزِزْ
271_281,اِسْتَفَزَّ,فزز,استفعل,X,imperative,active,2d,1,اِسْتَفِزَّا
271_281,اِسْتَفَزَّ,فزز,استفعل,X,imperative,active,2mp,1,اِسْتَفِزُّوا
271_281,اِسْتَفَزَّ,فزز,استفعل,X,imperative,active,2fs,1,اِسْتَفِزِّي
271_281,اِسْتَفَزَّ,فزز,استفعل,X,imperative,active,2fp,1,اِسْتَفْزِزْنَ
272_285,اِسْتَوْزَرَ,وزر,استفعل,X,past,active,3ms,1,اِسْتَوْزَرَ
272_285,اِسْتَوْزَرَ,وزر,استفعل,X,past,active,3md,1,اِسْتَوْزَرا
272_285,اِسْتَوْزَرَ,وزر,استفعل,X,past,active,3mp,1,اِسْتَوْزَرُوا
272_285,اِسْتَوْزَرَ,وزر,استفعل,X,past,active,3fs,1,اِسْتَوْزَرَتْ
272_285,اِسْتَوْزَرَ,وزر,استفعل,X,past,active,3fd,1,اِسْتَوْزَرَتَا
272_285,اِسْتَوْزَرَ,وزر,استفعل,X,past,active,3fp,1,اِسْتَوْزَرْنَ
272_285,اِسْتَوْزَرَ,وزر,استفعل,X,past,active,2ms,1,اِسْتَوْزَرْتَ
272_285,اِسْتَوْزَرَ,وزر,استفعل,X,past,active,2d,1,اِسْتَوْزَرْتُما
272_285,اِسْتَوْزَرَ,وزر,استفعل,X,past,active,2mp,1,اِسْتَوْزَرْتُمْ
272_285,اِسْتَوْزَرَ,وزر,استفعل,X,past,active,2fs,1,اِسْتَوْزَرْتِ
272_285,اِسْتَوْزَرَ,وزر,استفعل,X,past,active,2fp,1,اِسْتَوْزَرْتُنَّ
272_285,اِسْتَوْزَرَ,وزر,استفعل,X,past,active,1s,1,اِسْتَوْزَرْتُ
272_285,اِسْتَوْزَرَ,وزر,استفعل,X,past,active,1p,1,اِسْتَوْزَرْنا
272_285,اِسْتَوْزَرَ,وزر,استفعل,X,indicative,active,3ms,1,يَسْتَوْزِرُ
272_285,اِسْتَوْزَرَ,وزر,استفعل,X,indicative,active,3md,1,يَسْتَوْزِرانِ
272_285,اِسْتَوْزَرَ,وزر,استفعل,X,indicative,active,3mp,1,يَسْتَوْزِرونَ
272_285,اِسْتَوْزَرَ,وزر,استفعل,X,indicative,active,3fs,1,تَسْتَوْزِرُ
272_285,اِسْتَوْزَرَ,وزر,استفعل,X,indicative,active,3fd,1,تَسْتَوْزِرانِ
272_285,اِسْتَوْزَرَ,وزر,استفعل,X,indicative,active,3fp,1,يَسْتَوْزِرْنَ
272_285,اِسْتَوْزَرَ,وزر,استفعل,X,indicative,active,2ms,1,تَسْتَوْزِرُ
272_285,اِسْتَوْزَرَ,وزر,استفعل,X,indicative,active,2d,1,تَسْتَوْزِرانِ
272_285,اِسْتَوْزَرَ,وزر,استفعل,X,indicative,active,2mp,1,تَسْتَوْزِرونَ
272_285,اِسْتَوْزَرَ,وزر,استفعل,X,indicative,active,2fs,1,تَسْتَوْزِرِينَ
272_285,اِسْتَوْزَرَ,وزر,استفعل,X,indicative,active,2fp,1,تَسْتَوْزِرْنَ
272_285,اِسْتَوْزَرَ,وزر,استفعل,X,indicative,active,1s,1,أَسْتَوْزِرُ
272_285,اِسْتَوْزَرَ,وزر,استفعل,X,indicative,active,1p,1,نَسْتَوْزِرُ
272_285,اِسْتَوْزَرَ,وزر,استفعل,X,imperative,active,2ms,1,اِسْتَوْزِرْ
272_285,اِسْتَوْزَرَ,وزر,استفعل,X,imperative,active,2d,1,اِسْتَوْزِرا
272_285,اِسْتَوْزَرَ,وزر,استفعل,X,imperative,active,2mp,1,اِسْتَوْزِرُوا
272_285,اِسْتَوْزَرَ,وزر,استفعل,X,imperative,active,2fs,1,اِسْتَوْزِري
272_285,اِسْتَوْزَرَ,وزر,استفعل,X,imperative,active,2fp,1,اِسْتَوْزِرْنَ
273_285,اِسْتَيْقَظَ,يقظ,استفعل,X,past,active,3ms,1,اِسْتَيْقَظَ
273_285,اِسْتَيْقَظَ,يقظ,استفعل,X,past,active,3md,1,اِسْتَيْقَظا
273_285,اِسْتَيْقَظَ,يقظ,استفعل,X,past,active,3mp,1,اِسْتَيْقَظُوا
273_285,اِسْتَيْقَظَ,يقظ,استفعل,X,past,active,3fs,1,اِسْتَيْقَظَتْ
273_285,اِسْتَيْقَظَ,يقظ,استفعل,X,past,active,3fd,1,اِسْتَيْقَظَتا
273_285,اِسْتَيْقَظَ,يقظ,استفعل,X,past,active,3fp,1,اِسْتَيْقَظْنَ
273_285,اِسْتَيْقَظَ,يقظ,استفعل,X,past,active,2ms,1,اِسْتَيْقَظْتَ
273_285,اِسْتَيْقَظَ,يقظ,استفعل,X,past,active,2d,1,اِسْتَيْقَظْتُما
273_285,اِسْتَيْقَظَ,يقظ,استفعل,X,past,active,2mp,1,اِسْتَيْقَظْتُمْ
273_285,اِسْتَيْقَظَ,يقظ,استفعل,X,past,active,2fs,1,اِسْتَيْقَظْتِ
273_285,اِسْتَيْقَظَ,يقظ,استفعل,X,past,active,2fp,1,اِسْتَيْقَظْتُنَّ
273_285,اِسْتَيْقَظَ,يقظ,استفعل,X,past,active,1s,1,اِسْتَيْقَظْتُ
273_285,اِسْتَيْقَظَ,يقظ,استفعل,X,past,active,1p,1,اِسْتَيْقَظْنَا
273_285,اِسْتَيْقَظَ,يقظ,استفعل,X,indicative,active,3ms,1,يَسْتَيْقِظُ
273_285,اِسْتَيْقَظَ,يقظ,استفعل,X,indicative,active,3md,1,يَسْتَيْقِظانِ
273_285,اِسْتَيْقَظَ,يقظ,استفعل,X,indicative,active,3mp,1,يَسْتَيْقِظونَ
273_285,اِسْتَيْقَظَ,يقظ,استفعل,X,indicative,active,3fs,1,تَسْتَيْقِظُ
273_285,اِسْتَيْقَظَ,يقظ,استفعل,X,indicative,active,3fd,1,تَسْتَيْقِظانِ
273_285,اِسْتَيْقَظَ,يقظ,استفعل,X,indicative,active,3fp,1,يَسْتَيْقِظْنَ
273_285,اِسْتَيْقَظَ,يقظ,استفعل,X,indicative,active,2ms,1,تَسْتَيْقِظُ
273_285,اِسْتَيْقَظَ,يقظ,استفعل,X,indicative,active,2d,1,تَسْتَيْقِظانِ
273_285,اِسْتَيْقَظَ,يقظ,استفعل,X,indicative,active,2mp,1,تَسْتَيْقِظونَ
273_285,اِسْتَيْقَظَ,يقظ,استفعل,X,indicative,active,2fs,1,تَسْتَيْقِظِينَ
273_285,اِسْتَيْقَظَ,يقظ,استفعل,X,indicative,active,2fp,1,تَسْتَيْقِظْنَ
273_285,اِسْتَيْقَظَ,يقظ,استفعل,X,indicative,active,1s,1,أَسْتَيْقِظُ
273_285,اِسْتَيْقَظَ,يقظ,استفعل,X,indicative,active,1p,1,نَسْتَيْقِظُ
273_285,اِسْتَيْقَظَ,يقظ,استفعل,X,imperative,active,2ms,1,اِسْتَيْقِظْ
273_285,اِسْتَيْقَظَ,يقظ,استفعل,X,imperative,active,2d,1,اِسْتَيْقِظا
273_285,اِسْتَيْقَظَ,يقظ,استفعل,X,imperative,active,2mp,1,اِسْتَيْقِظُوا
273_285,اِسْتَيْقَظَ,يقظ,استفعل,X,imperative,active,2fs,1,اِسْتَيْقِظي
273_285,اِسْتَيْقَظَ,يقظ,استفعل,X,imperative,active,2fp,1,اِسْتَيْقِظْنَ
274_287,اِسْتَأْدَى,أدي,استفعل,X,past,active,3ms,1,اِسْتَأْدَى
274_287,اِسْتَأْدَى,أدي,استفعل,X,past,active,3md,1,اِسْتَأْدَيا
274_287,اِسْتَأْدَى,أدي,استفعل,X,past,active,3mp,1,اِسْتَأْدَوْا
274_287,اِسْتَأْدَى,أدي,استفعل,X,past,active,3fs,1,اِسْتَأْدَتْ
274_287,اِسْتَأْدَى,أدي,استفعل,X,past,active,3fd,1,اِسْتَأْدَتَا
274_287,اِسْتَأْدَى,أدي,استفعل,X,past,active,3fp,1,اِسْتَأْدَيْنَ
274_287,اِسْتَأْدَى,أدي,استفعل,X,past,active,2ms,1,اِسْتَأْدَيْتَ
274_287,اِسْتَأْدَى,أدي,استفعل,X,past,active,2d,1,اِسْتَأْدَيْتُما
274_287,اِسْتَأْدَى,أدي,استفعل,X,past,active,2mp,1,اِسْتَأْدَيْتُمْ
274_287,اِسْتَأْدَى,أدي,استفعل,X,past,active,2fs,1,اِسْتَأْدَيْتِ
274_287,اِسْتَأْدَى,أدي,استفعل,X,past,active,2fp,1,اِسْتَأْدَيْتُنَّ
274_287,اِسْتَأْدَى,أدي,استفعل,X,past,active,1s,1,اِسْتَأْدَيْتُ
274_287,اِسْتَأْدَى,أدي,استفعل,X,past,active,1p,1,اِسْتَأْدَيْنا
274_287,اِسْتَأْدَى,أدي,استفعل,X,indicative,active,3ms,1,يَسْتَأْدِي
274_287,اِسْتَأْدَى,أدي,استفعل,X,indicative,active,3md,1,يَسْتَأْدِيانِ
274_287,اِسْتَأْدَى,أدي,استفعل,X,indicative,active,3mp,1,يَسْتَأْدونَ
274_287,اِسْتَأْدَى,أدي,استفعل,X,indicative,active,3fs,1,تَسْتَأْدِي
274_287,اِسْتَأْدَى,أدي,استفعل,X,indicative,active,3fd,1,تَسْتَأْدِيانِ
274_287,اِسْتَأْدَى,أدي,استفعل,X,indicative,active,3fp,1,يَسْتَأْدِينَ
274_287,اِسْتَأْدَى,أدي,استفعل,X,indicative,active,2ms,1,تَسْتَأْدِي
274_287,اِسْتَأْدَى,أدي,استفعل,X,indicative,active,2d,1,تَسْتَأْدِيانِ
274_287,اِسْتَأْدَى,أدي,استفعل,X,indicative,active,2mp,1,تَسْتَأْدونَ
274_287,اِسْتَأْدَى,أدي,استفعل,X,indicative,active,2fs,1,تَسْتَأْدينَ
274_287,اِسْتَأْدَى,أدي,استفعل,X,indicative,active,2fp,1,تَسْتَأْدِينَ
274_287,اِسْتَأْدَى,أدي,استفعل,X,indicative,active,1s,1,أَسْتَأْدِي
274_287,اِسْتَأْدَى,أدي,استفعل,X,indicative,active,1p,1,نَسْتَأْدِي
274_287,اِسْتَأْدَى,أدي,استفعل,X,imperative,active,2ms,1,اِسْتَأْدِ
274_287,اِسْتَأْدَى,أدي,استفعل,X,imperative,active,2d,1,اِسْتَأْدِيا
274_287,اِسْتَأْدَى,أدي,استفعل,X,imperative,active,2mp,1,اِسْتَأْدوا
274_287,اِسْتَأْدَى,أدي,استفعل,X,imperative,active,2fs,1,اِسْتَأْدي
274_287,اِسْتَأْدَى,أدي,استفعل,X,imperative,active,2fp,1,اِسْتَأْدِينَ
275_287,اِسْتَأْنَى,أني,استفعل,X,past,active,3ms,1,اِسْتَأْنَى
275_287,اِسْتَأْنَى,أني,استفعل,X,past,active,3md,1,اِسْتَأْنَيا
275_287,اِسْتَأْنَى,أني,استفعل,X,past,active,3mp,1,اِسْتَأْنَوْا
275_287,اِسْتَأْنَى,أني,استفعل,X,past,active,3fs,1,اِسْتَأْنَتْ
275_287,اِسْتَأْنَى,أني,استفعل,X,past,active,3fd,1,اِسْتَأْنَتا
275_287,اِسْتَأْنَى,أني,استفعل,X,past,active,3fp,1,اِسْتَأْنَيْنَ
275_287,اِسْتَأْنَى,أني,استفعل,X,past,active,2ms,1,اِسْتَأْنَيْتَ
275_287,اِسْتَأْنَى,أني,استفعل,X,past,active,2d,1,اِسْتَأْنَيْتُما
275_287,اِسْتَأْنَى,أني,استفعل,X,past,active,2mp,1,اِسْتَأْنَيْتُمْ
275_287,اِسْتَأْنَى,أني,استفعل,X,past,active,2fs,1,اِسْتَأْنَيْتِ
275_287,اِسْتَأْنَى,أني,استفعل,X,past,active,2fp,1,اِسْتَأْنَيْتُنَّ
275_287,اِسْتَأْنَى,أني,استفعل,X,past,active,1s,1,اِسْتَأْنَيْتُ
275_287,اِسْتَأْنَى,أني,استفعل,X,past,active,1p,1,اِسْتَأْنَيْنَا
275_287,اِسْتَأْنَى,أني,استفعل,X,indicative,active,3ms,1,يَسْتَأْنِي
275_287,اِسْتَأْنَى,أني,استفعل,X,indicative,active,3md,1,يَسْتَأْنِيانِ
275_287,اِسْتَأْنَى,أني,استفعل,X,indicative,active,3mp,1,يَسْتَأْنونَ
275_287,اِسْتَأْنَى,أني,استفعل,X,indicative,active,3fs,1,تَسْتَأْنِي
275_287,اِسْتَأْنَى,أني,استفعل,X,indicative,active,3fd,1,تَسْتَأْنِيانِ
275_287,اِسْتَأْنَى,أني,استفعل,X,indicative,active,3fp,1,يَسْتَأْنِينَ
275_287,اِسْتَأْنَى,أني,استفعل,X,indicative,active,2ms,1,تَسْتَأْنِي
275_287,اِسْتَأْنَى,أني,استفعل,X,indicative,active,2d,1,تَسْتَأْنِيانِ
275_287,اِسْتَأْنَى,أني,استفعل,X,indicative,active,2mp,1,تَسْتَأْنونَ
275_287,اِسْتَأْنَى,أني,استفعل,X,indicative,active,2fs,1,تَسْتَأْنينَ
275_287,اِسْتَأْنَى,أني,استفعل,X,indicative,active,2fp,1,تَسْتَأْنِينَ
275_287,اِسْتَأْنَى,أني,استفعل,X,indicative,active,1s,1,أَسْتَأْنِي
275_287,اِسْتَأْنَى,أني,استفعل,X,indicative,active,1p,1,نَسْتَأْنِي
275_287,اِسْتَأْنَى,أني,استفعل,X,imperative,active,2ms,1,اِسْتَأْنِ
275_287,اِسْتَأْنَى,أني,استفعل,X,imperative,active,2d,1,اِسْتَأْنِيا
275_287,اِسْتَأْنَى,أني,استفعل,X,imperative,active,2mp,1,اِسْتَأْنُوا
275_287,اِسْتَأْنَى,أني,استفعل,X,imperative,active,2fs,1,اِسْتَأْني
275_287,اِسْتَأْنَى,أني,استفعل,X,imperative,active,2fp,1,اِسْتَأْنِينَ
276_288,اِسْتَوْفَى,وفي,استفعل,X,past,active,3ms,1,اِسْتَوْفَى
276_288,اِسْتَوْفَى,وفي,استفعل,X,past,active,3md,1,اِسْتَوْفَيا
276_288,اِسْتَوْفَى,وفي,استفعل,X,past,active,3mp,1,اِسْتَوْفَوْا
276_288,اِسْتَوْفَى,وفي,استفعل,X,past,active,3fs,1,اِسْتَوْفَتْ
276_288,اِسْتَوْفَى,وفي,استفعل,X,past,active,3fd,1,اِسْتَوْفَتا
276_288,اِسْتَوْفَى,وفي,استفعل,X,past,active,3fp,1,اِسْتَوْفَيْنَ
276_288,اِسْتَوْفَى,وفي,استفعل,X,past,active,2ms,1,اِسْتَوْفَيْتَ
276_288,اِسْتَوْفَى,وفي,استفعل,X,past,active,2d,1,اِسْتَوْفَيْتُما
276_288,اِسْتَوْفَى,وفي,استفعل,X,past,active,2mp,1,اِسْتَوْفَيْتُمْ
276_288,اِسْتَوْفَى,وفي,استفعل,X,past,active,2fs,1,اِسْتَوْفَيْتِ
276_288,اِسْتَوْفَى,وفي,استفعل,X,past,active,2fp,1,اِسْتَوْفَيْتُنَّ
276_288,اِسْتَوْفَى,وفي,استفعل,X,past,active,1s,1,اِسْتَوْفَيْتُ
276_288,اِسْتَوْفَى,وفي,استفعل,X,past,active,1p,1,اِسْتَوْفَيْنا
276_288,اِسْتَوْفَى,وفي,استفعل,X,indicative,active,3ms,1,يَسْتَوْفي
276_288,اِسْتَوْفَى,وفي,استفعل,X,indicative,active,3md,1,يَسْتَوْفيانِ
276_288,اِسْتَوْفَى,وفي,استفعل,X,indicative,active,3mp,1,يَسْتَوْفونَ
276_288,اِسْتَوْفَى,وفي,استفعل,X,indicative,active,3fs,1,تَسْتَوْفي
276_288,اِسْتَوْفَى,وفي,استفعل,X,indicative,active,3fd,1,تَسْتَوْفيانِ
276_288,اِسْتَوْفَى,وفي,استفعل,X,indicative,active,3fp,1,يَسْتَوْفينَ
276_288,اِسْتَوْفَى,وفي,استفعل,X,indicative,active,2ms,1,تَسْتَوْفي
276_288,اِسْتَوْفَى,وفي,استفعل,X,indicative,active,2d,1,تَسْتَوْفيانِ
276_288,اِسْتَوْفَى,وفي,استفعل,X,indicative,active,2mp,1,تَسْتَوْفونَ
276_288,اِسْتَوْفَى,وفي,استفعل,X,indicative,active,2fs,1,تَسْتَوْفينَ
276_288,اِسْتَوْفَى,وفي,استفعل,X,indicative,active,2fp,1,تَسْتَوْفينَ
276_288,اِسْتَوْفَى,وفي,استفعل,X,indicative,active,1s,1,أَسْتَوْفي
276_288,اِسْتَوْفَى,وفي,استفعل,X,indicative,active,1p,1,نَسْتَوْفي
276_288,اِسْتَوْفَى,وفي,استفعل,X,imperative,active,2ms,1,اِسْتَوْفِ
276_288,اِسْتَوْفَى,وفي,استفعل,X,imperative,active,2d,1,اِسْتَوْفيا
276_288,اِسْتَوْفَى,وفي,استفعل,X,imperative,active,2mp,1,اِسْتَوْفوا
276_288,اِسْتَوْفَى,وفي,استفعل,X,imperative,active,2fs,1,اِسْتَوْفي
276_288,اِسْتَوْفَى,وفي,استفعل,X,imperative,active,2fp,1,اِسْتَوْفينَ
277_288,اِسْتَوْلَى,ولي,استفعل,X,past,active,3ms,1,اِسْتَوْلَى
277_288,اِسْتَوْلَى,ولي,استفعل,X,past,active,3md,1,اِسْتَوْلَيا
277_288,اِسْتَوْلَى,ولي,استفعل,X,past,active,3mp,1,اِسْتَوْلَوْا
277_288,اِسْتَوْلَى,ولي,استفعل,X,past,active,3fs,1,اِسْتَوْلَتْ
277_288,اِسْتَوْلَى,ولي,استفعل,X,past,active,3fd,1,اِسْتَوْلَتا
277_288,اِسْتَوْلَى,ولي,استفعل,X,past,active,3fp,1,اِسْتَوْلَيْنَ
277_288,اِسْتَوْلَى,ولي,استفعل,X,past,active,2ms,1,اِسْتَوْلَيْتَ
277_288,اِسْتَوْلَى,ولي,استفعل,X,past,active,2d,1,اِسْتَوْلَيْتُما
277_288,اِسْتَوْلَى,ولي,استفعل,X,past,active,2mp,1,اِسْتَوْلَيْتُمْ
277_288,اِسْتَوْلَى,ولي,استفعل,X,past,active,2fs,1,اِسْتَوْلَيْتِ
277_288,اِسْتَوْلَى,ولي,استفعل,X,past,active,2fp,1,اِسْتَوْلَيْتُنَّ
277_288,اِسْتَوْلَى,ولي,استفعل,X,past,active,1s,1,اِسْتَوْلَيْتُ
277_288,اِسْتَوْلَى,ولي,استفعل,X,past,active,1p,1,اِسْتَوْلَيْنا
277_288,اِسْتَوْلَى,ولي,استفعل,X,indicative,active,3ms,1,يَسْتَوْلي
277_288,اِسْتَوْلَى,ولي,استفعل,X,indicative,active,3md,1,يَسْتَوْليانِ
277_288,اِسْتَوْلَى,ولي,استفعل,X,indicative,active,3mp,1,يَسْتَوْلونَ
277_288,اِسْتَوْلَى,ولي,استفعل,X,indicative,active,3fs,1,تَسْتَوْلي
277_288,اِسْتَوْلَى,ولي,استفعل,X,indicative,active,3fd,1,تَسْتَوْليانِ
277_288,اِسْتَوْلَى,ولي,استفعل,X,indicative,active,3fp,1,يَسْتَوْلينَ
277_288,اِسْتَوْلَى,ولي,استفعل,X,indicative,active,2ms,1,تَسْتَوْلي
277_288,اِسْتَوْلَى,ولي,استفعل,X,indicative,active,2d,1,تَسْتَوْليانِ
277_288,اِسْتَوْلَى,ولي,استفعل,X,indicative,active,2mp,1,تَسْتَوْلونَ
277_288,اِسْتَوْلَى,ولي,استفعل,X,indicative,active,2fs,1,تَسْتَوْلينَ
277_288,اِسْتَوْلَى,ولي,استفعل,X,indicative,active,2fp,1,تَسْتَوْلينَ
277_288,اِسْتَوْلَى,ولي,استفعل,X,indicative,active,1s,1,أَسْتَوْلي
277_288,اِسْتَوْلَى,ولي,استفعل,X,indicative,active,1p,1,نَسْتَوْلي
277_288,اِسْتَوْلَى,ولي,استفعل,X,imperative,active,2d,1,اِسْتَوْلِيا
277_288,اِسْتَوْلَى,ولي,استفعل,X,imperative,active,2mp,1,اِسْتَوْلوا
277_288,اِسْتَوْلَى,ولي,استفعل,X,imperative,active,2fs,1,اِسْتَوْلي
277_288,اِسْتَوْلَى,ولي,استفعل,X,imperative,active,2fp,1,اِسْتَوْلينَ
278_289,اِسْتَقْوَى,قوي,استفعل,X,past,active,3ms,1,اِسْتَقْوَى
278_289,اِسْتَقْوَى,قوي,استفعل,X,past,active,3md,1,اِسْتَقْوَيا
278_289,اِسْتَقْوَى,قوي,استفعل,X,past,active,3mp,1,اِسْتَقْوَوْا
278_289,اِسْتَقْوَى,قوي,استفعل,X,past,active,3fs,1,اِسْتَقْوَتْ
278_289,اِسْتَقْوَى,قوي,استفعل,X,past,active,3fd,1,اِسْتَقْوَتَا
278_289,اِسْتَقْوَى,قوي,استفعل,X,past,active,3fp,1,اِسْتَقْوَيْنَ
278_289,اِسْتَقْوَى,قوي,استفعل,X,past,active,2ms,1,اِسْتَقْوَيْتَ
278_289,اِسْتَقْوَى,قوي,استفعل,X,past,active,2d,1,اِسْتَقْوَيْتُما
278_289,اِسْتَقْوَى,قوي,استفعل,X,past,active,2mp,1,اِسْتَقْوَيْتُمْ
278_289,اِسْتَقْوَى,قوي,استفعل,X,past,active,2fs,1,اِسْتَقْوَيْتِ
278_289,اِسْتَقْوَى,قوي,استفعل,X,past,active,2fp,1,اِسْتَقْوَيْتُنَّ
278_289,اِسْتَقْوَى,قوي,استفعل,X,past,active,1s,1,اِسْتَقْوَيْتُ
278_289,اِسْتَقْوَى,قوي,استفعل,X,past,active,1p,1,اِسْتَقْوَيْنا
278_289,اِسْتَقْوَى,قوي,استفعل,X,indicative,active,3ms,1,يَسْتَقْوي
278_289,اِسْتَقْوَى,قوي,استفعل,X,indicative,active,3md,1,يَسْتَقْوِيانِ
278_289,اِسْتَقْوَى,قوي,استفعل,X,indicative,active,3mp,1,يَسْتَقْوُونَ
278_289,اِسْتَقْوَى,قوي,استفعل,X,indicative,active,3fs,1,تَسْتَقْوي
278_289,اِسْتَقْوَى,قوي,استفعل,X,indicative,active,3fd,1,تَسْتَقْوِيانِ
278_289,اِسْتَقْوَى,قوي,استفعل,X,indicative,active,3fp,1,يَسْتَقْوينَ
278_289,اِسْتَقْوَى,قوي,استفعل,X,indicative,active,2ms,1,تَسْتَقْوي
278_289,اِسْتَقْوَى,قوي,استفعل,X,indicative,active,2d,1,تَسْتَقْوِيانِ
278_289,اِسْتَقْوَى,قوي,استفعل,X,indicative,active,2mp,1,تَسْتَقْوُونَ
278_289,اِسْتَقْوَى,قوي,استفعل,X,indicative,active,2fs,1,تَسْتَقْوينَ
278_289,اِسْتَقْوَى,قوي,استفعل,X,indicative,active,2fp,1,تَسْتَقْوينَ
278_289,اِسْتَقْوَى,قوي,استفعل,X,indicative,active,1s,1,أَسْتَقْوي
278_289,اِسْتَقْوَى,قوي,استفعل,X,indicative,active,1p,1,نَسْتَقْوي
278_289,اِسْتَقْوَى,قوي,استفعل,X,imperative,active,2ms,1,اِسْتَقْوِ
278_289,اِسْتَقْوَى,قوي,استفعل,X,imperative,active,2d,1,اِسْتَقْويا
278_289,اِسْتَقْوَى,قوي,استفعل,X,imperative,active,2mp,1,اِسْتَقْوُوا
278_289,اِسْتَقْوَى,قوي,استفعل,X,imperative,active,2fs,1,اِسْتَقْوي
278_289,اِسْتَقْوَى,قوي,استفعل,X,imperative,active,2fp,1,اِسْتَقْوينَ
279_289,اِسْتَحْيا,حيي,استفعل,X,past,active,3ms,1,اِسْتَحْيا
279_289,اِسْتَحْيا,حيي,استفعل,X,past,active,3md,1,اِسْتَحَيَّا
279_289,اِسْتَحْيا,حيي,استفعل,X,past,active,3mp,1,اِسْتَحْيَوْا
279_289,اِسْتَحْيا,حيي,استفعل,X,past,active,3fs,1,اِسْتَحْيَتْ
279_289,اِسْتَحْيا,حيي,استفعل,X,past,active,3fd,1,اِسْتَحْيَتا
279_289,اِسْتَحْيا,حيي,استفعل,X,past,active,3fp,1,اِسْتَحْيَيْنَ
279_289,اِسْتَحْيا,حيي,استفعل,X,past,active,2ms,1,اِسْتَحْيَيْتَ
279_289,اِسْتَحْيا,حيي,استفعل,X,past,active,2d,1,اِسْتَحْيَيْتُما
279_289,اِسْتَحْيا,حيي,استفعل,X,past,active,2mp,1,اِسْتَحْيَيْتُمْ
279_289,اِسْتَحْيا,حيي,استفعل,X,past,active,2fs,1,اِسْتَحْيَيْتِ
279_289,اِسْتَحْيا,حيي,استفعل,X,past,active,2fp,1,اِسْتَحْيَيْتُنَّ
279_289,اِسْتَحْيا,حيي,استفعل,X,past,active,1s,1,اِسْتَحْيَيْتُ
279_289,اِسْتَحْيا,حيي,استفعل,X,past,active,1p,1,اِسْتَحْيَيْنَا
279_289,اِسْتَحْيا,حيي,استفعل,X,indicative,active,3ms,1,يَسْتَحْيي
279_289,اِسْتَحْيا,حيي,استفعل,X,indicative,active,3md,1,يَسْتَحِيَّانِ
279_289,اِسْتَحْيا,حيي,استفعل,X,indicative,active,3mp,1,يَسْتَحْيُونَ
279_289,اِسْتَحْيا,حيي,استفعل,X,indicative,active,3fs,1,تَسْتَحْيي
279_289,اِسْتَحْيا,حيي,استفعل,X,indicative,active,3fd,1,تَسْتَحِيَّانِ
279_289,اِسْتَحْيا,حيي,استفعل,X,indicative,active,3fp,1,يَسْتَحْيينَ
279_289,اِسْتَحْيا,حيي,استفعل,X,indicative,active,2ms,1,تَسْتَحْيي
279_289,اِسْتَحْيا,حيي,استفعل,X,indicative,active,2d,1,تَسْتَحِيَّانِ
279_289,اِسْتَحْيا,حيي,استفعل,X,indicative,active,2mp,1,تَسْتَحْيُونَ
279_289,اِسْتَحْيا,حيي,استفعل,X,indicative,active,2fs,1,تَسْتَحْيِينَ
279_289,اِسْتَحْيا,حيي,استفعل,X,indicative,active,2fp,1,تَسْتَحْيينَ
279_289,اِسْتَحْيا,حيي,استفعل,X,indicative,active,1s,1,أَسْتَحْيي
279_289,اِسْتَحْيا,حيي,استفعل,X,indicative,active,1p,1,نَسْتَحْيي
279_289,اِسْتَحْيا,حيي,استفعل,X,imperative,active,2ms,1,اِسْتَحْيِ
279_289,اِسْتَحْيا,حيي,استفعل,X,imperative,active,2d,1,اِسْتَحِيَّا
279_289,اِسْتَحْيا,حيي,استفعل,X,imperative,active,2mp,1,اِسْتَحْيُوا
279_289,اِسْتَحْيا,حيي,استفعل,X,imperative,active,2fs,1,اِسْتَحْيِي
279_289,اِسْتَحْيا,حيي,استفعل,X,imperative,active,2fp,1,اِسْتَحْيينَ
280_311,زَلْزَلَ,زلزل,فعلل,Iq,past,active,3ms,1,زَلْزَلَ
280_311,زَلْزَلَ,زلزل,فعلل,Iq,past,active,3md,1,زَلْزَلا
280_311,زَلْزَلَ,زلزل,فعلل,Iq,past,active,3mp,1,زَلْزَلوا
280_311,زَلْزَلَ,زلزل,فعلل,Iq,past,active,3fs,1,زَلْزَلَتْ
280_311,زَلْزَلَ,زلزل,فعلل,Iq,past,active,3fd,1,زَلْزَلَتا
280_311,زَلْزَلَ,زلزل,فعلل,Iq,past,active,3fp,1,زَلْزَلْنَ
280_311,زَلْزَلَ,زلزل,فعلل,Iq,past,active,2ms,1,زَلْزَلْتَ
280_311,زَلْزَلَ,زلزل,فعلل,Iq,past,active,2d,1,زَلْزَلْتُمَا
280_311,زَلْزَلَ,زلزل,فعلل,Iq,past,active,2mp,1,زَلْزَلْتُمْ
280_311,زَلْزَلَ,زلزل,فعلل,Iq,past,active,2fs,1,زَلْزَلْتِ
280_311,زَلْزَلَ,زلزل,فعلل,Iq,past,active,2fp,1,زَلْزَلْتُنَّ
280_311,زَلْزَلَ,زلزل,فعلل,Iq,past,active,1s,1,زَلْزَلْتُ
280_311,زَلْزَلَ,زلزل,فعلل,Iq,past,active,1p,1,زَلْزَلْنا
280_311,زَلْزَلَ,زلزل,فعلل,Iq,indicative,active,3ms,1,يُزَلْزِلُ
280_311,زَلْزَلَ,زلزل,فعلل,Iq,indicative,active,3md,1,يُزَلْزِلانِ
280_311,زَلْزَلَ,زلزل,فعلل,Iq,indicative,active,3mp,1,يُزَلْزِلونَ
280_311,زَلْزَلَ,زلزل,فعلل,Iq,indicative,active,3fs,1,تُزَلْزِلُ
280_311,زَلْزَلَ,زلزل,فعلل,Iq,indicative,active,3fd,1,تُزَلْزِلانِ
280_311,زَلْزَلَ,زلزل,فعلل,Iq,indicative,active,3fp,1,يُزَلْزِلْنَ
280_311,زَلْزَلَ,زلزل,فعلل,Iq,indicative,active,2ms,1,تُزَلْزِلُ
280_311,زَلْزَلَ,زلزل,فعلل,Iq,indicative,active,2d,1,تُزَلْزِلانِ
280_311,زَلْزَلَ,زلزل,فعلل,Iq,indicative,active,2mp,1,تُزَلْزِلونَ
280_311,زَلْزَلَ,زلزل,فعلل,Iq,indicative,active,2fs,1,تُزَلْزِلينَ
280_311,زَلْزَلَ,زلزل,فعلل,Iq,indicative,active,2fp,1,تُزَلْزِلْنَ
280_311,زَلْزَلَ,زلزل,فعلل,Iq,indicative,active,1s,1,أُزَلْزِلُ
280_311,زَلْزَلَ,زلزل,فعلل,Iq,indicative,active,1p,1,نُزَلْزِلُ
280_311,زَلْزَلَ,زلزل,فعلل,Iq,imperative,active,2ms,1,زَلْزِلْ
280_311,زَلْزَلَ,زلزل,فعلل,Iq,imperative,active,2d,1,زَلْزِلا
280_311,زَلْزَلَ,زلزل,فعلل,Iq,imperative,active,2mp,1,زَلْزِلوا
280_311,زَلْزَلَ,زلزل,فعلل,Iq,imperative,active,2fs,1,زَلْزِلي
280_311,زَلْزَلَ,زلزل,فعلل,Iq,imperative,active,2fp,1,زَلْزِلْنَ
281_311,قَهْقَرَ,قهقر,فعلل,Iq,past,active,3ms,1,قَهْقَرَ
281_311,قَهْقَرَ,قهقر,فعلل,Iq,past,active,3md,1,قَهْقَرا
281_311,قَهْقَرَ,قهقر,فعلل,Iq,past,active,3mp,1,قَهْقَروا
281_311,قَهْقَرَ,قهقر,فعلل,Iq,past,active,3fs,1,قَهْقَرَتْ
281_311,قَهْقَرَ,قهقر,فعلل,Iq,past,active,3fd,1,قَهْقَرَتَا
281_311,قَهْقَرَ,قهقر,فعلل,Iq,past,active,3fp,1,قَهْقَرْنَ
281_311,قَهْقَرَ,قهقر,فعلل,Iq,past,active,2ms,1,قَهْقَرْتَ
281_311,قَهْقَرَ,قهقر,فعلل,Iq,past,active,2d,1,قَهْقَرْتُمَا
281_311,قَهْقَرَ,قهقر,فعلل,Iq,past,active,2mp,1,قَهْقَرْتُمْ
281_311,قَهْقَرَ,قهقر,فعلل,Iq,past,active,2fs,1,قَهْقَرْتِ
281_311,قَهْقَرَ,قهقر,فعلل,Iq,past,active,2fp,1,قَهْقَرْتُنَّ
281_311,قَهْقَرَ,قهقر,فعلل,Iq,past,active,1s,1,قَهْقَرْتُ
281_311,قَهْقَرَ,قهقر,فعلل,Iq,past,active,1p,1,قَهْقَرْنا
281_311,قَهْقَرَ,قهقر,فعلل,Iq,indicative,active,3ms,1,يُقَهْقِرُ
281_311,قَهْقَرَ,قهقر,فعلل,Iq,indicative,active,3md,1,يُقَهْقِرانِ
281_311,قَهْقَرَ,قهقر,فعلل,Iq,indicative,active,3mp,1,يُقَهْقِرونَ
281_311,قَهْقَرَ,قهقر,فعلل,Iq,indicative,active,3fs,1,تُقَهْقِرُ
281_311,قَهْقَرَ,قهقر,فعلل,Iq,indicative,active,3fd,1,تُقَهْقِرانِ
281_311,قَهْقَرَ,قهقر,فعلل,Iq,indicative,active,3fp,1,يُقَهْقِرْنَ
281_311,قَهْقَرَ,قهقر,فعلل,Iq,indicative,active,2ms,1,تُقَهْقِرُ
281_311,قَهْقَرَ,قهقر,فعلل,Iq,indicative,active,2d,1,تُقَهْقِرانِ
281_311,قَهْقَرَ,قهقر,فعلل,Iq,indicative,active,2mp,1,تُقَهْقِرونَ
281_311,قَهْقَرَ,قهقر,فعلل,Iq,indicative,active,2fs,1,تُقَهْقِرينَ
281_311,قَهْقَرَ,قهقر,فعلل,Iq,indicative,active,2fp,1,تُقَهْقِرْنَ
281_311,قَهْقَرَ,قهقر,فعلل,Iq,indicative,active,1s,1,أُقَهْقِرُ
281_311,قَهْقَرَ,قهقر,فعلل,Iq,indicative,active,1p,1,نُقَهْقِرُ
281_311,قَهْقَرَ,قهقر,فعلل,Iq,imperative,active,2ms,1,قَهْقِرْ
281_311,قَهْقَرَ,قهقر,فعلل,Iq,imperative,active,2d,1,قَهْقِرا
281_311,قَهْقَرَ,قهقر,فعلل,Iq,imperative,active,2mp,1,قَهْقِروا
281_311,قَهْقَرَ,قهقر,فعلل,Iq,imperative,active,2fs,1,قَهْقِري
281_311,قَهْقَرَ,قهقر,فعلل,Iq,imperative,active,2fp,1,قَهْقِرْنَ
282_314,سَمْأَلَ,سمأل,فعلل,Iq,past,active,3ms,1,سَمْأَلَ
282_314,سَمْأَلَ,سمأل,فعلل,Iq,past,active,3md,1,سَمْأَلا
282_314,سَمْأَلَ,سمأل,فعلل,Iq,past,active,3mp,1,سَمْأَلوا
282_314,سَمْأَلَ,سمأل,فعلل,Iq,past,active,3fs,1,سَمْأَلَتْ
282_314,سَمْأَلَ,سمأل,فعلل,Iq,past,active,3fd,1,سَمْأَلَتا
282_314,سَمْأَلَ,سمأل,فعلل,Iq,past,active,3fp,1,سَمْأَلْنَ
282_314,سَمْأَلَ,سمأل,فعلل,Iq,past,active,2ms,1,سَمْأَلْتَ
282_314,سَمْأَلَ,سمأل,فعلل,Iq,past,active,2d,1,سَمْأَلْتُما
282_314,سَمْأَلَ,سمأل,فعلل,Iq,past,active,2mp,1,سَمْأَلْتُمْ
282_314,سَمْأَلَ,سمأل,فعلل,Iq,past,active,2fs,1,سَمْأَلْتِ
282_314,سَمْأَلَ,سمأل,فعلل,Iq,past,active,2fp,1,سَمْأَلْتُنَّ
282_314,سَمْأَلَ,سمأل,فعلل,Iq,past,active,1s,1,سَمْأَلْتُ
282_314,سَمْأَلَ,سمأل,فعلل,Iq,past,active,1p,1,سَمْأَلْنا
282_314,سَمْأَلَ,سمأل,فعلل,Iq,indicative,active,3ms,1,يُسَمْئِلُ
282_314,سَمْأَلَ,سمأل,فعلل,Iq,indicative,active,3md,1,يُسَمْئِلانِ
282_314,سَمْأَلَ,سمأل,فعلل,Iq,indicative,active,3mp,1,يُسَمْئِلونَ
282_314,سَمْأَلَ,سمأل,فعلل,Iq,indicative,active,3fs,1,تُسَمْئِلُ
282_314,سَمْأَلَ,سمأل,فعلل,Iq,indicative,active,3fd,1,تُسَمْئِلانِ
282_314,سَمْأَلَ,سمأل,فعلل,Iq,indicative,active,3fp,1,يُسَمْئِلْنَ
282_314,سَمْأَلَ,سمأل,فعلل,Iq,indicative,active,2ms,1,تُسَمْئِلُ
282_314,سَمْأَلَ,سمأل,فعلل,Iq,indicative,active,2d,1,تُسَمْئِلانِ
282_314,سَمْأَلَ,سمأل,فعلل,Iq,indicative,active,2mp,1,تُسَمْئِلونَ
282_314,سَمْأَلَ,سمأل,فعلل,Iq,indicative,active,2fs,1,تُسَمْئِلِينَ
282_314,سَمْأَلَ,سمأل,فعلل,Iq,indicative,active,2fp,1,تُسَمْئِلْنَ
282_314,سَمْأَلَ,سمأل,فعلل,Iq,indicative,active,1s,1,أُسَمْئِلُ
282_314,سَمْأَلَ,سمأل,فعلل,Iq,indicative,active,1p,1,نُسَمْئِلُ
282_314,سَمْأَلَ,سمأل,فعلل,Iq,imperative,active,2ms,1,سَمْئِلْ
282_314,سَمْأَلَ,سمأل,فعلل,Iq,imperative,active,2d,1,سَمْئِلا
282_314,سَمْأَلَ,سمأل,فعلل,Iq,imperative,active,2mp,1,سَمْئِلوا
282_314,سَمْأَلَ,سمأل,فعلل,Iq,imperative,active,2fs,1,سَمْئِلي
282_314,سَمْأَلَ,سمأل,فعلل,Iq,imperative,active,2fp,1,سَمْئِلْنَ
283_314,كَرْفَأَ,كرفأ,فعلل,Iq,past,active,3ms,1,كَرْفَأَ
283_314,كَرْفَأَ,كرفأ,فعلل,Iq,past,active,3md,1,كَرْفَآ
283_314,كَرْفَأَ,كرفأ,فعلل,Iq,past,active,3mp,1,كَرْفَؤُوا
283_314,كَرْفَأَ,كرفأ,فعلل,Iq,past,active,3fs,1,كَرْفَأَتْ
283_314,كَرْفَأَ,كرفأ,فعلل,Iq,past,active,3fd,1,كَرْفَأَتا
283_314,كَرْفَأَ,كرفأ,فعلل,Iq,past,active,3fp,1,كَرْفَأْنَ
283_314,كَرْفَأَ,كرفأ,فعلل,Iq,past,active,2ms,1,كَرْفَأْتَ
283_314,كَرْفَأَ,كرفأ,فعلل,Iq,past,active,2d,1,كَرْفَأْتُما
283_314,كَرْفَأَ,كرفأ,فعلل,Iq,past,active,2mp,1,كَرْفَأْتُمْ
283_314,كَرْفَأَ,كرفأ,فعلل,Iq,past,active,2fs,1,كَرْفَأْتِ
283_314,كَرْفَأَ,كرفأ,فعلل,Iq,past,active,2fp,1,كَرْفَأْتُنَّ
283_314,كَرْفَأَ,كرفأ,فعلل,Iq,past,active,1s,1,كَرْفَأْتُ
283_314,كَرْفَأَ,كرفأ,فعلل,Iq,past,active,1p,1,كَرْفَأْنا
283_314,كَرْفَأَ,كرفأ,فعلل,Iq,indicative,active,3ms,1,يُكَرْفِئُ
283_314,كَرْفَأَ,كرفأ,فعلل,Iq,indicative,active,3md,1,يُكَرْفِئانِ
283_314,كَرْفَأَ,كرفأ,فعلل,Iq,indicative,active,3mp,1,يُكَرْفِئونَ
283_314,كَرْفَأَ,كرفأ,فعلل,Iq,indicative,active,3fs,1,تُكَرْفِئُ
283_314,كَرْفَأَ,كرفأ,فعلل,Iq,indicative,active,3fd,1,تُكَرْفِئانِ
283_314,كَرْفَأَ,كرفأ,فعلل,Iq,indicative,active,3fp,1,يُكَرْفِئْنَ
283_314,كَرْفَأَ,كرفأ,فعلل,Iq,indicative,active,2ms,1,تُكَرْفِئُ
283_314,كَرْفَأَ,كرفأ,فعلل,Iq,indicative,active,2d,1,تُكَرْفِئانِ
283_314,كَرْفَأَ,كرفأ,فعلل,Iq,indicative,active,2mp,1,تُكَرْفِئونَ
283_314,كَرْفَأَ,كرفأ,فعلل,Iq,indicative,active,2fs,1,تُكَرْفِئينَ
283_314,كَرْفَأَ,كرفأ,فعلل,Iq,indicative,active,2fp,1,تُكَرْفِئْنَ
283_314,كَرْفَأَ,كرفأ,فعلل,Iq,indicative,active,1s,1,أُكَرْفِئُ
283_314,كَرْفَأَ,كرفأ,فعلل,Iq,indicative,active,1p,1,نُكَرْفِئُ
283_314,كَرْفَأَ,كرفأ,فعلل,Iq,imperative,active,2ms,1,كَرْفِئْ
283_314,كَرْفَأَ,كرفأ,فعلل,Iq,imperative,active,2d,1,كَرْفِئا
283_314,كَرْفَأَ,كرفأ,فعلل,Iq,imperative,active,2mp,1,كَرْفِئُوا
283_314,كَرْفَأَ,كرفأ,فعلل,Iq,imperative,active,2fs,1,كَرْفِئي
283_314,كَرْفَأَ,كرفأ,فعلل,Iq,imperative,active,2fp,1,كَرْفِئْنَ
284_315,وَرْوَرَ,ورور,فعلل,Iq,past,active,3ms,1,وَرْوَرَ
284_315,وَرْوَرَ,ورور,فعلل,Iq,past,active,3md,1,وَرْوَرا
284_315,وَرْوَرَ,ورور,فعلل,Iq,past,active,3mp,1,وَرْوَرُوا
284_315,وَرْوَرَ,ورور,فعلل,Iq,past,active,3fs,1,وَرْوَرَتْ
284_315,وَرْوَرَ,ورور,فعلل,Iq,past,active,3fd,1,وَرْوَرَتَا
284_315,وَرْوَرَ,ورور,فعلل,Iq,past,active,3fp,1,وَرْوَرْنَ
284_315,وَرْوَرَ,ورور,فعلل,Iq,past,active,2ms,1,وَرْوَرْتَ
284_315,وَرْوَرَ,ورور,فعلل,Iq,past,active,2d,1,وَرْوَرْتُما
284_315,وَرْوَرَ,ورور,فعلل,Iq,past,active,2mp,1,وَرْوَرْتُمْ
284_315,وَرْوَرَ,ورور,فعلل,Iq,past,active,2fs,1,وَرْوَرْتِ
284_315,وَرْوَرَ,ورور,فعلل,Iq,past,active,2fp,1,وَرْوَرْتُنَّ
284_315,وَرْوَرَ,ورور,فعلل,Iq,past,active,1s,1,وَرْوَرْتُ
284_315,وَرْوَرَ,ورور,فعلل,Iq,past,active,1p,1,وَرْوَرْنا
284_315,وَرْوَرَ,ورور,فعلل,Iq,indicative,active,3ms,1,يُوَرْوِرُ
284_315,وَرْوَرَ,ورور,فعلل,Iq,indicative,active,3md,1,يُوَرْوِرانِ
284_315,وَرْوَرَ,ورور,فعلل,Iq,indicative,active,3mp,1,يُوَرْوِرُونَ
284_315,وَرْوَرَ,ورور,فعلل,Iq,indicative,active,3fs,1,تُوَرْوِرُ
284_315,وَرْوَرَ,ورور,فعلل,Iq,indicative,active,3fd,1,تُوَرْوِرانِ
284_315,وَرْوَرَ,ورور,فعلل,Iq,indicative,active,3fp,1,يُوَرْوِرْنَ
284_315,وَرْوَرَ,ورور,فعلل,Iq,indicative,active,2ms,1,تُوَرْوِرُ
284_315,وَرْوَرَ,ورور,فعلل,Iq,indicative,active,2d,1,تُوَرْوِرانِ
284_315,وَرْوَرَ,ورور,فعلل,Iq,indicative,active,2mp,1,تُوَرْوِرُونَ
284_315,وَرْوَرَ,ورور,فعلل,Iq,indicative,active,2fs,1,تُوَرْوِرينَ
284_315,وَرْوَرَ,ورور,فعلل,Iq,indicative,active,2fp,1,تُوَرْوِرْنَ
284_315,وَرْوَرَ,ورور,فعلل,Iq,indicative,active,1s,1,أُوَرْوِرُ
284_315,وَرْوَرَ,ورور,فعلل,Iq,indicative,active,1p,1,نُوَرْوِرُ
284_315,وَرْوَرَ,ورور,فعلل,Iq,imperative,active,2ms,1,وَرْوِرْ
284_315,وَرْوَرَ,ورور,فعلل,Iq,imperative,active,2d,1,وَرْوِرا
284_315,وَرْوَرَ,ورور,فعلل,Iq,imperative,active,2mp,1,وَرْوِرُوا
284_315,وَرْوَرَ,ورور,فعلل,Iq,imperative,active,2fs,1,وَرْوِري
284_315,وَرْوَرَ,ورور,فعلل,Iq,imperative,active,2fp,1,وَرْوِرْنَ
285_315,وَشْوَشَ,وشوش,فعلل,Iq,past,active,3ms,1,وَشْوَشَ
285_315,وَشْوَشَ,وشوش,فعلل,Iq,past,active,3md,1,وَشْوَشا
285_315,وَشْوَشَ,وشوش,فعلل,Iq,past,active,3mp,1,وَشْوَشُوا
285_315,وَشْوَشَ,وشوش,فعلل,Iq,past,active,3fs,1,وَشْوَشَتْ
285_315,وَشْوَشَ,وشوش,فعلل,Iq,past,active,3fd,1,وَشْوَشَتا
285_315,وَشْوَشَ,وشوش,فعلل,Iq,past,active,3fp,1,وَشْوَشْنَ
285_315,وَشْوَشَ,وشوش,فعلل,Iq,past,active,2ms,1,وَشْوَشْتَ
285_315,وَشْوَشَ,وشوش,فعلل,Iq,past,active,2d,1,وَشْوَشْتُما
285_315,وَشْوَشَ,وشوش,فعلل,Iq,past,active,2mp,1,وَشْوَشْتُمْ
285_315,وَشْوَشَ,وشوش,فعلل,Iq,past,active,2fs,1,وَشْوَشْتِ
285_315,وَشْوَشَ,وشوش,فعلل,Iq,past,active,2fp,1,وَشْوَشْتُنَّ
285_315,وَشْوَشَ,وشوش,فعلل,Iq,past,active,1s,1,وَشْوَشْتُ
285_315,وَشْوَشَ,وشوش,فعلل,Iq,past,active,1p,1,وَشْوَشْنا
285_315,وَشْوَشَ,وشوش,فعلل,Iq,indicative,active,3ms,1,يُوَشْوِشُ
285_315,وَشْوَشَ,وشوش,فعلل,Iq,indicative,active,3md,1,يُوَشْوِشانِ
285_315,وَشْوَشَ,وشوش,فعلل,Iq,indicative,active,3mp,1,يُوَشْوِشُونَ
285_315,وَشْوَشَ,وشوش,فعلل,Iq,indicative,active,3fs,1,تُوَشْوِشُ
285_315,وَشْوَشَ,وشوش,فعلل,Iq,indicative,active,3fd,1,تُوَشْوِشانِ
285_315,وَشْوَشَ,وشوش,فعلل,Iq,indicative,active,3fp,1,يُوَشْوِشْنَ
285_315,وَشْوَشَ,وشوش,فعلل,Iq,indicative,active,2ms,1,تُوَشْوِشُ
285_315,وَشْوَشَ,وشوش,فعلل,Iq,indicative,active,2d,1,تُوَشْوِشانِ
285_315,وَشْوَشَ,وشوش,فعلل,Iq,indicative,active,2mp,1,تُوَشْوِشُونَ
285_315,وَشْوَشَ,وشوش,فعلل,Iq,indicative,active,2fs,1,تُوَشْوِشينَ
285_315,وَشْوَشَ,وشوش,فعلل,Iq,indicative,active,2fp,1,تُوَشْوِشْنَ
285_315,وَشْوَشَ,وشوش,فعلل,Iq,indicative,active,1s,1,أُوَشْوِشُ
285_315,وَشْوَشَ,وشوش,فعلل,Iq,indicative,active,1p,1,نُوَشْوِشُ
285_315,وَشْوَشَ,وشوش,فعلل,Iq,imperative,active,2ms,1,وَشْوِشْ
285_315,وَشْوَشَ,وشوش,فعلل,Iq,imperative,active,2d,1,وَشْوِشا
285_315,وَشْوَشَ,وشوش,فعلل,Iq,imperative,active,2mp,1,وَشْوِشُوا
285_315,وَشْوَشَ,وشوش,فعلل,Iq,imperative,active,2fs,1,وَشْوِشي
285_315,وَشْوَشَ,وشوش,فعلل,Iq,imperative,active,2fp,1,وَشْوِشْنَ
286_317,دَهْوَرَ,دهور,فعلل,Iq,past,active,3ms,1,دَهْوَرَ
286_317,دَهْوَرَ,دهور,فعلل,Iq,past,active,3md,1,دَهْوَرا
286_317,دَهْوَرَ,دهور,فعلل,Iq,past,active,3mp,1,دَهْوَرُوا
286_317,دَهْوَرَ,دهور,فعلل,Iq,past,active,3fs,1,دَهْوَرَتْ
286_317,دَهْوَرَ,دهور,فعلل,Iq,past,active,3fd,1,دَهْوَرَتَا
286_317,دَهْوَرَ,دهور,فعلل,Iq,past,active,3fp,1,دَهْوَرْنَ
286_317,دَهْوَرَ,دهور,فعلل,Iq,past,active,2ms,1,دَهْوَرْتَ
286_317,دَهْوَرَ,دهور,فعلل,Iq,past,active,2d,1,دَهْوَرْتُما
286_317,دَهْوَرَ,دهور,فعلل,Iq,past,active,2mp,1,دَهْوَرْتُمْ
286_317,دَهْوَرَ,دهور,فعلل,Iq,past,active,2fs,1,دَهْوَرْتِ
286_317,دَهْوَرَ,دهور,فعلل,Iq,past,active,2fp,1,دَهْوَرْتُنَّ
286_317,دَهْوَرَ,دهور,فعلل,Iq,past,active,1s,1,دَهْوَرْتُ
286_317,دَهْوَرَ,دهور,فعلل,Iq,past,active,1p,1,دَهْوَرْنا
286_317,دَهْوَرَ,دهور,فعلل,Iq,indicative,active,3ms,1,يُدَهْوِرُ
286_317,دَهْوَرَ,دهور,فعلل,Iq,indicative,active,3md,1,يُدَهْوِرانِ
286_317,دَهْوَرَ,دهور,فعلل,Iq,indicative,active,3mp,1,يُدَهْوِرُونَ
286_317,دَهْوَرَ,دهور,فعلل,Iq,indicative,active,3fs,1,تُدَهْوِرُ
286_317,دَهْوَرَ,دهور,فعلل,Iq,indicative,active,3fd,1,تُدَهْوِرانِ
286_317,دَهْوَرَ,دهور,فعلل,Iq,indicative,active,3fp,1,يُدَهْوِرْنَ
286_317,دَهْوَرَ,دهور,فعلل,Iq,indicative,active,2ms,1,تُدَهْوِرُ
286_317,دَهْوَرَ,دهور,فعلل,Iq,indicative,active,2d,1,تُدَهْوِرانِ
286_317,دَهْوَرَ,دهور,فعلل,Iq,indicative,active,2mp,1,تُدَهْوِرُونَ
286_317,دَهْوَرَ,دهور,فعلل,Iq,indicative,active,2fs,1,تُدَهْوِرينَ
286_317,دَهْوَرَ,دهور,فعلل,Iq,indicative,active,2fp,1,تُدَهْوِرْنَ
286_317,دَهْوَرَ,دهور,فعلل,Iq,indicative,active,1s,1,أُدَهْوِرُ
286_317,دَهْوَرَ,دهور,فعلل,Iq,indicative,active,1p,1,نُدَهْوِرُ
286_317,دَهْوَرَ,دهور,فعلل,Iq,imperative,active,2ms,1,دَهْوِرْ
286_317,دَهْوَرَ,دهور,فعلل,Iq,imperative,active,2d,1,دَهْوِرا
286_317,دَهْوَرَ,دهور,فعلل,Iq,imperative,active,2mp,1,دَهْوِرُوا
286_317,دَهْوَرَ,دهور,فعلل,Iq,imperative,active,2fs,1,دَهْوِرِي
286_317,دَهْوَرَ,دهور,فعلل,Iq,imperative,active,2fp,1,دَهْوِرْنَ
287_317,رَهْيَأَ,رهيأ,فعلل,Iq,past,active,3ms,1,رَهْيَأَ
287_317,رَهْيَأَ,رهيأ,فعلل,Iq,past,active,3md,1,رَهْيَآ
287_317,رَهْيَأَ,رهيأ,فعلل,Iq,past,active,3mp,1,رَهْيَؤُوا
287_317,رَهْيَأَ,رهيأ,فعلل,Iq,past,active,3fs,1,رَهْيَأَتْ
287_317,رَهْيَأَ,رهيأ,فعلل,Iq,past,active,3fd,1,رَهْيَأَتا
287_317,رَهْيَأَ,رهيأ,فعلل,Iq,past,active,3fp,1,رَهْيَأْنَ
287_317,رَهْيَأَ,رهيأ,فعلل,Iq,past,active,2ms,1,رَهْيَأْتَ
287_317,رَهْيَأَ,رهيأ,فعلل,Iq,past,active,2d,1,رَهْيَأْتُما
287_317,رَهْيَأَ,رهيأ,فعلل,Iq,past,active,2mp,1,رَهْيَأْتُمْ
287_317,رَهْيَأَ,رهيأ,فعلل,Iq,past,active,2fs,1,رَهْيَأْتِ
287_317,رَهْيَأَ,رهيأ,فعلل,Iq,past,active,2fp,1,رَهْيَأْتُنَّ
287_317,رَهْيَأَ,رهيأ,فعلل,Iq,past,active,1s,1,رَهْيَأْتُ
287_317,رَهْيَأَ,رهيأ,فعلل,Iq,past,active,1p,1,رَهْيَأْنا
287_317,رَهْيَأَ,رهيأ,فعلل,Iq,indicative,active,3ms,1,يُرَهْيِئُ
287_317,رَهْيَأَ,رهيأ,فعلل,Iq,indicative,active,3md,1,يُرَهْيِئانِ
287_317,رَهْيَأَ,رهيأ,فعلل,Iq,indicative,active,3mp,1,يُرَهْيِئُونَ
287_317,رَهْيَأَ,رهيأ,فعلل,Iq,indicative,active,3fs,1,تُرَهْيِئُ
287_317,رَهْيَأَ,رهيأ,فعلل,Iq,indicative,active,3fd,1,تُرَهْيِئانِ
287_317,رَهْيَأَ,رهيأ,فعلل,Iq,indicative,active,3fp,1,يُرَهْيِئْنَ
287_317,رَهْيَأَ,رهيأ,فعلل,Iq,indicative,active,2ms,1,تُرَهْيِئُ
287_317,رَهْيَأَ,رهيأ,فعلل,Iq,indicative,active,2d,1,تُرَهْيِئانِ
287_317,رَهْيَأَ,رهيأ,فعلل,Iq,indicative,active,2mp,1,تُرَهْيِئُونَ
287_317,رَهْيَأَ,رهيأ,فعلل,Iq,indicative,active,2fs,1,تُرَهْيِئينَ
287_317,رَهْيَأَ,رهيأ,فعلل,Iq,indicative,active,2fp,1,تُرَهْيِئْنَ
287_317,رَهْيَأَ,رهيأ,فعلل,Iq,indicative,active,1s,1,أُرَهْيِئُ
287_317,رَهْيَأَ,رهيأ,فعلل,Iq,indicative,active,1p,1,نُرَهْيِئُ
287_317,رَهْيَأَ,رهيأ,فعلل,Iq,imperative,active,2ms,1,رَهْيِئْ
287_317,رَهْيَأَ,رهيأ,فعلل,Iq,imperative,active,2d,1,رَهْيِئا
287_317,رَهْيَأَ,رهيأ,فعلل,Iq,imperative,active,2mp,1,رَهْيِئُوا
287_317,رَهْيَأَ,رهيأ,فعلل,Iq,imperative,active,2fs,1,رَهْيِئِي
287_317,رَهْيَأَ,رهيأ,فعلل,Iq,imperative,active,2fp,1,رَهْيِئْنَ
288_318,وَزْوَزَ,وزوز,فعلل,Iq,past,active,3ms,1,وَزْوَزَ
288_318,وَزْوَزَ,وزوز,فعلل,Iq,past,active,3md,1,وَزْوَزا
288_318,وَزْوَزَ,وزوز,فعلل,Iq,past,active,3mp,1,وَزْوَزُوا
288_318,وَزْوَزَ,وزوز,فعلل,Iq,past,active,3fs,1,وَزْوَزَتْ
288_318,وَزْوَزَ,وزوز,فعلل,Iq,past,active,3fd,1,وَزْوَزَتَا
288_318,وَزْوَزَ,وزوز,فعلل,Iq,past,active,3fp,1,وَزْوَزْنَ
288_318,وَزْوَزَ,وزوز,فعلل,Iq,past,active,2ms,1,وَزْوَزْتَ
288_318,وَزْوَزَ,وزوز,فعلل,Iq,past,active,2d,1,وَزْوَزْتُما
288_318,وَزْوَزَ,وزوز,فعلل,Iq,past,active,2mp,1,وَزْوَزْتُمْ
288_318,وَزْوَزَ,وزوز,فعلل,Iq,past,active,2fs,1,وَزْوَزْتِ
288_318,وَزْوَزَ,وزوز,فعلل,Iq,past,active,2fp,1,وَزْوَزْتُنَّ
288_318,وَزْوَزَ,وزوز,فعلل,Iq,past,active,1s,1,وَزْوَزْتُ
288_318,وَزْوَزَ,وزوز,فعلل,Iq,past,active,1p,1,وَزْوَزْنا
288_318,وَزْوَزَ,وزوز,فعلل,Iq,indicative,active,3ms,1,يُوَزْوِزُ
288_318,وَزْوَزَ,وزوز,فعلل,Iq,indicative,active,3md,1,يُوَزْوِزانِ
288_318,وَزْوَزَ,وزوز,فعلل,Iq,indicative,active,3mp,1,يُوَزْوِزونَ
288_318,وَزْوَزَ,وزوز,فعلل,Iq,indicative,active,3fs,1,تُوَزْوِزُ
288_318,وَزْوَزَ,وزوز,فعلل,Iq,indicative,active,3fd,1,تُوَزْوِزانِ
288_318,وَزْوَزَ,وزوز,فعلل,Iq,indicative,active,3fp,1,يُوَزْوِزْنَ
288_318,وَزْوَزَ,وزوز,فعلل,Iq,indicative,active,2ms,1,تُوَزْوِزُ
288_318,وَزْوَزَ,وزوز,فعلل,Iq,indicative,active,2d,1,تُوَزْوِزانِ
288_318,وَزْوَزَ,وزوز,فعلل,Iq,indicative,active,2mp,1,تُوَزْوِزونَ
288_318,وَزْوَزَ,وزوز,فعلل,Iq,indicative,active,2fs,1,تُوَزْوِزِينَ
288_318,وَزْوَزَ,وزوز,فعلل,Iq,indicative,active,2fp,1,تُوَزْوِزْنَ
288_318,وَزْوَزَ,وزوز,فعلل,Iq,indicative,active,1s,1,أُوَزْوِزُ
288_318,وَزْوَزَ,وزوز,فعلل,Iq,indicative,active,1p,1,نُوَزْوِزُ
288_318,وَزْوَزَ,وزوز,فعلل,Iq,imperative,active,2ms,1,وَزْوِزْ
288_318,وَزْوَزَ,وزوز,فعلل,Iq,imperative,active,2d,1,وَزْوِزا
288_318,وَزْوَزَ,وزوز,فعلل,Iq,imperative,active,2mp,1,وَزْوِزُوا
288_318,وَزْوَزَ,وزوز,فعلل,Iq,imperative,active,2fs,1,وَزْوِزي
288_318,وَزْوَزَ,وزوز,فعلل,Iq,imperative,active,2fp,1,وَزْوِزْنَ
289_318,وَقْوَقَ,وقوق,فعلل,Iq,past,active,3ms,1,وَقْوَقَ
289_318,وَقْوَقَ,وقوق,فعلل,Iq,past,active,3md,1,وَقْوَقا
289_318,وَقْوَقَ,وقوق,فعلل,Iq,past,active,3mp,1,وَقْوَقُوا
289_318,وَقْوَقَ,وقوق,فعلل,Iq,past,active,3fs,1,وَقْوَقَتْ
289_318,وَقْوَقَ,وقوق,فعلل,Iq,past,active,3fd,1,وَقْوَقَتَا
289_318,وَقْوَقَ,وقوق,فعلل,Iq,past,active,3fp,1,وَقْوَقْنَ
289_318,وَقْوَقَ,وقوق,فعلل,Iq,past,active,2ms,1,وَقْوَقْتَ
289_318,وَقْوَقَ,وقوق,فعلل,Iq,past,active,2d,1,وَقْوَقْتُما
289_318,وَقْوَقَ,وقوق,فعلل,Iq,past,active,2mp,1,وَقْوَقْتُمْ
289_318,وَقْوَقَ,وقوق,فعلل,Iq,past,active,2fs,1,وَقْوَقْتِ
289_318,وَقْوَقَ,وقوق,فعلل,Iq,past,active,2fp,1,وَقْوَقْتُنَّ
289_318,وَقْوَقَ,وقوق,فعلل,Iq,past,active,1s,1,وَقْوَقْتُ
289_318,وَقْوَقَ,وقوق,فعلل,Iq,past,active,1p,1,وَقْوَقْنا
289_318,وَقْوَقَ,وقوق,فعلل,Iq,indicative,active,3ms,1,يُوَقْوِقُ
289_318,وَقْوَقَ,وقوق,فعلل,Iq,indicative,active,3md,1,يُوَقْوِقانِ
289_318,وَقْوَقَ,وقوق,فعلل,Iq,indicative,active,3mp,1,يُوَقْوِقونَ
289_318,وَقْوَقَ,وقوق,فعلل,Iq,indicative,active,3fs,1,تُوَقْوِقُ
289_318,وَقْوَقَ,وقوق,فعلل,Iq,indicative,active,3fd,1,تُوَقْوِقانِ
289_318,وَقْوَقَ,وقوق,فعلل,Iq,indicative,active,3fp,1,يُوَقْوِقْنَ
289_318,وَقْوَقَ,وقوق,فعلل,Iq,indicative,active,2ms,1,تُوَقْوِقُ
289_318,وَقْوَقَ,وقوق,فعلل,Iq,indicative,active,2d,1,تُوَقْوِقانِ
289_318,وَقْوَقَ,وقوق,فعلل,Iq,indicative,active,2mp,1,تُوَقْوِقونَ
289_318,وَقْوَقَ,وقوق,فعلل,Iq,indicative,active,2fs,1,تُوَقْوِقينَ
289_318,وَقْوَقَ,وقوق,فعلل,Iq,indicative,active,2fp,1,تُوَقْوِقْنَ
289_318,وَقْوَقَ,وقوق,فعلل,Iq,indicative,active,1s,1,أُوَقْوِقُ
289_318,وَقْوَقَ,وقوق,فعلل,Iq,indicative,active,1p,1,نُوَقْوِقُ
289_318,وَقْوَقَ,وقوق,فعلل,Iq,imperative,active,2ms,1,وَقْوِقْ
289_318,وَقْوَقَ,وقوق,فعلل,Iq,imperative,active,2d,1,وَقْوِقا
289_318,وَقْوَقَ,وقوق,فعلل,Iq,imperative,active,2mp,1,وَقْوِقُوا
289_318,وَقْوَقَ,وقوق,فعلل,Iq,imperative,active,2fs,1,وَقْوِقي
289_318,وَقْوَقَ,وقوق,فعلل,Iq,imperative,active,2fp,1,وَقْوِقْنَ
290_410,تَزَحْلَقَ,زحلق,تفعلل,IIq,past,active,3ms,1,تَزَحْلَقَ
290_410,تَزَحْلَقَ,زحلق,تفعلل,IIq,past,active,3md,1,تَزَحْلَقا
290_410,تَزَحْلَقَ,زحلق,تفعلل,IIq,past,active,3mp,1,تَزَحْلَقُوا
290_410,تَزَحْلَقَ,زحلق,تفعلل,IIq,past,active,3fs,1,تَزَحْلَقَتْ
290_410,تَزَحْلَقَ,زحلق,تفعلل,IIq,past,active,3fd,1,تَزَحْلَقَتا
290_410,تَزَحْلَقَ,زحلق,تفعلل,IIq,past,active,3fp,1,تَزَحْلَقْنَ
290_410,تَزَحْلَقَ,زحلق,تفعلل,IIq,past,active,2ms,1,تَزَحْلَقْتَ
290_410,تَزَحْلَقَ,زحلق,تفعلل,IIq,past,active,2d,1,تَزَحْلَقْتُما
290_410,تَزَحْلَقَ,زحلق,تفعلل,IIq,past,active,2mp,1,تَزَحْلَقْتُمْ
290_410,تَزَحْلَقَ,زحلق,تفعلل,IIq,past,active,2fs,1,تَزَحْلَقْتِ
290_410,تَزَحْلَقَ,زحلق,تفعلل,IIq,past,active,2fp,1,تَزَحْلَقْتُنَّ
290_410,تَزَحْلَقَ,زحلق,تفعلل,IIq,past,active,1s,1,تَزَحْلَقْتُ
290_410,تَزَحْلَقَ,زحلق,تفعلل,IIq,past,active,1p,1,تَزَحْلَقْنا
290_410,تَزَحْلَقَ,زحلق,تفعلل,IIq,indicative,active,3ms,1,يَتَزَحْلَقُ
290_410,تَزَحْلَقَ,زحلق,تفعلل,IIq,indicative,active,3md,1,يَتَزَحْلَقانِ
290_410,تَزَحْلَقَ,زحلق,تفعلل,IIq,indicative,active,3mp,1,يَتَزَحْلَقونَ
290_410,تَزَحْلَقَ,زحلق,تفعلل,IIq,indicative,active,3fs,1,تَتَزَحْلَقُ
290_410,تَزَحْلَقَ,زحلق,تفعلل,IIq,indicative,active,3fd,1,تَتَزَحْلَقانِ
290_410,تَزَحْلَقَ,زحلق,تفعلل,IIq,indicative,active,3fp,1,يَتَزَحْلَقْنَ
290_410,تَزَحْلَقَ,زحلق,تفعلل,IIq,indicative,active,2ms,1,تَتَزَحْلَقُ
290_410,تَزَحْلَقَ,زحلق,تفعلل,IIq,indicative,active,2d,1,تَتَزَحْلَقانِ
290_410,تَزَحْلَقَ,زحلق,تفعلل,IIq,indicative,active,2mp,1,تَتَزَحْلَقونَ
290_410,تَزَحْلَقَ,زحلق,تفعلل,IIq,indicative,active,2fs,1,تَتَزَحْلَقينَ
290_410,تَزَحْلَقَ,زحلق,تفعلل,IIq,indicative,active,2fp,1,تَتَزَحْلَقْنَ
290_410,تَزَحْلَقَ,زحلق,تفعلل,IIq,indicative,active,1s,1,أَتَزَحْلَقُ
290_410,تَزَحْلَقَ,زحلق,تفعلل,IIq,indicative,active,1p,1,نَتَزَحْلَقُ
290_410,تَزَحْلَقَ,زحلق,تفعلل,IIq,imperative,active,2ms,1,تَزَحْلَقْ
290_410,تَزَحْلَقَ,زحلق,تفعلل,IIq,imperative,active,2d,1,تَزَحْلَقا
290_410,تَزَحْلَقَ,زحلق,تفعلل,IIq,imperative,active,2mp,1,تَزَحْلَقوا
290_410,تَزَحْلَقَ,زحلق,تفعلل,IIq,imperative,active,2fs,1,تَزَحْلَقِي
290_410,تَزَحْلَقَ,زحلق,تفعلل,IIq,imperative,active,2fp,1,تَزَحْلَقْنَ
291_410,تَقَرْفَصَ,قرفص,تفعلل,IIq,past,active,3ms,1,تَقَرْفَصَ
291_410,تَقَرْفَصَ,قرفص,تفعلل,IIq,past,active,3md,1,تَقَرْفَصا
291_410,تَقَرْفَصَ,قرفص,تفعلل,IIq,past,active,3mp,1,تَقَرْفَصُوا
291_410,تَقَرْفَصَ,قرفص,تفعلل,IIq,past,active,3fs,1,تَقَرْفَصَتْ
291_410,تَقَرْفَصَ,قرفص,تفعلل,IIq,past,active,3fd,1,تَقَرْفَصَتَا
291_410,تَقَرْفَصَ,قرفص,تفعلل,IIq,past,active,3fp,1,تَقَرْفَصْنَ
291_410,تَقَرْفَصَ,قرفص,تفعلل,IIq,past,active,2ms,1,تَقَرْفَصْتَ
291_410,تَقَرْفَصَ,قرفص,تفعلل,IIq,past,active,2d,1,تَقَرْفَصْتُما
291_410,تَقَرْفَصَ,قرفص,تفعلل,IIq,past,active,2mp,1,تَقَرْفَصْتُمْ
291_410,تَقَرْفَصَ,قرفص,تفعلل,IIq,past,active,2fs,1,تَقَرْفَصْتِ
291_410,تَقَرْفَصَ,قرفص,تفعلل,IIq,past,active,2fp,1,تَقَرْفَصْتُنَّ
291_410,تَقَرْفَصَ,قرفص,تفعلل,IIq,past,active,1s,1,تَقَرْفَصْتُ
291_410,تَقَرْفَصَ,قرفص,تفعلل,IIq,past,active,1p,1,تَقَرْفَصْنا
291_410,تَقَرْفَصَ,قرفص,تفعلل,IIq,indicative,active,3ms,1,يَتَقَرْفَصُ
291_410,تَقَرْفَصَ,قرفص,تفعلل,IIq,indicative,active,3md,1,يَتَقَرْفَصانِ
291_410,تَقَرْفَصَ,قرفص,تفعلل,IIq,indicative,active,3mp,1,يَتَقَرْفَصونَ
291_410,تَقَرْفَصَ,قرفص,تفعلل,IIq,indicative,active,3fs,1,تَتَقَرْفَصُ
291_410,تَقَرْفَصَ,قرفص,تفعلل,IIq,indicative,active,3fd,1,تَتَقَرْفَصانِ
291_410,تَقَرْفَصَ,قرفص,تفعلل,IIq,indicative,active,3fp,1,يَتَقَرْفَصْنَ
291_410,تَقَرْفَصَ,قرفص,تفعلل,IIq,indicative,active,2ms,1,تَتَقَرْفَصُ
291_410,تَقَرْفَصَ,قرفص,تفعلل,IIq,indicative,active,2d,1,تَتَقَرْفَصانِ
291_410,تَقَرْفَصَ,قرفص,تفعلل,IIq,indicative,active,2mp,1,تَتَقَرْفَصونَ
291_410,تَقَرْفَصَ,قرفص,تفعلل,IIq,indicative,active,2fs,1,تَتَقَرْفَصينَ
291_410,تَقَرْفَصَ,قرفص,تفعلل,IIq,indicative,active,2fp,1,تَتَقَرْفَصْنَ
291_410,تَقَرْفَصَ,قرفص,تفعلل,IIq,indicative,active,1s,1,أَتَقَرْفَصُ
291_410,تَقَرْفَصَ,قرفص,تفعلل,IIq,indicative,active,1p,1,نَتَقَرْفَصُ
291_410,تَقَرْفَصَ,قرفص,تفعلل,IIq,imperative,active,2ms,1,تَقَرْفَصْ
291_410,تَقَرْفَصَ,قرفص,تفعلل,IIq,imperative,active,2d,1,تَقَرْفَصا
291_410,تَقَرْفَصَ,قرفص,تفعلل,IIq,imperative,active,2mp,1,تَقَرْفَصوا
291_410,تَقَرْفَصَ,قرفص,تفعلل,IIq,imperative,active,2fs,1,تَقَرْفَصي
291_410,تَقَرْفَصَ,قرفص,تفعلل,IIq,imperative,active,2fp,1,تَقَرْفَصْنَ
292_116,سَاءَ,سوء,فعَل يفعُل,I,past,active,3ms,1,سَاءَ
292_116,سَاءَ,سوء,فعَل يفعُل,I,past,active,3md,1,سَاءَا
292_116,سَاءَ,سوء,فعَل يفعُل,I,past,active,3mp,1,سَاؤُوا
292_116,سَاءَ,سوء,فعَل يفعُل,I,past,active,3fs,1,سَاءَتْ
292_116,سَاءَ,سوء,فعَل يفعُل,I,past,active,3fd,1,سَاءَتا
292_116,سَاءَ,سوء,فعَل يفعُل,I,past,active,3fp,1,سُؤْنَ
292_116,سَاءَ,سوء,فعَل يفعُل,I,past,active,2ms,1,سُؤْتَ
292_116,سَاءَ,سوء,فعَل يفعُل,I,past,active,2d,1,سُؤْتُما
292_116,سَاءَ,سوء,فعَل يفعُل,I,past,active,2mp,1,سُؤْتُمْ
292_116,سَاءَ,سوء,فعَل يفعُل,I,past,active,2fs,1,سُؤْتِ
292_116,سَاءَ,سوء,فعَل يفعُل,I,past,active,2fp,1,سُؤْتُنَّ
292_116,سَاءَ,سوء,فعَل يفعُل,I,past,active,1s,1,سُؤْتُ
292_116,سَاءَ,سوء,فعَل يفعُل,I,past,active,1p,1,سُؤْنا
292_116,سَاءَ,سوء,فعَل يفعُل,I,indicative,active,3ms,1,يَسُوءُ
292_116,سَاءَ,سوء,فعَل يفعُل,I,indicative,active,3md,1,يَسُوآنِ
292_116,سَاءَ,سوء,فعَل يفعُل,I,indicative,active,3mp,1,يَسُوؤُونَ
292_116,سَاءَ,سوء,فعَل يفعُل,I,indicative,active,3fs,1,تَسُوءُ
292_116,سَاءَ,سوء,فعَل يفعُل,I,indicative,active,3fd,1,تَسُوآنِ
292_116,سَاءَ,سوء,فعَل يفعُل,I,indicative,active,3fp,1,يَسُؤْنَ
292_116,سَاءَ,سوء,فعَل يفعُل,I,indicative,active,2ms,1,تَسُوءُ
292_116,سَاءَ,سوء,فعَل يفعُل,I,indicative,active,2d,1,تَسُوآنِ
292_116,سَاءَ,سوء,فعَل يفعُل,I,indicative,active,2mp,1,تَسُوؤُونَ
292_116,سَاءَ,سوء,فعَل يفعُل,I,indicative,active,2fs,1,تَسُوئِينَ
292_116,سَاءَ,سوء,فعَل يفعُل,I,indicative,active,2fp,1,تَسُؤْنَ
292_116,سَاءَ,سوء,فعَل يفعُل,I,indicative,active,1s,1,أَسُوءُ
292_116,سَاءَ,سوء,فعَل يفعُل,I,indicative,active,1p,1,نَسُوءُ
292_116,سَاءَ,سوء,فعَل يفعُل,I,imperative,active,2ms,1,سُؤْ
292_116,سَاءَ,سوء,فعَل يفعُل,I,imperative,active,2d,1,سُوآ
292_116,سَاءَ,سوء,فعَل يفعُل,I,imperative,active,2mp,1,سُوؤُوا
292_116,سَاءَ,سوء,فعَل يفعُل,I,imperative,active,2fs,1,سُوئِي
292_116,سَاءَ,سوء,فعَل يفعُل,I,imperative,active,2fp,1,سُؤْنَ
293_122,أَرَمَ,أرم,فعَل يفعِل,I,past,active,3ms,1,أَرَمَ
293_122,أَرَمَ,أرم,فعَل يفعِل,I,past,active,3md,1,أَرَما
293_122,أَرَمَ,أرم,فعَل يفعِل,I,past,active,3mp,1,أَرَمُوا
293_122,أَرَمَ,أرم,فعَل يفعِل,I,past,active,3fs,1,أَرَمَتْ
293_122,أَرَمَ,أرم,فعَل يفعِل,I,past,active,3fd,1,أَرَمَتا
293_122,أَرَمَ,أرم,فعَل يفعِل,I,past,active,3fp,1,أَرَمْنَ
293_122,أَرَمَ,أرم,فعَل يفعِل,I,past,active,2ms,1,أَرَمْتَ
293_122,أَرَمَ,أرم,فعَل يفعِل,I,past,active,2d,1,أَرَمْتُما
293_122,أَرَمَ,أرم,فعَل يفعِل,I,past,active,2mp,1,أَرَمْتُمْ
293_122,أَرَمَ,أرم,فعَل يفعِل,I,past,active,2fs,1,أَرَمْتِ
293_122,أَرَمَ,أرم,فعَل يفعِل,I,past,active,2fp,1,أَرَمْتُنَّ
293_122,أَرَمَ,أرم,فعَل يفعِل,I,past,active,1s,1,أَرَمْتُ
293_122,أَرَمَ,أرم,فعَل يفعِل,I,past,active,1p,1,أَرَمْنا
293_122,أَرَمَ,أرم,فعَل يفعِل,I,indicative,active,3ms,1,يَأْرِمُ
293_122,أَرَمَ,أرم,فعَل يفعِل,I,indicative,active,3md,1,يَأْرِمانِ
293_122,أَرَمَ,أرم,فعَل يفعِل,I,indicative,active,3mp,1,يَأْرِمُونَ
293_122,أَرَمَ,أرم,فعَل يفعِل,I,indicative,active,3fs,1,تَأْرِمُ
293_122,أَرَمَ,أرم,فعَل يفعِل,I,indicative,active,3fd,1,تَأْرِمانِ
293_122,أَرَمَ,أرم,فعَل يفعِل,I,indicative,active,3fp,1,يَأْرِمْنَ
293_122,أَرَمَ,أرم,فعَل يفعِل,I,indicative,active,2ms,1,تَأْرِمُ
293_122,أَرَمَ,أرم,فعَل يفعِل,I,indicative,active,2d,1,تَأْرِمانِ
293_122,أَرَمَ,أرم,فعَل يفعِل,I,indicative,active,2mp,1,تَأْرِمُونَ
293_122,أَرَمَ,أرم,فعَل يفعِل,I,indicative,active,2fs,1,تَأْرِمِينَ
293_122,أَرَمَ,أرم,فعَل يفعِل,I,indicative,active,2fp,1,تَأْرِمْنَ
293_122,أَرَمَ,أرم,فعَل يفعِل,I,indicative,active,1s,1,آرِمُ
293_122,أَرَمَ,أرم,فعَل يفعِل,I,indicative,active,1p,1,نَأْرِمُ
293_122,أَرَمَ,أرم,فعَل يفعِل,I,imperative,active,2ms,1,اِيْرِمْ
293_122,أَرَمَ,أرم,فعَل يفعِل,I,imperative,active,2d,1,اِيْرِما
293_122,أَرَمَ,أرم,فعَل يفعِل,I,imperative,active,2mp,1,اِيْرِمُوا
293_122,أَرَمَ,أرم,فعَل يفعِل,I,imperative,active,2fs,1,اِيْرِمي
293_122,أَرَمَ,أرم,فعَل يفعِل,I,imperative,active,2fp,1,اِيْرِمْنَ
294_125,وَأَدَ,وأد,فعَل يفعِل,I,past,active,3ms,1,وَأَدَ
294_125,وَأَدَ,وأد,فعَل يفعِل,I,past,active,3md,1,وَأَدا
294_125,وَأَدَ,وأد,فعَل يفعِل,I,past,active,3mp,1,وَأَدُوا
294_125,وَأَدَ,وأد,فعَل يفعِل,I,past,active,3fs,1,وَأَدَتْ
294_125,وَأَدَ,وأد,فعَل يفعِل,I,past,active,3fd,1,وَأَدَتا
294_125,وَأَدَ,وأد,فعَل يفعِل,I,past,active,3fp,1,وَأَدْنَ
294_125,وَأَدَ,وأد,فعَل يفعِل,I,past,active,2ms,1,وَأَدْتَ
294_125,وَأَدَ,وأد,فعَل يفعِل,I,past,active,2d,1,وَأَدْتُما
294_125,وَأَدَ,وأد,فعَل يفعِل,I,past,active,2mp,1,وَأَدْتُمْ
294_125,وَأَدَ,وأد,فعَل يفعِل,I,past,active,2fs,1,وَأَدْتِ
294_125,وَأَدَ,وأد,فعَل يفعِل,I,past,active,2fp,1,وَأَدْتُنَّ
294_125,وَأَدَ,وأد,فعَل يفعِل,I,past,active,1s,1,وَأَدْتُ
294_125,وَأَدَ,وأد,فعَل يفعِل,I,past,active,1p,1,وَأَدْنا
294_125,وَأَدَ,وأد,فعَل يفعِل,I,indicative,active,3ms,1,يَئِدُ
294_125,وَأَدَ,وأد,فعَل يفعِل,I,indicative,active,3md,1,يَئِدَانِ
294_125,وَأَدَ,وأد,فعَل يفعِل,I,indicative,active,3mp,1,يَئِدونَ
294_125,وَأَدَ,وأد,فعَل يفعِل,I,indicative,active,3fs,1,تَئِدُ
294_125,وَأَدَ,وأد,فعَل يفعِل,I,indicative,active,3fd,1,تَئِدَانِ
294_125,وَأَدَ,وأد,فعَل يفعِل,I,indicative,active,3fp,1,يَئِدْنَ
294_125,وَأَدَ,وأد,فعَل يفعِل,I,indicative,active,2ms,1,تَئِدُ
294_125,وَأَدَ,وأد,فعَل يفعِل,I,indicative,active,2d,1,تَئِدَانِ
294_125,وَأَدَ,وأد,فعَل يفعِل,I,indicative,active,2mp,1,تَئِدونَ
294_125,وَأَدَ,وأد,فعَل يفعِل,I,indicative,active,2fs,1,تَئِدِينَ
294_125,وَأَدَ,وأد,فعَل يفعِل,I,indicative,active,2fp,1,تَئِدْنَ
294_125,وَأَدَ,وأد,فعَل يفعِل,I,indicative,active,1s,1,أَئِدُ
294_125,وَأَدَ,وأد,فعَل يفعِل,I,indicative,active,1p,1,نَئِدُ
294_125,وَأَدَ,وأد,فعَل يفعِل,I,imperative,active,2ms,1,إدْ
294_125,وَأَدَ,وأد,فعَل يفعِل,I,imperative,active,2d,1,إدا
294_125,وَأَدَ,وأد,فعَل يفعِل,I,imperative,active,2mp,1,إدُوا
294_125,وَأَدَ,وأد,فعَل يفعِل,I,imperative,active,2fs,1,إدي
294_125,وَأَدَ,وأد,فعَل يفعِل,I,imperative,active,2fp,1,إدْنَ
295_126,ضافَ,ضيف,فعَل يفعِل,I,past,active,3ms,1,ضافَ
295_126,ضافَ,ضيف,فعَل يفعِل,I,past,active,3md,1,ضافا
295_126,ضافَ,ضيف,فعَل يفعِل,I,past,active,3mp,1,ضافُوا
295_126,ضافَ,ضيف,فعَل يفعِل,I,past,active,3fs,1,ضافَتْ
295_126,ضافَ,ضيف,فعَل يفعِل,I,past,active,3fd,1,ضافَتَا
295_126,ضافَ,ضيف,فعَل يفعِل,I,past,active,3fp,1,ضِفْنَ
295_126,ضافَ,ضيف,فعَل يفعِل,I,past,active,2ms,1,ضِفْتَ
295_126,ضافَ,ضيف,فعَل يفعِل,I,past,active,2d,1,ضِفْتُما
295_126,ضافَ,ضيف,فعَل يفعِل,I,past,active,2mp,1,ضِفْتُمْ
295_126,ضافَ,ضيف,فعَل يفعِل,I,past,active,2fs,1,ضِفْتِ
295_126,ضافَ,ضيف,فعَل يفعِل,I,past,active,2fp,1,ضِفْتُنَّ
295_126,ضافَ,ضيف,فعَل يفعِل,I,past,active,1s,1,ضِفْتُ
295_126,ضافَ,ضيف,فعَل يفعِل,I,past,active,1p,1,ضِفْنَا
295_126,ضافَ,ضيف,فعَل يفعِل,I,indicative,active,3ms,1,يَضيفُ
295_126,ضافَ,ضيف,فعَل يفعِل,I,indicative,active,3md,1,يَضيفَانِ
295_126,ضافَ,ضيف,فعَل يفعِل,I,indicative,active,3mp,1,يَضيفُونَ
295_126,ضافَ,ضيف,فعَل يفعِل,I,indicative,active,3fs,1,تَضيفُ
295_126,ضافَ,ضيف,فعَل يفعِل,I,indicative,active,3fd,1,تَضيفَانِ
295_126,ضافَ,ضيف,فعَل يفعِل,I,indicative,active,3fp,1,يَضِفْنَ
295_126,ضافَ,ضيف,فعَل يفعِل,I,indicative,active,2ms,1,تَضيفُ
295_126,ضافَ,ضيف,فعَل يفعِل,I,indicative,active,2d,1,تَضيفَانِ
295_126,ضافَ,ضيف,فعَل يفعِل,I,indicative,active,2mp,1,تَضيفُونَ
295_126,ضافَ,ضيف,فعَل يفعِل,I,indicative,active,2fs,1,تَضيفينَ
295_126,ضافَ,ضيف,فعَل يفعِل,I,indicative,active,2fp,1,تَضِفْنَ
295_126,ضافَ,ضيف,فعَل يفعِل,I,indicative,active,1s,1,أَضيفُ
295_126,ضافَ,ضيف,فعَل يفعِل,I,indicative,active,1p,1,نَضيفُ
295_126,ضافَ,ضيف,فعَل يفعِل,I,imperative,active,2ms,1,ضِفْ
295_126,ضافَ,ضيف,فعَل يفعِل,I,imperative,active,2d,1,ضيفا
295_126,ضافَ,ضيف,فعَل يفعِل,I,imperative,active,2mp,1,ضيفُوا
295_126,ضافَ,ضيف,فعَل يفعِل,I,imperative,active,2fs,1,ضيفي
295_126,ضافَ,ضيف,فعَل يفعِل,I,imperative,active,2fp,1,ضِفْنَ
296_126,لانَ,لين,فعَل يفعِل,I,past,active,3ms,1,لانَ
296_126,لانَ,لين,فعَل يفعِل,I,past,active,3md,1,لانا
296_126,لانَ,لين,فعَل يفعِل,I,past,active,3mp,1,لانُوا
296_126,لانَ,لين,فعَل يفعِل,I,past,active,3fs,1,لانَتْ
296_126,لانَ,لين,فعَل يفعِل,I,past,active,3fd,1,لانَتا
296_126,لانَ,لين,فعَل يفعِل,I,past,active,3fp,1,لِنَّ
296_126,لانَ,لين,فعَل يفعِل,I,past,active,2ms,1,لِنْتَ
296_126,لانَ,لين,فعَل يفعِل,I,past,active,2d,1,لِنْتُما
296_126,لانَ,لين,فعَل يفعِل,I,past,active,2mp,1,لِنْتُمْ
296_126,لانَ,لين,فعَل يفعِل,I,past,active,2fs,1,لِنْتِ
296_126,لانَ,لين,فعَل يفعِل,I,past,active,2fp,1,لِنْتُنَّ
296_126,لانَ,لين,فعَل يفعِل,I,past,active,1s,1,لِنْتُ
296_126,لانَ,لين,فعَل يفعِل,I,past,active,1p,1,لِنَّا
296_126,لانَ,لين,فعَل يفعِل,I,indicative,active,3ms,1,يَلينُ
296_126,لانَ,لين,فعَل يفعِل,I,indicative,active,3md,1,يَلينانِ
296_126,لانَ,لين,فعَل يفعِل,I,indicative,active,3mp,1,يَلينونَ
296_126,لانَ,لين,فعَل يفعِل,I,indicative,active,3fs,1,تَلينُ
296_126,لانَ,لين,فعَل يفعِل,I,indicative,active,3fd,1,تَلينانِ
296_126,لانَ,لين,فعَل يفعِل,I,indicative,active,3fp,1,يَلِنَّ
296_126,لانَ,لين,فعَل يفعِل,I,indicative,active,2ms,1,تَلينُ
296_126,لانَ,لين,فعَل يفعِل,I,indicative,active,2d,1,تَلينانِ
296_126,لانَ,لين,فعَل يفعِل,I,indicative,active,2mp,1,تَلينونَ
296_126,لانَ,لين,فعَل يفعِل,I,indicative,active,2fs,1,تَلينينَ
296_126,لانَ,لين,فعَل يفعِل,I,indicative,active,2fp,1,تَلِنَّ
296_126,لانَ,لين,فعَل يفعِل,I,indicative,active,1s,1,أَلينُ
296_126,لانَ,لين,فعَل يفعِل,I,indicative,active,1p,1,نَلينُ
296_126,لانَ,لين,فعَل يفعِل,I,imperative,active,2ms,1,لِنْ
296_126,لانَ,لين,فعَل يفعِل,I,imperative,active,2d,1,لينا
296_126,لانَ,لين,فعَل يفعِل,I,imperative,active,2mp,1,لينُوا
296_126,لانَ,لين,فعَل يفعِل,I,imperative,active,2fs,1,ليني
296_126,لانَ,لين,فعَل يفعِل,I,imperative,active,2fp,1,لِنَّ
297_128,وَأَى,وأي,فعَل يفعِل,I,past,active,3ms,1,وَأَى
297_128,وَأَى,وأي,فعَل يفعِل,I,past,active,3md,1,وَأَيا
297_128,وَأَى,وأي,فعَل يفعِل,I,past,active,3mp,1,وَأَوْا
297_128,وَأَى,وأي,فعَل يفعِل,I,past,active,3fs,1,وَأَتْ
297_128,وَأَى,وأي,فعَل يفعِل,I,past,active,3fd,1,وَأَتا
297_128,وَأَى,وأي,فعَل يفعِل,I,past,active,3fp,1,وَأَيْنَ
297_128,وَأَى,وأي,فعَل يفعِل,I,past,active,2ms,1,وَأَيْتَ
297_128,وَأَى,وأي,فعَل يفعِل,I,past,active,2d,1,وَأَيْتُما
297_128,وَأَى,وأي,فعَل يفعِل,I,past,active,2mp,1,وَأَيْتُمْ
297_128,وَأَى,وأي,فعَل يفعِل,I,past,active,2fs,1,وَأَيْتِ
297_128,وَأَى,وأي,فعَل يفعِل,I,past,active,2fp,1,وَأَيْتُنَّ
297_128,وَأَى,وأي,فعَل يفعِل,I,past,active,1s,1,وَأَيْتُ
297_128,وَأَى,وأي,فعَل يفعِل,I,past,active,1p,1,وَأَيْنا
297_128,وَأَى,وأي,فعَل يفعِل,I,indicative,active,3ms,1,يَئِي
297_128,وَأَى,وأي,فعَل يفعِل,I,indicative,active,3md,1,يَئِيانِ
297_128,وَأَى,وأي,فعَل يفعِل,I,indicative,active,3mp,1,يَؤُونَ
297_128,وَأَى,وأي,فعَل يفعِل,I,indicative,active,3fs,1,تَئِي
297_128,وَأَى,وأي,فعَل يفعِل,I,indicative,active,3fd,1,تَئِيانِ
297_128,وَأَى,وأي,فعَل يفعِل,I,indicative,active,3fp,1,يَئِينَ
297_128,وَأَى,وأي,فعَل يفعِل,I,indicative,active,2ms,1,تَئِي
297_128,وَأَى,وأي,فعَل يفعِل,I,indicative,active,2d,1,تَئِيانِ
297_128,وَأَى,وأي,فعَل يفعِل,I,indicative,active,2mp,1,تَؤُونَ
297_128,وَأَى,وأي,فعَل يفعِل,I,indicative,active,2fs,1,تَئينَ
297_128,وَأَى,وأي,فعَل يفعِل,I,indicative,active,2fp,1,تَئِينَ
297_128,وَأَى,وأي,فعَل يفعِل,I,indicative,active,1s,1,أَئِي
297_128,وَأَى,وأي,فعَل يفعِل,I,indicative,active,1p,1,نَئِي
297_128,وَأَى,وأي,فعَل يفعِل,I,imperative,active,2ms,1,إ
297_128,وَأَى,وأي,فعَل يفعِل,I,imperative,active,2d,1,إيا
297_128,وَأَى,وأي,فعَل يفعِل,I,imperative,active,2mp,1,أُوا
297_128,وَأَى,وأي,فعَل يفعِل,I,imperative,active,2fs,1,إي
297_128,وَأَى,وأي,فعَل يفعِل,I,imperative,active,2fp,1,إينَ
298_128,وَعَى,وعي,فعَل يفعِل,I,past,active,3ms,1,وَعَى
298_128,وَعَى,وعي,فعَل يفعِل,I,past,active,3md,1,وَعَيا
298_128,وَعَى,وعي,فعَل يفعِل,I,past,active,3mp,1,وَعَوْا
298_128,وَعَى,وعي,فعَل يفعِل,I,past,active,3fs,1,وَعَتْ
298_128,وَعَى,وعي,فعَل يفعِل,I,past,active,3fd,1,وَعَتا
298_128,وَعَى,وعي,فعَل يفعِل,I,past,active,3fp,1,وَعَيْنَ
298_128,وَعَى,وعي,فعَل يفعِل,I,past,active,2ms,1,وَعَيْتَ
298_128,وَعَى,وعي,فعَل يفعِل,I,past,active,2d,1,وَعَيْتُما
298_128,وَعَى,وعي,فعَل يفعِل,I,past,active,2mp,1,وَعَيْتُمْ
298_128,وَعَى,وعي,فعَل يفعِل,I,past,active,2fs,1,وَعَيْتِ
298_128,وَعَى,وعي,فعَل يفعِل,I,past,active,2fp,1,وَعَيْتُنَّ
298_128,وَعَى,وعي,فعَل يفعِل,I,past,active,1s,1,وَعَيْتُ
298_128,وَعَى,وعي,فعَل يفعِل,I,past,active,1p,1,وَعَيْنا
298_128,وَعَى,وعي,فعَل يفعِل,I,indicative,active,3ms,1,يَعِي
298_128,وَعَى,وعي,فعَل يفعِل,I,indicative,active,3md,1,يَعِيانِ
298_128,وَعَى,وعي,فعَل يفعِل,I,indicative,active,3mp,1,يَعُونَ
298_128,وَعَى,وعي,فعَل يفعِل,I,indicative,active,3fs,1,تَعِي
298_128,وَعَى,وعي,فعَل يفعِل,I,indicative,active,3fd,1,تَعِيانِ
298_128,وَعَى,وعي,فعَل يفعِل,I,indicative,active,3fp,1,يَعِينَ
298_128,وَعَى,وعي,فعَل يفعِل,I,indicative,active,2ms,1,تَعِي
298_128,وَعَى,وعي,فعَل يفعِل,I,indicative,active,2d,1,تَعِيانِ
298_128,وَعَى,وعي,فعَل يفعِل,I,indicative,active,2mp,1,تَعُونَ
298_128,وَعَى,وعي,فعَل يفعِل,I,indicative,active,2fs,1,تَعينَ
298_128,وَعَى,وعي,فعَل يفعِل,I,indicative,active,2fp,1,تَعِينَ
298_128,وَعَى,وعي,فعَل يفعِل,I,indicative,active,1s,1,أَعِي
298_128,وَعَى,وعي,فعَل يفعِل,I,indicative,active,1p,1,نَعِي
298_128,وَعَى,وعي,فعَل يفعِل,I,imperative,active,2ms,1,عِ
298_128,وَعَى,وعي,فعَل يفعِل,I,imperative,active,2d,1,عِيا
298_128,وَعَى,وعي,فعَل يفعِل,I,imperative,active,2mp,1,عُوا
298_128,وَعَى,وعي,فعَل يفعِل,I,imperative,active,2fs,1,عي
298_128,وَعَى,وعي,فعَل يفعِل,I,imperative,active,2fp,1,عِينَ
299_129,أَوَى,أوي,فعَل يفعِل,I,past,active,3ms,1,أَوَى
299_129,أَوَى,أوي,فعَل يفعِل,I,past,active,3md,1,أَوَيَا
299_129,أَوَى,أوي,فعَل يفعِل,I,past,active,3mp,1,أَوَوْا
299_129,أَوَى,أوي,فعَل يفعِل,I,past,active,3fs,1,أَوَتْ
299_129,أَوَى,أوي,فعَل يفعِل,I,past,active,3fd,1,أَوَتَا
299_129,أَوَى,أوي,فعَل يفعِل,I,past,active,3fp,1,أَوَيْنَ
299_129,أَوَى,أوي,فعَل يفعِل,I,past,active,2ms,1,أَوَيْتَ
299_129,أَوَى,أوي,فعَل يفعِل,I,past,active,2d,1,أَوَيْتُما
299_129,أَوَى,أوي,فعَل يفعِل,I,past,active,2mp,1,أَوَيْتُمْ
299_129,أَوَى,أوي,فعَل يفعِل,I,past,active,2fs,1,أَوَيْتِ
299_129,أَوَى,أوي,فعَل يفعِل,I,past,active,2fp,1,أَوَيْتُنَّ
299_129,أَوَى,أوي,فعَل يفعِل,I,past,active,1s,1,أَوَيْتُ
299_129,أَوَى,أوي,فعَل يفعِل,I,past,active,1p,1,أَوَيْنا
299_129,أَوَى,أوي,فعَل يفعِل,I,indicative,active,3ms,1,يَأْوي
299_129,أَوَى,أوي,فعَل يفعِل,I,indicative,active,3md,1,يَأْوِيانِ
299_129,أَوَى,أوي,فعَل يفعِل,I,indicative,active,3mp,1,يَأْوُونَ
299_129,أَوَى,أوي,فعَل يفعِل,I,indicative,active,3fs,1,تَأْوي
299_129,أَوَى,أوي,فعَل يفعِل,I,indicative,active,3fd,1,تَأْوِيانِ
299_129,أَوَى,أوي,فعَل يفعِل,I,indicative,active,3fp,1,يَأْوينَ
299_129,أَوَى,أوي,فعَل يفعِل,I,indicative,active,2ms,1,تَأْوي
299_129,أَوَى,أوي,فعَل يفعِل,I,indicative,active,2d,1,تَأْوِيانِ
299_129,أَوَى,أوي,فعَل يفعِل,I,indicative,active,2mp,1,تَأْوُونَ
299_129,أَوَى,أوي,فعَل يفعِل,I,indicative,active,2fs,1,تَأْوِينَ
299_129,أَوَى,أوي,فعَل يفعِل,I,indicative,active,2fp,1,تَأْوينَ
299_129,أَوَى,أوي,فعَل يفعِل,I,indicative,active,1s,1,آوي
299_129,أَوَى,أوي,فعَل يفعِل,I,indicative,active,1p,1,نَأْوي
299_129,أَوَى,أوي,فعَل يفعِل,I,imperative,active,2ms,1,اِئْوِ
299_129,أَوَى,أوي,فعَل يفعِل,I,imperative,active,2d,1,اِئْويَا
299_129,أَوَى,أوي,فعَل يفعِل,I,imperative,active,2mp,1,اِئْوُوا
299_129,أَوَى,أوي,فعَل يفعِل,I,imperative,active,2fs,1,اِئْوي
299_129,أَوَى,أوي,فعَل يفعِل,I,imperative,active,2fp,1,اِئْوينَ
300_129,حَوَى,حوي,فعَل يفعِل,I,past,active,3ms,1,حَوَى
300_129,حَوَى,حوي,فعَل يفعِل,I,past,active,3md,1,حَوَيَا
300_129,حَوَى,حوي,فعَل يفعِل,I,past,active,3mp,1,حَوَوْا
300_129,حَوَى,حوي,فعَل يفعِل,I,past,active,3fs,1,حَوَتْ
300_129,حَوَى,حوي,فعَل يفعِل,I,past,active,3fd,1,حَوَتَا
300_129,حَوَى,حوي,فعَل يفعِل,I,past,active,3fp,1,حَوَيْنَ
300_129,حَوَى,حوي,فعَل يفعِل,I,past,active,2ms,1,حَوَيْتَ
300_129,حَوَى,حوي,فعَل يفعِل,I,past,active,2d,1,حَوَيْتُما
300_129,حَوَى,حوي,فعَل يفعِل,I,past,active,2mp,1,حَوَيْتُمْ
300_129,حَوَى,حوي,فعَل يفعِل,I,past,active,2fs,1,حَوَيْتِ
300_129,حَوَى,حوي,فعَل يفعِل,I,past,active,2fp,1,حَوَيْتُنَّ
300_129,حَوَى,حوي,فعَل يفعِل,I,past,active,1s,1,حَوَيْتُ
300_129,حَوَى,حوي,فعَل يفعِل,I,past,active,1p,1,حَوَيْنا
300_129,حَوَى,حوي,فعَل يفعِل,I,indicative,active,3ms,1,يَحْوي
300_129,حَوَى,حوي,فعَل يفعِل,I,indicative,active,3md,1,يَحْوِيانِ
300_129,حَوَى,حوي,فعَل يفعِل,I,indicative,active,3mp,1,يَحْوُونَ
300_129,حَوَى,حوي,فعَل يفعِل,I,indicative,active,3fs,1,تَحْوي
300_129,حَوَى,حوي,فعَل يفعِل,I,indicative,active,3fd,1,تَحْوِيانِ
300_129,حَوَى,حوي,فعَل يفعِل,I,indicative,active,3fp,1,يَحْوينَ
300_129,حَوَى,حوي,فعَل يفعِل,I,indicative,active,2ms,1,تَحْوي
300_129,حَوَى,حوي,فعَل يفعِل,I,indicative,active,2d,1,تَحْوِيانِ
300_129,حَوَى,حوي,فعَل يفعِل,I,indicative,active,2mp,1,تَحْوُونَ
300_129,حَوَى,حوي,فعَل يفعِل,I,indicative,active,2fs,1,تَحْوينَ
300_129,حَوَى,حوي,فعَل يفعِل,I,indicative,active,2fp,1,تَحْوينَ
300_129,حَوَى,حوي,فعَل يفعِل,I,indicative,active,1s,1,أَحْوي
300_129,حَوَى,حوي,فعَل يفعِل,I,indicative,active,1p,1,نَحْوي
300_129,حَوَى,حوي,فعَل يفعِل,I,imperative,active,2ms,1,اِحْوِ
300_129,حَوَى,حوي,فعَل يفعِل,I,imperative,active,2d,1,اِحْوِيَا
300_129,حَوَى,حوي,فعَل يفعِل,I,imperative,active,2mp,1,اِحْوُوا
300_129,حَوَى,حوي,فعَل يفعِل,I,imperative,active,2fs,1,اِحْوي
300_129,حَوَى,حوي,فعَل يفعِل,I,imperative,active,2fp,1,اِحْوينَ
301_133,زَأَرَ,زأر,فعَل يفعَل,I,past,active,3ms,1,زَأَرَ
301_133,زَأَرَ,زأر,فعَل يفعَل,I,past,active,3md,1,زَأَرا
301_133,زَأَرَ,زأر,فعَل يفعَل,I,past,active,3mp,1,زَأَرُوا
301_133,زَأَرَ,زأر,فعَل يفعَل,I,past,active,3fs,1,زَأَرَتْ
301_133,زَأَرَ,زأر,فعَل يفعَل,I,past,active,3fd,1,زَأَرَتا
301_133,زَأَرَ,زأر,فعَل يفعَل,I,past,active,3fp,1,زَأَرْنَ
301_133,زَأَرَ,زأر,فعَل يفعَل,I,past,active,2ms,1,زَأَرْتَ
301_133,زَأَرَ,زأر,فعَل يفعَل,I,past,active,2d,1,زَأَرْتُما
301_133,زَأَرَ,زأر,فعَل يفعَل,I,past,active,2mp,1,زَأَرْتُمْ
301_133,زَأَرَ,زأر,فعَل يفعَل,I,past,active,2fs,1,زَأَرْتِ
301_133,زَأَرَ,زأر,فعَل يفعَل,I,past,active,2fp,1,زَأَرْتُنَّ
301_133,زَأَرَ,زأر,فعَل يفعَل,I,past,active,1s,1,زَأَرْتُ
301_133,زَأَرَ,زأر,فعَل يفعَل,I,past,active,1p,1,زَأَرْنا
301_133,زَأَرَ,زأر,فعَل يفعَل,I,indicative,active,3ms,1,يَزْأَرُ
301_133,زَأَرَ,زأر,فعَل يفعَل,I,indicative,active,3md,1,يَزْأَرانِ
301_133,زَأَرَ,زأر,فعَل يفعَل,I,indicative,active,3mp,1,يَزْأَرونَ
301_133,زَأَرَ,زأر,فعَل يفعَل,I,indicative,active,3fs,1,تَزْأَرُ
301_133,زَأَرَ,زأر,فعَل يفعَل,I,indicative,active,3fd,1,تَزْأَرانِ
301_133,زَأَرَ,زأر,فعَل يفعَل,I,indicative,active,3fp,1,يَزْأَرْنَ
301_133,زَأَرَ,زأر,فعَل يفعَل,I,indicative,active,2ms,1,تَزْأَرُ
301_133,زَأَرَ,زأر,فعَل يفعَل,I,indicative,active,2d,1,تَزْأَرانِ
301_133,زَأَرَ,زأر,فعَل يفعَل,I,indicative,active,2mp,1,تَزْأَرونَ
301_133,زَأَرَ,زأر,فعَل يفعَل,I,indicative,active,2fs,1,تَزْأَرينَ
301_133,زَأَرَ,زأر,فعَل يفعَل,I,indicative,active,2fp,1,تَزْأَرْنَ
301_133,زَأَرَ,زأر,فعَل يفعَل,I,indicative,active,1s,1,أَزْأَرُ
301_133,زَأَرَ,زأر,فعَل يفعَل,I,indicative,active,1p,1,نَزْأَرُ
301_133,زَأَرَ,زأر,فعَل يفعَل,I,imperative,active,2ms,1,اِزْأَرْ
301_133,زَأَرَ,زأر,فعَل يفعَل,I,imperative,active,2ms,2,زَرْ
301_133,زَأَرَ,زأر,فعَل يفعَل,I,imperative,active,2d,1,اِزْأَرا
301_133,زَأَرَ,زأر,فعَل يفعَل,I,imperative,active,2mp,1,اِزْأَرُوا
301_133,زَأَرَ,زأر,فعَل يفعَل,I,imperative,active,2fs,1,اِزْأَرِي
301_133,زَأَرَ,زأر,فعَل يفعَل,I,imperative,active,2fp,1,اِزْأَرْنَ
302_135,وَزَعَ,وزع,فعَل يفعَل,I,past,active,3ms,1,وَزَعَ
302_135,وَزَعَ,وزع,فعَل يفعَل,I,past,active,3md,1,وَزَعا
302_135,وَزَعَ,وزع,فعَل يفعَل,I,past,active,3mp,1,وَزَعُوا
302_135,وَزَعَ,وزع,فعَل يفعَل,I,past,active,3fs,1,وَزَعَتْ
302_135,وَزَعَ,وزع,فعَل يفعَل,I,past,active,3fd,1,وَزَعَتا
302_135,وَزَعَ,وزع,فعَل يفعَل,I,past,active,3fp,1,وَزَعْنَ
302_135,وَزَعَ,وزع,فعَل يفعَل,I,past,active,2ms,1,وَزَعْتَ
302_135,وَزَعَ,وزع,فعَل يفعَل,I,past,active,2d,1,وَزَعْتُما
302_135,وَزَعَ,وزع,فعَل يفعَل,I,past,active,2mp,1,وَزَعْتُمْ
302_135,وَزَعَ,وزع,فعَل يفعَل,I,past,active,2fs,1,وَزَعْتِ
302_135,وَزَعَ,وزع,فعَل يفعَل,I,past,active,2fp,1,وَزَعْتُنَّ
302_135,وَزَعَ,وزع,فعَل يفعَل,I,past,active,1s,1,وَزَعْتُ
302_135,وَزَعَ,وزع,فعَل يفعَل,I,past,active,1p,1,وَزَعْنا
302_135,وَزَعَ,وزع,فعَل يفعَل,I,indicative,active,3ms,1,يَزَعُ
302_135,وَزَعَ,وزع,فعَل يفعَل,I,indicative,active,3md,1,يَزَعانِ
302_135,وَزَعَ,وزع,فعَل يفعَل,I,indicative,active,3mp,1,يَزَعونَ
302_135,وَزَعَ,وزع,فعَل يفعَل,I,indicative,active,3fs,1,تَزَعُ
302_135,وَزَعَ,وزع,فعَل يفعَل,I,indicative,active,3fd,1,تَزَعانِ
302_135,وَزَعَ,وزع,فعَل يفعَل,I,indicative,active,3fp,1,يَزَعْنَ
302_135,وَزَعَ,وزع,فعَل يفعَل,I,indicative,active,2ms,1,تَزَعُ
302_135,وَزَعَ,وزع,فعَل يفعَل,I,indicative,active,2d,1,تَزَعانِ
302_135,وَزَعَ,وزع,فعَل يفعَل,I,indicative,active,2mp,1,تَزَعونَ
302_135,وَزَعَ,وزع,فعَل يفعَل,I,indicative,active,2fs,1,تَزَعينَ
302_135,وَزَعَ,وزع,فعَل يفعَل,I,indicative,active,2fp,1,تَزَعْنَ
302_135,وَزَعَ,وزع,فعَل يفعَل,I,indicative,active,1s,1,أَزَعُ
302_135,وَزَعَ,وزع,فعَل يفعَل,I,indicative,active,1p,1,نَزَعُ
302_135,وَزَعَ,وزع,فعَل يفعَل,I,imperative,active,2ms,1,زَعْ
302_135,وَزَعَ,وزع,فعَل يفعَل,I,imperative,active,2d,1,زَعا
302_135,وَزَعَ,وزع,فعَل يفعَل,I,imperative,active,2mp,1,زَعُوا
302_135,وَزَعَ,وزع,فعَل يفعَل,I,imperative,active,2fs,1,زَعي
302_135,وَزَعَ,وزع,فعَل يفعَل,I,imperative,active,2fp,1,زَعْنَ
303_136,داءَ,دوء,فعَل يفعَل,I,past,active,3ms,1,داءَ
303_136,داءَ,دوء,فعَل يفعَل,I,past,active,3md,1,داءا
303_136,داءَ,دوء,فعَل يفعَل,I,past,active,3mp,1,داؤُوا
303_136,داءَ,دوء,فعَل يفعَل,I,past,active,3fs,1,داءَتْ
303_136,داءَ,دوء,فعَل يفعَل,I,past,active,3fd,1,داءَتا
303_136,داءَ,دوء,فعَل يفعَل,I,past,active,3fp,1,دِئْنَ
303_136,داءَ,دوء,فعَل يفعَل,I,past,active,2ms,1,دِئْتَ
303_136,داءَ,دوء,فعَل يفعَل,I,past,active,2d,1,دِئْتُما
303_136,داءَ,دوء,فعَل يفعَل,I,past,active,2mp,1,دِئْتُمْ
303_136,داءَ,دوء,فعَل يفعَل,I,past,active,2fs,1,دِئْتِ
303_136,داءَ,دوء,فعَل يفعَل,I,past,active,2fp,1,دِئْتُنَّ
303_136,داءَ,دوء,فعَل يفعَل,I,past,active,1s,1,دِئْتُ
303_136,داءَ,دوء,فعَل يفعَل,I,past,active,1p,1,دِئْنا
303_136,داءَ,دوء,فعَل يفعَل,I,indicative,active,3ms,1,يَداءُ
303_136,داءَ,دوء,فعَل يفعَل,I,indicative,active,3md,1,يَداآنِ
303_136,داءَ,دوء,فعَل يفعَل,I,indicative,active,3mp,1,يَداؤُونَ
303_136,داءَ,دوء,فعَل يفعَل,I,indicative,active,3fs,1,تَداءُ
303_136,داءَ,دوء,فعَل يفعَل,I,indicative,active,3fd,1,تَداآنِ
303_136,داءَ,دوء,فعَل يفعَل,I,indicative,active,3fp,1,يَدَأْنَ
303_136,داءَ,دوء,فعَل يفعَل,I,indicative,active,2ms,1,تَداءُ
303_136,داءَ,دوء,فعَل يفعَل,I,indicative,active,2d,1,تَداآنِ
303_136,داءَ,دوء,فعَل يفعَل,I,indicative,active,2mp,1,تَداؤُونَ
303_136,داءَ,دوء,فعَل يفعَل,I,indicative,active,2fs,1,تَدائِينَ
303_136,داءَ,دوء,فعَل يفعَل,I,indicative,active,2fp,1,تَدَأْنَ
303_136,داءَ,دوء,فعَل يفعَل,I,indicative,active,1s,1,أَداءُ
303_136,داءَ,دوء,فعَل يفعَل,I,indicative,active,1p,1,نَداءُ
303_136,داءَ,دوء,فعَل يفعَل,I,imperative,active,2ms,1,دَأْ
303_136,داءَ,دوء,فعَل يفعَل,I,imperative,active,2d,1,داءا
303_136,داءَ,دوء,فعَل يفعَل,I,imperative,active,2mp,1,داؤُوا
303_136,داءَ,دوء,فعَل يفعَل,I,imperative,active,2fs,1,دائِي
303_136,داءَ,دوء,فعَل يفعَل,I,imperative,active,2fp,1,دَأْنَ
304_136,جادَ,جود,فعَل يفعَل,I,past,active,3ms,1,جادَ
304_136,جادَ,جود,فعَل يفعَل,I,past,active,3md,1,جادا
304_136,جادَ,جود,فعَل يفعَل,I,past,active,3mp,1,جادُوا
304_136,جادَ,جود,فعَل يفعَل,I,past,active,3fs,1,جادَتْ
304_136,جادَ,جود,فعَل يفعَل,I,past,active,3fd,1,جادَتا
304_136,جادَ,جود,فعَل يفعَل,I,past,active,2ms,1,جِدْتَ
304_136,جادَ,جود,فعَل يفعَل,I,past,active,2d,1,جِدْتُما
304_136,جادَ,جود,فعَل يفعَل,I,past,active,2mp,1,جِدْتُمْ
304_136,جادَ,جود,فعَل يفعَل,I,past,active,2fs,1,جِدْتِ
304_136,جادَ,جود,فعَل يفعَل,I,past,active,2fp,1,جِدْتُنَّ
304_136,جادَ,جود,فعَل يفعَل,I,past,active,1s,1,جِدْتُ
304_136,جادَ,جود,فعَل يفعَل,I,past,active,1p,1,جِدْنا
304_136,جادَ,جود,فعَل يفعَل,I,indicative,active,3ms,1,يَجادُ
304_136,جادَ,جود,فعَل يفعَل,I,indicative,active,3md,1,يَجادانِ
304_136,جادَ,جود,فعَل يفعَل,I,indicative,active,3mp,1,يَجادُونَ
304_136,جادَ,جود,فعَل يفعَل,I,indicative,active,3fs,1,تَجادُ
304_136,جادَ,جود,فعَل يفعَل,I,indicative,active,3fd,1,تَجادانِ
304_136,جادَ,جود,فعَل يفعَل,I,indicative,active,3fp,1,يَجَدْنَ
304_136,جادَ,جود,فعَل يفعَل,I,indicative,active,2ms,1,تَجادُ
304_136,جادَ,جود,فعَل يفعَل,I,indicative,active,2d,1,تَجادانِ
304_136,جادَ,جود,فعَل يفعَل,I,indicative,active,2mp,1,تَجادُونَ
304_136,جادَ,جود,فعَل يفعَل,I,indicative,active,2fs,1,تَجادِينَ
304_136,جادَ,جود,فعَل يفعَل,I,indicative,active,2fp,1,تَجَدْنَ
304_136,جادَ,جود,فعَل يفعَل,I,indicative,active,1s,1,أَجادُ
304_136,جادَ,جود,فعَل يفعَل,I,indicative,active,1p,1,نَجادُ
304_136,جادَ,جود,فعَل يفعَل,I,imperative,active,2ms,1,جَدْ
304_136,جادَ,جود,فعَل يفعَل,I,imperative,active,2d,1,جادا
304_136,جادَ,جود,فعَل يفعَل,I,imperative,active,2mp,1,جادُوا
304_136,جادَ,جود,فعَل يفعَل,I,imperative,active,2fs,1,جادي
304_136,جادَ,جود,فعَل يفعَل,I,imperative,active,2fp,1,جَدْنَ
305_136,حارَ,حور,فعَل يفعَل,I,past,active,3ms,1,حارَ
305_136,حارَ,حور,فعَل يفعَل,I,past,active,3md,1,حارا
305_136,حارَ,حور,فعَل يفعَل,I,past,active,3mp,1,حارُوا
305_136,حارَ,حور,فعَل يفعَل,I,past,active,3fs,1,حارَتْ
305_136,حارَ,حور,فعَل يفعَل,I,past,active,3fd,1,حارَتا
305_136,حارَ,حور,فعَل يفعَل,I,past,active,3fp,1,حِرْنَ
305_136,حارَ,حور,فعَل يفعَل,I,past,active,2ms,1,حِرْتَ
305_136,حارَ,حور,فعَل يفعَل,I,past,active,2d,1,حِرْتُما
305_136,حارَ,حور,فعَل يفعَل,I,past,active,2mp,1,حِرْتُمْ
305_136,حارَ,حور,فعَل يفعَل,I,past,active,2fs,1,حِرْتِ
305_136,حارَ,حور,فعَل يفعَل,I,past,active,2fp,1,حِرْتُنَّ
305_136,حارَ,حور,فعَل يفعَل,I,past,active,1s,1,حِرْتُ
305_136,حارَ,حور,فعَل يفعَل,I,past,active,1p,1,حِرْنا
305_136,حارَ,حور,فعَل يفعَل,I,indicative,active,3ms,1,يَحارُ
305_136,حارَ,حور,فعَل يفعَل,I,indicative,active,3md,1,يَحارانِ
305_136,حارَ,حور,فعَل يفعَل,I,indicative,active,3mp,1,يَحارونَ
305_136,حارَ,حور,فعَل يفعَل,I,indicative,active,3fs,1,تَحارُ
305_136,حارَ,حور,فعَل يفعَل,I,indicative,active,3fd,1,تَحارانِ
305_136,حارَ,حور,فعَل يفعَل,I,indicative,active,3fp,1,يَحَرْنَ
305_136,حارَ,حور,فعَل يفعَل,I,indicative,active,2ms,1,تَحارُ
305_136,حارَ,حور,فعَل يفعَل,I,indicative,active,2d,1,تَحارانِ
305_136,حارَ,حور,فعَل يفعَل,I,indicative,active,2mp,1,تَحارونَ
305_136,حارَ,حور,فعَل يفعَل,I,indicative,active,2fs,1,تَحارِينَ
305_136,حارَ,حور,فعَل يفعَل,I,indicative,active,2fp,1,تَحَرْنَ
305_136,حارَ,حور,فعَل يفعَل,I,indicative,active,1s,1,أَحارُ
305_136,حارَ,حور,فعَل يفعَل,I,indicative,active,1p,1,نَحارُ
305_136,حارَ,حور,فعَل يفعَل,I,imperative,active,2ms,1,حَرْ
305_136,حارَ,حور,فعَل يفعَل,I,imperative,active,2d,1,حارا
305_136,حارَ,حور,فعَل يفعَل,I,imperative,active,2mp,1,حارُوا
305_136,حارَ,حور,فعَل يفعَل,I,imperative,active,2fs,1,حارِي
305_136,حارَ,حور,فعَل يفعَل,I,imperative,active,2fp,1,حَرْنَ
306_137,نَهَى,نهي,فعَل يفعَل,I,past,active,3ms,1,نَهَى
306_137,نَهَى,نهي,فعَل يفعَل,I,past,active,3md,1,نَهَيا
306_137,نَهَى,نهي,فعَل يفعَل,I,past,active,3mp,1,نَهَوْا
306_137,نَهَى,نهي,فعَل يفعَل,I,past,active,3fs,1,نَهَتْ
306_137,نَهَى,نهي,فعَل يفعَل,I,past,active,3fd,1,نَهَتَا
306_137,نَهَى,نهي,فعَل يفعَل,I,past,active,3fp,1,نَهَيْنَ
306_137,نَهَى,نهي,فعَل يفعَل,I,past,active,2ms,1,نَهَيْتَ
306_137,نَهَى,نهي,فعَل يفعَل,I,past,active,2d,1,نَهَيْتُما
306_137,نَهَى,نهي,فعَل يفعَل,I,past,active,2mp,1,نَهَيْتُمْ
306_137,نَهَى,نهي,فعَل يفعَل,I,past,active,2fs,1,نَهَيْتِ
306_137,نَهَى,نهي,فعَل يفعَل,I,past,active,2fp,1,نَهَيْتُنَّ
306_137,نَهَى,نهي,فعَل يفعَل,I,past,active,1s,1,نَهَيْتُ
306_137,نَهَى,نهي,فعَل يفعَل,I,past,active,1p,1,نَهَيْنَا
306_137,نَهَى,نهي,فعَل يفعَل,I,indicative,active,3ms,1,يَنْهَى
306_137,نَهَى,نهي,فعَل يفعَل,I,indicative,active,3md,1,يَنْهَيانِ
306_137,نَهَى,نهي,فعَل يفعَل,I,indicative,active,3mp,1,يَنْهَوْنَ
306_137,نَهَى,نهي,فعَل يفعَل,I,indicative,active,3fs,1,تَنْهَى
306_137,نَهَى,نهي,فعَل يفعَل,I,indicative,active,3fd,1,تَنْهَيانِ
306_137,نَهَى,نهي,فعَل يفعَل,I,indicative,active,3fp,1,يَنْهَيْنَ
306_137,نَهَى,نهي,فعَل يفعَل,I,indicative,active,2ms,1,تَنْهَى
306_137,نَهَى,نهي,فعَل يفعَل,I,indicative,active,2d,1,تَنْهَيانِ
306_137,نَهَى,نهي,فعَل يفعَل,I,indicative,active,2mp,1,تَنْهَوْنَ
306_137,نَهَى,نهي,فعَل يفعَل,I,indicative,active,2fs,1,تَنْهَيْنَ
306_137,نَهَى,نهي,فعَل يفعَل,I,indicative,active,2fp,1,تَنْهَيْنَ
306_137,نَهَى,نهي,فعَل يفعَل,I,indicative,active,1s,1,أَنْهَى
306_137,نَهَى,نهي,فعَل يفعَل,I,indicative,active,1p,1,نَنْهَى
306_137,نَهَى,نهي,فعَل يفعَل,I,imperative,active,2ms,1,اِنْهَ
306_137,نَهَى,نهي,فعَل يفعَل,I,imperative,active,2d,1,اِنْهَيا
306_137,نَهَى,نهي,فعَل يفعَل,I,imperative,active,2mp,1,اِنْهَوْا
306_137,نَهَى,نهي,فعَل يفعَل,I,imperative,active,2fs,1,اِنْهَيْ
306_137,نَهَى,نهي,فعَل يفعَل,I,imperative,active,2fp,1,اِنْهَيْنَ
307_137,ذَلَى,ذلي,فعَل يفعَل,I,past,active,3ms,1,ذَلَى
307_137,ذَلَى,ذلي,فعَل يفعَل,I,past,active,3md,1,ذَلَيا
307_137,ذَلَى,ذلي,فعَل يفعَل,I,past,active,3mp,1,ذَلَوْا
307_137,ذَلَى,ذلي,فعَل يفعَل,I,past,active,3fs,1,ذَلَتْ
307_137,ذَلَى,ذلي,فعَل يفعَل,I,past,active,3fd,1,ذَلَتا
307_137,ذَلَى,ذلي,فعَل يفعَل,I,past,active,3fp,1,ذَلَيْنَ
307_137,ذَلَى,ذلي,فعَل يفعَل,I,past,active,2ms,1,ذَلَيْتَ
307_137,ذَلَى,ذلي,فعَل يفعَل,I,past,active,2d,1,ذَلَيْتُما
307_137,ذَلَى,ذلي,فعَل يفعَل,I,past,active,2mp,1,ذَلَيْتُمْ
307_137,ذَلَى,ذلي,فعَل يفعَل,I,past,active,2fs,1,ذَلَيْتِ
307_137,ذَلَى,ذلي,فعَل يفعَل,I,past,active,2fp,1,ذَلَيْتُنَّ
307_137,ذَلَى,ذلي,فعَل يفعَل,I,past,active,1s,1,ذَلَيْتُ
307_137,ذَلَى,ذلي,فعَل يفعَل,I,past,active,1p,1,ذَلَيْنا
307_137,ذَلَى,ذلي,فعَل يفعَل,I,indicative,active,3ms,1,يَذْلَى
307_137,ذَلَى,ذلي,فعَل يفعَل,I,indicative,active,3md,1,يَذْلَيانِ
307_137,ذَلَى,ذلي,فعَل يفعَل,I,indicative,active,3mp,1,يَذْلَوْنَ
307_137,ذَلَى,ذلي,فعَل يفعَل,I,indicative,active,3fs,1,تَذْلَى
307_137,ذَلَى,ذلي,فعَل يفعَل,I,indicative,active,3fd,1,تَذْلَيانِ
307_137,ذَلَى,ذلي,فعَل يفعَل,I,indicative,active,3fp,1,يَذْلَيْنَ
307_137,ذَلَى,ذلي,فعَل يفعَل,I,indicative,active,2ms,1,تَذْلَى
307_137,ذَلَى,ذلي,فعَل يفعَل,I,indicative,active,2d,1,تَذْلَيانِ
307_137,ذَلَى,ذلي,فعَل يفعَل,I,indicative,active,2mp,1,تَذْلَوْنَ
307_137,ذَلَى,ذلي,فعَل يفعَل,I,indicative,active,2fs,1,تَذْلَيْنَ
307_137,ذَلَى,ذلي,فعَل يفعَل,I,indicative,active,2fp,1,تَذْلَيْنَ
307_137,ذَلَى,ذلي,فعَل يفعَل,I,indicative,active,1s,1,أَذْلَى
307_137,ذَلَى,ذلي,فعَل يفعَل,I,indicative,active,1p,1,نَذْلَى
307_137,ذَلَى,ذلي,فعَل يفعَل,I,imperative,active,2ms,1,اِذْلَ
307_137,ذَلَى,ذلي,فعَل يفعَل,I,imperative,active,2d,1,اِذْلَيا
307_137,ذَلَى,ذلي,فعَل يفعَل,I,imperative,active,2mp,1,اِذْلَوْا
307_137,ذَلَى,ذلي,فعَل يفعَل,I,imperative,active,2fs,1,اِذْلَيْ
307_137,ذَلَى,ذلي,فعَل يفعَل,I,imperative,active,2fp,1,اِذْلَيْنَ
308_147,حَلُوَ,حلو,فعُل يفعُل,I,past,active,3ms,1,حَلُوَ
308_147,حَلُوَ,حلو,فعُل يفعُل,I,past,active,3md,1,حَلُوَا
308_147,حَلُوَ,حلو,فعُل يفعُل,I,past,active,3mp,1,حَلُوا
308_147,حَلُوَ,حلو,فعُل يفعُل,I,past,active,3fs,1,حَلُوَتْ
308_147,حَلُوَ,حلو,فعُل يفعُل,I,past,active,3fd,1,حَلُوَتا
308_147,حَلُوَ,حلو,فعُل يفعُل,I,past,active,3fp,1,حَلُوْنَ
308_147,حَلُوَ,حلو,فعُل يفعُل,I,past,active,2ms,1,حَلُوْتَ
308_147,حَلُوَ,حلو,فعُل يفعُل,I,past,active,2d,1,حَلُوْتُما
308_147,حَلُوَ,حلو,فعُل يفعُل,I,past,active,2mp,1,حَلُوْتُمْ
308_147,حَلُوَ,حلو,فعُل يفعُل,I,past,active,2fs,1,حَلُوْتِ
308_147,حَلُوَ,حلو,فعُل يفعُل,I,past,active,2fp,1,حَلُوْتُنَّ
308_147,حَلُوَ,حلو,فعُل يفعُل,I,past,active,1s,1,حَلُوْتُ
308_147,حَلُوَ,حلو,فعُل يفعُل,I,past,active,1p,1,حَلُوْنا
308_147,حَلُوَ,حلو,فعُل يفعُل,I,indicative,active,3ms,1,يَحْلُو
308_147,حَلُوَ,حلو,فعُل يفعُل,I,indicative,active,3md,1,يَحْلُوَانِ
308_147,حَلُوَ,حلو,فعُل يفعُل,I,indicative,active,3mp,1,يَحْلُونَ
308_147,حَلُوَ,حلو,فعُل يفعُل,I,indicative,active,3fs,1,تَحْلُو
308_147,حَلُوَ,حلو,فعُل يفعُل,I,indicative,active,3fd,1,تَحْلُوَانِ
308_147,حَلُوَ,حلو,فعُل يفعُل,I,indicative,active,3fp,1,يَحْلُونَ
308_147,حَلُوَ,حلو,فعُل يفعُل,I,indicative,active,2ms,1,تَحْلُو
308_147,حَلُوَ,حلو,فعُل يفعُل,I,indicative,active,2d,1,تَحْلُوَانِ
308_147,حَلُوَ,حلو,فعُل يفعُل,I,indicative,active,2mp,1,تَحْلُونَ
308_147,حَلُوَ,حلو,فعُل يفعُل,I,indicative,active,2fs,1,تَحْلُوِينَ
308_147,حَلُوَ,حلو,فعُل يفعُل,I,indicative,active,2fp,1,تَحْلُونَ
308_147,حَلُوَ,حلو,فعُل يفعُل,I,indicative,active,1s,1,أَحْلُو
308_147,حَلُوَ,حلو,فعُل يفعُل,I,indicative,active,1p,1,نَحْلُو
308_147,حَلُوَ,حلو,فعُل يفعُل,I,imperative,active,2ms,1,اُحْلُ
308_147,حَلُوَ,حلو,فعُل يفعُل,I,imperative,active,2d,1,اُحْلُوَا
308_147,حَلُوَ,حلو,فعُل يفعُل,I,imperative,active,2mp,1,اُحْلُوا
308_147,حَلُوَ,حلو,فعُل يفعُل,I,imperative,active,2fs,1,اُحْلُوِي
308_147,حَلُوَ,حلو,فعُل يفعُل,I,imperative,active,2fp,1,اُحْلُونَ
309_147,سَرُوَ,سرو,فعُل يفعُل,I,past,active,3ms,1,سَرُوَ
309_147,سَرُوَ,سرو,فعُل يفعُل,I,past,active,3md,1,سَرُوَا
309_147,سَرُوَ,سرو,فعُل يفعُل,I,past,active,3mp,1,سَرُوا
309_147,سَرُوَ,سرو,فعُل يفعُل,I,past,active,3fs,1,سَرُوَتْ
309_147,سَرُوَ,سرو,فعُل يفعُل,I,past,active,3fd,1,سَرُوَتا
309_147,سَرُوَ,سرو,فعُل يفعُل,I,past,active,3fp,1,سَرُوْنَ
309_147,سَرُوَ,سرو,فعُل يفعُل,I,past,active,2ms,1,سَرُوْتَ
309_147,سَرُوَ,سرو,فعُل يفعُل,I,past,active,2d,1,سَرُوْتُما
309_147,سَرُوَ,سرو,فعُل يفعُل,I,past,active,2mp,1,سَرُوْتُمْ
309_147,سَرُوَ,سرو,فعُل يفعُل,I,past,active,2fs,1,سَرُوْتِ
309_147,سَرُوَ,سرو,فعُل يفعُل,I,past,active,2fp,1,سَرُوْتُنَّ
309_147,سَرُوَ,سرو,فعُل يفعُل,I,past,active,1s,1,سَرُوْتُ
309_147,سَرُوَ,سرو,فعُل يفعُل,I,past,active,1p,1,سَرُوْنا
309_147,سَرُوَ,سرو,فعُل يفعُل,I,indicative,active,3ms,1,يَسْرُو
309_147,سَرُوَ,سرو,فعُل يفعُل,I,indicative,active,3md,1,يَسْرُوَانِ
309_147,سَرُوَ,سرو,فعُل يفعُل,I,indicative,active,3mp,1,يَسْرُونَ
309_147,سَرُوَ,سرو,فعُل يفعُل,I,indicative,active,3fs,1,تَسْرُو
309_147,سَرُوَ,سرو,فعُل يفعُل,I,indicative,active,3fd,1,تَسْرُوَانِ
309_147,سَرُوَ,سرو,فعُل يفعُل,I,indicative,active,2ms,1,تَسْرُو
309_147,سَرُوَ,سرو,فعُل يفعُل,I,indicative,active,2d,1,تَسْرُوَانِ
309_147,سَرُوَ,سرو,فعُل يفعُل,I,indicative,active,2mp,1,تَسْرُونَ
309_147,سَرُوَ,سرو,فعُل يفعُل,I,indicative,active,2fs,1,تَسْرُوينَ
309_147,سَرُوَ,سرو,فعُل يفعُل,I,indicative,active,2fp,1,تَسْرُونَ
309_147,سَرُوَ,سرو,فعُل يفعُل,I,indicative,active,1s,1,أَسْرُو
309_147,سَرُوَ,سرو,فعُل يفعُل,I,indicative,active,1p,1,نَسْرُو
309_147,سَرُوَ,سرو,فعُل يفعُل,I,imperative,active,2ms,1,اُسْرُ
309_147,سَرُوَ,سرو,فعُل يفعُل,I,imperative,active,2d,1,اُسْرُوَا
309_147,سَرُوَ,سرو,فعُل يفعُل,I,imperative,active,2mp,1,اُسْرُوا
309_147,سَرُوَ,سرو,فعُل يفعُل,I,imperative,active,2fs,1,اُسْرُوِي
309_147,سَرُوَ,سرو,فعُل يفعُل,I,imperative,active,2fp,1,اُسْرُونَ
310_153,صَئِبَ,صئب,فعِل يفعَل,I,past,active,3ms,1,صَئِبَ
310_153,صَئِبَ,صئب,فعِل يفعَل,I,past,active,3md,1,صَئِبا
310_153,صَئِبَ,صئب,فعِل يفعَل,I,past,active,3mp,1,صَئِبوا
310_153,صَئِبَ,صئب,فعِل يفعَل,I,past,active,3fs,1,صَئِبَتْ
310_153,صَئِبَ,صئب,فعِل يفعَل,I,past,active,3fd,1,صَئِبَتا
310_153,صَئِبَ,صئب,فعِل يفعَل,I,past,active,3fp,1,صَئِبْنَ
310_153,صَئِبَ,صئب,فعِل يفعَل,I,past,active,2ms,1,صَئِبْتَ
310_153,صَئِبَ,صئب,فعِل يفعَل,I,past,active,2d,1,صَئِبْتُما
310_153,صَئِبَ,صئب,فعِل يفعَل,I,past,active,2mp,1,صَئِبْتُمْ
310_153,صَئِبَ,صئب,فعِل يفعَل,I,past,active,2fs,1,صَئِبْتِ
310_153,صَئِبَ,صئب,فعِل يفعَل,I,past,active,2fp,1,صَئِبْتُنَّ
310_153,صَئِبَ,صئب,فعِل يفعَل,I,past,active,1s,1,صَئِبْتُ
310_153,صَئِبَ,صئب,فعِل يفعَل,I,past,active,1p,1,صَئِبْنَا
310_153,صَئِبَ,صئب,فعِل يفعَل,I,indicative,active,3ms,1,يَصْأَبُ
310_153,صَئِبَ,صئب,فعِل يفعَل,I,indicative,active,3md,1,يَصْأَبانِ
310_153,صَئِبَ,صئب,فعِل يفعَل,I,indicative,active,3mp,1,يَصْأَبونَ
310_153,صَئِبَ,صئب,فعِل يفعَل,I,indicative,active,3fs,1,تَصْأَبُ
310_153,صَئِبَ,صئب,فعِل يفعَل,I,indicative,active,3fd,1,تَصْأَبانِ
310_153,صَئِبَ,صئب,فعِل يفعَل,I,indicative,active,3fp,1,يَصْأَبْنَ
310_153,صَئِبَ,صئب,فعِل يفعَل,I,indicative,active,2ms,1,تَصْأَبُ
310_153,صَئِبَ,صئب,فعِل يفعَل,I,indicative,active,2d,1,تَصْأَبانِ
310_153,صَئِبَ,صئب,فعِل يفعَل,I,indicative,active,2mp,1,تَصْأَبونَ
310_153,صَئِبَ,صئب,فعِل يفعَل,I,indicative,active,2fs,1,تَصْأَبينَ
310_153,صَئِبَ,صئب,فعِل يفعَل,I,indicative,active,2fp,1,تَصْأَبْنَ
310_153,صَئِبَ,صئب,فعِل يفعَل,I,indicative,active,1s,1,أَصْأَبُ
310_153,صَئِبَ,صئب,فعِل يفعَل,I,indicative,active,1p,1,نَصْأَبُ
310_153,صَئِبَ,صئب,فعِل يفعَل,I,imperative,active,2ms,1,اِصْأَبْ
310_153,صَئِبَ,صئب,فعِل يفعَل,I,imperative,active,2d,1,اِصْأَبا
310_153,صَئِبَ,صئب,فعِل يفعَل,I,imperative,active,2mp,1,اِصْأَبُوا
310_153,صَئِبَ,صئب,فعِل يفعَل,I,imperative,active,2fs,1,اِصْأَبي
310_153,صَئِبَ,صئب,فعِل يفعَل,I,imperative,active,2fp,1,اِصْأَبْنَ
311_155,وَجِعَ,وجع,فعِل يفعَل,I,past,active,3ms,1,وَجِعَ
311_155,وَجِعَ,وجع,فعِل يفعَل,I,past,active,3md,1,وَجِعا
311_155,وَجِعَ,وجع,فعِل يفعَل,I,past,active,3mp,1,وَجِعُوا
311_155,وَجِعَ,وجع,فعِل يفعَل,I,past,active,3fs,1,وَجِعَتْ
311_155,وَجِعَ,وجع,فعِل يفعَل,I,past,active,3fd,1,وَجِعَتَا
311_155,وَجِعَ,وجع,فعِل يفعَل,I,past,active,3fp,1,وَجِعْنَ
311_155,وَجِعَ,وجع,فعِل يفعَل,I,past,active,2ms,1,وَجِعْتَ
311_155,وَجِعَ,وجع,فعِل يفعَل,I,past,active,2d,1,وَجِعْتُما
311_155,وَجِعَ,وجع,فعِل يفعَل,I,past,active,2mp,1,وَجِعْتُمْ
311_155,وَجِعَ,وجع,فعِل يفعَل,I,past,active,2fs,1,وَجِعْتِ
311_155,وَجِعَ,وجع,فعِل يفعَل,I,past,active,2fp,1,وَجِعْتُنَّ
311_155,وَجِعَ,وجع,فعِل يفعَل,I,past,active,1s,1,وَجِعْتُ
311_155,وَجِعَ,وجع,فعِل يفعَل,I,past,active,1p,1,وَجِعْنا
311_155,وَجِعَ,وجع,فعِل يفعَل,I,indicative,active,3ms,1,يَوْجَعُ
311_155,وَجِعَ,وجع,فعِل يفعَل,I,indicative,active,3md,1,يَوْجَعانِ
311_155,وَجِعَ,وجع,فعِل يفعَل,I,indicative,active,3mp,1,يَوْجَعُونَ
311_155,وَجِعَ,وجع,فعِل يفعَل,I,indicative,active,3fs,1,تَوْجَعُ
311_155,وَجِعَ,وجع,فعِل يفعَل,I,indicative,active,3fd,1,تَوْجَعانِ
311_155,وَجِعَ,وجع,فعِل يفعَل,I,indicative,active,3fp,1,يَوْجَعْنَ
311_155,وَجِعَ,وجع,فعِل يفعَل,I,indicative,active,2ms,1,تَوْجَعُ
311_155,وَجِعَ,وجع,فعِل يفعَل,I,indicative,active,2d,1,تَوْجَعَانِ
311_155,وَجِعَ,وجع,فعِل يفعَل,I,indicative,active,2mp,1,تَوْجَعُونَ
311_155,وَجِعَ,وجع,فعِل يفعَل,I,indicative,active,2fs,1,تَوْجَعينَ
311_155,وَجِعَ,وجع,فعِل يفعَل,I,indicative,active,2fp,1,تَوْجَعْنَ
311_155,وَجِعَ,وجع,فعِل يفعَل,I,indicative,active,1s,1,أَوْجَعُ
311_155,وَجِعَ,وجع,فعِل يفعَل,I,indicative,active,1p,1,نَوْجَعُ
311_155,وَجِعَ,وجع,فعِل يفعَل,I,imperative,active,2ms,1,اِيْجَعْ
311_155,وَجِعَ,وجع,فعِل يفعَل,I,imperative,active,2d,1,اِيْجَعا
311_155,وَجِعَ,وجع,فعِل يفعَل,I,imperative,active,2mp,1,اِيْجَعُوا
311_155,وَجِعَ,وجع,فعِل يفعَل,I,imperative,active,2fs,1,اِيْجَعي
311_155,وَجِعَ,وجع,فعِل يفعَل,I,imperative,active,2fp,1,اِيْجَعْنَ
312_156,كادَ,كود,فعِل يفعَل,I,past,active,3ms,1,كادَ
312_156,كادَ,كود,فعِل يفعَل,I,past,active,3md,1,كادا
312_156,كادَ,كود,فعِل يفعَل,I,past,active,3mp,1,كادوا
312_156,كادَ,كود,فعِل يفعَل,I,past,active,3fs,1,كادَتْ
312_156,كادَ,كود,فعِل يفعَل,I,past,active,3fd,1,كادَتا
312_156,كادَ,كود,فعِل يفعَل,I,past,active,3fp,1,كِدْنَ
312_156,كادَ,كود,فعِل يفعَل,I,past,active,2ms,1,كِدْتَ
312_156,كادَ,كود,فعِل يفعَل,I,past,active,2d,1,كِدْتُما
312_156,كادَ,كود,فعِل يفعَل,I,past,active,2mp,1,كِدْتُمْ
312_156,كادَ,كود,فعِل يفعَل,I,past,active,2fs,1,كِدْتِ
312_156,كادَ,كود,فعِل يفعَل,I,past,active,2fp,1,كِدْتُنَّ
312_156,كادَ,كود,فعِل يفعَل,I,past,active,1s,1,كِدْتُ
312_156,كادَ,كود,فعِل يفعَل,I,past,active,1p,1,كِدْنا
312_156,كادَ,كود,فعِل يفعَل,I,indicative,active,3ms,1,يَكادُ
312_156,كادَ,كود,فعِل يفعَل,I,indicative,active,3md,1,يَكادانِ
312_156,كادَ,كود,فعِل يفعَل,I,indicative,active,3mp,1,يَكادونَ
312_156,كادَ,كود,فعِل يفعَل,I,indicative,active,3fs,1,تَكادُ
312_156,كادَ,كود,فعِل يفعَل,I,indicative,active,3fd,1,تَكادانِ
312_156,كادَ,كود,فعِل يفعَل,I,indicative,active,3fp,1,يَكَدْنَ
312_156,كادَ,كود,فعِل يفعَل,I,indicative,active,2ms,1,تَكادُ
312_156,كادَ,كود,فعِل يفعَل,I,indicative,active,2d,1,تَكادانِ
312_156,كادَ,كود,فعِل يفعَل,I,indicative,active,2mp,1,تَكادونَ
312_156,كادَ,كود,فعِل يفعَل,I,indicative,active,2fs,1,تَكادينَ
312_156,كادَ,كود,فعِل يفعَل,I,indicative,active,2fp,1,تَكَدْنَ
312_156,كادَ,كود,فعِل يفعَل,I,indicative,active,1s,1,أَكادُ
312_156,كادَ,كود,فعِل يفعَل,I,indicative,active,1p,1,نَكادُ
312_156,كادَ,كود,فعِل يفعَل,I,imperative,active,2ms,1,كَدْ
312_156,كادَ,كود,فعِل يفعَل,I,imperative,active,2d,1,كادا
312_156,كادَ,كود,فعِل يفعَل,I,imperative,active,2mp,1,كادوا
312_156,كادَ,كود,فعِل يفعَل,I,imperative,active,2fs,1,كادي
312_156,كادَ,كود,فعِل يفعَل,I,imperative,active,2fp,1,كَدْنَ
313_156,هاءَ,هوء,فعِل يفعَل,I,past,active,3ms,1,هاءَ
313_156,هاءَ,هوء,فعِل يفعَل,I,past,active,3md,1,هاءا
313_156,هاءَ,هوء,فعِل يفعَل,I,past,active,3mp,1,هاؤوا
313_156,هاءَ,هوء,فعِل يفعَل,I,past,active,3fs,1,هاءَتْ
313_156,هاءَ,هوء,فعِل يفعَل,I,past,active,3fd,1,هاءَتا
313_156,هاءَ,هوء,فعِل يفعَل,I,past,active,3fp,1,هِئْنَ
313_156,هاءَ,هوء,فعِل يفعَل,I,past,active,2ms,1,هِئْتَ
313_156,هاءَ,هوء,فعِل يفعَل,I,past,active,2d,1,هِئْتُما
313_156,هاءَ,هوء,فعِل يفعَل,I,past,active,2mp,1,هِئْتُمْ
313_156,هاءَ,هوء,فعِل يفعَل,I,past,active,2fs,1,هِئْتِ
313_156,هاءَ,هوء,فعِل يفعَل,I,past,active,2fp,1,هِئْتُنَّ
313_156,هاءَ,هوء,فعِل يفعَل,I,past,active,1s,1,هِئْتُ
313_156,هاءَ,هوء,فعِل يفعَل,I,past,active,1p,1,هِئْنا
313_156,هاءَ,هوء,فعِل يفعَل,I,indicative,active,3ms,1,يَهاءُ
313_156,هاءَ,هوء,فعِل يفعَل,I,indicative,active,3md,1,يَهاآنِ
313_156,هاءَ,هوء,فعِل يفعَل,I,indicative,active,3mp,1,يَهاؤونَ
313_156,هاءَ,هوء,فعِل يفعَل,I,indicative,active,3fs,1,تَهاءُ
313_156,هاءَ,هوء,فعِل يفعَل,I,indicative,active,3fd,1,تَهاآنِ
313_156,هاءَ,هوء,فعِل يفعَل,I,indicative,active,3fp,1,يَهَأْنَ
313_156,هاءَ,هوء,فعِل يفعَل,I,indicative,active,2ms,1,تَهاءُ
313_156,هاءَ,هوء,فعِل يفعَل,I,indicative,active,2d,1,تَهاآنِ
313_156,هاءَ,هوء,فعِل يفعَل,I,indicative,active,2mp,1,تَهاؤونَ
313_156,هاءَ,هوء,فعِل يفعَل,I,indicative,active,2fs,1,تَهائِينَ
313_156,هاءَ,هوء,فعِل يفعَل,I,indicative,active,2fp,1,تَهَأْنَ
313_156,هاءَ,هوء,فعِل يفعَل,I,indicative,active,1s,1,أَهاءُ
313_156,هاءَ,هوء,فعِل يفعَل,I,indicative,active,1p,1,نَهاءُ
313_156,هاءَ,هوء,فعِل يفعَل,I,imperative,active,2ms,1,هَأْ
313_156,هاءَ,هوء,فعِل يفعَل,I,imperative,active,2d,1,هاءا
313_156,هاءَ,هوء,فعِل يفعَل,I,imperative,active,2mp,1,هاؤوا
313_156,هاءَ,هوء,فعِل يفعَل,I,imperative,active,2fs,1,هائي
313_156,هاءَ,هوء,فعِل يفعَل,I,imperative,active,2fp,1,هَأْنَ
314_157,أَذِيَ,أذي,فعِل يفعَل,I,past,active,3ms,1,أَذِيَ
314_157,أَذِيَ,أذي,فعِل يفعَل,I,past,active,3md,1,أَذِيا
314_157,أَذِيَ,أذي,فعِل يفعَل,I,past,active,3mp,1,أَذُوا
314_157,أَذِيَ,أذي,فعِل يفعَل,I,past,active,3fs,1,أَذِيَتْ
314_157,أَذِيَ,أذي,فعِل يفعَل,I,past,active,3fd,1,أَذِيَتَا
314_157,أَذِيَ,أذي,فعِل يفعَل,I,past,active,3fp,1,أَذِينَ
314_157,أَذِيَ,أذي,فعِل يفعَل,I,past,active,2ms,1,أَذِيتَ
314_157,أَذِيَ,أذي,فعِل يفعَل,I,past,active,2d,1,أَذِيتُما
314_157,أَذِيَ,أذي,فعِل يفعَل,I,past,active,2mp,1,أَذِيتُمْ
314_157,أَذِيَ,أذي,فعِل يفعَل,I,past,active,2fs,1,أَذِيتِ
314_157,أَذِيَ,أذي,فعِل يفعَل,I,past,active,2fp,1,أَذِيتُنَّ
314_157,أَذِيَ,أذي,فعِل يفعَل,I,past,active,1s,1,أَذِيتُ
314_157,أَذِيَ,أذي,فعِل يفعَل,I,past,active,1p,1,أَذِينا
314_157,أَذِيَ,أذي,فعِل يفعَل,I,indicative,active,3ms,1,يَأْذَى
314_157,أَذِيَ,أذي,فعِل يفعَل,I,indicative,active,3md,1,يَأْذَيانِ
314_157,أَذِيَ,أذي,فعِل يفعَل,I,indicative,active,3mp,1,يَأْذَوْنَ
314_157,أَذِيَ,أذي,فعِل يفعَل,I,indicative,active,3fs,1,تَأْذَى
314_157,أَذِيَ,أذي,فعِل يفعَل,I,indicative,active,3fd,1,تَأْذَيانِ
314_157,أَذِيَ,أذي,فعِل يفعَل,I,indicative,active,3fp,1,يَأْذَيْنَ
314_157,أَذِيَ,أذي,فعِل يفعَل,I,indicative,active,2ms,1,تَأْذَى
314_157,أَذِيَ,أذي,فعِل يفعَل,I,indicative,active,2d,1,تَأْذَيانِ
314_157,أَذِيَ,أذي,فعِل يفعَل,I,indicative,active,2mp,1,تَأْذَوْنَ
314_157,أَذِيَ,أذي,فعِل يفعَل,I,indicative,active,2fs,1,تَأْذَيْنَ
314_157,أَذِيَ,أذي,فعِل يفعَل,I,indicative,active,2fp,1,تَأْذَيْنَ
314_157,أَذِيَ,أذي,فعِل يفعَل,I,indicative,active,1s,1,آذَى
314_157,أَذِيَ,أذي,فعِل يفعَل,I,indicative,active,1p,1,نَأْذَى
314_157,أَذِيَ,أذي,فعِل يفعَل,I,imperative,active,2ms,1,اِئْذَ
314_157,أَذِيَ,أذي,فعِل يفعَل,I,imperative,active,2d,1,اِئْذَيا
314_157,أَذِيَ,أذي,فعِل يفعَل,I,imperative,active,2mp,1,اِئْذَوْا
314_157,أَذِيَ,أذي,فعِل يفعَل,I,imperative,active,2fs,1,اِئْذَيْ
314_157,أَذِيَ,أذي,فعِل يفعَل,I,imperative,active,2fp,1,اِئْذَيْنَ
315_157,سَخِيَ,سخي,فعِل يفعَل,I,past,active,3ms,1,سَخِيَ
315_157,سَخِيَ,سخي,فعِل يفعَل,I,past,active,3md,1,سَخِيا
315_157,سَخِيَ,سخي,فعِل يفعَل,I,past,active,3mp,1,سَخُوا
315_157,سَخِيَ,سخي,فعِل يفعَل,I,past,active,3fs,1,سَخِيَتْ
315_157,سَخِيَ,سخي,فعِل يفعَل,I,past,active,3fd,1,سَخِيَتا
315_157,سَخِيَ,سخي,فعِل يفعَل,I,past,active,3fp,1,سَخِينَ
315_157,سَخِيَ,سخي,فعِل يفعَل,I,past,active,2ms,1,سَخِيتَ
315_157,سَخِيَ,سخي,فعِل يفعَل,I,past,active,2d,1,سَخِيتُما
315_157,سَخِيَ,سخي,فعِل يفعَل,I,past,active,2mp,1,سَخِيتُمْ
315_157,سَخِيَ,سخي,فعِل يفعَل,I,past,active,2fs,1,سَخِيتِ
315_157,سَخِيَ,سخي,فعِل يفعَل,I,past,active,2fp,1,سَخِيتُنَّ
315_157,سَخِيَ,سخي,فعِل يفعَل,I,past,active,1s,1,سَخِيتُ
315_157,سَخِيَ,سخي,فعِل يفعَل,I,past,active,1p,1,سَخِينا
315_157,سَخِيَ,سخي,فعِل يفعَل,I,indicative,active,3ms,1,يَسْخَى
315_157,سَخِيَ,سخي,فعِل يفعَل,I,indicative,active,3md,1,يَسْخَيانِ
315_157,سَخِيَ,سخي,فعِل يفعَل,I,indicative,active,3mp,1,يَسْخَوْنَ
315_157,سَخِيَ,سخي,فعِل يفعَل,I,indicative,active,3fs,1,تَسْخَى
315_157,سَخِيَ,سخي,فعِل يفعَل,I,indicative,active,3fd,1,تَسْخَيانِ
315_157,سَخِيَ,سخي,فعِل يفعَل,I,indicative,active,2ms,1,تَسْخَى
315_157,سَخِيَ,سخي,فعِل يفعَل,I,indicative,active,2d,1,تَسْخَيانِ
315_157,سَخِيَ,سخي,فعِل يفعَل,I,indicative,active,2mp,1,تَسْخَوْنَ
315_157,سَخِيَ,سخي,فعِل يفعَل,I,indicative,active,2fs,1,تَسْخَيْنَ
315_157,سَخِيَ,سخي,فعِل يفعَل,I,indicative,active,2fp,1,تَسْخَيْنَ
315_157,سَخِيَ,سخي,فعِل يفعَل,I,indicative,active,1s,1,أَسْخَى
315_157,سَخِيَ,سخي,فعِل يفعَل,I,indicative,active,1p,1,نَسْخَى
315_157,سَخِيَ,سخي,فعِل يفعَل,I,imperative,active,2ms,1,اِسْخَ
315_157,سَخِيَ,سخي,فعِل يفعَل,I,imperative,active,2d,1,اِسْخَيا
315_157,سَخِيَ,سخي,فعِل يفعَل,I,imperative,active,2mp,1,اِسْخَوْا
315_157,سَخِيَ,سخي,فعِل يفعَل,I,imperative,active,2fs,1,اِسْخَيْ
315_157,سَخِيَ,سخي,فعِل يفعَل,I,imperative,active,2fp,1,اِسْخَيْنَ
316_157,أَسِيَ,أسي,فعِل يفعَل,I,past,active,3ms,1,أَسِيَ
316_157,أَسِيَ,أسي,فعِل يفعَل,I,past,active,3md,1,أَسِيا
316_157,أَسِيَ,أسي,فعِل يفعَل,I,past,active,3mp,1,أَسُوا
316_157,أَسِيَ,أسي,فعِل يفعَل,I,past,active,3fs,1,أَسِيَتْ
316_157,أَسِيَ,أسي,فعِل يفعَل,I,past,active,3fd,1,أَسِيَتَا
316_157,أَسِيَ,أسي,فعِل يفعَل,I,past,active,3fp,1,أَسِينَ
316_157,أَسِيَ,أسي,فعِل يفعَل,I,past,active,2ms,1,أَسِيتَ
316_157,أَسِيَ,أسي,فعِل يفعَل,I,past,active,2d,1,أَسِيتُما
316_157,أَسِيَ,أسي,فعِل يفعَل,I,past,active,2mp,1,أَسِيتُمْ
316_157,أَسِيَ,أسي,فعِل يفعَل,I,past,active,2fs,1,أَسِيتِ
316_157,أَسِيَ,أسي,فعِل يفعَل,I,past,active,2fp,1,أَسِيتُنَّ
316_157,أَسِيَ,أسي,فعِل يفعَل,I,past,active,1s,1,أَسِيتُ
316_157,أَسِيَ,أسي,فعِل يفعَل,I,past,active,1p,1,أَسِينا
316_157,أَسِيَ,أسي,فعِل يفعَل,I,indicative,active,3ms,1,يَأْسَى
316_157,أَسِيَ,أسي,فعِل يفعَل,I,indicative,active,3md,1,يَأْسَيانِ
316_157,أَسِيَ,أسي,فعِل يفعَل,I,indicative,active,3mp,1,يَأْسَوْنَ
316_157,أَسِيَ,أسي,فعِل يفعَل,I,indicative,active,3fs,1,تَأْسَى
316_157,أَسِيَ,أسي,فعِل يفعَل,I,indicative,active,3fd,1,تَأْسَيانِ
316_157,أَسِيَ,أسي,فعِل يفعَل,I,indicative,active,3fp,1,يَأْسَيْنَ
316_157,أَسِيَ,أسي,فعِل يفعَل,I,indicative,active,2ms,1,تَأْسَى
316_157,أَسِيَ,أسي,فعِل يفعَل,I,indicative,active,2d,1,تَأْسَيانِ
316_157,أَسِيَ,أسي,فعِل يفعَل,I,indicative,active,2mp,1,تَأْسَوْنَ
316_157,أَسِيَ,أسي,فعِل يفعَل,I,indicative,active,2fs,1,تَأْسَيْنَ
316_157,أَسِيَ,أسي,فعِل يفعَل,I,indicative,active,2fp,1,تَأْسَيْنَ
316_157,أَسِيَ,أسي,فعِل يفعَل,I,indicative,active,1s,1,آسَى
316_157,أَسِيَ,أسي,فعِل يفعَل,I,indicative,active,1p,1,نَأْسَى
316_157,أَسِيَ,أسي,فعِل يفعَل,I,imperative,active,2ms,1,اِئْسَ
316_157,أَسِيَ,أسي,فعِل يفعَل,I,imperative,active,2d,1,اِئْسَيا
316_157,أَسِيَ,أسي,فعِل يفعَل,I,imperative,active,2mp,1,اِئْسَوْا
316_157,أَسِيَ,أسي,فعِل يفعَل,I,imperative,active,2fs,1,اِئْسَيْ
316_157,أَسِيَ,أسي,فعِل يفعَل,I,imperative,active,2fp,1,اِئْسَيْنَ
317_157,عَرِيَ,عري,فعِل يفعَل,I,past,active,3ms,1,عَرِيَ
317_157,عَرِيَ,عري,فعِل يفعَل,I,past,active,3md,1,عَرِيا
317_157,عَرِيَ,عري,فعِل يفعَل,I,past,active,3mp,1,عَرُوا
317_157,عَرِيَ,عري,فعِل يفعَل,I,past,active,3fs,1,عَرِيَتْ
317_157,عَرِيَ,عري,فعِل يفعَل,I,past,active,3fd,1,عَرِيَتا
317_157,عَرِيَ,عري,فعِل يفعَل,I,past,active,3fp,1,عَرِينَ
317_157,عَرِيَ,عري,فعِل يفعَل,I,past,active,2ms,1,عَرِيتَ
317_157,عَرِيَ,عري,فعِل يفعَل,I,past,active,2d,1,عَرِيتُما
317_157,عَرِيَ,عري,فعِل يفعَل,I,past,active,2mp,1,عَرِيتُمْ
317_157,عَرِيَ,عري,فعِل يفعَل,I,past,active,2fs,1,عَرِيتِ
317_157,عَرِيَ,عري,فعِل يفعَل,I,past,active,2fp,1,عَرِيتُنَّ
317_157,عَرِيَ,عري,فعِل يفعَل,I,past,active,1s,1,عَرِيتُ
317_157,عَرِيَ,عري,فعِل يفعَل,I,past,active,1p,1,عَرِينا
317_157,عَرِيَ,عري,فعِل يفعَل,I,indicative,active,3ms,1,يَعْرَى
317_157,عَرِيَ,عري,فعِل يفعَل,I,indicative,active,3md,1,يَعْرَيانِ
317_157,عَرِيَ,عري,فعِل يفعَل,I,indicative,active,3mp,1,يَعْرَوْنَ
317_157,عَرِيَ,عري,فعِل يفعَل,I,indicative,active,3fs,1,تَعْرَى
317_157,عَرِيَ,عري,فعِل يفعَل,I,indicative,active,3fd,1,تَعْرَيانِ
317_157,عَرِيَ,عري,فعِل يفعَل,I,indicative,active,2ms,1,تَعْرَى
317_157,عَرِيَ,عري,فعِل يفعَل,I,indicative,active,2d,1,تَعْرَيانِ
317_157,عَرِيَ,عري,فعِل يفعَل,I,indicative,active,2mp,1,تَعْرَوْنَ
317_157,عَرِيَ,عري,فعِل يفعَل,I,indicative,active,2fs,1,تَعْرَيْنَ
317_157,عَرِيَ,عري,فعِل يفعَل,I,indicative,active,2fp,1,تَعْرَيْنَ
317_157,عَرِيَ,عري,فعِل يفعَل,I,indicative,active,1s,1,أَعْرَى
317_157,عَرِيَ,عري,فعِل يفعَل,I,indicative,active,1p,1,نَعْرَى
317_157,عَرِيَ,عري,فعِل يفعَل,I,imperative,active,2ms,1,اِعْرَ
317_157,عَرِيَ,عري,فعِل يفعَل,I,imperative,active,2d,1,اِعْرَيا
317_157,عَرِيَ,عري,فعِل يفعَل,I,imperative,active,2mp,1,اِعْرَوْا
317_157,عَرِيَ,عري,فعِل يفعَل,I,imperative,active,2fs,1,اِعْرَيْ
317_157,عَرِيَ,عري,فعِل يفعَل,I,imperative,active,2fp,1,اِعْرَيْنَ
318_200,نَفَّذَ,نفذ,فعّل,II,past,active,3ms,1,نَفَّذَ
318_200,نَفَّذَ,نفذ,فعّل,II,past,active,3md,1,نَفَّذا
318_200,نَفَّذَ,نفذ,فعّل,II,past,active,3mp,1,نَفَّذُوا
318_200,نَفَّذَ,نفذ,فعّل,II,past,active,3fs,1,نَفَّذَتْ
318_200,نَفَّذَ,نفذ,فعّل,II,past,active,3fd,1,نَفَّذَتا
318_200,نَفَّذَ,نفذ,فعّل,II,past,active,3fp,1,نَفَّذْنَ
318_200,نَفَّذَ,نفذ,فعّل,II,past,active,2ms,1,نَفَّذْتَ
318_200,نَفَّذَ,نفذ,فعّل,II,past,active,2d,1,نَفَّذْتُما
318_200,نَفَّذَ,نفذ,فعّل,II,past,active,2mp,1,نَفَّذْتُمْ
318_200,نَفَّذَ,نفذ,فعّل,II,past,active,2fs,1,نَفَّذْتِ
318_200,نَفَّذَ,نفذ,فعّل,II,past,active,2fp,1,نَفَّذْتُنَّ
318_200,نَفَّذَ,نفذ,فعّل,II,past,active,1s,1,نَفَّذْتُ
318_200,نَفَّذَ,نفذ,فعّل,II,past,active,1p,1,نَفَّذْنا
318_200,نَفَّذَ,نفذ,فعّل,II,indicative,active,3ms,1,يُنَفِّذُ
318_200,نَفَّذَ,نفذ,فعّل,II,indicative,active,3md,1,يُنَفِّذانِ
318_200,نَفَّذَ,نفذ,فعّل,II,indicative,active,3mp,1,يُنَفِّذونَ
318_200,نَفَّذَ,نفذ,فعّل,II,indicative,active,3fs,1,تُنَفِّذُ
318_200,نَفَّذَ,نفذ,فعّل,II,indicative,active,3fd,1,تُنَفِّذانِ
318_200,نَفَّذَ,نفذ,فعّل,II,indicative,active,3fp,1,يُنَفِّذْنَ
318_200,نَفَّذَ,نفذ,فعّل,II,indicative,active,2ms,1,تُنَفِّذُ
318_200,نَفَّذَ,نفذ,فعّل,II,indicative,active,2d,1,تُنَفِّذانِ
318_200,نَفَّذَ,نفذ,فعّل,II,indicative,active,2mp,1,تُنَفِّذونَ
318_200,نَفَّذَ,نفذ,فعّل,II,indicative,active,2fs,1,تُنَفِّذينَ
318_200,نَفَّذَ,نفذ,فعّل,II,indicative,active,2fp,1,تُنَفِّذْنَ
318_200,نَفَّذَ,نفذ,فعّل,II,indicative,active,1s,1,أُنَفِّذُ
318_200,نَفَّذَ,نفذ,فعّل,II,indicative,active,1p,1,نُنَفِّذُ
318_200,نَفَّذَ,نفذ,فعّل,II,imperative,active,2ms,1,نَفِّذْ
318_200,نَفَّذَ,نفذ,فعّل,II,imperative,active,2d,1,نَفِّذا
318_200,نَفَّذَ,نفذ,فعّل,II,imperative,active,2mp,1,نَفِّذُوا
318_200,نَفَّذَ,نفذ,فعّل,II,imperative,active,2fs,1,نَفِّذي
318_200,نَفَّذَ,نفذ,فعّل,II,imperative,active,2fp,1,نَفِّذْنَ
319_206,فَيَّأَ,فيأ,فعّل,II,past,active,3ms,1,فَيَّأَ
319_206,فَيَّأَ,فيأ,فعّل,II,past,active,3md,1,فَيَّآ
319_206,فَيَّأَ,فيأ,فعّل,II,past,active,3mp,1,فَيَّؤُوا
319_206,فَيَّأَ,فيأ,فعّل,II,past,active,3fs,1,فَيَّأَتْ
319_206,فَيَّأَ,فيأ,فعّل,II,past,active,3fd,1,فَيَّأَتَا
319_206,فَيَّأَ,فيأ,فعّل,II,past,active,3fp,1,فَيَّأْنَ
319_206,فَيَّأَ,فيأ,فعّل,II,past,active,2ms,1,فَيَّأْتَ
319_206,فَيَّأَ,فيأ,فعّل,II,past,active,2d,1,فَيَّأْتُما
319_206,فَيَّأَ,فيأ,فعّل,II,past,active,2mp,1,فَيَّأْتُمْ
319_206,فَيَّأَ,فيأ,فعّل,II,past,active,2fs,1,فَيَّأْتِ
319_206,فَيَّأَ,فيأ,فعّل,II,past,active,2fp,1,فَيَّأْتُنَّ
319_206,فَيَّأَ,فيأ,فعّل,II,past,active,1s,1,فَيَّأْتُ
319_206,فَيَّأَ,فيأ,فعّل,II,past,active,1p,1,فَيَّأْنا
319_206,فَيَّأَ,فيأ,فعّل,II,indicative,active,3ms,1,يُفَيِّئُ
319_206,فَيَّأَ,فيأ,فعّل,II,indicative,active,3md,1,يُفَيِّئَانِ
319_206,فَيَّأَ,فيأ,فعّل,II,indicative,active,3mp,1,يُفَيِّئُونَ
319_206,فَيَّأَ,فيأ,فعّل,II,indicative,active,3fs,1,تُفَيِّئُ
319_206,فَيَّأَ,فيأ,فعّل,II,indicative,active,3fd,1,تُفَيِّئَانِ
319_206,فَيَّأَ,فيأ,فعّل,II,indicative,active,2ms,1,تُفَيِّئُ
319_206,فَيَّأَ,فيأ,فعّل,II,indicative,active,2d,1,تُفَيِّئَانِ
319_206,فَيَّأَ,فيأ,فعّل,II,indicative,active,2mp,1,تُفَيِّئُونَ
319_206,فَيَّأَ,فيأ,فعّل,II,indicative,active,2fs,1,تُفَيِّئينَ
319_206,فَيَّأَ,فيأ,فعّل,II,indicative,active,2fp,1,تُفَيِّئْنَ
319_206,فَيَّأَ,فيأ,فعّل,II,indicative,active,1s,1,أُفَيِّئُ
319_206,فَيَّأَ,فيأ,فعّل,II,indicative,active,1p,1,نُفَيِّئُ
319_206,فَيَّأَ,فيأ,فعّل,II,imperative,active,2ms,1,فَيِّئْ
319_206,فَيَّأَ,فيأ,فعّل,II,imperative,active,2d,1,فَيِّئَا
319_206,فَيَّأَ,فيأ,فعّل,II,imperative,active,2mp,1,فَيِّئُوا
319_206,فَيَّأَ,فيأ,فعّل,II,imperative,active,2fs,1,فَيِّئي
319_206,فَيَّأَ,فيأ,فعّل,II,imperative,active,2fp,1,فَيِّئْنَ
320_207,أَدَّى,أدي,فعّل,II,past,active,3ms,1,أَدَّى
320_207,أَدَّى,أدي,فعّل,II,past,active,3md,1,أَدَّيا
320_207,أَدَّى,أدي,فعّل,II,past,active,3mp,1,أَدَّوْا
320_207,أَدَّى,أدي,فعّل,II,past,active,3fs,1,أَدَّتْ
320_207,أَدَّى,أدي,فعّل,II,past,active,3fd,1,أَدَّتا
320_207,أَدَّى,أدي,فعّل,II,past,active,3fp,1,أَدَّيْنَ
320_207,أَدَّى,أدي,فعّل,II,past,active,2ms,1,أَدَّيْتَ
320_207,أَدَّى,أدي,فعّل,II,past,active,2d,1,أَدَّيْتُما
320_207,أَدَّى,أدي,فعّل,II,past,active,2mp,1,أَدَّيْتُمْ
320_207,أَدَّى,أدي,فعّل,II,past,active,2fs,1,أَدَّيْتِ
320_207,أَدَّى,أدي,فعّل,II,past,active,2fp,1,أَدَّيْتُنَّ
320_207,أَدَّى,أدي,فعّل,II,past,active,1s,1,أَدَّيْتُ
320_207,أَدَّى,أدي,فعّل,II,past,active,1p,1,أَدَّيْنا
320_207,أَدَّى,أدي,فعّل,II,indicative,active,3ms,1,يُؤَدّي
320_207,أَدَّى,أدي,فعّل,II,indicative,active,3md,1,يُؤَدِّيَانِ
320_207,أَدَّى,أدي,فعّل,II,indicative,active,3mp,1,يُؤَدُّونَ
320_207,أَدَّى,أدي,فعّل,II,indicative,active,3fs,1,تُؤَدّي
320_207,أَدَّى,أدي,فعّل,II,indicative,active,3fd,1,تُؤَدِّيَانِ
320_207,أَدَّى,أدي,فعّل,II,indicative,active,3fp,1,يُؤَدّينَ
320_207,أَدَّى,أدي,فعّل,II,indicative,active,2ms,1,تُؤَدّي
320_207,أَدَّى,أدي,فعّل,II,indicative,active,2d,1,تُؤَدِّيَانِ
320_207,أَدَّى,أدي,فعّل,II,indicative,active,2mp,1,تُؤَدُّونَ
320_207,أَدَّى,أدي,فعّل,II,indicative,active,2fs,1,تُؤَدّينَ
320_207,أَدَّى,أدي,فعّل,II,indicative,active,2fp,1,تُؤَدّينَ
320_207,أَدَّى,أدي,فعّل,II,indicative,active,1s,1,أُؤَدّي
320_207,أَدَّى,أدي,فعّل,II,indicative,active,1p,1,نُؤَدّي
320_207,أَدَّى,أدي,فعّل,II,imperative,active,2ms,1,أَدِّ
320_207,أَدَّى,أدي,فعّل,II,imperative,active,2d,1,أَدِّيَا
320_207,أَدَّى,أدي,فعّل,II,imperative,active,2mp,1,أَدُّوا
320_207,أَدَّى,أدي,فعّل,II,imperative,active,2fs,1,أَدِّي
320_207,أَدَّى,أدي,فعّل,II,imperative,active,2fp,1,أَدّينَ
321_207,رَأَّى,رأو,فعّل,II,past,active,3ms,1,رَأَّى
321_207,رَأَّى,رأو,فعّل,II,past,active,3md,1,رَأَّيَا
321_207,رَأَّى,رأو,فعّل,II,past,active,3mp,1,رَأَّوْا
321_207,رَأَّى,رأو,فعّل,II,past,active,3fs,1,رَأَّتْ
321_207,رَأَّى,رأو,فعّل,II,past,active,3fd,1,رَأَّتا
321_207,رَأَّى,رأو,فعّل,II,past,active,3fp,1,رَأَّيْنَ
321_207,رَأَّى,رأو,فعّل,II,past,active,2ms,1,رَأَّيْتَ
321_207,رَأَّى,رأو,فعّل,II,past,active,2d,1,رَأَّيْتُما
321_207,رَأَّى,رأو,فعّل,II,past,active,2mp,1,رَأَّيْتُمْ
321_207,رَأَّى,رأو,فعّل,II,past,active,2fs,1,رَأَّيْتِ
321_207,رَأَّى,رأو,فعّل,II,past,active,2fp,1,رَأَّيْتُنَّ
321_207,رَأَّى,رأو,فعّل,II,past,active,1s,1,رَأَّيْتُ
321_207,رَأَّى,رأو,فعّل,II,past,active,1p,1,رَأَّيْنا
321_207,رَأَّى,رأو,فعّل,II,indicative,active,3ms,1,يُرَئّي
321_207,رَأَّى,رأو,فعّل,II,indicative,active,3md,1,يُرَئِّيَانِ
321_207,رَأَّى,رأو,فعّل,II,indicative,active,3mp,1,يُرَؤُّونَ
321_207,رَأَّى,رأو,فعّل,II,indicative,active,3fs,1,تُرَئّي
321_207,رَأَّى,رأو,فعّل,II,indicative,active,3fd,1,تُرَئِّيَانِ
321_207,رَأَّى,رأو,فعّل,II,indicative,active,3fp,1,يُرَئّينَ
321_207,رَأَّى,رأو,فعّل,II,indicative,active,2ms,1,تُرَئّي
321_207,رَأَّى,رأو,فعّل,II,indicative,active,2d,1,تُرَئِّيَانِ
321_207,رَأَّى,رأو,فعّل,II,indicative,active,2mp,1,تُرَؤُّونَ
321_207,رَأَّى,رأو,فعّل,II,indicative,active,2fs,1,تُرَئّينَ
321_207,رَأَّى,رأو,فعّل,II,indicative,active,2fp,1,تُرَئّينَ
321_207,رَأَّى,رأو,فعّل,II,indicative,active,1s,1,أُرَئّي
321_207,رَأَّى,رأو,فعّل,II,indicative,active,1p,1,نُرَئّي
321_207,رَأَّى,رأو,فعّل,II,imperative,active,2ms,1,رَأِّ
321_207,رَأَّى,رأو,فعّل,II,imperative,active,2d,1,رَئِّيَا
321_207,رَأَّى,رأو,فعّل,II,imperative,active,2mp,1,رَؤُّوا
321_207,رَأَّى,رأو,فعّل,II,imperative,active,2fs,1,رَئِّي
321_207,رَأَّى,رأو,فعّل,II,imperative,active,2fp,1,رَئِّينَ
322_216,جايَأَ,جيأ,فاعل,III,past,active,3ms,1,جايَأَ
322_216,جايَأَ,جيأ,فاعل,III,past,active,3md,1,جايَآ
322_216,جايَأَ,جيأ,فاعل,III,past,active,3mp,1,جايَؤُوا
322_216,جايَأَ,جيأ,فاعل,III,past,active,3fs,1,جايَأَتْ
322_216,جايَأَ,جيأ,فاعل,III,past,active,3fd,1,جايَأَتَا
322_216,جايَأَ,جيأ,فاعل,III,past,active,3fp,1,جايَأْنَ
322_216,جايَأَ,جيأ,فاعل,III,past,active,2ms,1,جايَأْتَ
322_216,جايَأَ,جيأ,فاعل,III,past,active,2d,1,جايَأْتُما
322_216,جايَأَ,جيأ,فاعل,III,past,active,2mp,1,جايَأْتُمْ
322_216,جايَأَ,جيأ,فاعل,III,past,active,2fs,1,جايَأْتِ
322_216,جايَأَ,جيأ,فاعل,III,past,active,2fp,1,جايَأْتُنَّ
322_216,جايَأَ,جيأ,فاعل,III,past,active,1s,1,جايَأْتُ
322_216,جايَأَ,جيأ,فاعل,III,past,active,1p,1,جايَأْنا
322_216,جايَأَ,جيأ,فاعل,III,indicative,active,3ms,1,يُجايِئُ
322_216,جايَأَ,جيأ,فاعل,III,indicative,active,3md,1,يُجايِئَانِ
322_216,جايَأَ,جيأ,فاعل,III,indicative,active,3mp,1,يُجايِئُونَ
322_216,جايَأَ,جيأ,فاعل,III,indicative,active,3fs,1,تُجايِئُ
322_216,جايَأَ,جيأ,فاعل,III,indicative,active,3fd,1,تُجايِئَانِ
322_216,جايَأَ,جيأ,فاعل,III,indicative,active,3fp,1,يُجايِئْنَ
322_216,جايَأَ,جيأ,فاعل,III,indicative,active,2ms,1,تُجايِئُ
322_216,جايَأَ,جيأ,فاعل,III,indicative,active,2d,1,تُجايِئَانِ
322_216,جايَأَ,جيأ,فاعل,III,indicative,active,2mp,1,تُجايِئُونَ
322_216,جايَأَ,جيأ,فاعل,III,indicative,active,2fs,1,تُجايِئِينَ
322_216,جايَأَ,جيأ,فاعل,III,indicative,active,2fp,1,تُجايِئْنَ
322_216,جايَأَ,جيأ,فاعل,III,indicative,active,1s,1,أُجايِئُ
322_216,جايَأَ,جيأ,فاعل,III,indicative,active,1p,1,نُجايِئُ
322_216,جايَأَ,جيأ,فاعل,III,imperative,active,2ms,1,جايِئْ
322_216,جايَأَ,جيأ,فاعل,III,imperative,active,2d,1,جايِئَا
322_216,جايَأَ,جيأ,فاعل,III,imperative,active,2mp,1,جايِئُوا
322_216,جايَأَ,جيأ,فاعل,III,imperative,active,2fs,1,جايِئِي
322_216,جايَأَ,جيأ,فاعل,III,imperative,active,2fp,1,جايِئْنَ
323_218,وارَى,وري,فاعل,III,past,active,3ms,1,وارَى
323_218,وارَى,وري,فاعل,III,past,active,3md,1,وارَيا
323_218,وارَى,وري,فاعل,III,past,active,3mp,1,وارَوْا
323_218,وارَى,وري,فاعل,III,past,active,3fs,1,وارَتْ
323_218,وارَى,وري,فاعل,III,past,active,3fd,1,وارَتا
323_218,وارَى,وري,فاعل,III,past,active,3fp,1,وارَيْنَ
323_218,وارَى,وري,فاعل,III,past,active,2ms,1,وارَيْتَ
323_218,وارَى,وري,فاعل,III,past,active,2d,1,وارَيْتُما
323_218,وارَى,وري,فاعل,III,past,active,2mp,1,وارَيْتُمْ
323_218,وارَى,وري,فاعل,III,past,active,2fs,1,وارَيْتِ
323_218,وارَى,وري,فاعل,III,past,active,2fp,1,وارَيْتُنَّ
323_218,وارَى,وري,فاعل,III,past,active,1s,1,وارَيْتُ
323_218,وارَى,وري,فاعل,III,past,active,1p,1,وارَيْنا
323_218,وارَى,وري,فاعل,III,indicative,active,3ms,1,يواري
323_218,وارَى,وري,فاعل,III,indicative,active,3md,1,يواريانِ
323_218,وارَى,وري,فاعل,III,indicative,active,3mp,1,يوارونَ
323_218,وارَى,وري,فاعل,III,indicative,active,3fs,1,تواري
323_218,وارَى,وري,فاعل,III,indicative,active,3fd,1,تواريانِ
323_218,وارَى,وري,فاعل,III,indicative,active,3fp,1,يوارينَ
323_218,وارَى,وري,فاعل,III,indicative,active,2ms,1,تواري
323_218,وارَى,وري,فاعل,III,indicative,active,2d,1,تواريانِ
323_218,وارَى,وري,فاعل,III,indicative,active,2mp,1,توارونَ
323_218,وارَى,وري,فاعل,III,indicative,active,2fs,1,توارينَ
323_218,وارَى,وري,فاعل,III,indicative,active,2fp,1,توارينَ
323_218,وارَى,وري,فاعل,III,indicative,active,1s,1,أُواري
323_218,وارَى,وري,فاعل,III,indicative,active,1p,1,نواري
323_218,وارَى,وري,فاعل,III,imperative,active,2ms,1,وارِ
323_218,وارَى,وري,فاعل,III,imperative,active,2d,1,واريا
323_218,وارَى,وري,فاعل,III,imperative,active,2mp,1,واروا
323_218,وارَى,وري,فاعل,III,imperative,active,2fs,1,وارِي
323_218,وارَى,وري,فاعل,III,imperative,active,2fp,1,وارينَ
324_219,قاوَى,قوي,فاعل,III,past,active,3ms,1,قاوَى
324_219,قاوَى,قوي,فاعل,III,past,active,3md,1,قاوَيا
324_219,قاوَى,قوي,فاعل,III,past,active,3mp,1,قاوَوْا
324_219,قاوَى,قوي,فاعل,III,past,active,3fs,1,قاوَتْ
324_219,قاوَى,قوي,فاعل,III,past,active,3fd,1,قاوَتَا
324_219,قاوَى,قوي,فاعل,III,past,active,3fp,1,قاوَيْنَ
324_219,قاوَى,قوي,فاعل,III,past,active,2ms,1,قاوَيْتَ
324_219,قاوَى,قوي,فاعل,III,past,active,2d,1,قاوَيْتُما
324_219,قاوَى,قوي,فاعل,III,past,active,2mp,1,قاوَيْتُمْ
324_219,قاوَى,قوي,فاعل,III,past,active,2fs,1,قاوَيْتِ
324_219,قاوَى,قوي,فاعل,III,past,active,2fp,1,قاوَيْتُنَّ
324_219,قاوَى,قوي,فاعل,III,past,active,1s,1,قاوَيْتُ
324_219,قاوَى,قوي,فاعل,III,past,active,1p,1,قاوَيْنا
324_219,قاوَى,قوي,فاعل,III,indicative,active,3ms,1,يُقاوي
324_219,قاوَى,قوي,فاعل,III,indicative,active,3md,1,يُقاويانِ
324_219,قاوَى,قوي,فاعل,III,indicative,active,3mp,1,يُقاوُونَ
324_219,قاوَى,قوي,فاعل,III,indicative,active,3fs,1,تُقاوي
324_219,قاوَى,قوي,فاعل,III,indicative,active,3fd,1,تُقاويانِ
324_219,قاوَى,قوي,فاعل,III,indicative,active,3fp,1,يُقاوينَ
324_219,قاوَى,قوي,فاعل,III,indicative,active,2ms,1,تُقاوي
324_219,قاوَى,قوي,فاعل,III,indicative,active,2d,1,تُقاويانِ
324_219,قاوَى,قوي,فاعل,III,indicative,active,2mp,1,تُقاوُونَ
324_219,قاوَى,قوي,فاعل,III,indicative,active,2fs,1,تُقاوِينَ
324_219,قاوَى,قوي,فاعل,III,indicative,active,2fp,1,تُقاوينَ
324_219,قاوَى,قوي,فاعل,III,indicative,active,1s,1,أُقاوي
324_219,قاوَى,قوي,فاعل,III,indicative,active,1p,1,نُقاوي
324_219,قاوَى,قوي,فاعل,III,imperative,active,2ms,1,قاوِ
324_219,قاوَى,قوي,فاعل,III,imperative,active,2d,1,قاوِيا
324_219,قاوَى,قوي,فاعل,III,imperative,active,2mp,1,قاوُوا
324_219,قاوَى,قوي,فاعل,III,imperative,active,2fs,1,قاوِي
324_219,قاوَى,قوي,فاعل,III,imperative,active,2fp,1,قاوينَ
325_223,أَبْأَسَ,بأس,أفعل,IV,past,active,3ms,1,أَبْأَسَ
325_223,أَبْأَسَ,بأس,أفعل,IV,past,active,3md,1,أَبْأَسا
325_223,أَبْأَسَ,بأس,أفعل,IV,past,active,3mp,1,أَبْأَسوا
325_223,أَبْأَسَ,بأس,أفعل,IV,past,active,3fs,1,أَبْأَسَتْ
325_223,أَبْأَسَ,بأس,أفعل,IV,past,active,3fd,1,أَبْأَسَتَا
325_223,أَبْأَسَ,بأس,أفعل,IV,past,active,3fp,1,أَبْأَسْنَ
325_223,أَبْأَسَ,بأس,أفعل,IV,past,active,2ms,1,أَبْأَسْتَ
325_223,أَبْأَسَ,بأس,أفعل,IV,past,active,2d,1,أَبْأَسْتُما
325_223,أَبْأَسَ,بأس,أفعل,IV,past,active,2mp,1,أَبْأَسْتُمْ
325_223,أَبْأَسَ,بأس,أفعل,IV,past,active,2fs,1,أَبْأَسْتِ
325_223,أَبْأَسَ,بأس,أفعل,IV,past,active,2fp,1,أَبْأَسْتُنَّ
325_223,أَبْأَسَ,بأس,أفعل,IV,past,active,1s,1,أَبْأَسْتُ
325_223,أَبْأَسَ,بأس,أفعل,IV,past,active,1p,1,أَبْأَسْنا
325_223,أَبْأَسَ,بأس,أفعل,IV,indicative,active,3ms,1,يُبْئِسُ
325_223,أَبْأَسَ,بأس,أفعل,IV,indicative,active,3md,1,يُبْئِسانِ
325_223,أَبْأَسَ,بأس,أفعل,IV,indicative,active,3mp,1,يُبْئِسونَ
325_223,أَبْأَسَ,بأس,أفعل,IV,indicative,active,3fs,1,تُبْئِسُ
325_223,أَبْأَسَ,بأس,أفعل,IV,indicative,active,3fd,1,تُبْئِسانِ
325_223,أَبْأَسَ,بأس,أفعل,IV,indicative,active,3fp,1,يُبْئِسْنَ
325_223,أَبْأَسَ,بأس,أفعل,IV,indicative,active,2ms,1,تُبْئِسُ
325_223,أَبْأَسَ,بأس,أفعل,IV,indicative,active,2d,1,تُبْئِسانِ
325_223,أَبْأَسَ,بأس,أفعل,IV,indicative,active,2mp,1,تُبْئِسونَ
325_223,أَبْأَسَ,بأس,أفعل,IV,indicative,active,2fs,1,تُبْئِسِينَ
325_223,أَبْأَسَ,بأس,أفعل,IV,indicative,active,2fp,1,تُبْئِسْنَ
325_223,أَبْأَسَ,بأس,أفعل,IV,indicative,active,1s,1,أُبْئِسُ
325_223,أَبْأَسَ,بأس,أفعل,IV,indicative,active,1p,1,نُبْئِسُ
325_223,أَبْأَسَ,بأس,أفعل,IV,imperative,active,2ms,1,أَبْئِسْ
325_223,أَبْأَسَ,بأس,أفعل,IV,imperative,active,2d,1,أَبْئِسا
325_223,أَبْأَسَ,بأس,أفعل,IV,imperative,active,2mp,1,أَبْئِسوا
325_223,أَبْأَسَ,بأس,أفعل,IV,imperative,active,2fs,1,أَبْئِسي
325_223,أَبْأَسَ,بأس,أفعل,IV,imperative,active,2fp,1,أَبْئِسْنَ
326_226,أَثارَ,ثور,أفعل,IV,past,active,3ms,1,أَثارَ
326_226,أَثارَ,ثور,أفعل,IV,past,active,3md,1,أَثارا
326_226,أَثارَ,ثور,أفعل,IV,past,active,3mp,1,أَثاروا
326_226,أَثارَ,ثور,أفعل,IV,past,active,3fs,1,أَثارَتْ
326_226,أَثارَ,ثور,أفعل,IV,past,active,3fd,1,أَثارَتَا
326_226,أَثارَ,ثور,أفعل,IV,past,active,3fp,1,أَثَرْنَ
326_226,أَثارَ,ثور,أفعل,IV,past,active,2ms,1,أَثَرْتَ
326_226,أَثارَ,ثور,أفعل,IV,past,active,2d,1,أَثَرْتُما
326_226,أَثارَ,ثور,أفعل,IV,past,active,2mp,1,أَثَرْتُمْ
326_226,أَثارَ,ثور,أفعل,IV,past,active,2fs,1,أَثَرْتِ
326_226,أَثارَ,ثور,أفعل,IV,past,active,2fp,1,أَثَرْتُنَّ
326_226,أَثارَ,ثور,أفعل,IV,past,active,1s,1,أَثَرْتُ
326_226,أَثارَ,ثور,أفعل,IV,past,active,1p,1,أَثَرْنا
326_226,أَثارَ,ثور,أفعل,IV,indicative,active,3ms,1,يُثيرُ
326_226,أَثارَ,ثور,أفعل,IV,indicative,active,3md,1,يُثيرانِ
326_226,أَثارَ,ثور,أفعل,IV,indicative,active,3mp,1,يُثيرونَ
326_226,أَثارَ,ثور,أفعل,IV,indicative,active,3fs,1,تُثيرُ
326_226,أَثارَ,ثور,أفعل,IV,indicative,active,3fd,1,تُثيرانِ
326_226,أَثارَ,ثور,أفعل,IV,indicative,active,3fp,1,يُثِرْنَ
326_226,أَثارَ,ثور,أفعل,IV,indicative,active,2ms,1,تُثيرُ
326_226,أَثارَ,ثور,أفعل,IV,indicative,active,2d,1,تُثيرانِ
326_226,أَثارَ,ثور,أفعل,IV,indicative,active,2mp,1,تُثيرونَ
326_226,أَثارَ,ثور,أفعل,IV,indicative,active,2fs,1,تُثيرينَ
326_226,أَثارَ,ثور,أفعل,IV,indicative,active,2fp,1,تُثِرْنَ
326_226,أَثارَ,ثور,أفعل,IV,indicative,active,1s,1,أُثيرُ
326_226,أَثارَ,ثور,أفعل,IV,indicative,active,1p,1,نُثيرُ
326_226,أَثارَ,ثور,أفعل,IV,imperative,active,2ms,1,أَثِرْ
326_226,أَثارَ,ثور,أفعل,IV,imperative,active,2d,1,أَثيرا
326_226,أَثارَ,ثور,أفعل,IV,imperative,active,2mp,1,أَثيروا
326_226,أَثارَ,ثور,أفعل,IV,imperative,active,2fs,1,أَثيري
326_226,أَثارَ,ثور,أفعل,IV,imperative,active,2fp,1,أَثِرْنَ
327_226,أَرادَ,رود,أفعل,IV,past,active,3ms,1,أَرادَ
327_226,أَرادَ,رود,أفعل,IV,past,active,3md,1,أَرادا
327_226,أَرادَ,رود,أفعل,IV,past,active,3mp,1,أَرادوا
327_226,أَرادَ,رود,أفعل,IV,past,active,3fs,1,أَرادَتْ
327_226,أَرادَ,رود,أفعل,IV,past,active,3fd,1,أَرادَتَا
327_226,أَرادَ,رود,أفعل,IV,past,active,3fp,1,أَرَدْنَ
327_226,أَرادَ,رود,أفعل,IV,past,active,2ms,1,أَرَدْتَ
327_226,أَرادَ,رود,أفعل,IV,past,active,2d,1,أَرَدْتُما
327_226,أَرادَ,رود,أفعل,IV,past,active,2mp,1,أَرَدْتُمْ
327_226,أَرادَ,رود,أفعل,IV,past,active,2fs,1,أَرَدْتِ
327_226,أَرادَ,رود,أفعل,IV,past,active,2fp,1,أَرَدْتُنَّ
327_226,أَرادَ,رود,أفعل,IV,past,active,1s,1,أَرَدْتُ
327_226,أَرادَ,رود,أفعل,IV,past,active,1p,1,أَرَدْنا
327_226,أَرادَ,رود,أفعل,IV,indicative,active,3ms,1,يُريدُ
327_226,أَرادَ,رود,أفعل,IV,indicative,active,3md,1,يُريدانِ
327_226,أَرادَ,رود,أفعل,IV,indicative,active,3mp,1,يُريدونَ
327_226,أَرادَ,رود,أفعل,IV,indicative,active,3fs,1,تُريدُ
327_226,أَرادَ,رود,أفعل,IV,indicative,active,3fd,1,تُريدانِ
327_226,أَرادَ,رود,أفعل,IV,indicative,active,3fp,1,يُرِدْنَ
327_226,أَرادَ,رود,أفعل,IV,indicative,active,2ms,1,تُريدُ
327_226,أَرادَ,رود,أفعل,IV,indicative,active,2d,1,تُريدانِ
327_226,أَرادَ,رود,أفعل,IV,indicative,active,2mp,1,تُريدونَ
327_226,أَرادَ,رود,أفعل,IV,indicative,active,2fs,1,تُريدينَ
327_226,أَرادَ,رود,أفعل,IV,indicative,active,2fp,1,تُرِدْنَ
327_226,أَرادَ,رود,أفعل,IV,indicative,active,1s,1,أُريدُ
327_226,أَرادَ,رود,أفعل,IV,indicative,active,1p,1,نُريدُ
327_226,أَرادَ,رود,أفعل,IV,imperative,active,2ms,1,أَرِدْ
327_226,أَرادَ,رود,أفعل,IV,imperative,active,2d,1,أَريدا
327_226,أَرادَ,رود,أفعل,IV,imperative,active,2mp,1,أَريدوا
327_226,أَرادَ,رود,أفعل,IV,imperative,active,2fs,1,أَريدي
327_226,أَرادَ,رود,أفعل,IV,imperative,active,2fp,1,أَرِدْنَ
328_226,أَخْيَلَ,خيل,أفعل,IV,past,active,3ms,1,أَخْيَلَ
328_226,أَخْيَلَ,خيل,أفعل,IV,past,active,3md,1,أَخْيَلا
328_226,أَخْيَلَ,خيل,أفعل,IV,past,active,3mp,1,أَخْيَلُوا
328_226,أَخْيَلَ,خيل,أفعل,IV,past,active,3fs,1,أَخْيَلَتْ
328_226,أَخْيَلَ,خيل,أفعل,IV,past,active,3fd,1,أَخْيَلَتا
328_226,أَخْيَلَ,خيل,أفعل,IV,past,active,3fp,1,أَخْيَلْنَ
328_226,أَخْيَلَ,خيل,أفعل,IV,past,active,2ms,1,أَخْيَلْتَ
328_226,أَخْيَلَ,خيل,أفعل,IV,past,active,2d,1,أَخْيَلْتُما
328_226,أَخْيَلَ,خيل,أفعل,IV,past,active,2mp,1,أَخْيَلْتُمْ
328_226,أَخْيَلَ,خيل,أفعل,IV,past,active,2fs,1,أَخْيَلْتِ
328_226,أَخْيَلَ,خيل,أفعل,IV,past,active,2fp,1,أَخْيَلْتُنَّ
328_226,أَخْيَلَ,خيل,أفعل,IV,past,active,1s,1,أَخْيَلْتُ
328_226,أَخْيَلَ,خيل,أفعل,IV,past,active,1p,1,أَخْيَلْنا
328_226,أَخْيَلَ,خيل,أفعل,IV,indicative,active,3ms,1,يُخْيِلُ
328_226,أَخْيَلَ,خيل,أفعل,IV,indicative,active,3md,1,يُخْيِلانِ
328_226,أَخْيَلَ,خيل,أفعل,IV,indicative,active,3mp,1,يُخْيِلونَ
328_226,أَخْيَلَ,خيل,أفعل,IV,indicative,active,3fs,1,تُخْيِلُ
328_226,أَخْيَلَ,خيل,أفعل,IV,indicative,active,3fd,1,تُخْيِلانِ
328_226,أَخْيَلَ,خيل,أفعل,IV,indicative,active,3fp,1,يُخْيِلْنَ
328_226,أَخْيَلَ,خيل,أفعل,IV,indicative,active,2ms,1,تُخْيِلُ
328_226,أَخْيَلَ,خيل,أفعل,IV,indicative,active,2d,1,تُخْيِلانِ
328_226,أَخْيَلَ,خيل,أفعل,IV,indicative,active,2mp,1,تُخْيِلونَ
328_226,أَخْيَلَ,خيل,أفعل,IV,indicative,active,2fs,1,تُخْيِلِينَ
328_226,أَخْيَلَ,خيل,أفعل,IV,indicative,active,2fp,1,تُخْيِلْنَ
328_226,أَخْيَلَ,خيل,أفعل,IV,indicative,active,1s,1,أُخْيِلُ
328_226,أَخْيَلَ,خيل,أفعل,IV,indicative,active,1p,1,نُخْيِلُ
328_226,أَخْيَلَ,خيل,أفعل,IV,imperative,active,2ms,1,أَخْيِلْ
328_226,أَخْيَلَ,خيل,أفعل,IV,imperative,active,2d,1,أَخْيِلا
328_226,أَخْيَلَ,خيل,أفعل,IV,imperative,active,2mp,1,أَخْيِلُوا
328_226,أَخْيَلَ,خيل,أفعل,IV,imperative,active,2fs,1,أَخْيِلي
328_226,أَخْيَلَ,خيل,أفعل,IV,imperative,active,2fp,1,أَخْيِلْنَ
329_226,أَسَاءَ,سوء,أفعل,IV,past,active,3ms,1,أَسَاءَ
329_226,أَسَاءَ,سوء,أفعل,IV,past,active,3md,1,أَسَاءَا
329_226,أَسَاءَ,سوء,أفعل,IV,past,active,3mp,1,أَسَاؤُوا
329_226,أَسَاءَ,سوء,أفعل,IV,past,active,3fs,1,أَسَاءَتْ
329_226,أَسَاءَ,سوء,أفعل,IV,past,active,3fd,1,أَسَاءَتا
329_226,أَسَاءَ,سوء,أفعل,IV,past,active,3fp,1,أَسَأْنَ
329_226,أَسَاءَ,سوء,أفعل,IV,past,active,2ms,1,أَسَأْتَ
329_226,أَسَاءَ,سوء,أفعل,IV,past,active,2d,1,أَسَأْتُما
329_226,أَسَاءَ,سوء,أفعل,IV,past,active,2mp,1,أَسَأْتُمْ
329_226,أَسَاءَ,سوء,أفعل,IV,past,active,2fs,1,أَسَأْتِ
329_226,أَسَاءَ,سوء,أفعل,IV,past,active,2fp,1,أَسَأْتُنَّ
329_226,أَسَاءَ,سوء,أفعل,IV,past,active,1s,1,أَسَأْتُ
329_226,أَسَاءَ,سوء,أفعل,IV,past,active,1p,1,أَسَأْنا
329_226,أَسَاءَ,سوء,أفعل,IV,indicative,active,3ms,1,يُسِيءُ
329_226,أَسَاءَ,سوء,أفعل,IV,indicative,active,3md,1,يُسِيئَانِ
329_226,أَسَاءَ,سوء,أفعل,IV,indicative,active,3mp,1,يُسِيؤُونَ
329_226,أَسَاءَ,سوء,أفعل,IV,indicative,active,3fs,1,تُسِيءُ
329_226,أَسَاءَ,سوء,أفعل,IV,indicative,active,3fd,1,تُسِيئَانِ
329_226,أَسَاءَ,سوء,أفعل,IV,indicative,active,3fp,1,يُسِئْنَ
329_226,أَسَاءَ,سوء,أفعل,IV,indicative,active,2ms,1,تُسِيءُ
329_226,أَسَاءَ,سوء,أفعل,IV,indicative,active,2d,1,تُسِيئَانِ
329_226,أَسَاءَ,سوء,أفعل,IV,indicative,active,2mp,1,تُسِيؤُونَ
329_226,أَسَاءَ,سوء,أفعل,IV,indicative,active,2fs,1,تُسِيئِينَ
329_226,أَسَاءَ,سوء,أفعل,IV,indicative,active,2fp,1,تُسِئْنَ
329_226,أَسَاءَ,سوء,أفعل,IV,indicative,active,1s,1,أُسِيءُ
329_226,أَسَاءَ,سوء,أفعل,IV,indicative,active,1p,1,نُسِيءُ
329_226,أَسَاءَ,سوء,أفعل,IV,imperative,active,2ms,1,أَسِئْ
329_226,أَسَاءَ,سوء,أفعل,IV,imperative,active,2d,1,أَسِيئَا
329_226,أَسَاءَ,سوء,أفعل,IV,imperative,active,2mp,1,أَسِيؤُوا
329_226,أَسَاءَ,سوء,أفعل,IV,imperative,active,2fs,1,أَسِيئِي
329_226,أَسَاءَ,سوء,أفعل,IV,imperative,active,2fp,1,أَسِئْنَ
330_227,أَبْدَى,بدو,أفعل,IV,past,active,3ms,1,أَبْدَى
330_227,أَبْدَى,بدو,أفعل,IV,past,active,3md,1,أَبْدَيا
330_227,أَبْدَى,بدو,أفعل,IV,past,active,3mp,1,أَبْدَوْا
330_227,أَبْدَى,بدو,أفعل,IV,past,active,3fs,1,أَبْدَتْ
330_227,أَبْدَى,بدو,أفعل,IV,past,active,3fd,1,أَبْدَتا
330_227,أَبْدَى,بدو,أفعل,IV,past,active,3fp,1,أَبْدَيْنَ
330_227,أَبْدَى,بدو,أفعل,IV,past,active,2ms,1,أَبْدَيْتَ
330_227,أَبْدَى,بدو,أفعل,IV,past,active,2d,1,أَبْدَيْتُما
330_227,أَبْدَى,بدو,أفعل,IV,past,active,2mp,1,أَبْدَيْتُمْ
330_227,أَبْدَى,بدو,أفعل,IV,past,active,2fs,1,أَبْدَيْتِ
330_227,أَبْدَى,بدو,أفعل,IV,past,active,2fp,1,أَبْدَيْتُنَّ
330_227,أَبْدَى,بدو,أفعل,IV,past,active,1s,1,أَبْدَيْتُ
330_227,أَبْدَى,بدو,أفعل,IV,past,active,1p,1,أَبْدَيْنا
330_227,أَبْدَى,بدو,أفعل,IV,indicative,active,3ms,1,يُبْدي
330_227,أَبْدَى,بدو,أفعل,IV,indicative,active,3md,1,يُبْدِيانِ
330_227,أَبْدَى,بدو,أفعل,IV,indicative,active,3mp,1,يُبْدونَ
330_227,أَبْدَى,بدو,أفعل,IV,indicative,active,3fs,1,تُبْدي
330_227,أَبْدَى,بدو,أفعل,IV,indicative,active,3fd,1,تُبْديانِ
330_227,أَبْدَى,بدو,أفعل,IV,indicative,active,3fp,1,يُبْدينَ
330_227,أَبْدَى,بدو,أفعل,IV,indicative,active,2ms,1,تُبْدي
330_227,أَبْدَى,بدو,أفعل,IV,indicative,active,2d,1,تُبْديانِ
330_227,أَبْدَى,بدو,أفعل,IV,indicative,active,2mp,1,تُبْدونَ
330_227,أَبْدَى,بدو,أفعل,IV,indicative,active,2fs,1,تُبْدينَ
330_227,أَبْدَى,بدو,أفعل,IV,indicative,active,2fp,1,تُبْدينَ
330_227,أَبْدَى,بدو,أفعل,IV,indicative,active,1s,1,أُبْدي
330_227,أَبْدَى,بدو,أفعل,IV,indicative,active,1p,1,نُبْدي
330_227,أَبْدَى,بدو,أفعل,IV,imperative,active,2ms,1,أَبْدِ
330_227,أَبْدَى,بدو,أفعل,IV,imperative,active,2d,1,أَبْديا
330_227,أَبْدَى,بدو,أفعل,IV,imperative,active,2mp,1,أَبْدوا
330_227,أَبْدَى,بدو,أفعل,IV,imperative,active,2fs,1,أَبْدي
330_227,أَبْدَى,بدو,أفعل,IV,imperative,active,2fp,1,أَبْدينَ
331_227,أَحْصَى,حصو,أفعل,IV,past,active,3ms,1,أَحْصَى
331_227,أَحْصَى,حصو,أفعل,IV,past,active,3md,1,أَحْصَيا
331_227,أَحْصَى,حصو,أفعل,IV,past,active,3mp,1,أَحْصَوْا
331_227,أَحْصَى,حصو,أفعل,IV,past,active,3fs,1,أَحْصَتْ
331_227,أَحْصَى,حصو,أفعل,IV,past,active,3fd,1,أَحْصَتَا
331_227,أَحْصَى,حصو,أفعل,IV,past,active,3fp,1,أَحْصَيْنَ
331_227,أَحْصَى,حصو,أفعل,IV,past,active,2ms,1,أَحْصَيْتَ
331_227,أَحْصَى,حصو,أفعل,IV,past,active,2d,1,أَحْصَيْتُما
331_227,أَحْصَى,حصو,أفعل,IV,past,active,2mp,1,أَحْصَيْتُمْ
331_227,أَحْصَى,حصو,أفعل,IV,past,active,2fs,1,أَحْصَيْتِ
331_227,أَحْصَى,حصو,أفعل,IV,past,active,2fp,1,أَحْصَيْتُنَّ
331_227,أَحْصَى,حصو,أفعل,IV,past,active,1s,1,أَحْصَيْتُ
331_227,أَحْصَى,حصو,أفعل,IV,past,active,1p,1,أَحْصَيْنا
331_227,أَحْصَى,حصو,أفعل,IV,indicative,active,3ms,1,يُحْصي
331_227,أَحْصَى,حصو,أفعل,IV,indicative,active,3md,1,يُحْصِيانِ
331_227,أَحْصَى,حصو,أفعل,IV,indicative,active,3mp,1,يُحْصونَ
331_227,أَحْصَى,حصو,أفعل,IV,indicative,active,3fs,1,تُحْصي
331_227,أَحْصَى,حصو,أفعل,IV,indicative,active,3fd,1,تُحْصِيانِ
331_227,أَحْصَى,حصو,أفعل,IV,indicative,active,3fp,1,يُحْصينَ
331_227,أَحْصَى,حصو,أفعل,IV,indicative,active,2ms,1,تُحْصي
331_227,أَحْصَى,حصو,أفعل,IV,indicative,active,2d,1,تُحْصِيانِ
331_227,أَحْصَى,حصو,أفعل,IV,indicative,active,2mp,1,تُحْصونَ
331_227,أَحْصَى,حصو,أفعل,IV,indicative,active,2fs,1,تُحْصينَ
331_227,أَحْصَى,حصو,أفعل,IV,indicative,active,2fp,1,تُحْصينَ
331_227,أَحْصَى,حصو,أفعل,IV,indicative,active,1s,1,أُحْصي
331_227,أَحْصَى,حصو,أفعل,IV,indicative,active,1p,1,نُحْصي
331_227,أَحْصَى,حصو,أفعل,IV,imperative,active,2ms,1,أَحْصِ
331_227,أَحْصَى,حصو,أفعل,IV,imperative,active,2d,1,أَحْصيا
331_227,أَحْصَى,حصو,أفعل,IV,imperative,active,2mp,1,أَحْصوا
331_227,أَحْصَى,حصو,أفعل,IV,imperative,active,2fs,1,أَحْصي
331_227,أَحْصَى,حصو,أفعل,IV,imperative,active,2fp,1,أَحْصينَ
332_227,أَفْأَى,فأو,أفعل,IV,past,active,3ms,1,أَفْأَى
332_227,أَفْأَى,فأو,أفعل,IV,past,active,3md,1,أَفْأَيَا
332_227,أَفْأَى,فأو,أفعل,IV,past,active,3mp,1,أَفْأَوْا
332_227,أَفْأَى,فأو,أفعل,IV,past,active,3fs,1,أَفْأَتْ
332_227,أَفْأَى,فأو,أفعل,IV,past,active,3fd,1,أَفْأَتا
332_227,أَفْأَى,فأو,أفعل,IV,past,active,3fp,1,أَفْأَيْنَ
332_227,أَفْأَى,فأو,أفعل,IV,past,active,2ms,1,أَفْأَيْتَ
332_227,أَفْأَى,فأو,أفعل,IV,past,active,2d,1,أَفْأَيْتُما
332_227,أَفْأَى,فأو,أفعل,IV,past,active,2mp,1,أَفْأَيْتُمْ
332_227,أَفْأَى,فأو,أفعل,IV,past,active,2fs,1,أَفْأَيْتِ
332_227,أَفْأَى,فأو,أفعل,IV,past,active,2fp,1,أَفْأَيْتُنَّ
332_227,أَفْأَى,فأو,أفعل,IV,past,active,1s,1,أَفْأَيْتُ
332_227,أَفْأَى,فأو,أفعل,IV,past,active,1p,1,أَفْأَيْنا
332_227,أَفْأَى,فأو,أفعل,IV,indicative,active,3ms,1,يُفْئِي
332_227,أَفْأَى,فأو,أفعل,IV,indicative,active,3md,1,يُفْئِيانِ
332_227,أَفْأَى,فأو,أفعل,IV,indicative,active,3mp,1,يُفْؤُونَ
332_227,أَفْأَى,فأو,أفعل,IV,indicative,active,3fs,1,تُفْئِي
332_227,أَفْأَى,فأو,أفعل,IV,indicative,active,3fd,1,تُفْئِيانِ
332_227,أَفْأَى,فأو,أفعل,IV,indicative,active,3fp,1,يُفْئِينَ
332_227,أَفْأَى,فأو,أفعل,IV,indicative,active,2ms,1,تُفْئِي
332_227,أَفْأَى,فأو,أفعل,IV,indicative,active,2d,1,تُفْئِيانِ
332_227,أَفْأَى,فأو,أفعل,IV,indicative,active,2mp,1,تُفْؤُونَ
332_227,أَفْأَى,فأو,أفعل,IV,indicative,active,2fs,1,تُفْئِينَ
332_227,أَفْأَى,فأو,أفعل,IV,indicative,active,2fp,1,تُفْئِينَ
332_227,أَفْأَى,فأو,أفعل,IV,indicative,active,1s,1,أُفْئِي
332_227,أَفْأَى,فأو,أفعل,IV,indicative,active,1p,1,نُفْئِي
332_227,أَفْأَى,فأو,أفعل,IV,imperative,active,2ms,1,أَفْإِ
332_227,أَفْأَى,فأو,أفعل,IV,imperative,active,2d,1,أَفْئِيَا
332_227,أَفْأَى,فأو,أفعل,IV,imperative,active,2mp,1,أَفْؤُوا
332_227,أَفْأَى,فأو,أفعل,IV,imperative,active,2fs,1,أَفْئِي
332_227,أَفْأَى,فأو,أفعل,IV,imperative,active,2fp,1,أَفْئِينَ
333_228,أَوْصَى,وصي,أفعل,IV,past,active,3ms,1,أَوْصَى
333_228,أَوْصَى,وصي,أفعل,IV,past,active,3md,1,أَوْصَيا
333_228,أَوْصَى,وصي,أفعل,IV,past,active,3mp,1,أَوْصَوْا
333_228,أَوْصَى,وصي,أفعل,IV,past,active,3fs,1,أَوْصَتْ
333_228,أَوْصَى,وصي,أفعل,IV,past,active,3fd,1,أَوْصَتَا
333_228,أَوْصَى,وصي,أفعل,IV,past,active,3fp,1,أَوْصَيْنَ
333_228,أَوْصَى,وصي,أفعل,IV,past,active,2ms,1,أَوْصَيْتَ
333_228,أَوْصَى,وصي,أفعل,IV,past,active,2d,1,أَوْصَيْتُما
333_228,أَوْصَى,وصي,أفعل,IV,past,active,2mp,1,أَوْصَيْتُمْ
333_228,أَوْصَى,وصي,أفعل,IV,past,active,2fs,1,أَوْصَيْتِ
333_228,أَوْصَى,وصي,أفعل,IV,past,active,2fp,1,أَوْصَيْتُنَّ
333_228,أَوْصَى,وصي,أفعل,IV,past,active,1s,1,أَوْصَيْتُ
333_228,أَوْصَى,وصي,أفعل,IV,past,active,1p,1,أَوْصَيْنا
333_228,أَوْصَى,وصي,أفعل,IV,indicative,active,3ms,1,يُوْصِي
333_228,أَوْصَى,وصي,أفعل,IV,indicative,active,3md,1,يُوْصِيانِ
333_228,أَوْصَى,وصي,أفعل,IV,indicative,active,3mp,1,يُوْصُوْنَ
333_228,أَوْصَى,وصي,أفعل,IV,indicative,active,3fs,1,تُوْصِي
333_228,أَوْصَى,وصي,أفعل,IV,indicative,active,3fd,1,تُوْصِيانِ
333_228,أَوْصَى,وصي,أفعل,IV,indicative,active,3fp,1,يُوْصِيْنَ
333_228,أَوْصَى,وصي,أفعل,IV,indicative,active,2ms,1,تُوْصِي
333_228,أَوْصَى,وصي,أفعل,IV,indicative,active,2d,1,تُوْصِيانِ
333_228,أَوْصَى,وصي,أفعل,IV,indicative,active,2mp,1,تُوْصُوْنَ
333_228,أَوْصَى,وصي,أفعل,IV,indicative,active,2fs,1,تُوْصِيْنَ
333_228,أَوْصَى,وصي,أفعل,IV,indicative,active,2fp,1,تُوْصِيْنَ
333_228,أَوْصَى,وصي,أفعل,IV,indicative,active,1s,1,أُوْصِي
333_228,أَوْصَى,وصي,أفعل,IV,indicative,active,1p,1,نُوْصِي
333_228,أَوْصَى,وصي,أفعل,IV,imperative,active,2ms,1,أَوْصِ
333_228,أَوْصَى,وصي,أفعل,IV,imperative,active,2d,1,أَوْصِيا
333_228,أَوْصَى,وصي,أفعل,IV,imperative,active,2mp,1,أَوْصوا
333_228,أَوْصَى,وصي,أفعل,IV,imperative,active,2fs,1,أَوْصي
333_228,أَوْصَى,وصي,أفعل,IV,imperative,active,2fp,1,أَوْصِينَ
334_247,تَلاقَى,لقو,تفاعل,VI,past,active,3ms,1,تَلاقَى
334_247,تَلاقَى,لقو,تفاعل,VI,past,active,3md,1,تَلاقَيا
334_247,تَلاقَى,لقو,تفاعل,VI,past,active,3mp,1,تَلاقَوْا
334_247,تَلاقَى,لقو,تفاعل,VI,past,active,3fs,1,تَلاقَتْ
334_247,تَلاقَى,لقو,تفاعل,VI,past,active,3fd,1,تَلاقَتا
334_247,تَلاقَى,لقو,تفاعل,VI,past,active,3fp,1,تَلاقَيْنَ
334_247,تَلاقَى,لقو,تفاعل,VI,past,active,2ms,1,تَلاقَيْتَ
334_247,تَلاقَى,لقو,تفاعل,VI,past,active,2d,1,تَلاقَيْتُما
334_247,تَلاقَى,لقو,تفاعل,VI,past,active,2mp,1,تَلاقَيْتُمْ
334_247,تَلاقَى,لقو,تفاعل,VI,past,active,2fs,1,تَلاقَيْتِ
334_247,تَلاقَى,لقو,تفاعل,VI,past,active,2fp,1,تَلاقَيْتُنَّ
334_247,تَلاقَى,لقو,تفاعل,VI,past,active,1s,1,تَلاقَيْتُ
334_247,تَلاقَى,لقو,تفاعل,VI,past,active,1p,1,تَلاقَيْنا
334_247,تَلاقَى,لقو,تفاعل,VI,indicative,active,3ms,1,يَتَلاقَى
334_247,تَلاقَى,لقو,تفاعل,VI,indicative,active,3md,1,يَتَلاقَيانِ
334_247,تَلاقَى,لقو,تفاعل,VI,indicative,active,3mp,1,يَتَلاقَوْنَ
334_247,تَلاقَى,لقو,تفاعل,VI,indicative,active,3fs,1,تَتَلاقَى
334_247,تَلاقَى,لقو,تفاعل,VI,indicative,active,3fd,1,تَتَلاقَيانِ
334_247,تَلاقَى,لقو,تفاعل,VI,indicative,active,3fp,1,يَتَلاقَيْنَ
334_247,تَلاقَى,لقو,تفاعل,VI,indicative,active,2ms,1,تَتَلاقَى
334_247,تَلاقَى,لقو,تفاعل,VI,indicative,active,2d,1,تَتَلاقَيانِ
334_247,تَلاقَى,لقو,تفاعل,VI,indicative,active,2mp,1,تَتَلاقَوْنَ
334_247,تَلاقَى,لقو,تفاعل,VI,indicative,active,2fs,1,تَتَلاقَيْنَ
334_247,تَلاقَى,لقو,تفاعل,VI,indicative,active,2fp,1,تَتَلاقَيْنَ
334_247,تَلاقَى,لقو,تفاعل,VI,indicative,active,1s,1,أَتَلاقَى
334_247,تَلاقَى,لقو,تفاعل,VI,indicative,active,1p,1,نَتَلاقَى
334_247,تَلاقَى,لقو,تفاعل,VI,imperative,active,2ms,1,تَلاقَ
334_247,تَلاقَى,لقو,تفاعل,VI,imperative,active,2d,1,تَلاقَيا
334_247,تَلاقَى,لقو,تفاعل,VI,imperative,active,2mp,1,تَلاقَوْا
334_247,تَلاقَى,لقو,تفاعل,VI,imperative,active,2fs,1,تَلاقَيْ
334_247,تَلاقَى,لقو,تفاعل,VI,imperative,active,2fp,1,تَلاقَيْنَ
335_247,تَبارَى,برو,تفاعل,VI,past,active,3ms,1,تَبارَى
335_247,تَبارَى,برو,تفاعل,VI,past,active,3md,1,تَبارَيا
335_247,تَبارَى,برو,تفاعل,VI,past,active,3mp,1,تَبارَوْا
335_247,تَبارَى,برو,تفاعل,VI,past,active,3fs,1,تَبارَتْ
335_247,تَبارَى,برو,تفاعل,VI,past,active,3fd,1,تَبارَتا
335_247,تَبارَى,برو,تفاعل,VI,past,active,3fp,1,تَبارَيْنَ
335_247,تَبارَى,برو,تفاعل,VI,past,active,2ms,1,تَبارَيْتَ
335_247,تَبارَى,برو,تفاعل,VI,past,active,2d,1,تَبارَيْتُما
335_247,تَبارَى,برو,تفاعل,VI,past,active,2mp,1,تَبارَيْتُمْ
335_247,تَبارَى,برو,تفاعل,VI,past,active,2fs,1,تَبارَيْتِ
335_247,تَبارَى,برو,تفاعل,VI,past,active,2fp,1,تَبارَيْتُنَّ
335_247,تَبارَى,برو,تفاعل,VI,past,active,1s,1,تَبارَيْتُ
335_247,تَبارَى,برو,تفاعل,VI,past,active,1p,1,تَبارَيْنا
335_247,تَبارَى,برو,تفاعل,VI,indicative,active,3ms,1,يَتَبارَى
335_247,تَبارَى,برو,تفاعل,VI,indicative,active,3md,1,يَتَبارَيانِ
335_247,تَبارَى,برو,تفاعل,VI,indicative,active,3mp,1,يَتَبارَوْنَ
335_247,تَبارَى,برو,تفاعل,VI,indicative,active,3fs,1,تَتَبارَى
335_247,تَبارَى,برو,تفاعل,VI,indicative,active,3fd,1,تَتَبارَيانِ
335_247,تَبارَى,برو,تفاعل,VI,indicative,active,3fp,1,يَتَبارَيْنَ
335_247,تَبارَى,برو,تفاعل,VI,indicative,active,2ms,1,تَتَبارَى
335_247,تَبارَى,برو,تفاعل,VI,indicative,active,2d,1,تَتَبارَيانِ
335_247,تَبارَى,برو,تفاعل,VI,indicative,active,2mp,1,تَتَبارَوْنَ
335_247,تَبارَى,برو,تفاعل,VI,indicative,active,2fs,1,تَتَبارَيْنَ
335_247,تَبارَى,برو,تفاعل,VI,indicative,active,2fp,1,تَتَبارَيْنَ
335_247,تَبارَى,برو,تفاعل,VI,indicative,active,1s,1,أَتَبارَى
335_247,تَبارَى,برو,تفاعل,VI,indicative,active,1p,1,نَتَبارَى
335_247,تَبارَى,برو,تفاعل,VI,imperative,active,2ms,1,تَبارَ
335_247,تَبارَى,برو,تفاعل,VI,imperative,active,2d,1,تَبارَيا
335_247,تَبارَى,برو,تفاعل,VI,imperative,active,2mp,1,تَبارَوْا
335_247,تَبارَى,برو,تفاعل,VI,imperative,active,2fs,1,تَبارَيْ
335_247,تَبارَى,برو,تفاعل,VI,imperative,active,2fp,1,تَبارَيْنَ
336_249,تَدَاوَى,دوي,تفاعل,VI,past,active,3ms,1,تَدَاوَى
336_249,تَدَاوَى,دوي,تفاعل,VI,past,active,3md,1,تَدَاوَيا
336_249,تَدَاوَى,دوي,تفاعل,VI,past,active,3mp,1,تَدَاوَوْا
336_249,تَدَاوَى,دوي,تفاعل,VI,past,active,3fs,1,تَدَاوَتْ
336_249,تَدَاوَى,دوي,تفاعل,VI,past,active,3fd,1,تَدَاوَتَا
336_249,تَدَاوَى,دوي,تفاعل,VI,past,active,3fp,1,تَدَاوَيْنَ
336_249,تَدَاوَى,دوي,تفاعل,VI,past,active,2ms,1,تَدَاوَيْتَ
336_249,تَدَاوَى,دوي,تفاعل,VI,past,active,2d,1,تَدَاوَيْتُما
336_249,تَدَاوَى,دوي,تفاعل,VI,past,active,2mp,1,تَدَاوَيْتُمْ
336_249,تَدَاوَى,دوي,تفاعل,VI,past,active,2fs,1,تَدَاوَيْتِ
336_249,تَدَاوَى,دوي,تفاعل,VI,past,active,2fp,1,تَدَاوَيْتُنَّ
336_249,تَدَاوَى,دوي,تفاعل,VI,past,active,1s,1,تَدَاوَيْتُ
336_249,تَدَاوَى,دوي,تفاعل,VI,past,active,1p,1,تَدَاوَيْنا
336_249,تَدَاوَى,دوي,تفاعل,VI,indicative,active,3ms,1,يَتَدَاوَى
336_249,تَدَاوَى,دوي,تفاعل,VI,indicative,active,3md,1,يَتَدَاوَيانِ
336_249,تَدَاوَى,دوي,تفاعل,VI,indicative,active,3mp,1,يَتَدَاوَوْنَ
336_249,تَدَاوَى,دوي,تفاعل,VI,indicative,active,3fs,1,تَتَدَاوَى
336_249,تَدَاوَى,دوي,تفاعل,VI,indicative,active,3fd,1,تَتَدَاوَيانِ
336_249,تَدَاوَى,دوي,تفاعل,VI,indicative,active,3fp,1,يَتَدَاوَيْنَ
336_249,تَدَاوَى,دوي,تفاعل,VI,indicative,active,2ms,1,تَتَدَاوَى
336_249,تَدَاوَى,دوي,تفاعل,VI,indicative,active,2d,1,تَتَدَاوَيانِ
336_249,تَدَاوَى,دوي,تفاعل,VI,indicative,active,2mp,1,تَتَدَاوَوْنَ
336_249,تَدَاوَى,دوي,تفاعل,VI,indicative,active,2fs,1,تَتَدَاوَيْنَ
336_249,تَدَاوَى,دوي,تفاعل,VI,indicative,active,2fp,1,تَتَدَاوَيْنَ
336_249,تَدَاوَى,دوي,تفاعل,VI,indicative,active,1s,1,أَتَدَاوَى
336_249,تَدَاوَى,دوي,تفاعل,VI,indicative,active,1p,1,نَتَدَاوَى
336_249,تَدَاوَى,دوي,تفاعل,VI,imperative,active,2ms,1,تَدَاوَ
336_249,تَدَاوَى,دوي,تفاعل,VI,imperative,active,2d,1,تَدَاوَيا
336_249,تَدَاوَى,دوي,تفاعل,VI,imperative,active,2mp,1,تَدَاوَوْا
336_249,تَدَاوَى,دوي,تفاعل,VI,imperative,active,2fs,1,تَدَاوَيْ
336_249,تَدَاوَى,دوي,تفاعل,VI,imperative,active,2fp,1,تَدَاوَيْنَ
337_256,اِنْزالَ,زول,انفعل,VII,past,active,3ms,1,اِنْزالَ
337_256,اِنْزالَ,زول,انفعل,VII,past,active,3md,1,اِنْزالا
337_256,اِنْزالَ,زول,انفعل,VII,past,active,3mp,1,اِنْزالوا
337_256,اِنْزالَ,زول,انفعل,VII,past,active,3fs,1,اِنْزالَتْ
337_256,اِنْزالَ,زول,انفعل,VII,past,active,3fd,1,اِنْزالَتَا
337_256,اِنْزالَ,زول,انفعل,VII,past,active,3fp,1,اِنْزَلْنَ
337_256,اِنْزالَ,زول,انفعل,VII,past,active,2ms,1,اِنْزَلْتَ
337_256,اِنْزالَ,زول,انفعل,VII,past,active,2d,1,اِنْزَلْتُما
337_256,اِنْزالَ,زول,انفعل,VII,past,active,2mp,1,اِنْزَلْتُمْ
337_256,اِنْزالَ,زول,انفعل,VII,past,active,2fs,1,اِنْزَلْتِ
337_256,اِنْزالَ,زول,انفعل,VII,past,active,2fp,1,اِنْزَلْتُنَّ
337_256,اِنْزالَ,زول,انفعل,VII,past,active,1s,1,اِنْزَلْتُ
337_256,اِنْزالَ,زول,انفعل,VII,past,active,1p,1,اِنْزَلْنا
337_256,اِنْزالَ,زول,انفعل,VII,indicative,active,3ms,1,يَنْزالُ
337_256,اِنْزالَ,زول,انفعل,VII,indicative,active,3md,1,يَنْزالانِ
337_256,اِنْزالَ,زول,انفعل,VII,indicative,active,3mp,1,يَنْزالونَ
337_256,اِنْزالَ,زول,انفعل,VII,indicative,active,3fs,1,تَنْزالُ
337_256,اِنْزالَ,زول,انفعل,VII,indicative,active,3fd,1,تَنْزالانِ
337_256,اِنْزالَ,زول,انفعل,VII,indicative,active,3fp,1,يَنْزَلْنَ
337_256,اِنْزالَ,زول,انفعل,VII,indicative,active,2ms,1,تَنْزالُ
337_256,اِنْزالَ,زول,انفعل,VII,indicative,active,2d,1,تَنْزالانِ
337_256,اِنْزالَ,زول,انفعل,VII,indicative,active,2mp,1,تَنْزالونَ
337_256,اِنْزالَ,زول,انفعل,VII,indicative,active,2fs,1,تَنْزالينَ
337_256,اِنْزالَ,زول,انفعل,VII,indicative,active,2fp,1,تَنْزَلْنَ
337_256,اِنْزالَ,زول,انفعل,VII,indicative,active,1s,1,أَنْزالُ
337_256,اِنْزالَ,زول,انفعل,VII,indicative,active,1p,1,نَنْزالُ
337_256,اِنْزالَ,زول,انفعل,VII,imperative,active,2ms,1,اِنْزَلْ
337_256,اِنْزالَ,زول,انفعل,VII,imperative,active,2d,1,اِنْزالا
337_256,اِنْزالَ,زول,انفعل,VII,imperative,active,2mp,1,اِنْزالوا
337_256,اِنْزالَ,زول,انفعل,VII,imperative,active,2fs,1,اِنْزالي
337_256,اِنْزالَ,زول,انفعل,VII,imperative,active,2fp,1,اِنْزَلْنَ
338_256,اِنْقادَ,قود,انفعل,VII,past,active,3ms,1,اِنْقادَ
338_256,اِنْقادَ,قود,انفعل,VII,past,active,3md,1,اِنْقادا
338_256,اِنْقادَ,قود,انفعل,VII,past,active,3mp,1,اِنْقادوا
338_256,اِنْقادَ,قود,انفعل,VII,past,active,3fs,1,اِنْقادَتْ
338_256,اِنْقادَ,قود,انفعل,VII,past,active,3fd,1,اِنْقادَتَا
338_256,اِنْقادَ,قود,انفعل,VII,past,active,3fp,1,اِنْقَدْنَ
338_256,اِنْقادَ,قود,انفعل,VII,past,active,2ms,1,اِنْقَدْتَ
338_256,اِنْقادَ,قود,انفعل,VII,past,active,2d,1,اِنْقَدْتُما
338_256,اِنْقادَ,قود,انفعل,VII,past,active,2mp,1,اِنْقَدْتُمْ
338_256,اِنْقادَ,قود,انفعل,VII,past,active,2fs,1,اِنْقَدْتِ
338_256,اِنْقادَ,قود,انفعل,VII,past,active,2fp,1,اِنْقَدْتُنَّ
338_256,اِنْقادَ,قود,انفعل,VII,past,active,1s,1,اِنْقَدْتُ
338_256,اِنْقادَ,قود,انفعل,VII,past,active,1p,1,اِنْقَدْنا
338_256,اِنْقادَ,قود,انفعل,VII,indicative,active,3ms,1,يَنْقادُ
338_256,اِنْقادَ,قود,انفعل,VII,indicative,active,3md,1,يَنْقادانِ
338_256,اِنْقادَ,قود,انفعل,VII,indicative,active,3mp,1,يَنْقادونَ
338_256,اِنْقادَ,قود,انفعل,VII,indicative,active,3fs,1,تَنْقادُ
338_256,اِنْقادَ,قود,انفعل,VII,indicative,active,3fd,1,تَنْقادانِ
338_256,اِنْقادَ,قود,انفعل,VII,indicative,active,3fp,1,يَنْقَدْنَ
338_256,اِنْقادَ,قود,انفعل,VII,indicative,active,2ms,1,تَنْقادُ
338_256,اِنْقادَ,قود,انفعل,VII,indicative,active,2d,1,تَنْقادانِ
338_256,اِنْقادَ,قود,انفعل,VII,indicative,active,2mp,1,تَنْقادونَ
338_256,اِنْقادَ,قود,انفعل,VII,indicative,active,2fs,1,تَنْقادينَ
338_256,اِنْقادَ,قود,انفعل,VII,indicative,active,2fp,1,تَنْقَدْنَ
338_256,اِنْقادَ,قود,انفعل,VII,indicative,active,1s,1,أَنْقادُ
338_256,اِنْقادَ,قود,انفعل,VII,indicative,active,1p,1,نَنْقادُ
338_256,اِنْقادَ,قود,انفعل,VII,imperative,active,2ms,1,اِنْقَدْ
338_256,اِنْقادَ,قود,انفعل,VII,imperative,active,2d,1,اِنْقادا
338_256,اِنْقادَ,قود,انفعل,VII,imperative,active,2mp,1,اِنْقادوا
338_256,اِنْقادَ,قود,انفعل,VII,imperative,active,2fs,1,اِنْقادي
338_256,اِنْقادَ,قود,انفعل,VII,imperative,active,2fp,1,اِنْقَدْنَ
339_257,اِنْبَرَى,برو,انفعل,VII,past,active,3ms,1,اِنْبَرَى
339_257,اِنْبَرَى,برو,انفعل,VII,past,active,3md,1,اِنْبَرَيا
339_257,اِنْبَرَى,برو,انفعل,VII,past,active,3mp,1,اِنْبَرَوْا
339_257,اِنْبَرَى,برو,انفعل,VII,past,active,3fs,1,اِنْبَرَتْ
339_257,اِنْبَرَى,برو,انفعل,VII,past,active,3fd,1,اِنْبَرَتا
339_257,اِنْبَرَى,برو,انفعل,VII,past,active,3fp,1,اِنْبَرَيْنَ
339_257,اِنْبَرَى,برو,انفعل,VII,past,active,2ms,1,اِنْبَرَيْتَ
339_257,اِنْبَرَى,برو,انفعل,VII,past,active,2d,1,اِنْبَرَيْتُما
339_257,اِنْبَرَى,برو,انفعل,VII,past,active,2mp,1,اِنْبَرَيْتُمْ
339_257,اِنْبَرَى,برو,انفعل,VII,past,active,2fs,1,اِنْبَرَيْتِ
339_257,اِنْبَرَى,برو,انفعل,VII,past,active,2fp,1,اِنْبَرَيْتُنَّ
339_257,اِنْبَرَى,برو,انفعل,VII,past,active,1s,1,اِنْبَرَيْتُ
339_257,اِنْبَرَى,برو,انفعل,VII,past,active,1p,1,اِنْبَرَيْنا
339_257,اِنْبَرَى,برو,انفعل,VII,indicative,active,3ms,1,يَنْبَرِي
339_257,اِنْبَرَى,برو,انفعل,VII,indicative,active,3md,1,يَنْبَرِيانِ
339_257,اِنْبَرَى,برو,انفعل,VII,indicative,active,3mp,1,يَنْبَرُونَ
339_257,اِنْبَرَى,برو,انفعل,VII,indicative,active,3fs,1,تَنْبَرِي
339_257,اِنْبَرَى,برو,انفعل,VII,indicative,active,3fd,1,تَنْبَرِيانِ
339_257,اِنْبَرَى,برو,انفعل,VII,indicative,active,3fp,1,يَنْبَرِينَ
339_257,اِنْبَرَى,برو,انفعل,VII,indicative,active,2ms,1,تَنْبَرِي
339_257,اِنْبَرَى,برو,انفعل,VII,indicative,active,2d,1,تَنْبَرِيانِ
339_257,اِنْبَرَى,برو,انفعل,VII,indicative,active,2mp,1,تَنْبَرُونَ
339_257,اِنْبَرَى,برو,انفعل,VII,indicative,active,2fs,1,تَنْبَرِينَ
339_257,اِنْبَرَى,برو,انفعل,VII,indicative,active,2fp,1,تَنْبَرِينَ
339_257,اِنْبَرَى,برو,انفعل,VII,indicative,active,1s,1,أَنْبَرِي
339_257,اِنْبَرَى,برو,انفعل,VII,indicative,active,1p,1,نَنْبَرِي
339_257,اِنْبَرَى,برو,انفعل,VII,imperative,active,2ms,1,اِنْبَرِ
339_257,اِنْبَرَى,برو,انفعل,VII,imperative,active,2d,1,اِنْبَرِيا
339_257,اِنْبَرَى,برو,انفعل,VII,imperative,active,2mp,1,اِنْبَرُوا
339_257,اِنْبَرَى,برو,انفعل,VII,imperative,active,2fs,1,اِنْبَرِي
339_257,اِنْبَرَى,برو,انفعل,VII,imperative,active,2fp,1,اِنْبَرِينَ
340_257,اِنْجَلَى,جلو,انفعل,VII,past,active,3ms,1,اِنْجَلَى
340_257,اِنْجَلَى,جلو,انفعل,VII,past,active,3md,1,اِنْجَلَيا
340_257,اِنْجَلَى,جلو,انفعل,VII,past,active,3mp,1,اِنْجَلَوْا
340_257,اِنْجَلَى,جلو,انفعل,VII,past,active,3fs,1,اِنْجَلَتْ
340_257,اِنْجَلَى,جلو,انفعل,VII,past,active,3fd,1,اِنْجَلَتا
340_257,اِنْجَلَى,جلو,انفعل,VII,past,active,3fp,1,اِنْجَلَيْنَ
340_257,اِنْجَلَى,جلو,انفعل,VII,past,active,2ms,1,اِنْجَلَيْتَ
340_257,اِنْجَلَى,جلو,انفعل,VII,past,active,2d,1,اِنْجَلَيْتُما
340_257,اِنْجَلَى,جلو,انفعل,VII,past,active,2mp,1,اِنْجَلَيْتُمْ
340_257,اِنْجَلَى,جلو,انفعل,VII,past,active,2fs,1,اِنْجَلَيْتِ
340_257,اِنْجَلَى,جلو,انفعل,VII,past,active,2fp,1,اِنْجَلَيْتُنَّ
340_257,اِنْجَلَى,جلو,انفعل,VII,past,active,1s,1,اِنْجَلَيْتُ
340_257,اِنْجَلَى,جلو,انفعل,VII,past,active,1p,1,اِنْجَلَيْنا
340_257,اِنْجَلَى,جلو,انفعل,VII,indicative,active,3ms,1,يَنْجَلِي
340_257,اِنْجَلَى,جلو,انفعل,VII,indicative,active,3md,1,يَنْجَلِيانِ
340_257,اِنْجَلَى,جلو,انفعل,VII,indicative,active,3mp,1,يَنْجَلُونَ
340_257,اِنْجَلَى,جلو,انفعل,VII,indicative,active,3fs,1,تَنْجَلِي
340_257,اِنْجَلَى,جلو,انفعل,VII,indicative,active,3fd,1,تَنْجَلِيانِ
340_257,اِنْجَلَى,جلو,انفعل,VII,indicative,active,3fp,1,يَنْجَلِينَ
340_257,اِنْجَلَى,جلو,انفعل,VII,indicative,active,2ms,1,تَنْجَلِي
340_257,اِنْجَلَى,جلو,انفعل,VII,indicative,active,2d,1,تَنْجَلِيانِ
340_257,اِنْجَلَى,جلو,انفعل,VII,indicative,active,2mp,1,تَنْجَلُونَ
340_257,اِنْجَلَى,جلو,انفعل,VII,indicative,active,2fs,1,تَنْجَلِينَ
340_257,اِنْجَلَى,جلو,انفعل,VII,indicative,active,2fp,1,تَنْجَلِينَ
340_257,اِنْجَلَى,جلو,انفعل,VII,indicative,active,1s,1,أَنْجَلِي
340_257,اِنْجَلَى,جلو,انفعل,VII,indicative,active,1p,1,نَنْجَلِي
340_257,اِنْجَلَى,جلو,انفعل,VII,imperative,active,2ms,1,اِنْجَلِ
340_257,اِنْجَلَى,جلو,انفعل,VII,imperative,active,2d,1,اِنْجَلِيا
340_257,اِنْجَلَى,جلو,انفعل,VII,imperative,active,2mp,1,اِنْجَلُوا
340_257,اِنْجَلَى,جلو,انفعل,VII,imperative,active,2fs,1,اِنْجَلِي
340_257,اِنْجَلَى,جلو,انفعل,VII,imperative,active,2fp,1,اِنْجَلِينَ
341_260,اِصْطَدَمَ,صدم,افتعل,VIII,past,active,3ms,1,اِصْطَدَمَ
341_260,اِصْطَدَمَ,صدم,افتعل,VIII,past,active,3md,1,اِصْطَدَما
341_260,اِصْطَدَمَ,صدم,افتعل,VIII,past,active,3mp,1,اِصْطَدَموا
341_260,اِصْطَدَمَ,صدم,افتعل,VIII,past,active,3fs,1,اِصْطَدَمَتْ
341_260,اِصْطَدَمَ,صدم,افتعل,VIII,past,active,3fd,1,اِصْطَدَمَتا
341_260,اِصْطَدَمَ,صدم,افتعل,VIII,past,active,3fp,1,اِصْطَدَمْنَ
341_260,اِصْطَدَمَ,صدم,افتعل,VIII,past,active,2ms,1,اِصْطَدَمْتَ
341_260,اِصْطَدَمَ,صدم,افتعل,VIII,past,active,2d,1,اِصْطَدَمْتُما
341_260,اِصْطَدَمَ,صدم,افتعل,VIII,past,active,2mp,1,اِصْطَدَمْتُمْ
341_260,اِصْطَدَمَ,صدم,افتعل,VIII,past,active,2fs,1,اِصْطَدَمْتِ
341_260,اِصْطَدَمَ,صدم,افتعل,VIII,past,active,2fp,1,اِصْطَدَمْتُنَّ
341_260,اِصْطَدَمَ,صدم,افتعل,VIII,past,active,1s,1,اِصْطَدَمْتُ
341_260,اِصْطَدَمَ,صدم,افتعل,VIII,past,active,1p,1,اِصْطَدَمْنا
341_260,اِصْطَدَمَ,صدم,افتعل,VIII,indicative,active,3ms,1,يَصْطَدِمُ
341_260,اِصْطَدَمَ,صدم,افتعل,VIII,indicative,active,3md,1,يَصْطَدِمانِ
341_260,اِصْطَدَمَ,صدم,افتعل,VIII,indicative,active,3mp,1,يَصْطَدِمونَ
341_260,اِصْطَدَمَ,صدم,افتعل,VIII,indicative,active,3fs,1,تَصْطَدِمُ
341_260,اِصْطَدَمَ,صدم,افتعل,VIII,indicative,active,3fd,1,تَصْطَدِمانِ
341_260,اِصْطَدَمَ,صدم,افتعل,VIII,indicative,active,3fp,1,يَصْطَدِمْنَ
341_260,اِصْطَدَمَ,صدم,افتعل,VIII,indicative,active,2ms,1,تَصْطَدِمُ
341_260,اِصْطَدَمَ,صدم,افتعل,VIII,indicative,active,2d,1,تَصْطَدِمانِ
341_260,اِصْطَدَمَ,صدم,افتعل,VIII,indicative,active,2mp,1,تَصْطَدِمونَ
341_260,اِصْطَدَمَ,صدم,افتعل,VIII,indicative,active,2fs,1,تَصْطَدِمينَ
341_260,اِصْطَدَمَ,صدم,افتعل,VIII,indicative,active,2fp,1,تَصْطَدِمْنَ
341_260,اِصْطَدَمَ,صدم,افتعل,VIII,indicative,active,1s,1,أَصْطَدِمُ
341_260,اِصْطَدَمَ,صدم,افتعل,VIII,indicative,active,1p,1,نَصْطَدِمُ
341_260,اِصْطَدَمَ,صدم,افتعل,VIII,imperative,active,2ms,1,اِصْطَدِمْ
341_260,اِصْطَدَمَ,صدم,افتعل,VIII,imperative,active,2d,1,اِصْطَدِما
341_260,اِصْطَدَمَ,صدم,افتعل,VIII,imperative,active,2mp,1,اِصْطَدِموا
341_260,اِصْطَدَمَ,صدم,افتعل,VIII,imperative,active,2fs,1,اِصْطَدِمي
341_260,اِصْطَدَمَ,صدم,افتعل,VIII,imperative,active,2fp,1,اِصْطَدِمْنَ
342_261,اِئْتَجَّ,ئجج,افتعل,VIII,past,active,3ms,1,اِئْتَجَّ
342_261,اِئْتَجَّ,ئجج,افتعل,VIII,past,active,3md,1,اِئْتَجَّا
342_261,اِئْتَجَّ,ئجج,افتعل,VIII,past,active,3mp,1,اِئْتَجُّوا
342_261,اِئْتَجَّ,ئجج,افتعل,VIII,past,active,3fs,1,اِئْتَجَّتْ
342_261,اِئْتَجَّ,ئجج,افتعل,VIII,past,active,3fd,1,اِئْتَجَّتا
342_261,اِئْتَجَّ,ئجج,افتعل,VIII,past,active,3fp,1,اِئْتَجَجْنَ
342_261,اِئْتَجَّ,ئجج,افتعل,VIII,past,active,2ms,1,اِئْتَجَجْتَ
342_261,اِئْتَجَّ,ئجج,افتعل,VIII,past,active,2d,1,اِئْتَجَجْتُما
342_261,اِئْتَجَّ,ئجج,افتعل,VIII,past,active,2mp,1,اِئْتَجَجْتُمْ
342_261,اِئْتَجَّ,ئجج,افتعل,VIII,past,active,2fs,1,اِئْتَجَجْتِ
342_261,اِئْتَجَّ,ئجج,افتعل,VIII,past,active,2fp,1,اِئْتَجَجْتُنَّ
342_261,اِئْتَجَّ,ئجج,افتعل,VIII,past,active,1s,1,اِئْتَجَجْتُ
342_261,اِئْتَجَّ,ئجج,افتعل,VIII,past,active,1p,1,اِئْتَجَجْنا
342_261,اِئْتَجَّ,ئجج,افتعل,VIII,indicative,active,3ms,1,يَأْتَجُّ
342_261,اِئْتَجَّ,ئجج,افتعل,VIII,indicative,active,3md,1,يَأْتَجَّانِ
342_261,اِئْتَجَّ,ئجج,افتعل,VIII,indicative,active,3mp,1,يَأْتَجُّونَ
342_261,اِئْتَجَّ,ئجج,افتعل,VIII,indicative,active,3fs,1,تَأْتَجُّ
342_261,اِئْتَجَّ,ئجج,افتعل,VIII,indicative,active,3fd,1,تَأْتَجَّانِ
342_261,اِئْتَجَّ,ئجج,افتعل,VIII,indicative,active,3fp,1,يَأْتَجِجْنَ
342_261,اِئْتَجَّ,ئجج,افتعل,VIII,indicative,active,2ms,1,تَأْتَجُّ
342_261,اِئْتَجَّ,ئجج,افتعل,VIII,indicative,active,2d,1,تَأْتَجَّانِ
342_261,اِئْتَجَّ,ئجج,افتعل,VIII,indicative,active,2mp,1,تَأْتَجُّونَ
342_261,اِئْتَجَّ,ئجج,افتعل,VIII,indicative,active,2fs,1,تَأْتَجّينَ
342_261,اِئْتَجَّ,ئجج,افتعل,VIII,indicative,active,2fp,1,تَأْتَجِجْنَ
342_261,اِئْتَجَّ,ئجج,افتعل,VIII,indicative,active,1s,1,أَأْتَجُّ
342_261,اِئْتَجَّ,ئجج,افتعل,VIII,indicative,active,1p,1,نَأْتَجُّ
342_261,اِئْتَجَّ,ئجج,افتعل,VIII,imperative,active,2ms,1,اِئْتَجِجْ
342_261,اِئْتَجَّ,ئجج,افتعل,VIII,imperative,active,2d,1,اِئْتَجَّا
342_261,اِئْتَجَّ,ئجج,افتعل,VIII,imperative,active,2mp,1,اِئْتَجُّوا
342_261,اِئْتَجَّ,ئجج,افتعل,VIII,imperative,active,2fs,1,اِئْتَجِّي
342_261,اِئْتَجَّ,ئجج,افتعل,VIII,imperative,active,2fp,1,اِئْتَجِجْنَ
343_261,اِئْتَصَى,ئصو,افتعل,VIII,past,active,3ms,1,اِئْتَصَى
343_261,اِئْتَصَى,ئصو,افتعل,VIII,past,active,3md,1,اِئْتَصَيا
343_261,اِئْتَصَى,ئصو,افتعل,VIII,past,active,3mp,1,اِئْتَصَوْا
343_261,اِئْتَصَى,ئصو,افتعل,VIII,past,active,3fs,1,اِئْتَصَتْ
343_261,اِئْتَصَى,ئصو,افتعل,VIII,past,active,3fd,1,اِئْتَصَتَا
343_261,اِئْتَصَى,ئصو,افتعل,VIII,past,active,3fp,1,اِئْتَصَيْنَ
343_261,اِئْتَصَى,ئصو,افتعل,VIII,past,active,2ms,1,اِئْتَصَيْتَ
343_261,اِئْتَصَى,ئصو,افتعل,VIII,past,active,2d,1,اِئْتَصَيْتُما
343_261,اِئْتَصَى,ئصو,افتعل,VIII,past,active,2mp,1,اِئْتَصَيْتُمْ
343_261,اِئْتَصَى,ئصو,افتعل,VIII,past,active,2fs,1,اِئْتَصَيْتِ
343_261,اِئْتَصَى,ئصو,افتعل,VIII,past,active,2fp,1,اِئْتَصَيْتُنَّ
343_261,اِئْتَصَى,ئصو,افتعل,VIII,past,active,1s,1,اِئْتَصَيْتُ
343_261,اِئْتَصَى,ئصو,افتعل,VIII,past,active,1p,1,اِئْتَصَيْنا
343_261,اِئْتَصَى,ئصو,افتعل,VIII,indicative,active,3ms,1,يَأْتَصي
343_261,اِئْتَصَى,ئصو,افتعل,VIII,indicative,active,3md,1,يَأْتَصِيانِ
343_261,اِئْتَصَى,ئصو,افتعل,VIII,indicative,active,3mp,1,يَأْتَصونَ
343_261,اِئْتَصَى,ئصو,افتعل,VIII,indicative,active,3fs,1,تَأْتَصي
343_261,اِئْتَصَى,ئصو,افتعل,VIII,indicative,active,3fd,1,تَأْتَصِيانِ
343_261,اِئْتَصَى,ئصو,افتعل,VIII,indicative,active,3fp,1,يَأْتَصينَ
343_261,اِئْتَصَى,ئصو,افتعل,VIII,indicative,active,2ms,1,تَأْتَصي
343_261,اِئْتَصَى,ئصو,افتعل,VIII,indicative,active,2d,1,تَأْتَصِيانِ
343_261,اِئْتَصَى,ئصو,افتعل,VIII,indicative,active,2mp,1,تَأْتَصونَ
343_261,اِئْتَصَى,ئصو,افتعل,VIII,indicative,active,2fs,1,تَأْتَصينَ
343_261,اِئْتَصَى,ئصو,افتعل,VIII,indicative,active,2fp,1,تَأْتَصينَ
343_261,اِئْتَصَى,ئصو,افتعل,VIII,indicative,active,1s,1,أَأْتَصي
343_261,اِئْتَصَى,ئصو,افتعل,VIII,indicative,active,1p,1,نَأْتَصي
343_261,اِئْتَصَى,ئصو,افتعل,VIII,imperative,active,2ms,1,اِئْتَصِ
343_261,اِئْتَصَى,ئصو,افتعل,VIII,imperative,active,2d,1,اِئْتَصِيا
343_261,اِئْتَصَى,ئصو,افتعل,VIII,imperative,active,2mp,1,اِئْتَصُوا
343_261,اِئْتَصَى,ئصو,افتعل,VIII,imperative,active,2fs,1,اِئْتَصي
343_261,اِئْتَصَى,ئصو,افتعل,VIII,imperative,active,2fp,1,اِئْتَصينَ
344_263,اِفْتَأَلَ,فأل,افتعل,VIII,past,active,3ms,1,اِفْتَأَلَ
344_263,اِفْتَأَلَ,فأل,افتعل,VIII,past,active,3md,1,اِفْتَأَلا
344_263,اِفْتَأَلَ,فأل,افتعل,VIII,past,active,3mp,1,اِفْتَأَلوا
344_263,اِفْتَأَلَ,فأل,افتعل,VIII,past,active,3fs,1,اِفْتَأَلَتْ
344_263,اِفْتَأَلَ,فأل,افتعل,VIII,past,active,3fd,1,اِفْتَأَلَتا
344_263,اِفْتَأَلَ,فأل,افتعل,VIII,past,active,3fp,1,اِفْتَأَلْنَ
344_263,اِفْتَأَلَ,فأل,افتعل,VIII,past,active,2ms,1,اِفْتَأَلْتَ
344_263,اِفْتَأَلَ,فأل,افتعل,VIII,past,active,2d,1,اِفْتَأَلْتُما
344_263,اِفْتَأَلَ,فأل,افتعل,VIII,past,active,2mp,1,اِفْتَأَلْتُمْ
344_263,اِفْتَأَلَ,فأل,افتعل,VIII,past,active,2fs,1,اِفْتَأَلْتِ
344_263,اِفْتَأَلَ,فأل,افتعل,VIII,past,active,2fp,1,اِفْتَأَلْتُنَّ
344_263,اِفْتَأَلَ,فأل,افتعل,VIII,past,active,1s,1,اِفْتَأَلْتُ
344_263,اِفْتَأَلَ,فأل,افتعل,VIII,past,active,1p,1,اِفْتَأَلْنا
344_263,اِفْتَأَلَ,فأل,افتعل,VIII,indicative,active,3ms,1,يَفْتَئِلُ
344_263,اِفْتَأَلَ,فأل,افتعل,VIII,indicative,active,3md,1,يَفْتَئِلانِ
344_263,اِفْتَأَلَ,فأل,افتعل,VIII,indicative,active,3mp,1,يَفْتَئِلونَ
344_263,اِفْتَأَلَ,فأل,افتعل,VIII,indicative,active,3fs,1,تَفْتَئِلُ
344_263,اِفْتَأَلَ,فأل,افتعل,VIII,indicative,active,3fd,1,تَفْتَئِلانِ
344_263,اِفْتَأَلَ,فأل,افتعل,VIII,indicative,active,3fp,1,يَفْتَئِلْنَ
344_263,اِفْتَأَلَ,فأل,افتعل,VIII,indicative,active,2ms,1,تَفْتَئِلُ
344_263,اِفْتَأَلَ,فأل,افتعل,VIII,indicative,active,2d,1,تَفْتَئِلانِ
344_263,اِفْتَأَلَ,فأل,افتعل,VIII,indicative,active,2mp,1,تَفْتَئِلونَ
344_263,اِفْتَأَلَ,فأل,افتعل,VIII,indicative,active,2fs,1,تَفْتَئِلِينَ
344_263,اِفْتَأَلَ,فأل,افتعل,VIII,indicative,active,2fp,1,تَفْتَئِلْنَ
344_263,اِفْتَأَلَ,فأل,افتعل,VIII,indicative,active,1s,1,أَفْتَئِلُ
344_263,اِفْتَأَلَ,فأل,افتعل,VIII,indicative,active,1p,1,نَفْتَئِلُ
344_263,اِفْتَأَلَ,فأل,افتعل,VIII,imperative,active,2ms,1,اِفْتَئِلْ
344_263,اِفْتَأَلَ,فأل,افتعل,VIII,imperative,active,2d,1,اِفْتَئِلا
344_263,اِفْتَأَلَ,فأل,افتعل,VIII,imperative,active,2mp,1,اِفْتَئِلوا
344_263,اِفْتَأَلَ,فأل,افتعل,VIII,imperative,active,2fs,1,اِفْتَئِلي
344_263,اِفْتَأَلَ,فأل,افتعل,VIII,imperative,active,2fp,1,اِفْتَئِلْنَ
345_266,اِجْتازَ,جوز,افتعل,VIII,past,active,3ms,1,اِجْتازَ
345_266,اِجْتازَ,جوز,افتعل,VIII,past,active,3md,1,اِجْتازا
345_266,اِجْتازَ,جوز,افتعل,VIII,past,active,3mp,1,اِجْتازوا
345_266,اِجْتازَ,جوز,افتعل,VIII,past,active,3fs,1,اِجْتازَتْ
345_266,اِجْتازَ,جوز,افتعل,VIII,past,active,3fd,1,اِجْتازَتا
345_266,اِجْتازَ,جوز,افتعل,VIII,past,active,3fp,1,اِجْتَزْنَ
345_266,اِجْتازَ,جوز,افتعل,VIII,past,active,2ms,1,اِجْتَزْتَ
345_266,اِجْتازَ,جوز,افتعل,VIII,past,active,2d,1,اِجْتَزْتُما
345_266,اِجْتازَ,جوز,افتعل,VIII,past,active,2mp,1,اِجْتَزْتُمْ
345_266,اِجْتازَ,جوز,افتعل,VIII,past,active,2fs,1,اِجْتَزْتِ
345_266,اِجْتازَ,جوز,افتعل,VIII,past,active,2fp,1,اِجْتَزْتُنَّ
345_266,اِجْتازَ,جوز,افتعل,VIII,past,active,1s,1,اِجْتَزْتُ
345_266,اِجْتازَ,جوز,افتعل,VIII,past,active,1p,1,اِجْتَزْنا
345_266,اِجْتازَ,جوز,افتعل,VIII,indicative,active,3ms,1,يَجْتازُ
345_266,اِجْتازَ,جوز,افتعل,VIII,indicative,active,3md,1,يَجْتازانِ
345_266,اِجْتازَ,جوز,افتعل,VIII,indicative,active,3mp,1,يَجْتازونَ
345_266,اِجْتازَ,جوز,افتعل,VIII,indicative,active,3fs,1,تَجْتازُ
345_266,اِجْتازَ,جوز,افتعل,VIII,indicative,active,3fd,1,تَجْتازانِ
345_266,اِجْتازَ,جوز,افتعل,VIII,indicative,active,3fp,1,يَجْتَزْنَ
345_266,اِجْتازَ,جوز,افتعل,VIII,indicative,active,2ms,1,تَجْتازُ
345_266,اِجْتازَ,جوز,افتعل,VIII,indicative,active,2d,1,تَجْتازانِ
345_266,اِجْتازَ,جوز,افتعل,VIII,indicative,active,2mp,1,تَجْتازونَ
345_266,اِجْتازَ,جوز,افتعل,VIII,indicative,active,2fs,1,تَجْتازِينَ
345_266,اِجْتازَ,جوز,افتعل,VIII,indicative,active,2fp,1,تَجْتَزْنَ
345_266,اِجْتازَ,جوز,افتعل,VIII,indicative,active,1s,1,أَجْتازُ
345_266,اِجْتازَ,جوز,افتعل,VIII,indicative,active,1p,1,نَجْتازُ
345_266,اِجْتازَ,جوز,افتعل,VIII,imperative,active,2ms,1,اِجْتَزْ
345_266,اِجْتازَ,جوز,افتعل,VIII,imperative,active,2d,1,اِجْتازا
345_266,اِجْتازَ,جوز,افتعل,VIII,imperative,active,2mp,1,اِجْتازوا
345_266,اِجْتازَ,جوز,افتعل,VIII,imperative,active,2fs,1,اِجْتازي
345_266,اِجْتازَ,جوز,افتعل,VIII,imperative,active,2fp,1,اِجْتَزْنَ
346_267,اِرْتَمَى,رمي,افتعل,VIII,past,active,3ms,1,اِرْتَمَى
346_267,اِرْتَمَى,رمي,افتعل,VIII,past,active,3md,1,اِرْتَمَيا
346_267,اِرْتَمَى,رمي,افتعل,VIII,past,active,3mp,1,اِرْتَمَوْا
346_267,اِرْتَمَى,رمي,افتعل,VIII,past,active,3fs,1,اِرْتَمَتْ
346_267,اِرْتَمَى,رمي,افتعل,VIII,past,active,3fd,1,اِرْتَمَتا
346_267,اِرْتَمَى,رمي,افتعل,VIII,past,active,3fp,1,اِرْتَمَيْنَ
346_267,اِرْتَمَى,رمي,افتعل,VIII,past,active,2ms,1,اِرْتَمَيْتَ
346_267,اِرْتَمَى,رمي,افتعل,VIII,past,active,2d,1,اِرْتَمَيْتُما
346_267,اِرْتَمَى,رمي,افتعل,VIII,past,active,2mp,1,اِرْتَمَيْتُمْ
346_267,اِرْتَمَى,رمي,افتعل,VIII,past,active,2fs,1,اِرْتَمَيْتِ
346_267,اِرْتَمَى,رمي,افتعل,VIII,past,active,2fp,1,اِرْتَمَيْتُنَّ
346_267,اِرْتَمَى,رمي,افتعل,VIII,past,active,1s,1,اِرْتَمَيْتُ
346_267,اِرْتَمَى,رمي,افتعل,VIII,past,active,1p,1,اِرْتَمَيْنا
346_267,اِرْتَمَى,رمي,افتعل,VIII,indicative,active,3ms,1,يَرْتَمِي
346_267,اِرْتَمَى,رمي,افتعل,VIII,indicative,active,3md,1,يَرْتَمِيانِ
346_267,اِرْتَمَى,رمي,افتعل,VIII,indicative,active,3mp,1,يَرْتَمونَ
346_267,اِرْتَمَى,رمي,افتعل,VIII,indicative,active,3fs,1,تَرْتَمِي
346_267,اِرْتَمَى,رمي,افتعل,VIII,indicative,active,3fd,1,تَرْتَمِيانِ
346_267,اِرْتَمَى,رمي,افتعل,VIII,indicative,active,3fp,1,يَرْتَمِينَ
346_267,اِرْتَمَى,رمي,افتعل,VIII,indicative,active,2ms,1,تَرْتَمِي
346_267,اِرْتَمَى,رمي,افتعل,VIII,indicative,active,2d,1,تَرْتَمِيانِ
346_267,اِرْتَمَى,رمي,افتعل,VIII,indicative,active,2mp,1,تَرْتَمونَ
346_267,اِرْتَمَى,رمي,افتعل,VIII,indicative,active,2fs,1,تَرْتَمِينَ
346_267,اِرْتَمَى,رمي,افتعل,VIII,indicative,active,2fp,1,تَرْتَمِينَ
346_267,اِرْتَمَى,رمي,افتعل,VIII,indicative,active,1s,1,أَرْتَمِي
346_267,اِرْتَمَى,رمي,افتعل,VIII,indicative,active,1p,1,نَرْتَمِي
346_267,اِرْتَمَى,رمي,افتعل,VIII,imperative,active,2ms,1,اِرْتَمِ
346_267,اِرْتَمَى,رمي,افتعل,VIII,imperative,active,2d,1,اِرْتَمِيا
346_267,اِرْتَمَى,رمي,افتعل,VIII,imperative,active,2mp,1,اِرْتَموا
346_267,اِرْتَمَى,رمي,افتعل,VIII,imperative,active,2fs,1,اِرْتَمِي
346_267,اِرْتَمَى,رمي,افتعل,VIII,imperative,active,2fp,1,اِرْتَمِينَ
347_267,اِقْتَضَى,قضي,افتعل,VIII,past,active,3ms,1,اِقْتَضَى
347_267,اِقْتَضَى,قضي,افتعل,VIII,past,active,3md,1,اِقْتَضَيا
347_267,اِقْتَضَى,قضي,افتعل,VIII,past,active,3mp,1,اِقْتَضَوْا
347_267,اِقْتَضَى,قضي,افتعل,VIII,past,active,3fs,1,اِقْتَضَتْ
347_267,اِقْتَضَى,قضي,افتعل,VIII,past,active,3fd,1,اِقْتَضَتا
347_267,اِقْتَضَى,قضي,افتعل,VIII,past,active,3fp,1,اِقْتَضَيْنَ
347_267,اِقْتَضَى,قضي,افتعل,VIII,past,active,2ms,1,اِقْتَضَيْتَ
347_267,اِقْتَضَى,قضي,افتعل,VIII,past,active,2d,1,اِقْتَضَيْتُما
347_267,اِقْتَضَى,قضي,افتعل,VIII,past,active,2mp,1,اِقْتَضَيْتُمْ
347_267,اِقْتَضَى,قضي,افتعل,VIII,past,active,2fs,1,اِقْتَضَيْتِ
347_267,اِقْتَضَى,قضي,افتعل,VIII,past,active,2fp,1,اِقْتَضَيْتُنَّ
347_267,اِقْتَضَى,قضي,افتعل,VIII,past,active,1s,1,اِقْتَضَيْتُ
347_267,اِقْتَضَى,قضي,افتعل,VIII,past,active,1p,1,اِقْتَضَيْنا
347_267,اِقْتَضَى,قضي,افتعل,VIII,indicative,active,3ms,1,يَقْتَضِي
347_267,اِقْتَضَى,قضي,افتعل,VIII,indicative,active,3md,1,يَقْتَضِيانِ
347_267,اِقْتَضَى,قضي,افتعل,VIII,indicative,active,3mp,1,يَقْتَضونَ
347_267,اِقْتَضَى,قضي,افتعل,VIII,indicative,active,3fs,1,تَقْتَضِي
347_267,اِقْتَضَى,قضي,افتعل,VIII,indicative,active,3fd,1,تَقْتَضِيانِ
347_267,اِقْتَضَى,قضي,افتعل,VIII,indicative,active,2ms,1,تَقْتَضِي
347_267,اِقْتَضَى,قضي,افتعل,VIII,indicative,active,2d,1,تَقْتَضِيانِ
347_267,اِقْتَضَى,قضي,افتعل,VIII,indicative,active,2mp,1,تَقْتَضونَ
347_267,اِقْتَضَى,قضي,افتعل,VIII,indicative,active,2fs,1,تَقْتَضِينَ
347_267,اِقْتَضَى,قضي,افتعل,VIII,indicative,active,2fp,1,تَقْتَضِينَ
347_267,اِقْتَضَى,قضي,افتعل,VIII,indicative,active,1s,1,أَقْتَضِي
347_267,اِقْتَضَى,قضي,افتعل,VIII,indicative,active,1p,1,نَقْتَضِي
347_267,اِقْتَضَى,قضي,افتعل,VIII,imperative,active,2ms,1,اِقْتَضِ
347_267,اِقْتَضَى,قضي,افتعل,VIII,imperative,active,2d,1,اِقْتَضِيا
347_267,اِقْتَضَى,قضي,افتعل,VIII,imperative,active,2mp,1,اِقْتَضوا
347_267,اِقْتَضَى,قضي,افتعل,VIII,imperative,active,2fs,1,اِقْتَضي
347_267,اِقْتَضَى,قضي,افتعل,VIII,imperative,active,2fp,1,اِقْتَضِينَ
348_267,اِرْتَأَى,رأو,افتعل,VIII,past,active,3ms,1,اِرْتَأَى
348_267,اِرْتَأَى,رأو,افتعل,VIII,past,active,3md,1,اِرْتَأَيا
348_267,اِرْتَأَى,رأو,افتعل,VIII,past,active,3mp,1,اِرْتَأَوْا
348_267,اِرْتَأَى,رأو,افتعل,VIII,past,active,3fs,1,اِرْتَأَتْ
348_267,اِرْتَأَى,رأو,افتعل,VIII,past,active,3fd,1,اِرْتَأَتا
348_267,اِرْتَأَى,رأو,افتعل,VIII,past,active,3fp,1,اِرْتَأَيْنَ
348_267,اِرْتَأَى,رأو,افتعل,VIII,past,active,2ms,1,اِرْتَأَيْتَ
348_267,اِرْتَأَى,رأو,افتعل,VIII,past,active,2d,1,اِرْتَأَيْتُما
348_267,اِرْتَأَى,رأو,افتعل,VIII,past,active,2mp,1,اِرْتَأَيْتُمْ
348_267,اِرْتَأَى,رأو,افتعل,VIII,past,active,2fs,1,اِرْتَأَيْتِ
348_267,اِرْتَأَى,رأو,افتعل,VIII,past,active,2fp,1,اِرْتَأَيْتُنَّ
348_267,اِرْتَأَى,رأو,افتعل,VIII,past,active,1s,1,اِرْتَأَيْتُ
348_267,اِرْتَأَى,رأو,افتعل,VIII,past,active,1p,1,اِرْتَأَيْنا
348_267,اِرْتَأَى,رأو,افتعل,VIII,indicative,active,3ms,1,يَرْتَئِي
348_267,اِرْتَأَى,رأو,افتعل,VIII,indicative,active,3md,1,يَرْتَئِيانِ
348_267,اِرْتَأَى,رأو,افتعل,VIII,indicative,active,3mp,1,يَرْتَؤُونَ
348_267,اِرْتَأَى,رأو,افتعل,VIII,indicative,active,3fs,1,تَرْتَئِي
348_267,اِرْتَأَى,رأو,افتعل,VIII,indicative,active,3fd,1,تَرْتَئِيانِ
348_267,اِرْتَأَى,رأو,افتعل,VIII,indicative,active,3fp,1,يَرْتَئِيْنَ
348_267,اِرْتَأَى,رأو,افتعل,VIII,indicative,active,2ms,1,تَرْتَئِي
348_267,اِرْتَأَى,رأو,افتعل,VIII,indicative,active,2d,1,تَرْتَئِيانِ
348_267,اِرْتَأَى,رأو,افتعل,VIII,indicative,active,2mp,1,تَرْتَؤُونَ
348_267,اِرْتَأَى,رأو,افتعل,VIII,indicative,active,2fs,1,تَرْتَئِيْنَ
348_267,اِرْتَأَى,رأو,افتعل,VIII,indicative,active,2fp,1,تَرْتَئِيْنَ
348_267,اِرْتَأَى,رأو,افتعل,VIII,indicative,active,1s,1,أَرْتَئِي
348_267,اِرْتَأَى,رأو,افتعل,VIII,indicative,active,1p,1,نَرْتَئِي
348_267,اِرْتَأَى,رأو,افتعل,VIII,imperative,active,2ms,1,اِرْتَإِ
348_267,اِرْتَأَى,رأو,افتعل,VIII,imperative,active,2d,1,اِرْتَئِيا
348_267,اِرْتَأَى,رأو,افتعل,VIII,imperative,active,2mp,1,اِرْتَؤُوا
348_267,اِرْتَأَى,رأو,افتعل,VIII,imperative,active,2fs,1,اِرْتَئي
348_267,اِرْتَأَى,رأو,افتعل,VIII,imperative,active,2fp,1,اِرْتَئِينَ
349_286,اِسْتَراحَ,روح,استفعل,X,past,active,3ms,1,اِسْتَراحَ
349_286,اِسْتَراحَ,روح,استفعل,X,past,active,3md,1,اِسْتَراحا
349_286,اِسْتَراحَ,روح,استفعل,X,past,active,3mp,1,اِسْتَراحوا
349_286,اِسْتَراحَ,روح,استفعل,X,past,active,3fs,1,اِسْتَراحَتْ
349_286,اِسْتَراحَ,روح,استفعل,X,past,active,3fd,1,اِسْتَراحَتا
349_286,اِسْتَراحَ,روح,استفعل,X,past,active,3fp,1,اِسْتَرَحْنَ
349_286,اِسْتَراحَ,روح,استفعل,X,past,active,2ms,1,اِسْتَرَحْتَ
349_286,اِسْتَراحَ,روح,استفعل,X,past,active,2d,1,اِسْتَرَحْتُما
349_286,اِسْتَراحَ,روح,استفعل,X,past,active,2mp,1,اِسْتَرَحْتُمْ
349_286,اِسْتَراحَ,روح,استفعل,X,past,active,2fs,1,اِسْتَرَحْتِ
349_286,اِسْتَراحَ,روح,استفعل,X,past,active,2fp,1,اِسْتَرَحْتُنَّ
349_286,اِسْتَراحَ,روح,استفعل,X,past,active,1s,1,اِسْتَرَحْتُ
349_286,اِسْتَراحَ,روح,استفعل,X,past,active,1p,1,اِسْتَرَحْنا
349_286,اِسْتَراحَ,روح,استفعل,X,indicative,active,3ms,1,يَسْتَريحُ
349_286,اِسْتَراحَ,روح,استفعل,X,indicative,active,3md,1,يَسْتَريحانِ
349_286,اِسْتَراحَ,روح,استفعل,X,indicative,active,3mp,1,يَسْتَريحونَ
349_286,اِسْتَراحَ,روح,استفعل,X,indicative,active,3fs,1,تَسْتَريحُ
349_286,اِسْتَراحَ,روح,استفعل,X,indicative,active,3fd,1,تَسْتَريحانِ
349_286,اِسْتَراحَ,روح,استفعل,X,indicative,active,3fp,1,يَسْتَرِحْنَ
349_286,اِسْتَراحَ,روح,استفعل,X,indicative,active,2ms,1,تَسْتَريحُ
349_286,اِسْتَراحَ,روح,استفعل,X,indicative,active,2d,1,تَسْتَريحانِ
349_286,اِسْتَراحَ,روح,استفعل,X,indicative,active,2mp,1,تَسْتَريحونَ
349_286,اِسْتَراحَ,روح,استفعل,X,indicative,active,2fs,1,تَسْتَريحينَ
349_286,اِسْتَراحَ,روح,استفعل,X,indicative,active,2fp,1,تَسْتَرِحْنَ
349_286,اِسْتَراحَ,روح,استفعل,X,indicative,active,1s,1,أَسْتَريحُ
349_286,اِسْتَراحَ,روح,استفعل,X,indicative,active,1p,1,نَسْتَريحُ
349_286,اِسْتَراحَ,روح,استفعل,X,imperative,active,2ms,1,اِسْتَرِحْ
349_286,اِسْتَراحَ,روح,استفعل,X,imperative,active,2d,1,اِسْتَريحا
349_286,اِسْتَراحَ,روح,استفعل,X,imperative,active,2mp,1,اِسْتَريحوا
349_286,اِسْتَراحَ,روح,استفعل,X,imperative,active,2fs,1,اِسْتَريحي
349_286,اِسْتَراحَ,روح,استفعل,X,imperative,active,2fp,1,اِسْتَرِحْنَ
350_286,اِسْتَفادَ,فود,استفعل,X,past,active,3ms,1,اِسْتَفادَ
350_286,اِسْتَفادَ,فود,استفعل,X,past,active,3md,1,اِسْتَفادا
350_286,اِسْتَفادَ,فود,استفعل,X,past,active,3mp,1,اِسْتَفادوا
350_286,اِسْتَفادَ,فود,استفعل,X,past,active,3fs,1,اِسْتَفادَتْ
350_286,اِسْتَفادَ,فود,استفعل,X,past,active,3fd,1,اِسْتَفادَتا
350_286,اِسْتَفادَ,فود,استفعل,X,past,active,3fp,1,اِسْتَفَدْنَ
350_286,اِسْتَفادَ,فود,استفعل,X,past,active,2ms,1,اِسْتَفَدْتَ
350_286,اِسْتَفادَ,فود,استفعل,X,past,active,2d,1,اِسْتَفَدْتُما
350_286,اِسْتَفادَ,فود,استفعل,X,past,active,2mp,1,اِسْتَفَدْتُمْ
350_286,اِسْتَفادَ,فود,استفعل,X,past,active,2fs,1,اِسْتَفَدْتِ
350_286,اِسْتَفادَ,فود,استفعل,X,past,active,2fp,1,اِسْتَفَدْتُنَّ
350_286,اِسْتَفادَ,فود,استفعل,X,past,active,1s,1,اِسْتَفَدْتُ
350_286,اِسْتَفادَ,فود,استفعل,X,past,active,1p,1,اِسْتَفَدْنا
350_286,اِسْتَفادَ,فود,استفعل,X,indicative,active,3ms,1,يَسْتَفيدُ
350_286,اِسْتَفادَ,فود,استفعل,X,indicative,active,3md,1,يَسْتَفيدانِ
350_286,اِسْتَفادَ,فود,استفعل,X,indicative,active,3mp,1,يَسْتَفيدونَ
350_286,اِسْتَفادَ,فود,استفعل,X,indicative,active,3fs,1,تَسْتَفيدُ
350_286,اِسْتَفادَ,فود,استفعل,X,indicative,active,3fd,1,تَسْتَفيدانِ
350_286,اِسْتَفادَ,فود,استفعل,X,indicative,active,3fp,1,يَسْتَفِدْنَ
350_286,اِسْتَفادَ,فود,استفعل,X,indicative,active,2ms,1,تَسْتَفيدُ
350_286,اِسْتَفادَ,فود,استفعل,X,indicative,active,2d,1,تَسْتَفيدانِ
350_286,اِسْتَفادَ,فود,استفعل,X,indicative,active,2mp,1,تَسْتَفيدونَ
350_286,اِسْتَفادَ,فود,استفعل,X,indicative,active,2fs,1,تَسْتَفيدينَ
350_286,اِسْتَفادَ,فود,استفعل,X,indicative,active,2fp,1,تَسْتَفِدْنَ
350_286,اِسْتَفادَ,فود,استفعل,X,indicative,active,1s,1,أَسْتَفيدُ
350_286,اِسْتَفادَ,فود,استفعل,X,indicative,active,1p,1,نَسْتَفيدُ
350_286,اِسْتَفادَ,فود,استفعل,X,imperative,active,2ms,1,اِسْتَفِدْ
350_286,اِسْتَفادَ,فود,استفعل,X,imperative,active,2d,1,اِسْتَفيدا
350_286,اِسْتَفادَ,فود,استفعل,X,imperative,active,2mp,1,اِسْتَفيدوا
350_286,اِسْتَفادَ,فود,استفعل,X,imperative,active,2fs,1,اِسْتَفيدي
350_286,اِسْتَفادَ,فود,استفعل,X,imperative,active,2fp,1,اِسْتَفِدْنَ
351_286,اِسْتَضَاءَ,ضوء,استفعل,X,past,active,3ms,1,اِسْتَضَاءَ
351_286,اِسْتَضَاءَ,ضوء,استفعل,X,past,active,3md,1,اِسْتَضَاءَا
351_286,اِسْتَضَاءَ,ضوء,استفعل,X,past,active,3mp,1,اِسْتَضَاؤُوا
351_286,اِسْتَضَاءَ,ضوء,استفعل,X,past,active,3fs,1,اِسْتَضَاءَتْ
351_286,اِسْتَضَاءَ,ضوء,استفعل,X,past,active,3fd,1,اِسْتَضَاءَتَا
351_286,اِسْتَضَاءَ,ضوء,استفعل,X,past,active,3fp,1,اِسْتَضَأْنَ
351_286,اِسْتَضَاءَ,ضوء,استفعل,X,past,active,2ms,1,اِسْتَضَأْتَ
351_286,اِسْتَضَاءَ,ضوء,استفعل,X,past,active,2d,1,اِسْتَضَأْتُما
351_286,اِسْتَضَاءَ,ضوء,استفعل,X,past,active,2mp,1,اِسْتَضَأْتُمْ
351_286,اِسْتَضَاءَ,ضوء,استفعل,X,past,active,2fs,1,اِسْتَضَأْتِ
351_286,اِسْتَضَاءَ,ضوء,استفعل,X,past,active,2fp,1,اِسْتَضَأْتُنَّ
351_286,اِسْتَضَاءَ,ضوء,استفعل,X,past,active,1s,1,اِسْتَضَأْتُ
351_286,اِسْتَضَاءَ,ضوء,استفعل,X,past,active,1p,1,اِسْتَضَأْنا
351_286,اِسْتَضَاءَ,ضوء,استفعل,X,indicative,active,3ms,1,يَسْتَضِيءُ
351_286,اِسْتَضَاءَ,ضوء,استفعل,X,indicative,active,3md,1,يَسْتَضِيئَانِ
351_286,اِسْتَضَاءَ,ضوء,استفعل,X,indicative,active,3mp,1,يَسْتَضِيؤُونَ
351_286,اِسْتَضَاءَ,ضوء,استفعل,X,indicative,active,3fs,1,تَسْتَضِيءُ
351_286,اِسْتَضَاءَ,ضوء,استفعل,X,indicative,active,3fd,1,تَسْتَضِيئَانِ
351_286,اِسْتَضَاءَ,ضوء,استفعل,X,indicative,active,3fp,1,يَسْتَضِئْنَ
351_286,اِسْتَضَاءَ,ضوء,استفعل,X,indicative,active,2ms,1,تَسْتَضِيءُ
351_286,اِسْتَضَاءَ,ضوء,استفعل,X,indicative,active,2d,1,تَسْتَضِيئَانِ
351_286,اِسْتَضَاءَ,ضوء,استفعل,X,indicative,active,2mp,1,تَسْتَضِيؤُونَ
351_286,اِسْتَضَاءَ,ضوء,استفعل,X,indicative,active,2fs,1,تَسْتَضِيئِينَ
351_286,اِسْتَضَاءَ,ضوء,استفعل,X,indicative,active,2fp,1,تَسْتَضِئْنَ
351_286,اِسْتَضَاءَ,ضوء,استفعل,X,indicative,active,1s,1,أَسْتَضِيءُ
351_286,اِسْتَضَاءَ,ضوء,استفعل,X,indicative,active,1p,1,نَسْتَضِيءُ
351_286,اِسْتَضَاءَ,ضوء,استفعل,X,imperative,active,2ms,1,اِسْتَضِئْ
351_286,اِسْتَضَاءَ,ضوء,استفعل,X,imperative,active,2d,1,اِسْتَضِيئَا
351_286,اِسْتَضَاءَ,ضوء,استفعل,X,imperative,active,2mp,1,اِسْتَضِيؤُوا
351_286,اِسْتَضَاءَ,ضوء,استفعل,X,imperative,active,2fs,1,اِسْتَضِيئِي
351_286,اِسْتَضَاءَ,ضوء,استفعل,X,imperative,active,2fp,1,اِسْتَضِئْنَ
352_287,اِسْتَدْعَى,دعو,استفعل,X,past,active,3ms,1,اِسْتَدْعَى
352_287,اِسْتَدْعَى,دعو,استفعل,X,past,active,3md,1,اِسْتَدْعَيَا
352_287,اِسْتَدْعَى,دعو,استفعل,X,past,active,3mp,1,اِسْتَدْعَوْا
352_287,اِسْتَدْعَى,دعو,استفعل,X,past,active,3fs,1,اِسْتَدْعَتْ
352_287,اِسْتَدْعَى,دعو,استفعل,X,past,active,3fd,1,اِسْتَدْعَتا
352_287,اِسْتَدْعَى,دعو,استفعل,X,past,active,3fp,1,اِسْتَدْعَيْنَ
352_287,اِسْتَدْعَى,دعو,استفعل,X,past,active,2ms,1,اِسْتَدْعَيْتَ
352_287,اِسْتَدْعَى,دعو,استفعل,X,past,active,2d,1,اِسْتَدْعَيْتُما
352_287,اِسْتَدْعَى,دعو,استفعل,X,past,active,2mp,1,اِسْتَدْعَيْتُمْ
352_287,اِسْتَدْعَى,دعو,استفعل,X,past,active,2fs,1,اِسْتَدْعَيْتِ
352_287,اِسْتَدْعَى,دعو,استفعل,X,past,active,2fp,1,اِسْتَدْعَيْتُنَّ
352_287,اِسْتَدْعَى,دعو,استفعل,X,past,active,1s,1,اِسْتَدْعَيْتُ
352_287,اِسْتَدْعَى,دعو,استفعل,X,past,active,1p,1,اِسْتَدْعَيْنا
352_287,اِسْتَدْعَى,دعو,استفعل,X,indicative,active,3ms,1,يَسْتَدْعي
352_287,اِسْتَدْعَى,دعو,استفعل,X,indicative,active,3md,1,يَسْتَدْعيانِ
352_287,اِسْتَدْعَى,دعو,استفعل,X,indicative,active,3mp,1,يَسْتَدْعونَ
352_287,اِسْتَدْعَى,دعو,استفعل,X,indicative,active,3fs,1,تَسْتَدْعي
352_287,اِسْتَدْعَى,دعو,استفعل,X,indicative,active,3fd,1,تَسْتَدْعيانِ
352_287,اِسْتَدْعَى,دعو,استفعل,X,indicative,active,3fp,1,يَسْتَدْعينَ
352_287,اِسْتَدْعَى,دعو,استفعل,X,indicative,active,2ms,1,تَسْتَدْعي
352_287,اِسْتَدْعَى,دعو,استفعل,X,indicative,active,2d,1,تَسْتَدْعيانِ
352_287,اِسْتَدْعَى,دعو,استفعل,X,indicative,active,2mp,1,تَسْتَدْعونَ
352_287,اِسْتَدْعَى,دعو,استفعل,X,indicative,active,2fs,1,تَسْتَدْعينَ
352_287,اِسْتَدْعَى,دعو,استفعل,X,indicative,active,2fp,1,تَسْتَدْعينَ
352_287,اِسْتَدْعَى,دعو,استفعل,X,indicative,active,1s,1,أَسْتَدْعي
352_287,اِسْتَدْعَى,دعو,استفعل,X,indicative,active,1p,1,نَسْتَدْعي
352_287,اِسْتَدْعَى,دعو,استفعل,X,imperative,active,2ms,1,اِسْتَدْعِ
352_287,اِسْتَدْعَى,دعو,استفعل,X,imperative,active,2d,1,اِسْتَدْعيَا
352_287,اِسْتَدْعَى,دعو,استفعل,X,imperative,active,2mp,1,اِسْتَدْعوا
352_287,اِسْتَدْعَى,دعو,استفعل,X,imperative,active,2fs,1,اِسْتَدْعي
352_287,اِسْتَدْعَى,دعو,استفعل,X,imperative,active,2fp,1,اِسْتَدْعينَ
353_287,اِسْتَعْصَى,عصو,استفعل,X,past,active,3ms,1,اِسْتَعْصَى
353_287,اِسْتَعْصَى,عصو,استفعل,X,past,active,3md,1,اِسْتَعْصَيَا
353_287,اِسْتَعْصَى,عصو,استفعل,X,past,active,3mp,1,اِسْتَعْصَوْا
353_287,اِسْتَعْصَى,عصو,استفعل,X,past,active,3fs,1,اِسْتَعْصَتْ
353_287,اِسْتَعْصَى,عصو,استفعل,X,past,active,3fd,1,اِسْتَعْصَتا
353_287,اِسْتَعْصَى,عصو,استفعل,X,past,active,3fp,1,اِسْتَعْصَيْنَ
353_287,اِسْتَعْصَى,عصو,استفعل,X,past,active,2ms,1,اِسْتَعْصَيْتَ
353_287,اِسْتَعْصَى,عصو,استفعل,X,past,active,2d,1,اِسْتَعْصَيْتُما
353_287,اِسْتَعْصَى,عصو,استفعل,X,past,active,2mp,1,اِسْتَعْصَيْتُمْ
353_287,اِسْتَعْصَى,عصو,استفعل,X,past,active,2fs,1,اِسْتَعْصَيْتِ
353_287,اِسْتَعْصَى,عصو,استفعل,X,past,active,2fp,1,اِسْتَعْصَيْتُنَّ
353_287,اِسْتَعْصَى,عصو,استفعل,X,past,active,1s,1,اِسْتَعْصَيْتُ
353_287,اِسْتَعْصَى,عصو,استفعل,X,past,active,1p,1,اِسْتَعْصَيْنا
353_287,اِسْتَعْصَى,عصو,استفعل,X,indicative,active,3ms,1,يَسْتَعْصي
353_287,اِسْتَعْصَى,عصو,استفعل,X,indicative,active,3md,1,يَسْتَعْصِيانِ
353_287,اِسْتَعْصَى,عصو,استفعل,X,indicative,active,3mp,1,يَسْتَعْصونَ
353_287,اِسْتَعْصَى,عصو,استفعل,X,indicative,active,3fs,1,تَسْتَعْصي
353_287,اِسْتَعْصَى,عصو,استفعل,X,indicative,active,3fd,1,تَسْتَعْصِيانِ
353_287,اِسْتَعْصَى,عصو,استفعل,X,indicative,active,3fp,1,يَسْتَعْصينَ
353_287,اِسْتَعْصَى,عصو,استفعل,X,indicative,active,2ms,1,تَسْتَعْصي
353_287,اِسْتَعْصَى,عصو,استفعل,X,indicative,active,2d,1,تَسْتَعْصِيانِ
353_287,اِسْتَعْصَى,عصو,استفعل,X,indicative,active,2mp,1,تَسْتَعْصونَ
353_287,اِسْتَعْصَى,عصو,استفعل,X,indicative,active,2fs,1,تَسْتَعْصينَ
353_287,اِسْتَعْصَى,عصو,استفعل,X,indicative,active,2fp,1,تَسْتَعْصينَ
353_287,اِسْتَعْصَى,عصو,استفعل,X,indicative,active,1s,1,أَسْتَعْصي
353_287,اِسْتَعْصَى,عصو,استفعل,X,indicative,active,1p,1,نَسْتَعْصي
353_287,اِسْتَعْصَى,عصو,استفعل,X,imperative,active,2ms,1,اِسْتَعْصِ
353_287,اِسْتَعْصَى,عصو,استفعل,X,imperative,active,2d,1,اِسْتَعْصيَا
353_287,اِسْتَعْصَى,عصو,استفعل,X,imperative,active,2mp,1,اِسْتَعْصوا
353_287,اِسْتَعْصَى,عصو,استفعل,X,imperative,active,2fs,1,اِسْتَعْصي
353_287,اِسْتَعْصَى,عصو,استفعل,X,imperative,active,2fp,1,اِسْتَعْصينَ
354_290,اِحْدَوْدَبَ,حدب,افعوعل,XII,past,active,3ms,1,اِحْدَوْدَبَ
354_290,اِحْدَوْدَبَ,حدب,افعوعل,XII,past,active,3md,1,اِحْدَوْدَبا
354_290,اِحْدَوْدَبَ,حدب,افعوعل,XII,past,active,3mp,1,اِحْدَوْدَبوا
354_290,اِحْدَوْدَبَ,حدب,افعوعل,XII,past,active,3fs,1,اِحْدَوْدَبَتْ
354_290,اِحْدَوْدَبَ,حدب,افعوعل,XII,past,active,3fd,1,اِحْدَوْدَبَتَا
354_290,اِحْدَوْدَبَ,حدب,افعوعل,XII,past,active,3fp,1,اِحْدَوْدَبْنَ
354_290,اِحْدَوْدَبَ,حدب,افعوعل,XII,past,active,2ms,1,اِحْدَوْدَبْتَ
354_290,اِحْدَوْدَبَ,حدب,افعوعل,XII,past,active,2d,1,اِحْدَوْدَبْتُما
354_290,اِحْدَوْدَبَ,حدب,افعوعل,XII,past,active,2mp,1,اِحْدَوْدَبْتُمْ
354_290,اِحْدَوْدَبَ,حدب,افعوعل,XII,past,active,2fs,1,اِحْدَوْدَبْتِ
354_290,اِحْدَوْدَبَ,حدب,افعوعل,XII,past,active,2fp,1,اِحْدَوْدَبْتُنَّ
354_290,اِحْدَوْدَبَ,حدب,افعوعل,XII,past,active,1s,1,اِحْدَوْدَبْتُ
354_290,اِحْدَوْدَبَ,حدب,افعوعل,XII,past,active,1p,1,اِحْدَوْدَبْنا
354_290,اِحْدَوْدَبَ,حدب,افعوعل,XII,indicative,active,3ms,1,يَحْدَوْدِبُ
354_290,اِحْدَوْدَبَ,حدب,افعوعل,XII,indicative,active,3md,1,يَحْدَوْدِبانِ
354_290,اِحْدَوْدَبَ,حدب,افعوعل,XII,indicative,active,3mp,1,يَحْدَوْدِبونَ
354_290,اِحْدَوْدَبَ,حدب,افعوعل,XII,indicative,active,3fs,1,تَحْدَوْدِبُ
354_290,اِحْدَوْدَبَ,حدب,افعوعل,XII,indicative,active,3fd,1,تَحْدَوْدِبانِ
354_290,اِحْدَوْدَبَ,حدب,افعوعل,XII,indicative,active,3fp,1,يَحْدَوْدِبْنَ
354_290,اِحْدَوْدَبَ,حدب,افعوعل,XII,indicative,active,2ms,1,تَحْدَوْدِبُ
354_290,اِحْدَوْدَبَ,حدب,افعوعل,XII,indicative,active,2d,1,تَحْدَوْدِبانِ
354_290,اِحْدَوْدَبَ,حدب,افعوعل,XII,indicative,active,2mp,1,تَحْدَوْدِبونَ
354_290,اِحْدَوْدَبَ,حدب,افعوعل,XII,indicative,active,2fs,1,تَحْدَوْدِبينَ
354_290,اِحْدَوْدَبَ,حدب,افعوعل,XII,indicative,active,2fp,1,تَحْدَوْدِبْنَ
354_290,اِحْدَوْدَبَ,حدب,افعوعل,XII,indicative,active,1s,1,أَحْدَوْدِبُ
354_290,اِحْدَوْدَبَ,حدب,افعوعل,XII,indicative,active,1p,1,نَحْدَوْدِبُ
354_290,اِحْدَوْدَبَ,حدب,افعوعل,XII,imperative,active,2ms,1,اِحْدَوْدِبْ
354_290,اِحْدَوْدَبَ,حدب,افعوعل,XII,imperative,active,2d,1,اِحْدَوْدِبا
354_290,اِحْدَوْدَبَ,حدب,افعوعل,XII,imperative,active,2mp,1,اِحْدَوْدِبوا
354_290,اِحْدَوْدَبَ,حدب,افعوعل,XII,imperative,active,2fs,1,اِحْدَوْدِبِي
354_290,اِحْدَوْدَبَ,حدب,افعوعل,XII,imperative,active,2fp,1,اِحْدَوْدِبْنَ
355_311,لَأْلَأَ,لألأ,فعلل,Iq,past,active,3ms,1,لَأْلَأَ
355_311,لَأْلَأَ,لألأ,فعلل,Iq,past,active,3md,1,لَأْلَآ
355_311,لَأْلَأَ,لألأ,فعلل,Iq,past,active,3mp,1,لَأْلَؤُوا
355_311,لَأْلَأَ,لألأ,فعلل,Iq,past,active,3fs,1,لَأْلَأَتْ
355_311,لَأْلَأَ,لألأ,فعلل,Iq,past,active,3fd,1,لَأْلَأَتَا
355_311,لَأْلَأَ,لألأ,فعلل,Iq,past,active,3fp,1,لَأْلَأْنَ
355_311,لَأْلَأَ,لألأ,فعلل,Iq,past,active,2ms,1,لَأْلَأْتَ
355_311,لَأْلَأَ,لألأ,فعلل,Iq,past,active,2d,1,لَأْلَأْتُما
355_311,لَأْلَأَ,لألأ,فعلل,Iq,past,active,2mp,1,لَأْلَأْتُمْ
355_311,لَأْلَأَ,لألأ,فعلل,Iq,past,active,2fs,1,لَأْلَأْتِ
355_311,لَأْلَأَ,لألأ,فعلل,Iq,past,active,2fp,1,لَأْلَأْتُنَّ
355_311,لَأْلَأَ,لألأ,فعلل,Iq,past,active,1s,1,لَأْلَأْتُ
355_311,لَأْلَأَ,لألأ,فعلل,Iq,past,active,1p,1,لَأْلَأْنا
355_311,لَأْلَأَ,لألأ,فعلل,Iq,indicative,active,3ms,1,يُلَأْلِئُ
355_311,لَأْلَأَ,لألأ,فعلل,Iq,indicative,active,3md,1,يُلَأْلِئَانِ
355_311,لَأْلَأَ,لألأ,فعلل,Iq,indicative,active,3mp,1,يُلَأْلِئُونَ
355_311,لَأْلَأَ,لألأ,فعلل,Iq,indicative,active,3fs,1,تُلَأْلِئُ
355_311,لَأْلَأَ,لألأ,فعلل,Iq,indicative,active,3fd,1,تُلَأْلِئَانِ
355_311,لَأْلَأَ,لألأ,فعلل,Iq,indicative,active,3fp,1,يُلَأْلِئْنَ
355_311,لَأْلَأَ,لألأ,فعلل,Iq,indicative,active,2ms,1,تُلَأْلِئُ
355_311,لَأْلَأَ,لألأ,فعلل,Iq,indicative,active,2d,1,تُلَأْلِئَانِ
355_311,لَأْلَأَ,لألأ,فعلل,Iq,indicative,active,2mp,1,تُلَأْلِئُونَ
355_311,لَأْلَأَ,لألأ,فعلل,Iq,indicative,active,2fs,1,تُلَأْلِئِينَ
355_311,لَأْلَأَ,لألأ,فعلل,Iq,indicative,active,2fp,1,تُلَأْلِئْنَ
355_311,لَأْلَأَ,لألأ,فعلل,Iq,indicative,active,1s,1,أُلَأْلِئُ
355_311,لَأْلَأَ,لألأ,فعلل,Iq,indicative,active,1p,1,نُلَأْلِئُ
355_311,لَأْلَأَ,لألأ,فعلل,Iq,imperative,active,2ms,1,لَأْلِئْ
355_311,لَأْلَأَ,لألأ,فعلل,Iq,imperative,active,2d,1,لَأْلِئَا
355_311,لَأْلَأَ,لألأ,فعلل,Iq,imperative,active,2mp,1,لَأْلِئُوا
355_311,لَأْلَأَ,لألأ,فعلل,Iq,imperative,active,2fs,1,لَأْلِئي
355_311,لَأْلَأَ,لألأ,فعلل,Iq,imperative,active,2fp,1,لَأْلِئْنَ
356_313,رَأْبَلَ,رأبل,فعلل,Iq,past,active,3ms,1,رَأْبَلَ
356_313,رَأْبَلَ,رأبل,فعلل,Iq,past,active,3md,1,رَأْبَلا
356_313,رَأْبَلَ,رأبل,فعلل,Iq,past,active,3mp,1,رَأْبَلوا
356_313,رَأْبَلَ,رأبل,فعلل,Iq,past,active,3fs,1,رَأْبَلَتْ
356_313,رَأْبَلَ,رأبل,فعلل,Iq,past,active,3fd,1,رَأْبَلَتا
356_313,رَأْبَلَ,رأبل,فعلل,Iq,past,active,3fp,1,رَأْبَلْنَ
356_313,رَأْبَلَ,رأبل,فعلل,Iq,past,active,2ms,1,رَأْبَلْتَ
356_313,رَأْبَلَ,رأبل,فعلل,Iq,past,active,2d,1,رَأْبَلْتُما
356_313,رَأْبَلَ,رأبل,فعلل,Iq,past,active,2mp,1,رَأْبَلْتُمْ
356_313,رَأْبَلَ,رأبل,فعلل,Iq,past,active,2fs,1,رَأْبَلْتِ
356_313,رَأْبَلَ,رأبل,فعلل,Iq,past,active,2fp,1,رَأْبَلْتُنَّ
356_313,رَأْبَلَ,رأبل,فعلل,Iq,past,active,1s,1,رَأْبَلْتُ
356_313,رَأْبَلَ,رأبل,فعلل,Iq,past,active,1p,1,رَأْبَلْنا
356_313,رَأْبَلَ,رأبل,فعلل,Iq,indicative,active,3ms,1,يُرَأْبِلُ
356_313,رَأْبَلَ,رأبل,فعلل,Iq,indicative,active,3md,1,يُرَأْبِلانِ
356_313,رَأْبَلَ,رأبل,فعلل,Iq,indicative,active,3mp,1,يُرَأْبِلونَ
356_313,رَأْبَلَ,رأبل,فعلل,Iq,indicative,active,3fs,1,تُرَأْبِلُ
356_313,رَأْبَلَ,رأبل,فعلل,Iq,indicative,active,3fd,1,تُرَأْبِلانِ
356_313,رَأْبَلَ,رأبل,فعلل,Iq,indicative,active,3fp,1,يُرَأْبِلْنَ
356_313,رَأْبَلَ,رأبل,فعلل,Iq,indicative,active,2ms,1,تُرَأْبِلُ
356_313,رَأْبَلَ,رأبل,فعلل,Iq,indicative,active,2d,1,تُرَأْبِلانِ
356_313,رَأْبَلَ,رأبل,فعلل,Iq,indicative,active,2mp,1,تُرَأْبِلونَ
356_313,رَأْبَلَ,رأبل,فعلل,Iq,indicative,active,2fs,1,تُرَأْبِلِينَ
356_313,رَأْبَلَ,رأبل,فعلل,Iq,indicative,active,2fp,1,تُرَأْبِلْنَ
356_313,رَأْبَلَ,رأبل,فعلل,Iq,indicative,active,1s,1,أُرَأْبِلُ
356_313,رَأْبَلَ,رأبل,فعلل,Iq,indicative,active,1p,1,نُرَأْبِلُ
356_313,رَأْبَلَ,رأبل,فعلل,Iq,imperative,active,2ms,1,رَأْبِلْ
356_313,رَأْبَلَ,رأبل,فعلل,Iq,imperative,active,2d,1,رَأْبِلا
356_313,رَأْبَلَ,رأبل,فعلل,Iq,imperative,active,2mp,1,رَأْبِلوا
356_313,رَأْبَلَ,رأبل,فعلل,Iq,imperative,active,2fs,1,رَأْبِلِي
356_313,رَأْبَلَ,رأبل,فعلل,Iq,imperative,active,2fp,1,رَأْبِلْنَ
357_316,دَوْزَنَ,دوزن,فعلل,Iq,past,active,3ms,1,دَوْزَنَ
357_316,دَوْزَنَ,دوزن,فعلل,Iq,past,active,3md,1,دَوْزَنا
357_316,دَوْزَنَ,دوزن,فعلل,Iq,past,active,3mp,1,دَوْزَنوا
357_316,دَوْزَنَ,دوزن,فعلل,Iq,past,active,3fs,1,دَوْزَنَتْ
357_316,دَوْزَنَ,دوزن,فعلل,Iq,past,active,3fd,1,دَوْزَنَتَا
357_316,دَوْزَنَ,دوزن,فعلل,Iq,past,active,3fp,1,دَوْزَنَّ
357_316,دَوْزَنَ,دوزن,فعلل,Iq,past,active,2ms,1,دَوْزَنْتَ
357_316,دَوْزَنَ,دوزن,فعلل,Iq,past,active,2d,1,دَوْزَنْتُما
357_316,دَوْزَنَ,دوزن,فعلل,Iq,past,active,2mp,1,دَوْزَنْتُمْ
357_316,دَوْزَنَ,دوزن,فعلل,Iq,past,active,2fs,1,دَوْزَنْتِ
357_316,دَوْزَنَ,دوزن,فعلل,Iq,past,active,2fp,1,دَوْزَنْتُنَّ
357_316,دَوْزَنَ,دوزن,فعلل,Iq,past,active,1s,1,دَوْزَنْتُ
357_316,دَوْزَنَ,دوزن,فعلل,Iq,past,active,1p,1,دَوْزَنَّا
357_316,دَوْزَنَ,دوزن,فعلل,Iq,indicative,active,3ms,1,يُدَوْزِنُ
357_316,دَوْزَنَ,دوزن,فعلل,Iq,indicative,active,3md,1,يُدَوْزِنانِ
357_316,دَوْزَنَ,دوزن,فعلل,Iq,indicative,active,3mp,1,يُدَوْزِنونَ
357_316,دَوْزَنَ,دوزن,فعلل,Iq,indicative,active,3fs,1,تُدَوْزِنُ
357_316,دَوْزَنَ,دوزن,فعلل,Iq,indicative,active,3fd,1,تُدَوْزِنانِ
357_316,دَوْزَنَ,دوزن,فعلل,Iq,indicative,active,3fp,1,يُدَوْزِنَّ
357_316,دَوْزَنَ,دوزن,فعلل,Iq,indicative,active,2ms,1,تُدَوْزِنُ
357_316,دَوْزَنَ,دوزن,فعلل,Iq,indicative,active,2d,1,تُدَوْزِنانِ
357_316,دَوْزَنَ,دوزن,فعلل,Iq,indicative,active,2mp,1,تُدَوْزِنونَ
357_316,دَوْزَنَ,دوزن,فعلل,Iq,indicative,active,2fs,1,تُدَوْزِنينَ
357_316,دَوْزَنَ,دوزن,فعلل,Iq,indicative,active,2fp,1,تُدَوْزِنَّ
357_316,دَوْزَنَ,دوزن,فعلل,Iq,indicative,active,1s,1,أُدَوْزِنُ
357_316,دَوْزَنَ,دوزن,فعلل,Iq,indicative,active,1p,1,نُدَوْزِنُ
357_316,دَوْزَنَ,دوزن,فعلل,Iq,imperative,active,2ms,1,دَوْزِنْ
357_316,دَوْزَنَ,دوزن,فعلل,Iq,imperative,active,2d,1,دَوْزِنا
357_316,دَوْزَنَ,دوزن,فعلل,Iq,imperative,active,2mp,1,دَوْزِنوا
357_316,دَوْزَنَ,دوزن,فعلل,Iq,imperative,active,2fs,1,دَوْزِني
357_316,دَوْزَنَ,دوزن,فعلل,Iq,imperative,active,2fp,1,دَوْزِنَّ
358_317,هَرْوَزَ,هروز,فعلل,Iq,past,active,3ms,1,هَرْوَزَ
358_317,هَرْوَزَ,هروز,فعلل,Iq,past,active,3md,1,هَرْوَزا
358_317,هَرْوَزَ,هروز,فعلل,Iq,past,active,3mp,1,هَرْوَزُوا
358_317,هَرْوَزَ,هروز,فعلل,Iq,past,active,3fs,1,هَرْوَزَتْ
358_317,هَرْوَزَ,هروز,فعلل,Iq,past,active,3fd,1,هَرْوَزَتَا
358_317,هَرْوَزَ,هروز,فعلل,Iq,past,active,3fp,1,هَرْوَزْنَ
358_317,هَرْوَزَ,هروز,فعلل,Iq,past,active,2ms,1,هَرْوَزْتَ
358_317,هَرْوَزَ,هروز,فعلل,Iq,past,active,2d,1,هَرْوَزْتُما
358_317,هَرْوَزَ,هروز,فعلل,Iq,past,active,2mp,1,هَرْوَزْتُمْ
358_317,هَرْوَزَ,هروز,فعلل,Iq,past,active,2fs,1,هَرْوَزْتِ
358_317,هَرْوَزَ,هروز,فعلل,Iq,past,active,2fp,1,هَرْوَزْتُنَّ
358_317,هَرْوَزَ,هروز,فعلل,Iq,past,active,1s,1,هَرْوَزْتُ
358_317,هَرْوَزَ,هروز,فعلل,Iq,past,active,1p,1,هَرْوَزْنا
358_317,هَرْوَزَ,هروز,فعلل,Iq,indicative,active,3ms,1,يُهَرْوِزُ
358_317,هَرْوَزَ,هروز,فعلل,Iq,indicative,active,3md,1,يُهَرْوِزانِ
358_317,هَرْوَزَ,هروز,فعلل,Iq,indicative,active,3mp,1,يُهَرْوِزُونَ
358_317,هَرْوَزَ,هروز,فعلل,Iq,indicative,active,3fs,1,تُهَرْوِزُ
358_317,هَرْوَزَ,هروز,فعلل,Iq,indicative,active,3fd,1,تُهَرْوِزانِ
358_317,هَرْوَزَ,هروز,فعلل,Iq,indicative,active,3fp,1,يُهَرْوِزْنَ
358_317,هَرْوَزَ,هروز,فعلل,Iq,indicative,active,2ms,1,تُهَرْوِزُ
358_317,هَرْوَزَ,هروز,فعلل,Iq,indicative,active,2d,1,تُهَرْوِزانِ
358_317,هَرْوَزَ,هروز,فعلل,Iq,indicative,active,2mp,1,تُهَرْوِزُونَ
358_317,هَرْوَزَ,هروز,فعلل,Iq,indicative,active,2fs,1,تُهَرْوِزينَ
358_317,هَرْوَزَ,هروز,فعلل,Iq,indicative,active,2fp,1,تُهَرْوِزْنَ
358_317,هَرْوَزَ,هروز,فعلل,Iq,indicative,active,1s,1,أُهَرْوِزُ
358_317,هَرْوَزَ,هروز,فعلل,Iq,indicative,active,1p,1,نُهَرْوِزُ
358_317,هَرْوَزَ,هروز,فعلل,Iq,imperative,active,2ms,1,هَرْوِزْ
358_317,هَرْوَزَ,هروز,فعلل,Iq,imperative,active,2d,1,هَرْوِزا
358_317,هَرْوَزَ,هروز,فعلل,Iq,imperative,active,2mp,1,هَرْوِزُوا
358_317,هَرْوَزَ,هروز,فعلل,Iq,imperative,active,2fs,1,هَرْوِزي
358_317,هَرْوَزَ,هروز,فعلل,Iq,imperative,active,2fp,1,هَرْوِزْنَ
359_317,دَهْدَى,دهدو,فعلل,Iq,past,active,3ms,1,دَهْدَى
359_317,دَهْدَى,دهدو,فعلل,Iq,past,active,3md,1,دَهْدَيا
359_317,دَهْدَى,دهدو,فعلل,Iq,past,active,3mp,1,دَهْدَوْا
359_317,دَهْدَى,دهدو,فعلل,Iq,past,active,3fs,1,دَهْدَتْ
359_317,دَهْدَى,دهدو,فعلل,Iq,past,active,3fd,1,دَهْدَتا
359_317,دَهْدَى,دهدو,فعلل,Iq,past,active,3fp,1,دَهْدَيْنَ
359_317,دَهْدَى,دهدو,فعلل,Iq,past,active,2ms,1,دَهْدَيْتَ
359_317,دَهْدَى,دهدو,فعلل,Iq,past,active,2d,1,دَهْدَيْتُما
359_317,دَهْدَى,دهدو,فعلل,Iq,past,active,2mp,1,دَهْدَيْتُمْ
359_317,دَهْدَى,دهدو,فعلل,Iq,past,active,2fs,1,دَهْدَيْتِ
359_317,دَهْدَى,دهدو,فعلل,Iq,past,active,2fp,1,دَهْدَيْتُنَّ
359_317,دَهْدَى,دهدو,فعلل,Iq,past,active,1s,1,دَهْدَيْتُ
359_317,دَهْدَى,دهدو,فعلل,Iq,past,active,1p,1,دَهْدَيْنا
359_317,دَهْدَى,دهدو,فعلل,Iq,indicative,active,3ms,1,يُدَهْدِي
359_317,دَهْدَى,دهدو,فعلل,Iq,indicative,active,3md,1,يُدَهْدِيانِ
359_317,دَهْدَى,دهدو,فعلل,Iq,indicative,active,3mp,1,يُدَهْدُونَ
359_317,دَهْدَى,دهدو,فعلل,Iq,indicative,active,3fs,1,تُدَهْدِي
359_317,دَهْدَى,دهدو,فعلل,Iq,indicative,active,3fd,1,تُدَهْدِيانِ
359_317,دَهْدَى,دهدو,فعلل,Iq,indicative,active,3fp,1,يُدَهْدِينَ
359_317,دَهْدَى,دهدو,فعلل,Iq,indicative,active,2ms,1,تُدَهْدِي
359_317,دَهْدَى,دهدو,فعلل,Iq,indicative,active,2d,1,تُدَهْدِيانِ
359_317,دَهْدَى,دهدو,فعلل,Iq,indicative,active,2mp,1,تُدَهْدُونَ
359_317,دَهْدَى,دهدو,فعلل,Iq,indicative,active,2fs,1,تُدَهْدينَ
359_317,دَهْدَى,دهدو,فعلل,Iq,indicative,active,2fp,1,تُدَهْدِينَ
359_317,دَهْدَى,دهدو,فعلل,Iq,indicative,active,1s,1,أُدَهْدِي
359_317,دَهْدَى,دهدو,فعلل,Iq,indicative,active,1p,1,نُدَهْدِي
359_317,دَهْدَى,دهدو,فعلل,Iq,imperative,active,2ms,1,دَهْدِ
359_317,دَهْدَى,دهدو,فعلل,Iq,imperative,active,2d,1,دَهْدِيا
359_317,دَهْدَى,دهدو,فعلل,Iq,imperative,active,2mp,1,دَهْدُوا
359_317,دَهْدَى,دهدو,فعلل,Iq,imperative,active,2fs,1,دَهْدي
359_317,دَهْدَى,دهدو,فعلل,Iq,imperative,active,2fp,1,دَهْدِينَ
360_411,تَرَعْرَعَ,رعرع,تفعلل,IIq,past,active,3ms,1,تَرَعْرَعَ
360_411,تَرَعْرَعَ,رعرع,تفعلل,IIq,past,active,3md,1,تَرَعْرَعا
360_411,تَرَعْرَعَ,رعرع,تفعلل,IIq,past,active,3mp,1,تَرَعْرَعوا
360_411,تَرَعْرَعَ,رعرع,تفعلل,IIq,past,active,3fs,1,تَرَعْرَعَتْ
360_411,تَرَعْرَعَ,رعرع,تفعلل,IIq,past,active,3fd,1,تَرَعْرَعَتَا
360_411,تَرَعْرَعَ,رعرع,تفعلل,IIq,past,active,3fp,1,تَرَعْرَعْنَ
360_411,تَرَعْرَعَ,رعرع,تفعلل,IIq,past,active,2ms,1,تَرَعْرَعْتَ
360_411,تَرَعْرَعَ,رعرع,تفعلل,IIq,past,active,2d,1,تَرَعْرَعْتُما
360_411,تَرَعْرَعَ,رعرع,تفعلل,IIq,past,active,2mp,1,تَرَعْرَعْتُمْ
360_411,تَرَعْرَعَ,رعرع,تفعلل,IIq,past,active,2fs,1,تَرَعْرَعْتِ
360_411,تَرَعْرَعَ,رعرع,تفعلل,IIq,past,active,2fp,1,تَرَعْرَعْتُنَّ
360_411,تَرَعْرَعَ,رعرع,تفعلل,IIq,past,active,1s,1,تَرَعْرَعْتُ
360_411,تَرَعْرَعَ,رعرع,تفعلل,IIq,past,active,1p,1,تَرَعْرَعْنا
360_411,تَرَعْرَعَ,رعرع,تفعلل,IIq,indicative,active,3ms,1,يَتَرَعْرَعُ
360_411,تَرَعْرَعَ,رعرع,تفعلل,IIq,indicative,active,3md,1,يَتَرَعْرَعانِ
360_411,تَرَعْرَعَ,رعرع,تفعلل,IIq,indicative,active,3mp,1,يَتَرَعْرَعونَ
360_411,تَرَعْرَعَ,رعرع,تفعلل,IIq,indicative,active,3fs,1,تَتَرَعْرَعُ
360_411,تَرَعْرَعَ,رعرع,تفعلل,IIq,indicative,active,3fd,1,تَتَرَعْرَعانِ
360_411,تَرَعْرَعَ,رعرع,تفعلل,IIq,indicative,active,3fp,1,يَتَرَعْرَعْنَ
360_411,تَرَعْرَعَ,رعرع,تفعلل,IIq,indicative,active,2ms,1,تَتَرَعْرَعُ
360_411,تَرَعْرَعَ,رعرع,تفعلل,IIq,indicative,active,2d,1,تَتَرَعْرَعانِ
360_411,تَرَعْرَعَ,رعرع,تفعلل,IIq,indicative,active,2mp,1,تَتَرَعْرَعونَ
360_411,تَرَعْرَعَ,رعرع,تفعلل,IIq,indicative,active,2fs,1,تَتَرَعْرَعينَ
360_411,تَرَعْرَعَ,رعرع,تفعلل,IIq,indicative,active,2fp,1,تَتَرَعْرَعْنَ
360_411,تَرَعْرَعَ,رعرع,تفعلل,IIq,indicative,active,1s,1,أَتَرَعْرَعُ
360_411,تَرَعْرَعَ,رعرع,تفعلل,IIq,indicative,active,1p,1,نَتَرَعْرَعُ
360_411,تَرَعْرَعَ,رعرع,تفعلل,IIq,imperative,active,2ms,1,تَرَعْرَعْ
360_411,تَرَعْرَعَ,رعرع,تفعلل,IIq,imperative,active,2d,1,تَرَعْرَعا
360_411,تَرَعْرَعَ,رعرع,تفعلل,IIq,imperative,active,2mp,1,تَرَعْرَعوا
360_411,تَرَعْرَعَ,رعرع,تفعلل,IIq,imperative,active,2fs,1,تَرَعْرَعي
360_411,تَرَعْرَعَ,رعرع,تفعلل,IIq,imperative,active,2fp,1,تَرَعْرَعْنَ
361_411,تَجَفْجَفَ,جفجف,تفعلل,IIq,past,active,3ms,1,تَجَفْجَفَ
361_411,تَجَفْجَفَ,جفجف,تفعلل,IIq,past,active,3md,1,تَجَفْجَفا
361_411,تَجَفْجَفَ,جفجف,تفعلل,IIq,past,active,3mp,1,تَجَفْجَفوا
361_411,تَجَفْجَفَ,جفجف,تفعلل,IIq,past,active,3fs,1,تَجَفْجَفَتْ
361_411,تَجَفْجَفَ,جفجف,تفعلل,IIq,past,active,3fd,1,تَجَفْجَفَتا
361_411,تَجَفْجَفَ,جفجف,تفعلل,IIq,past,active,3fp,1,تَجَفْجَفْنَ
361_411,تَجَفْجَفَ,جفجف,تفعلل,IIq,past,active,2ms,1,تَجَفْجَفْتَ
361_411,تَجَفْجَفَ,جفجف,تفعلل,IIq,past,active,2d,1,تَجَفْجَفْتُما
361_411,تَجَفْجَفَ,جفجف,تفعلل,IIq,past,active,2mp,1,تَجَفْجَفْتُمْ
361_411,تَجَفْجَفَ,جفجف,تفعلل,IIq,past,active,2fs,1,تَجَفْجَفْتِ
361_411,تَجَفْجَفَ,جفجف,تفعلل,IIq,past,active,2fp,1,تَجَفْجَفْتُنَّ
361_411,تَجَفْجَفَ,جفجف,تفعلل,IIq,past,active,1s,1,تَجَفْجَفْتُ
361_411,تَجَفْجَفَ,جفجف,تفعلل,IIq,past,active,1p,1,تَجَفْجَفْنا
361_411,تَجَفْجَفَ,جفجف,تفعلل,IIq,indicative,active,3ms,1,يَتَجَفْجَفُ
361_411,تَجَفْجَفَ,جفجف,تفعلل,IIq,indicative,active,3md,1,يَتَجَفْجَفانِ
361_411,تَجَفْجَفَ,جفجف,تفعلل,IIq,indicative,active,3mp,1,يَتَجَفْجَفونَ
361_411,تَجَفْجَفَ,جفجف,تفعلل,IIq,indicative,active,3fs,1,تَتَجَفْجَفُ
361_411,تَجَفْجَفَ,جفجف,تفعلل,IIq,indicative,active,3fd,1,تَتَجَفْجَفانِ
361_411,تَجَفْجَفَ,جفجف,تفعلل,IIq,indicative,active,3fp,1,يَتَجَفْجَفْنَ
361_411,تَجَفْجَفَ,جفجف,تفعلل,IIq,indicative,active,2ms,1,تَتَجَفْجَفُ
361_411,تَجَفْجَفَ,جفجف,تفعلل,IIq,indicative,active,2d,1,تَتَجَفْجَفانِ
361_411,تَجَفْجَفَ,جفجف,تفعلل,IIq,indicative,active,2mp,1,تَتَجَفْجَفونَ
361_411,تَجَفْجَفَ,جفجف,تفعلل,IIq,indicative,active,2fs,1,تَتَجَفْجَفينَ
361_411,تَجَفْجَفَ,جفجف,تفعلل,IIq,indicative,active,2fp,1,تَتَجَفْجَفْنَ
361_411,تَجَفْجَفَ,جفجف,تفعلل,IIq,indicative,active,1s,1,أَتَجَفْجَفُ
361_411,تَجَفْجَفَ,جفجف,تفعلل,IIq,indicative,active,1p,1,نَتَجَفْجَفُ
361_411,تَجَفْجَفَ,جفجف,تفعلل,IIq,imperative,active,2ms,1,تَجَفْجَفْ
361_411,تَجَفْجَفَ,جفجف,تفعلل,IIq,imperative,active,2d,1,تَجَفْجَفا
361_411,تَجَفْجَفَ,جفجف,تفعلل,IIq,imperative,active,2mp,1,تَجَفْجَفوا
361_411,تَجَفْجَفَ,جفجف,تفعلل,IIq,imperative,active,2fs,1,تَجَفْجَفي
361_411,تَجَفْجَفَ,جفجف,تفعلل,IIq,imperative,active,2fp,1,تَجَفْجَفْنَ
362_413,تَرَأْبَلَ,رأبل,تفعلل,IIq,past,active,3ms,1,تَرَأْبَلَ
362_413,تَرَأْبَلَ,رأبل,تفعلل,IIq,past,active,3md,1,تَرَأْبَلا
362_413,تَرَأْبَلَ,رأبل,تفعلل,IIq,past,active,3mp,1,تَرَأْبَلُوا
362_413,تَرَأْبَلَ,رأبل,تفعلل,IIq,past,active,3fs,1,تَرَأْبَلَتْ
362_413,تَرَأْبَلَ,رأبل,تفعلل,IIq,past,active,3fd,1,تَرَأْبَلَتا
362_413,تَرَأْبَلَ,رأبل,تفعلل,IIq,past,active,3fp,1,تَرَأْبَلْنَ
362_413,تَرَأْبَلَ,رأبل,تفعلل,IIq,past,active,2ms,1,تَرَأْبَلْتَ
362_413,تَرَأْبَلَ,رأبل,تفعلل,IIq,past,active,2d,1,تَرَأْبَلْتُما
362_413,تَرَأْبَلَ,رأبل,تفعلل,IIq,past,active,2mp,1,تَرَأْبَلْتُمْ
362_413,تَرَأْبَلَ,رأبل,تفعلل,IIq,past,active,2fs,1,تَرَأْبَلْتِ
362_413,تَرَأْبَلَ,رأبل,تفعلل,IIq,past,active,2fp,1,تَرَأْبَلْتُنَّ
362_413,تَرَأْبَلَ,رأبل,تفعلل,IIq,past,active,1s,1,تَرَأْبَلْتُ
362_413,تَرَأْبَلَ,رأبل,تفعلل,IIq,past,active,1p,1,تَرَأْبَلْنا
362_413,تَرَأْبَلَ,رأبل,تفعلل,IIq,indicative,active,3ms,1,يَتَرَأْبَلُ
362_413,تَرَأْبَلَ,رأبل,تفعلل,IIq,indicative,active,3md,1,يَتَرَأْبَلَانِ
362_413,تَرَأْبَلَ,رأبل,تفعلل,IIq,indicative,active,3mp,1,يَتَرَأْبَلونَ
362_413,تَرَأْبَلَ,رأبل,تفعلل,IIq,indicative,active,3fs,1,تَتَرَأْبَلُ
362_413,تَرَأْبَلَ,رأبل,تفعلل,IIq,indicative,active,3fd,1,تَتَرَأْبَلَانِ
362_413,تَرَأْبَلَ,رأبل,تفعلل,IIq,indicative,active,3fp,1,يَتَرَأْبَلْنَ
362_413,تَرَأْبَلَ,رأبل,تفعلل,IIq,indicative,active,2ms,1,تَتَرَأْبَلُ
362_413,تَرَأْبَلَ,رأبل,تفعلل,IIq,indicative,active,2d,1,تَتَرَأْبَلَانِ
362_413,تَرَأْبَلَ,رأبل,تفعلل,IIq,indicative,active,2mp,1,تَتَرَأْبَلونَ
362_413,تَرَأْبَلَ,رأبل,تفعلل,IIq,indicative,active,2fs,1,تَتَرَأْبَلينَ
362_413,تَرَأْبَلَ,رأبل,تفعلل,IIq,indicative,active,2fp,1,تَتَرَأْبَلْنَ
362_413,تَرَأْبَلَ,رأبل,تفعلل,IIq,indicative,active,1s,1,أَتَرَأْبَلُ
362_413,تَرَأْبَلَ,رأبل,تفعلل,IIq,indicative,active,1p,1,نَتَرَأْبَلُ
362_413,تَرَأْبَلَ,رأبل,تفعلل,IIq,imperative,active,2ms,1,تَرَأْبَلْ
362_413,تَرَأْبَلَ,رأبل,تفعلل,IIq,imperative,active,2d,1,تَرَأْبَلا
362_413,تَرَأْبَلَ,رأبل,تفعلل,IIq,imperative,active,2mp,1,تَرَأْبَلُوا
362_413,تَرَأْبَلَ,رأبل,تفعلل,IIq,imperative,active,2fs,1,تَرَأْبَلي
362_413,تَرَأْبَلَ,رأبل,تفعلل,IIq,imperative,active,2fp,1,تَرَأْبَلْنَ
363_413,تَثَأْلَلَ,ثألل,تفعلل,IIq,past,active,3ms,1,تَثَأْلَلَ
363_413,تَثَأْلَلَ,ثألل,تفعلل,IIq,past,active,3md,1,تَثَأْلَلا
363_413,تَثَأْلَلَ,ثألل,تفعلل,IIq,past,active,3mp,1,تَثَأْلَلُوا
363_413,تَثَأْلَلَ,ثألل,تفعلل,IIq,past,active,3fs,1,تَثَأْلَلَتْ
363_413,تَثَأْلَلَ,ثألل,تفعلل,IIq,past,active,3fd,1,تَثَأْلَلَتا
363_413,تَثَأْلَلَ,ثألل,تفعلل,IIq,past,active,3fp,1,تَثَأْلَلْنَ
363_413,تَثَأْلَلَ,ثألل,تفعلل,IIq,past,active,2ms,1,تَثَأْلَلْتَ
363_413,تَثَأْلَلَ,ثألل,تفعلل,IIq,past,active,2d,1,تَثَأْلَلْتُما
363_413,تَثَأْلَلَ,ثألل,تفعلل,IIq,past,active,2mp,1,تَثَأْلَلْتُمْ
363_413,تَثَأْلَلَ,ثألل,تفعلل,IIq,past,active,2fs,1,تَثَأْلَلْتِ
363_413,تَثَأْلَلَ,ثألل,تفعلل,IIq,past,active,2fp,1,تَثَأْلَلْتُنَّ
363_413,تَثَأْلَلَ,ثألل,تفعلل,IIq,past,active,1s,1,تَثَأْلَلْتُ
363_413,تَثَأْلَلَ,ثألل,تفعلل,IIq,past,active,1p,1,تَثَأْلَلْنا
363_413,تَثَأْلَلَ,ثألل,تفعلل,IIq,indicative,active,3ms,1,يَتَثَأْلَلُ
363_413,تَثَأْلَلَ,ثألل,تفعلل,IIq,indicative,active,3md,1,يَتَثَأْلَلَانِ
363_413,تَثَأْلَلَ,ثألل,تفعلل,IIq,indicative,active,3mp,1,يَتَثَأْلَلونَ
363_413,تَثَأْلَلَ,ثألل,تفعلل,IIq,indicative,active,3fs,1,تَتَثَأْلَلُ
363_413,تَثَأْلَلَ,ثألل,تفعلل,IIq,indicative,active,3fd,1,تَتَثَأْلَلَانِ
363_413,تَثَأْلَلَ,ثألل,تفعلل,IIq,indicative,active,3fp,1,يَتَثَأْلَلْنَ
363_413,تَثَأْلَلَ,ثألل,تفعلل,IIq,indicative,active,2ms,1,تَتَثَأْلَلُ
363_413,تَثَأْلَلَ,ثألل,تفعلل,IIq,indicative,active,2d,1,تَتَثَأْلَلَانِ
363_413,تَثَأْلَلَ,ثألل,تفعلل,IIq,indicative,active,2mp,1,تَتَثَأْلَلونَ
363_413,تَثَأْلَلَ,ثألل,تفعلل,IIq,indicative,active,2fs,1,تَتَثَأْلَلينَ
363_413,تَثَأْلَلَ,ثألل,تفعلل,IIq,indicative,active,2fp,1,تَتَثَأْلَلْنَ
363_413,تَثَأْلَلَ,ثألل,تفعلل,IIq,indicative,active,1s,1,أَتَثَأْلَلُ
363_413,تَثَأْلَلَ,ثألل,تفعلل,IIq,indicative,active,1p,1,نَتَثَأْلَلُ
363_413,تَثَأْلَلَ,ثألل,تفعلل,IIq,imperative,active,2ms,1,تَثَأْلَلْ
363_413,تَثَأْلَلَ,ثألل,تفعلل,IIq,imperative,active,2d,1,تَثَأْلَلا
363_413,تَثَأْلَلَ,ثألل,تفعلل,IIq,imperative,active,2mp,1,تَثَأْلَلُوا
363_413,تَثَأْلَلَ,ثألل,تفعلل,IIq,imperative,active,2fs,1,تَثَأْلَلي
363_413,تَثَأْلَلَ,ثألل,تفعلل,IIq,imperative,active,2fp,1,تَثَأْلَلْنَ
364_414,تَدَرْبَأَ,دربأ,تفعلل,IIq,past,active,3ms,1,تَدَرْبَأَ
364_414,تَدَرْبَأَ,دربأ,تفعلل,IIq,past,active,3md,1,تَدَرْبَآ
364_414,تَدَرْبَأَ,دربأ,تفعلل,IIq,past,active,3mp,1,تَدَرْبَؤُوا
364_414,تَدَرْبَأَ,دربأ,تفعلل,IIq,past,active,3fs,1,تَدَرْبَأَتْ
364_414,تَدَرْبَأَ,دربأ,تفعلل,IIq,past,active,3fd,1,تَدَرْبَأَتا
364_414,تَدَرْبَأَ,دربأ,تفعلل,IIq,past,active,3fp,1,تَدَرْبَأْنَ
364_414,تَدَرْبَأَ,دربأ,تفعلل,IIq,past,active,2ms,1,تَدَرْبَأْتَ
364_414,تَدَرْبَأَ,دربأ,تفعلل,IIq,past,active,2d,1,تَدَرْبَأْتُما
364_414,تَدَرْبَأَ,دربأ,تفعلل,IIq,past,active,2mp,1,تَدَرْبَأْتُمْ
364_414,تَدَرْبَأَ,دربأ,تفعلل,IIq,past,active,2fs,1,تَدَرْبَأْتِ
364_414,تَدَرْبَأَ,دربأ,تفعلل,IIq,past,active,2fp,1,تَدَرْبَأْتُنَّ
364_414,تَدَرْبَأَ,دربأ,تفعلل,IIq,past,active,1s,1,تَدَرْبَأْتُ
364_414,تَدَرْبَأَ,دربأ,تفعلل,IIq,past,active,1p,1,تَدَرْبَأْنا
364_414,تَدَرْبَأَ,دربأ,تفعلل,IIq,indicative,active,3ms,1,يَتَدَرْبَأُ
364_414,تَدَرْبَأَ,دربأ,تفعلل,IIq,indicative,active,3md,1,يَتَدَرْبَآنِ
364_414,تَدَرْبَأَ,دربأ,تفعلل,IIq,indicative,active,3mp,1,يَتَدَرْبَؤُونَ
364_414,تَدَرْبَأَ,دربأ,تفعلل,IIq,indicative,active,3fs,1,تَتَدَرْبَأُ
364_414,تَدَرْبَأَ,دربأ,تفعلل,IIq,indicative,active,3fd,1,تَتَدَرْبَآنِ
364_414,تَدَرْبَأَ,دربأ,تفعلل,IIq,indicative,active,3fp,1,يَتَدَرْبَأْنَ
364_414,تَدَرْبَأَ,دربأ,تفعلل,IIq,indicative,active,2ms,1,تَتَدَرْبَأُ
364_414,تَدَرْبَأَ,دربأ,تفعلل,IIq,indicative,active,2d,1,تَتَدَرْبَآنِ
364_414,تَدَرْبَأَ,دربأ,تفعلل,IIq,indicative,active,2mp,1,تَتَدَرْبَؤُونَ
364_414,تَدَرْبَأَ,دربأ,تفعلل,IIq,indicative,active,2fs,1,تَتَدَرْبَئِينَ
364_414,تَدَرْبَأَ,دربأ,تفعلل,IIq,indicative,active,2fp,1,تَتَدَرْبَأْنَ
364_414,تَدَرْبَأَ,دربأ,تفعلل,IIq,indicative,active,1s,1,أَتَدَرْبَأُ
364_414,تَدَرْبَأَ,دربأ,تفعلل,IIq,indicative,active,1p,1,نَتَدَرْبَأُ
364_414,تَدَرْبَأَ,دربأ,تفعلل,IIq,imperative,active,2ms,1,تَدَرْبَأْ
364_414,تَدَرْبَأَ,دربأ,تفعلل,IIq,imperative,active,2d,1,تَدَرْبَآ
364_414,تَدَرْبَأَ,دربأ,تفعلل,IIq,imperative,active,2mp,1,تَدَرْبَؤُوا
364_414,تَدَرْبَأَ,دربأ,تفعلل,IIq,imperative,active,2fs,1,تَدَرْبَئِي
364_414,تَدَرْبَأَ,دربأ,تفعلل,IIq,imperative,active,2fp,1,تَدَرْبَأْنَ
365_414,تَكَرْثَأَ,كرثأ,تفعلل,IIq,past,active,3ms,1,تَكَرْثَأَ
365_414,تَكَرْثَأَ,كرثأ,تفعلل,IIq,past,active,3md,1,تَكَرْثَآ
365_414,تَكَرْثَأَ,كرثأ,تفعلل,IIq,past,active,3mp,1,تَكَرْثَؤُوا
365_414,تَكَرْثَأَ,كرثأ,تفعلل,IIq,past,active,3fs,1,تَكَرْثَأَتْ
365_414,تَكَرْثَأَ,كرثأ,تفعلل,IIq,past,active,3fd,1,تَكَرْثَأَتا
365_414,تَكَرْثَأَ,كرثأ,تفعلل,IIq,past,active,3fp,1,تَكَرْثَأْنَ
365_414,تَكَرْثَأَ,كرثأ,تفعلل,IIq,past,active,2ms,1,تَكَرْثَأْتَ
365_414,تَكَرْثَأَ,كرثأ,تفعلل,IIq,past,active,2d,1,تَكَرْثَأْتُما
365_414,تَكَرْثَأَ,كرثأ,تفعلل,IIq,past,active,2mp,1,تَكَرْثَأْتُمْ
365_414,تَكَرْثَأَ,كرثأ,تفعلل,IIq,past,active,2fs,1,تَكَرْثَأْتِ
365_414,تَكَرْثَأَ,كرثأ,تفعلل,IIq,past,active,2fp,1,تَكَرْثَأْتُنَّ
365_414,تَكَرْثَأَ,كرثأ,تفعلل,IIq,past,active,1s,1,تَكَرْثَأْتُ
365_414,تَكَرْثَأَ,كرثأ,تفعلل,IIq,past,active,1p,1,تَكَرْثَأْنا
365_414,تَكَرْثَأَ,كرثأ,تفعلل,IIq,indicative,active,3ms,1,يَتَكَرْثَأُ
365_414,تَكَرْثَأَ,كرثأ,تفعلل,IIq,indicative,active,3md,1,يَتَكَرْثَآنِ
365_414,تَكَرْثَأَ,كرثأ,تفعلل,IIq,indicative,active,3mp,1,يَتَكَرْثَؤُونَ
365_414,تَكَرْثَأَ,كرثأ,تفعلل,IIq,indicative,active,3fs,1,تَتَكَرْثَأُ
365_414,تَكَرْثَأَ,كرثأ,تفعلل,IIq,indicative,active,3fd,1,تَتَكَرْثَآنِ
365_414,تَكَرْثَأَ,كرثأ,تفعلل,IIq,indicative,active,3fp,1,يَتَكَرْثَأْنَ
365_414,تَكَرْثَأَ,كرثأ,تفعلل,IIq,indicative,active,2ms,1,تَتَكَرْثَأُ
365_414,تَكَرْثَأَ,كرثأ,تفعلل,IIq,indicative,active,2d,1,تَتَكَرْثَآنِ
365_414,تَكَرْثَأَ,كرثأ,تفعلل,IIq,indicative,active,2mp,1,تَتَكَرْثَؤُونَ
365_414,تَكَرْثَأَ,كرثأ,تفعلل,IIq,indicative,active,2fs,1,تَتَكَرْثَئينَ
365_414,تَكَرْثَأَ,كرثأ,تفعلل,IIq,indicative,active,2fp,1,تَتَكَرْثَأْنَ
365_414,تَكَرْثَأَ,كرثأ,تفعلل,IIq,indicative,active,1s,1,أَتَكَرْثَأُ
365_414,تَكَرْثَأَ,كرثأ,تفعلل,IIq,indicative,active,1p,1,نَتَكَرْثَأُ
365_414,تَكَرْثَأَ,كرثأ,تفعلل,IIq,imperative,active,2d,1,تَكَرْثَآ
365_414,تَكَرْثَأَ,كرثأ,تفعلل,IIq,imperative,active,2mp,1,تَكَرْثَؤُوا
365_414,تَكَرْثَأَ,كرثأ,تفعلل,IIq,imperative,active,2fs,1,تَكَرْثَئِي
365_414,تَكَرْثَأَ,كرثأ,تفعلل,IIq,imperative,active,2fp,1,تَكَرْثَأْنَ
366_415,تَوَكْوَكَ,وكوك,تفعلل,IIq,past,active,3ms,1,تَوَكْوَكَ
366_415,تَوَكْوَكَ,وكوك,تفعلل,IIq,past,active,3md,1,تَوَكْوَكا
366_415,تَوَكْوَكَ,وكوك,تفعلل,IIq,past,active,3mp,1,تَوَكْوَكوا
366_415,تَوَكْوَكَ,وكوك,تفعلل,IIq,past,active,3fs,1,تَوَكْوَكَتْ
366_415,تَوَكْوَكَ,وكوك,تفعلل,IIq,past,active,3fd,1,تَوَكْوَكَتا
366_415,تَوَكْوَكَ,وكوك,تفعلل,IIq,past,active,3fp,1,تَوَكْوَكْنَ
366_415,تَوَكْوَكَ,وكوك,تفعلل,IIq,past,active,2ms,1,تَوَكْوَكْتَ
366_415,تَوَكْوَكَ,وكوك,تفعلل,IIq,past,active,2d,1,تَوَكْوَكْتُما
366_415,تَوَكْوَكَ,وكوك,تفعلل,IIq,past,active,2mp,1,تَوَكْوَكْتُمْ
366_415,تَوَكْوَكَ,وكوك,تفعلل,IIq,past,active,2fs,1,تَوَكْوَكْتِ
366_415,تَوَكْوَكَ,وكوك,تفعلل,IIq,past,active,2fp,1,تَوَكْوَكْتُنَّ
366_415,تَوَكْوَكَ,وكوك,تفعلل,IIq,past,active,1s,1,تَوَكْوَكْتُ
366_415,تَوَكْوَكَ,وكوك,تفعلل,IIq,past,active,1p,1,تَوَكْوَكْنا
366_415,تَوَكْوَكَ,وكوك,تفعلل,IIq,indicative,active,3ms,1,يَتَوَكْوَكُ
366_415,تَوَكْوَكَ,وكوك,تفعلل,IIq,indicative,active,3md,1,يَتَوَكْوَكَانِ
366_415,تَوَكْوَكَ,وكوك,تفعلل,IIq,indicative,active,3mp,1,يَتَوَكْوَكونَ
366_415,تَوَكْوَكَ,وكوك,تفعلل,IIq,indicative,active,3fs,1,تَتَوَكْوَكُ
366_415,تَوَكْوَكَ,وكوك,تفعلل,IIq,indicative,active,3fd,1,تَتَوَكْوَكَانِ
366_415,تَوَكْوَكَ,وكوك,تفعلل,IIq,indicative,active,3fp,1,يَتَوَكْوَكْنَ
366_415,تَوَكْوَكَ,وكوك,تفعلل,IIq,indicative,active,2ms,1,تَتَوَكْوَكُ
366_415,تَوَكْوَكَ,وكوك,تفعلل,IIq,indicative,active,2d,1,تَتَوَكْوَكَانِ
366_415,تَوَكْوَكَ,وكوك,تفعلل,IIq,indicative,active,2mp,1,تَتَوَكْوَكونَ
366_415,تَوَكْوَكَ,وكوك,تفعلل,IIq,indicative,active,2fs,1,تَتَوَكْوَكينَ
366_415,تَوَكْوَكَ,وكوك,تفعلل,IIq,indicative,active,2fp,1,تَتَوَكْوَكْنَ
366_415,تَوَكْوَكَ,وكوك,تفعلل,IIq,indicative,active,1s,1,أَتَوَكْوَكُ
366_415,تَوَكْوَكَ,وكوك,تفعلل,IIq,indicative,active,1p,1,نَتَوَكْوَكُ
366_415,تَوَكْوَكَ,وكوك,تفعلل,IIq,imperative,active,2ms,1,تَوَكْوَكْ
366_415,تَوَكْوَكَ,وكوك,تفعلل,IIq,imperative,active,2d,1,تَوَكْوَكا
366_415,تَوَكْوَكَ,وكوك,تفعلل,IIq,imperative,active,2mp,1,تَوَكْوَكوا
366_415,تَوَكْوَكَ,وكوك,تفعلل,IIq,imperative,active,2fs,1,تَوَكْوَكي
366_415,تَوَكْوَكَ,وكوك,تفعلل,IIq,imperative,active,2fp,1,تَوَكْوَكْنَ
367_415,تَوَطْوَطَ,وطوط,تفعلل,IIq,past,active,3ms,1,تَوَطْوَطَ
367_415,تَوَطْوَطَ,وطوط,تفعلل,IIq,past,active,3md,1,تَوَطْوَطا
367_415,تَوَطْوَطَ,وطوط,تفعلل,IIq,past,active,3mp,1,تَوَطْوَطوا
367_415,تَوَطْوَطَ,وطوط,تفعلل,IIq,past,active,3fs,1,تَوَطْوَطَتْ
367_415,تَوَطْوَطَ,وطوط,تفعلل,IIq,past,active,3fd,1,تَوَطْوَطَتا
367_415,تَوَطْوَطَ,وطوط,تفعلل,IIq,past,active,3fp,1,تَوَطْوَطْنَ
367_415,تَوَطْوَطَ,وطوط,تفعلل,IIq,past,active,2ms,1,تَوَطْوَطْتَ
367_415,تَوَطْوَطَ,وطوط,تفعلل,IIq,past,active,2d,1,تَوَطْوَطْتُما
367_415,تَوَطْوَطَ,وطوط,تفعلل,IIq,past,active,2mp,1,تَوَطْوَطْتُمْ
367_415,تَوَطْوَطَ,وطوط,تفعلل,IIq,past,active,2fs,1,تَوَطْوَطْتِ
367_415,تَوَطْوَطَ,وطوط,تفعلل,IIq,past,active,2fp,1,تَوَطْوَطْتُنَّ
367_415,تَوَطْوَطَ,وطوط,تفعلل,IIq,past,active,1s,1,تَوَطْوَطْتُ
367_415,تَوَطْوَطَ,وطوط,تفعلل,IIq,past,active,1p,1,تَوَطْوَطْنا
367_415,تَوَطْوَطَ,وطوط,تفعلل,IIq,indicative,active,3ms,1,يَتَوَطْوَطُ
367_415,تَوَطْوَطَ,وطوط,تفعلل,IIq,indicative,active,3md,1,يَتَوَطْوَطَانِ
367_415,تَوَطْوَطَ,وطوط,تفعلل,IIq,indicative,active,3mp,1,يَتَوَطْوَطونَ
367_415,تَوَطْوَطَ,وطوط,تفعلل,IIq,indicative,active,3fs,1,تَتَوَطْوَطُ
367_415,تَوَطْوَطَ,وطوط,تفعلل,IIq,indicative,active,3fd,1,تَتَوَطْوَطَانِ
367_415,تَوَطْوَطَ,وطوط,تفعلل,IIq,indicative,active,3fp,1,يَتَوَطْوَطْنَ
367_415,تَوَطْوَطَ,وطوط,تفعلل,IIq,indicative,active,2ms,1,تَتَوَطْوَطُ
367_415,تَوَطْوَطَ,وطوط,تفعلل,IIq,indicative,active,2d,1,تَتَوَطْوَطَانِ
367_415,تَوَطْوَطَ,وطوط,تفعلل,IIq,indicative,active,2mp,1,تَتَوَطْوَطونَ
367_415,تَوَطْوَطَ,وطوط,تفعلل,IIq,indicative,active,2fs,1,تَتَوَطْوَطينَ
367_415,تَوَطْوَطَ,وطوط,تفعلل,IIq,indicative,active,2fp,1,تَتَوَطْوَطْنَ
367_415,تَوَطْوَطَ,وطوط,تفعلل,IIq,indicative,active,1s,1,أَتَوَطْوَطُ
367_415,تَوَطْوَطَ,وطوط,تفعلل,IIq,indicative,active,1p,1,نَتَوَطْوَطُ
367_415,تَوَطْوَطَ,وطوط,تفعلل,IIq,imperative,active,2ms,1,تَوَطْوَطْ
367_415,تَوَطْوَطَ,وطوط,تفعلل,IIq,imperative,active,2d,1,تَوَطْوَطا
367_415,تَوَطْوَطَ,وطوط,تفعلل,IIq,imperative,active,2mp,1,تَوَطْوَطُوا
367_415,تَوَطْوَطَ,وطوط,تفعلل,IIq,imperative,active,2fs,1,تَوَطْوَطي
367_415,تَوَطْوَطَ,وطوط,تفعلل,IIq,imperative,active,2fp,1,تَوَطْوَطْنَ
368_416,تَجَوْرَبَ,جورب,تفعلل,IIq,past,active,3ms,1,تَجَوْرَبَ
368_416,تَجَوْرَبَ,جورب,تفعلل,IIq,past,active,3md,1,تَجَوْرَبَا
368_416,تَجَوْرَبَ,جورب,تفعلل,IIq,past,active,3mp,1,تَجَوْرَبوا
368_416,تَجَوْرَبَ,جورب,تفعلل,IIq,past,active,3fs,1,تَجَوْرَبَتْ
368_416,تَجَوْرَبَ,جورب,تفعلل,IIq,past,active,3fd,1,تَجَوْرَبَتَا
368_416,تَجَوْرَبَ,جورب,تفعلل,IIq,past,active,3fp,1,تَجَوْرَبْنَ
368_416,تَجَوْرَبَ,جورب,تفعلل,IIq,past,active,2ms,1,تَجَوْرَبْتَ
368_416,تَجَوْرَبَ,جورب,تفعلل,IIq,past,active,2d,1,تَجَوْرَبْتُما
368_416,تَجَوْرَبَ,جورب,تفعلل,IIq,past,active,2mp,1,تَجَوْرَبْتُمْ
368_416,تَجَوْرَبَ,جورب,تفعلل,IIq,past,active,2fs,1,تَجَوْرَبْتِ
368_416,تَجَوْرَبَ,جورب,تفعلل,IIq,past,active,2fp,1,تَجَوْرَبْتُنَّ
368_416,تَجَوْرَبَ,جورب,تفعلل,IIq,past,active,1s,1,تَجَوْرَبْتُ
368_416,تَجَوْرَبَ,جورب,تفعلل,IIq,past,active,1p,1,تَجَوْرَبْنَا
368_416,تَجَوْرَبَ,جورب,تفعلل,IIq,indicative,active,3ms,1,يَتَجَوْرَبُ
368_416,تَجَوْرَبَ,جورب,تفعلل,IIq,indicative,active,3md,1,يَتَجَوْرَبَانِ
368_416,تَجَوْرَبَ,جورب,تفعلل,IIq,indicative,active,3mp,1,يَتَجَوْرَبونَ
368_416,تَجَوْرَبَ,جورب,تفعلل,IIq,indicative,active,3fs,1,تَتَجَوْرَبُ
368_416,تَجَوْرَبَ,جورب,تفعلل,IIq,indicative,active,3fd,1,تَتَجَوْرَبَانِ
368_416,تَجَوْرَبَ,جورب,تفعلل,IIq,indicative,active,3fp,1,يَتَجَوْرَبْنَ
368_416,تَجَوْرَبَ,جورب,تفعلل,IIq,indicative,active,2ms,1,تَتَجَوْرَبُ
368_416,تَجَوْرَبَ,جورب,تفعلل,IIq,indicative,active,2d,1,تَتَجَوْرَبَانِ
368_416,تَجَوْرَبَ,جورب,تفعلل,IIq,indicative,active,2mp,1,تَتَجَوْرَبونَ
368_416,تَجَوْرَبَ,جورب,تفعلل,IIq,indicative,active,2fs,1,تَتَجَوْرَبينَ
368_416,تَجَوْرَبَ,جورب,تفعلل,IIq,indicative,active,2fp,1,تَتَجَوْرَبْنَ
368_416,تَجَوْرَبَ,جورب,تفعلل,IIq,indicative,active,1s,1,أَتَجَوْرَبُ
368_416,تَجَوْرَبَ,جورب,تفعلل,IIq,indicative,active,1p,1,نَتَجَوْرَبُ
368_416,تَجَوْرَبَ,جورب,تفعلل,IIq,imperative,active,2ms,1,تَجَوْرَبْ
368_416,تَجَوْرَبَ,جورب,تفعلل,IIq,imperative,active,2d,1,تَجَوْرَبَا
368_416,تَجَوْرَبَ,جورب,تفعلل,IIq,imperative,active,2mp,1,تَجَوْرَبوا
368_416,تَجَوْرَبَ,جورب,تفعلل,IIq,imperative,active,2fs,1,تَجَوْرَبي
368_416,تَجَوْرَبَ,جورب,تفعلل,IIq,imperative,active,2fp,1,تَجَوْرَبْنَ
369_417,تَسَرْوَلَ,سرول,تفعلل,IIq,past,active,3ms,1,تَسَرْوَلَ
369_417,تَسَرْوَلَ,سرول,تفعلل,IIq,past,active,3md,1,تَسَرْوَلا
369_417,تَسَرْوَلَ,سرول,تفعلل,IIq,past,active,3mp,1,تَسَرْوَلوا
369_417,تَسَرْوَلَ,سرول,تفعلل,IIq,past,active,3fs,1,تَسَرْوَلَتْ
369_417,تَسَرْوَلَ,سرول,تفعلل,IIq,past,active,3fd,1,تَسَرْوَلَتَا
369_417,تَسَرْوَلَ,سرول,تفعلل,IIq,past,active,3fp,1,تَسَرْوَلْنَ
369_417,تَسَرْوَلَ,سرول,تفعلل,IIq,past,active,2ms,1,تَسَرْوَلْتَ
369_417,تَسَرْوَلَ,سرول,تفعلل,IIq,past,active,2d,1,تَسَرْوَلْتُما
369_417,تَسَرْوَلَ,سرول,تفعلل,IIq,past,active,2mp,1,تَسَرْوَلْتُمْ
369_417,تَسَرْوَلَ,سرول,تفعلل,IIq,past,active,2fs,1,تَسَرْوَلْتِ
369_417,تَسَرْوَلَ,سرول,تفعلل,IIq,past,active,2fp,1,تَسَرْوَلْتُنَّ
369_417,تَسَرْوَلَ,سرول,تفعلل,IIq,past,active,1s,1,تَسَرْوَلْتُ
369_417,تَسَرْوَلَ,سرول,تفعلل,IIq,past,active,1p,1,تَسَرْوَلْنا
369_417,تَسَرْوَلَ,سرول,تفعلل,IIq,indicative,active,3ms,1,يَتَسَرْوَلُ
369_417,تَسَرْوَلَ,سرول,تفعلل,IIq,indicative,active,3md,1,يَتَسَرْوَلانِ
369_417,تَسَرْوَلَ,سرول,تفعلل,IIq,indicative,active,3mp,1,يَتَسَرْوَلونَ
369_417,تَسَرْوَلَ,سرول,تفعلل,IIq,indicative,active,3fs,1,تَتَسَرْوَلُ
369_417,تَسَرْوَلَ,سرول,تفعلل,IIq,indicative,active,3fd,1,تَتَسَرْوَلانِ
369_417,تَسَرْوَلَ,سرول,تفعلل,IIq,indicative,active,3fp,1,يَتَسَرْوَلْنَ
369_417,تَسَرْوَلَ,سرول,تفعلل,IIq,indicative,active,2ms,1,تَتَسَرْوَلُ
369_417,تَسَرْوَلَ,سرول,تفعلل,IIq,indicative,active,2d,1,تَتَسَرْوَلانِ
369_417,تَسَرْوَلَ,سرول,تفعلل,IIq,indicative,active,2mp,1,تَتَسَرْوَلونَ
369_417,تَسَرْوَلَ,سرول,تفعلل,IIq,indicative,active,2fs,1,تَتَسَرْوَلينَ
369_417,تَسَرْوَلَ,سرول,تفعلل,IIq,indicative,active,2fp,1,تَتَسَرْوَلْنَ
369_417,تَسَرْوَلَ,سرول,تفعلل,IIq,indicative,active,1s,1,أَتَسَرْوَلُ
369_417,تَسَرْوَلَ,سرول,تفعلل,IIq,indicative,active,1p,1,نَتَسَرْوَلُ
369_417,تَسَرْوَلَ,سرول,تفعلل,IIq,imperative,active,2ms,1,تَسَرْوَلْ
369_417,تَسَرْوَلَ,سرول,تفعلل,IIq,imperative,active,2d,1,تَسَرْوَلا
369_417,تَسَرْوَلَ,سرول,تفعلل,IIq,imperative,active,2mp,1,تَسَرْوَلوا
369_417,تَسَرْوَلَ,سرول,تفعلل,IIq,imperative,active,2fs,1,تَسَرْوَلي
369_417,تَسَرْوَلَ,سرول,تفعلل,IIq,imperative,active,2fp,1,تَسَرْوَلْنَ
370_417,تَحَمْيَرَ,حمير,تفعلل,IIq,past,active,3ms,1,تَحَمْيَرَ
370_417,تَحَمْيَرَ,حمير,تفعلل,IIq,past,active,3md,1,تَحَمْيَرا
370_417,تَحَمْيَرَ,حمير,تفعلل,IIq,past,active,3mp,1,تَحَمْيَروا
370_417,تَحَمْيَرَ,حمير,تفعلل,IIq,past,active,3fs,1,تَحَمْيَرَتْ
370_417,تَحَمْيَرَ,حمير,تفعلل,IIq,past,active,3fd,1,تَحَمْيَرَتَا
370_417,تَحَمْيَرَ,حمير,تفعلل,IIq,past,active,3fp,1,تَحَمْيَرْنَ
370_417,تَحَمْيَرَ,حمير,تفعلل,IIq,past,active,2ms,1,تَحَمْيَرْتَ
370_417,تَحَمْيَرَ,حمير,تفعلل,IIq,past,active,2d,1,تَحَمْيَرْتُما
370_417,تَحَمْيَرَ,حمير,تفعلل,IIq,past,active,2mp,1,تَحَمْيَرْتُمْ
370_417,تَحَمْيَرَ,حمير,تفعلل,IIq,past,active,2fs,1,تَحَمْيَرْتِ
370_417,تَحَمْيَرَ,حمير,تفعلل,IIq,past,active,2fp,1,تَحَمْيَرْتُنَّ
370_417,تَحَمْيَرَ,حمير,تفعلل,IIq,past,active,1s,1,تَحَمْيَرْتُ
370_417,تَحَمْيَرَ,حمير,تفعلل,IIq,past,active,1p,1,تَحَمْيَرْنا
370_417,تَحَمْيَرَ,حمير,تفعلل,IIq,indicative,active,3ms,1,يَتَحَمْيَرُ
370_417,تَحَمْيَرَ,حمير,تفعلل,IIq,indicative,active,3md,1,يَتَحَمْيَرانِ
370_417,تَحَمْيَرَ,حمير,تفعلل,IIq,indicative,active,3mp,1,يَتَحَمْيَرونَ
370_417,تَحَمْيَرَ,حمير,تفعلل,IIq,indicative,active,3fs,1,تَتَحَمْيَرُ
370_417,تَحَمْيَرَ,حمير,تفعلل,IIq,indicative,active,3fd,1,تَتَحَمْيَرانِ
370_417,تَحَمْيَرَ,حمير,تفعلل,IIq,indicative,active,3fp,1,يَتَحَمْيَرْنَ
370_417,تَحَمْيَرَ,حمير,تفعلل,IIq,indicative,active,2ms,1,تَتَحَمْيَرُ
370_417,تَحَمْيَرَ,حمير,تفعلل,IIq,indicative,active,2d,1,تَتَحَمْيَرانِ
370_417,تَحَمْيَرَ,حمير,تفعلل,IIq,indicative,active,2mp,1,تَتَحَمْيَرونَ
370_417,تَحَمْيَرَ,حمير,تفعلل,IIq,indicative,active,2fs,1,تَتَحَمْيَرينَ
370_417,تَحَمْيَرَ,حمير,تفعلل,IIq,indicative,active,2fp,1,تَتَحَمْيَرْنَ
370_417,تَحَمْيَرَ,حمير,تفعلل,IIq,indicative,active,1s,1,أَتَحَمْيَرُ
370_417,تَحَمْيَرَ,حمير,تفعلل,IIq,indicative,active,1p,1,نَتَحَمْيَرُ
370_417,تَحَمْيَرَ,حمير,تفعلل,IIq,imperative,active,2ms,1,تَحَمْيَرْ
370_417,تَحَمْيَرَ,حمير,تفعلل,IIq,imperative,active,2d,1,تَحَمْيَرا
370_417,تَحَمْيَرَ,حمير,تفعلل,IIq,imperative,active,2mp,1,تَحَمْيَروا
370_417,تَحَمْيَرَ,حمير,تفعلل,IIq,imperative,active,2fs,1,تَحَمْيَري
370_417,تَحَمْيَرَ,حمير,تفعلل,IIq,imperative,active,2fp,1,تَحَمْيَرْنَ
371_420,اِحْرَنْجَمَ,حرجم,افعنلل,IIIq,past,active,3ms,1,اِحْرَنْجَمَ
371_420,اِحْرَنْجَمَ,حرجم,افعنلل,IIIq,past,active,3md,1,اِحْرَنْجَما
371_420,اِحْرَنْجَمَ,حرجم,افعنلل,IIIq,past,active,3mp,1,اِحْرَنْجَمُوا
371_420,اِحْرَنْجَمَ,حرجم,افعنلل,IIIq,past,active,3fs,1,اِحْرَنْجَمَتْ
371_420,اِحْرَنْجَمَ,حرجم,افعنلل,IIIq,past,active,3fd,1,اِحْرَنْجَمَتَا
371_420,اِحْرَنْجَمَ,حرجم,افعنلل,IIIq,past,active,3fp,1,اِحْرَنْجَمْنَ
371_420,اِحْرَنْجَمَ,حرجم,افعنلل,IIIq,past,active,2ms,1,اِحْرَنْجَمْتَ
371_420,اِحْرَنْجَمَ,حرجم,افعنلل,IIIq,past,active,2d,1,اِحْرَنْجَمْتُما
371_420,اِحْرَنْجَمَ,حرجم,افعنلل,IIIq,past,active,2mp,1,اِحْرَنْجَمْتُمْ
371_420,اِحْرَنْجَمَ,حرجم,افعنلل,IIIq,past,active,2fs,1,اِحْرَنْجَمْتِ
371_420,اِحْرَنْجَمَ,حرجم,افعنلل,IIIq,past,active,2fp,1,اِحْرَنْجَمْتُنَّ
371_420,اِحْرَنْجَمَ,حرجم,افعنلل,IIIq,past,active,1s,1,اِحْرَنْجَمْتُ
371_420,اِحْرَنْجَمَ,حرجم,افعنلل,IIIq,past,active,1p,1,اِحْرَنْجَمْنا
371_420,اِحْرَنْجَمَ,حرجم,افعنلل,IIIq,indicative,active,3ms,1,يَحْرَنْجِمُ
371_420,اِحْرَنْجَمَ,حرجم,افعنلل,IIIq,indicative,active,3md,1,يَحْرَنْجِمانِ
371_420,اِحْرَنْجَمَ,حرجم,افعنلل,IIIq,indicative,active,3mp,1,يَحْرَنْجِمونَ
371_420,اِحْرَنْجَمَ,حرجم,افعنلل,IIIq,indicative,active,3fs,1,تَحْرَنْجِمُ
371_420,اِحْرَنْجَمَ,حرجم,افعنلل,IIIq,indicative,active,3fd,1,تَحْرَنْجِمانِ
371_420,اِحْرَنْجَمَ,حرجم,افعنلل,IIIq,indicative,active,3fp,1,يَحْرَنْجِمْنَ
371_420,اِحْرَنْجَمَ,حرجم,افعنلل,IIIq,indicative,active,2ms,1,تَحْرَنْجِمُ
371_420,اِحْرَنْجَمَ,حرجم,افعنلل,IIIq,indicative,active,2d,1,تَحْرَنْجِمانِ
371_420,اِحْرَنْجَمَ,حرجم,افعنلل,IIIq,indicative,active,2mp,1,تَحْرَنْجِمونَ
371_420,اِحْرَنْجَمَ,حرجم,افعنلل,IIIq,indicative,active,2fs,1,تَحْرَنْجِمِينَ
371_420,اِحْرَنْجَمَ,حرجم,افعنلل,IIIq,indicative,active,2fp,1,تَحْرَنْجِمْنَ
371_420,اِحْرَنْجَمَ,حرجم,افعنلل,IIIq,indicative,active,1s,1,أَحْرَنْجِمُ
371_420,اِحْرَنْجَمَ,حرجم,افعنلل,IIIq,indicative,active,1p,1,نَحْرَنْجِمُ
371_420,اِحْرَنْجَمَ,حرجم,افعنلل,IIIq,imperative,active,2ms,1,اِحْرَنْجِمْ
371_420,اِحْرَنْجَمَ,حرجم,افعنلل,IIIq,imperative,active,2d,1,اِحْرَنْجِما
371_420,اِحْرَنْجَمَ,حرجم,افعنلل,IIIq,imperative,active,2mp,1,اِحْرَنْجِمُوا
371_420,اِحْرَنْجَمَ,حرجم,افعنلل,IIIq,imperative,active,2fs,1,اِحْرَنْجِمِي
371_420,اِحْرَنْجَمَ,حرجم,افعنلل,IIIq,imperative,active,2fp,1,اِحْرَنْجِمْنَ
372_420,اِفْرَنْقَعَ,فرقع,افعنلل,IIIq,past,active,3ms,1,اِفْرَنْقَعَ
372_420,اِفْرَنْقَعَ,فرقع,افعنلل,IIIq,past,active,3md,1,اِفْرَنْقَعا
372_420,اِفْرَنْقَعَ,فرقع,افعنلل,IIIq,past,active,3mp,1,اِفْرَنْقَعُوا
372_420,اِفْرَنْقَعَ,فرقع,افعنلل,IIIq,past,active,3fs,1,اِفْرَنْقَعَتْ
372_420,اِفْرَنْقَعَ,فرقع,افعنلل,IIIq,past,active,3fd,1,اِفْرَنْقَعَتا
372_420,اِفْرَنْقَعَ,فرقع,افعنلل,IIIq,past,active,3fp,1,اِفْرَنْقَعْنَ
372_420,اِفْرَنْقَعَ,فرقع,افعنلل,IIIq,past,active,2ms,1,اِفْرَنْقَعْتَ
372_420,اِفْرَنْقَعَ,فرقع,افعنلل,IIIq,past,active,2d,1,اِفْرَنْقَعْتُما
372_420,اِفْرَنْقَعَ,فرقع,افعنلل,IIIq,past,active,2mp,1,اِفْرَنْقَعْتُمْ
372_420,اِفْرَنْقَعَ,فرقع,افعنلل,IIIq,past,active,2fs,1,اِفْرَنْقَعْتِ
372_420,اِفْرَنْقَعَ,فرقع,افعنلل,IIIq,past,active,2fp,1,اِفْرَنْقَعْتُنَّ
372_420,اِفْرَنْقَعَ,فرقع,افعنلل,IIIq,past,active,1s,1,اِفْرَنْقَعْتُ
372_420,اِفْرَنْقَعَ,فرقع,افعنلل,IIIq,past,active,1p,1,اِفْرَنْقَعْنا
372_420,اِفْرَنْقَعَ,فرقع,افعنلل,IIIq,indicative,active,3ms,1,يَفْرَنْقِعُ
372_420,اِفْرَنْقَعَ,فرقع,افعنلل,IIIq,indicative,active,3md,1,يَفْرَنْقِعانِ
372_420,اِفْرَنْقَعَ,فرقع,افعنلل,IIIq,indicative,active,3mp,1,يَفْرَنْقِعونَ
372_420,اِفْرَنْقَعَ,فرقع,افعنلل,IIIq,indicative,active,3fs,1,تَفْرَنْقِعُ
372_420,اِفْرَنْقَعَ,فرقع,افعنلل,IIIq,indicative,active,3fd,1,تَفْرَنْقِعانِ
372_420,اِفْرَنْقَعَ,فرقع,افعنلل,IIIq,indicative,active,3fp,1,يَفْرَنْقِعْنَ
372_420,اِفْرَنْقَعَ,فرقع,افعنلل,IIIq,indicative,active,2ms,1,تَفْرَنْقِعُ
372_420,اِفْرَنْقَعَ,فرقع,افعنلل,IIIq,indicative,active,2d,1,تَفْرَنْقِعانِ
372_420,اِفْرَنْقَعَ,فرقع,افعنلل,IIIq,indicative,active,2mp,1,تَفْرَنْقِعونَ
372_420,اِفْرَنْقَعَ,فرقع,افعنلل,IIIq,indicative,active,2fs,1,تَفْرَنْقِعِينَ
372_420,اِفْرَنْقَعَ,فرقع,افعنلل,IIIq,indicative,active,2fp,1,تَفْرَنْقِعْنَ
372_420,اِفْرَنْقَعَ,فرقع,افعنلل,IIIq,indicative,active,1s,1,أَفْرَنْقِعُ
372_420,اِفْرَنْقَعَ,فرقع,افعنلل,IIIq,indicative,active,1p,1,نَفْرَنْقِعُ
372_420,اِفْرَنْقَعَ,فرقع,افعنلل,IIIq,imperative,active,2ms,1,اِفْرَنْقِعْ
372_420,اِفْرَنْقَعَ,فرقع,افعنلل,IIIq,imperative,active,2d,1,اِفْرَنْقِعا
372_420,اِفْرَنْقَعَ,فرقع,افعنلل,IIIq,imperative,active,2mp,1,اِفْرَنْقِعُوا
372_420,اِفْرَنْقَعَ,فرقع,افعنلل,IIIq,imperative,active,2fs,1,اِفْرَنْقِعي
372_420,اِفْرَنْقَعَ,فرقع,افعنلل,IIIq,imperative,active,2fp,1,اِفْرَنْقِعْنَ
373_424,اِسْلَنْطَأَ,سلطأ,افعنلل,IIIq,past,active,3ms,1,اِسْلَنْطَأَ
373_424,اِسْلَنْطَأَ,سلطأ,افعنلل,IIIq,past,active,3md,1,اِسْلَنْطَآ
373_424,اِسْلَنْطَأَ,سلطأ,افعنلل,IIIq,past,active,3mp,1,اِسْلَنْطَؤُوا
373_424,اِسْلَنْطَأَ,سلطأ,افعنلل,IIIq,past,active,3fs,1,اِسْلَنْطَأَتْ
373_424,اِسْلَنْطَأَ,سلطأ,افعنلل,IIIq,past,active,3fd,1,اِسْلَنْطَأَتا
373_424,اِسْلَنْطَأَ,سلطأ,افعنلل,IIIq,past,active,3fp,1,اِسْلَنْطَأْنَ
373_424,اِسْلَنْطَأَ,سلطأ,افعنلل,IIIq,past,active,2ms,1,اِسْلَنْطَأْتَ
373_424,اِسْلَنْطَأَ,سلطأ,افعنلل,IIIq,past,active,2d,1,اِسْلَنْطَأْتُما
373_424,اِسْلَنْطَأَ,سلطأ,افعنلل,IIIq,past,active,2mp,1,اِسْلَنْطَأْتُمْ
373_424,اِسْلَنْطَأَ,سلطأ,افعنلل,IIIq,past,active,2fs,1,اِسْلَنْطَأْتِ
373_424,اِسْلَنْطَأَ,سلطأ,افعنلل,IIIq,past,active,2fp,1,اِسْلَنْطَأْتُنَّ
373_424,اِسْلَنْطَأَ,سلطأ,افعنلل,IIIq,past,active,1s,1,اِسْلَنْطَأْتُ
373_424,اِسْلَنْطَأَ,سلطأ,افعنلل,IIIq,past,active,1p,1,اِسْلَنْطَأْنا
373_424,اِسْلَنْطَأَ,سلطأ,افعنلل,IIIq,indicative,active,3ms,1,يَسْلَنْطِئُ
373_424,اِسْلَنْطَأَ,سلطأ,افعنلل,IIIq,indicative,active,3md,1,يَسْلَنْطِئانِ
373_424,اِسْلَنْطَأَ,سلطأ,افعنلل,IIIq,indicative,active,3mp,1,يَسْلَنْطِئُونَ
373_424,اِسْلَنْطَأَ,سلطأ,افعنلل,IIIq,indicative,active,3fs,1,تَسْلَنْطِئُ
373_424,اِسْلَنْطَأَ,سلطأ,افعنلل,IIIq,indicative,active,3fd,1,تَسْلَنْطِئانِ
373_424,اِسْلَنْطَأَ,سلطأ,افعنلل,IIIq,indicative,active,3fp,1,يَسْلَنْطِئْنَ
373_424,اِسْلَنْطَأَ,سلطأ,افعنلل,IIIq,indicative,active,2ms,1,تَسْلَنْطِئُ
373_424,اِسْلَنْطَأَ,سلطأ,افعنلل,IIIq,indicative,active,2d,1,تَسْلَنْطِئانِ
373_424,اِسْلَنْطَأَ,سلطأ,افعنلل,IIIq,indicative,active,2mp,1,تَسْلَنْطِئُونَ
373_424,اِسْلَنْطَأَ,سلطأ,افعنلل,IIIq,indicative,active,2fs,1,تَسْلَنْطِئِينَ
373_424,اِسْلَنْطَأَ,سلطأ,افعنلل,IIIq,indicative,active,2fp,1,تَسْلَنْطِئْنَ
373_424,اِسْلَنْطَأَ,سلطأ,افعنلل,IIIq,indicative,active,1s,1,أَسْلَنْطِئُ
373_424,اِسْلَنْطَأَ,سلطأ,افعنلل,IIIq,indicative,active,1p,1,نَسْلَنْطِئُ
373_424,اِسْلَنْطَأَ,سلطأ,افعنلل,IIIq,imperative,active,2ms,1,اِسْلَنْطِئْ
373_424,اِسْلَنْطَأَ,سلطأ,افعنلل,IIIq,imperative,active,2d,1,اِسْلَنْطِئَا
373_424,اِسْلَنْطَأَ,سلطأ,افعنلل,IIIq,imperative,active,2mp,1,اِسْلَنْطِئُوا
373_424,اِسْلَنْطَأَ,سلطأ,افعنلل,IIIq,imperative,active,2fs,1,اِسْلَنْطِئِي
373_424,اِسْلَنْطَأَ,سلطأ,افعنلل,IIIq,imperative,active,2fp,1,اِسْلَنْطِئْنَ
374_424,اِطْلَنْفَأَ,طلفأ,افعنلل,IIIq,past,active,3ms,1,اِطْلَنْفَأَ
374_424,اِطْلَنْفَأَ,طلفأ,افعنلل,IIIq,past,active,3md,1,اِطْلَنْفَآ
374_424,اِطْلَنْفَأَ,طلفأ,افعنلل,IIIq,past,active,3mp,1,اِطْلَنْفَؤُوا
374_424,اِطْلَنْفَأَ,طلفأ,افعنلل,IIIq,past,active,3fs,1,اِطْلَنْفَأَتْ
374_424,اِطْلَنْفَأَ,طلفأ,افعنلل,IIIq,past,active,3fd,1,اِطْلَنْفَأَتا
374_424,اِطْلَنْفَأَ,طلفأ,افعنلل,IIIq,past,active,3fp,1,اِطْلَنْفَأْنَ
374_424,اِطْلَنْفَأَ,طلفأ,افعنلل,IIIq,past,active,2ms,1,اِطْلَنْفَأْتَ
374_424,اِطْلَنْفَأَ,طلفأ,افعنلل,IIIq,past,active,2d,1,اِطْلَنْفَأْتُما
374_424,اِطْلَنْفَأَ,طلفأ,افعنلل,IIIq,past,active,2mp,1,اِطْلَنْفَأْتُمْ
374_424,اِطْلَنْفَأَ,طلفأ,افعنلل,IIIq,past,active,2fs,1,اِطْلَنْفَأْتِ
374_424,اِطْلَنْفَأَ,طلفأ,افعنلل,IIIq,past,active,2fp,1,اِطْلَنْفَأْتُنَّ
374_424,اِطْلَنْفَأَ,طلفأ,افعنلل,IIIq,past,active,1s,1,اِطْلَنْفَأْتُ
374_424,اِطْلَنْفَأَ,طلفأ,افعنلل,IIIq,past,active,1p,1,اِطْلَنْفَأْنا
374_424,اِطْلَنْفَأَ,طلفأ,افعنلل,IIIq,indicative,active,3ms,1,يَطْلَنْفِئُ
374_424,اِطْلَنْفَأَ,طلفأ,افعنلل,IIIq,indicative,active,3md,1,يَطْلَنْفِئانِ
374_424,اِطْلَنْفَأَ,طلفأ,افعنلل,IIIq,indicative,active,3mp,1,يَطْلَنْفِئُونَ
374_424,اِطْلَنْفَأَ,طلفأ,افعنلل,IIIq,indicative,active,3fs,1,تَطْلَنْفِئُ
374_424,اِطْلَنْفَأَ,طلفأ,افعنلل,IIIq,indicative,active,3fd,1,تَطْلَنْفِئانِ
374_424,اِطْلَنْفَأَ,طلفأ,افعنلل,IIIq,indicative,active,3fp,1,يَطْلَنْفِئْنَ
374_424,اِطْلَنْفَأَ,طلفأ,افعنلل,IIIq,indicative,active,2ms,1,تَطْلَنْفِئُ
374_424,اِطْلَنْفَأَ,طلفأ,افعنلل,IIIq,indicative,active,2d,1,تَطْلَنْفِئانِ
374_424,اِطْلَنْفَأَ,طلفأ,افعنلل,IIIq,indicative,active,2mp,1,تَطْلَنْفِئُونَ
374_424,اِطْلَنْفَأَ,طلفأ,افعنلل,IIIq,indicative,active,2fs,1,تَطْلَنْفِئِينَ
374_424,اِطْلَنْفَأَ,طلفأ,افعنلل,IIIq,indicative,active,2fp,1,تَطْلَنْفِئْنَ
374_424,اِطْلَنْفَأَ,طلفأ,افعنلل,IIIq,indicative,active,1s,1,أَطْلَنْفِئُ
374_424,اِطْلَنْفَأَ,طلفأ,افعنلل,IIIq,indicative,active,1p,1,نَطْلَنْفِئُ
374_424,اِطْلَنْفَأَ,طلفأ,افعنلل,IIIq,imperative,active,2ms,1,اِطْلَنْفِئْ
374_424,اِطْلَنْفَأَ,طلفأ,افعنلل,IIIq,imperative,active,2d,1,اِطْلَنْفِئَا
374_424,اِطْلَنْفَأَ,طلفأ,افعنلل,IIIq,imperative,active,2mp,1,اِطْلَنْفِئُوا
374_424,اِطْلَنْفَأَ,طلفأ,افعنلل,IIIq,imperative,active,2fs,1,اِطْلَنْفِئِي
374_424,اِطْلَنْفَأَ,طلفأ,افعنلل,IIIq,imperative,active,2fp,1,اِطْلَنْفِئْنَ
375_430,اِقْشَعَرَّ,قشعر,افعللّ,IVq,past,active,3ms,1,اِقْشَعَرَّ
375_430,اِقْشَعَرَّ,قشعر,افعللّ,IVq,past,active,3md,1,اِقْشَعَرَّا
375_430,اِقْشَعَرَّ,قشعر,افعللّ,IVq,past,active,3mp,1,اِقْشَعَرُّوا
375_430,اِقْشَعَرَّ,قشعر,افعللّ,IVq,past,active,3fs,1,اِقْشَعَرَّتْ
375_430,اِقْشَعَرَّ,قشعر,افعللّ,IVq,past,active,3fd,1,اِقْشَعَرَّتا
375_430,اِقْشَعَرَّ,قشعر,افعللّ,IVq,past,active,3fp,1,اِقْشَعْرَرْنَ
375_430,اِقْشَعَرَّ,قشعر,افعللّ,IVq,past,active,2ms,1,اِقْشَعْرَرْتَ
375_430,اِقْشَعَرَّ,قشعر,افعللّ,IVq,past,active,2d,1,اِقْشَعْرَرْتُما
375_430,اِقْشَعَرَّ,قشعر,افعللّ,IVq,past,active,2mp,1,اِقْشَعْرَرْتُمْ
375_430,اِقْشَعَرَّ,قشعر,افعللّ,IVq,past,active,2fs,1,اِقْشَعْرَرْتِ
375_430,اِقْشَعَرَّ,قشعر,افعللّ,IVq,past,active,2fp,1,اِقْشَعْرَرْتُنَّ
375_430,اِقْشَعَرَّ,قشعر,افعللّ,IVq,past,active,1s,1,اِقْشَعْرَرْتُ
375_430,اِقْشَعَرَّ,قشعر,افعللّ,IVq,past,active,1p,1,اِقْشَعْرَرْنا
375_430,اِقْشَعَرَّ,قشعر,افعللّ,IVq,indicative,active,3ms,1,يَقْشَعِرُّ
375_430,اِقْشَعَرَّ,قشعر,افعللّ,IVq,indicative,active,3md,1,يَقْشَعِرَّانِ
375_430,اِقْشَعَرَّ,قشعر,افعللّ,IVq,indicative,active,3mp,1,يَقْشَعِرُّونَ
375_430,اِقْشَعَرَّ,قشعر,افعللّ,IVq,indicative,active,3fs,1,تَقْشَعِرُّ
375_430,اِقْشَعَرَّ,قشعر,افعللّ,IVq,indicative,active,3fd,1,تَقْشَعِرَّانِ
375_430,اِقْشَعَرَّ,قشعر,افعللّ,IVq,indicative,active,3fp,1,يَقْشَعْرِرْنَ
375_430,اِقْشَعَرَّ,قشعر,افعللّ,IVq,indicative,active,2ms,1,تَقْشَعِرُّ
375_430,اِقْشَعَرَّ,قشعر,افعللّ,IVq,indicative,active,2d,1,تَقْشَعِرَّانِ
375_430,اِقْشَعَرَّ,قشعر,افعللّ,IVq,indicative,active,2mp,1,تَقْشَعِرُّونَ
375_430,اِقْشَعَرَّ,قشعر,افعللّ,IVq,indicative,active,2fs,1,تَقْشَعِرِّينَ
375_430,اِقْشَعَرَّ,قشعر,افعللّ,IVq,indicative,active,2fp,1,تَقْشَعْرِرْنَ
375_430,اِقْشَعَرَّ,قشعر,افعللّ,IVq,indicative,active,1s,1,أَقْشَعِرُّ
375_430,اِقْشَعَرَّ,قشعر,افعللّ,IVq,indicative,active,1p,1,نَقْشَعِرُّ
375_430,اِقْشَعَرَّ,قشعر,افعللّ,IVq,imperative,active,2ms,1,اِقْشَعْرِرْ
375_430,اِقْشَعَرَّ,قشعر,افعللّ,IVq,imperative,active,2d,1,اِقْشَعِرَّا
375_430,اِقْشَعَرَّ,قشعر,افعللّ,IVq,imperative,active,2mp,1,اِقْشَعِرُّوا
375_430,اِقْشَعَرَّ,قشعر,افعللّ,IVq,imperative,active,2fs,1,اِقْشَعِرِّي
375_430,اِقْشَعَرَّ,قشعر,افعللّ,IVq,imperative,active,2fp,1,اِقْشَعْرِرْنَ
376_430,اِكْفَهَرَّ,كفهر,افعللّ,IVq,past,active,3ms,1,اِكْفَهَرَّ
376_430,اِكْفَهَرَّ,كفهر,افعللّ,IVq,past,active,3md,1,اِكْفَهَرَّا
376_430,اِكْفَهَرَّ,كفهر,افعللّ,IVq,past,active,3mp,1,اِكْفَهَرُّوا
376_430,اِكْفَهَرَّ,كفهر,افعللّ,IVq,past,active,3fs,1,اِكْفَهَرَّتْ
376_430,اِكْفَهَرَّ,كفهر,افعللّ,IVq,past,active,3fd,1,اِكْفَهَرَّتَا
376_430,اِكْفَهَرَّ,كفهر,افعللّ,IVq,past,active,3fp,1,اِكْفَهْرَرْنَ
376_430,اِكْفَهَرَّ,كفهر,افعللّ,IVq,past,active,2ms,1,اِكْفَهْرَرْتَ
376_430,اِكْفَهَرَّ,كفهر,افعللّ,IVq,past,active,2d,1,اِكْفَهْرَرْتُما
376_430,اِكْفَهَرَّ,كفهر,افعللّ,IVq,past,active,2mp,1,اِكْفَهْرَرْتُمْ
376_430,اِكْفَهَرَّ,كفهر,افعللّ,IVq,past,active,2fs,1,اِكْفَهْرَرْتِ
376_430,اِكْفَهَرَّ,كفهر,افعللّ,IVq,past,active,2fp,1,اِكْفَهْرَرْتُنَّ
376_430,اِكْفَهَرَّ,كفهر,افعللّ,IVq,past,active,1s,1,اِكْفَهْرَرْتُ
376_430,اِكْفَهَرَّ,كفهر,افعللّ,IVq,past,active,1p,1,اِكْفَهْرَرْنا
376_430,اِكْفَهَرَّ,كفهر,افعللّ,IVq,indicative,active,3ms,1,يَكْفَهِرُّ
376_430,اِكْفَهَرَّ,كفهر,افعللّ,IVq,indicative,active,3md,1,يَكْفَهِرَّانِ
376_430,اِكْفَهَرَّ,كفهر,افعللّ,IVq,indicative,active,3mp,1,يَكْفَهِرُّونَ
376_430,اِكْفَهَرَّ,كفهر,افعللّ,IVq,indicative,active,3fs,1,تَكْفَهِرُّ
376_430,اِكْفَهَرَّ,كفهر,افعللّ,IVq,indicative,active,3fd,1,تَكْفَهِرَّانِ
376_430,اِكْفَهَرَّ,كفهر,افعللّ,IVq,indicative,active,3fp,1,يَكْفَهْرِرْنَ
376_430,اِكْفَهَرَّ,كفهر,افعللّ,IVq,indicative,active,2ms,1,تَكْفَهِرُّ
376_430,اِكْفَهَرَّ,كفهر,افعللّ,IVq,indicative,active,2d,1,تَكْفَهِرَّانِ
376_430,اِكْفَهَرَّ,كفهر,افعللّ,IVq,indicative,active,2mp,1,تَكْفَهِرُّونَ
376_430,اِكْفَهَرَّ,كفهر,افعللّ,IVq,indicative,active,2fs,1,تَكْفَهِرِّينَ
376_430,اِكْفَهَرَّ,كفهر,افعللّ,IVq,indicative,active,2fp,1,تَكْفَهْرِرْنَ
376_430,اِكْفَهَرَّ,كفهر,افعللّ,IVq,indicative,active,1s,1,أَكْفَهِرُّ
376_430,اِكْفَهَرَّ,كفهر,افعللّ,IVq,indicative,active,1p,1,نَكْفَهِرُّ
376_430,اِكْفَهَرَّ,كفهر,افعللّ,IVq,imperative,active,2ms,1,اِكْفَهْرِرْ
376_430,اِكْفَهَرَّ,كفهر,افعللّ,IVq,imperative,active,2d,1,اِكْفَهِرَّا
376_430,اِكْفَهَرَّ,كفهر,افعللّ,IVq,imperative,active,2mp,1,اِكْفَهِرُّوا
376_430,اِكْفَهَرَّ,كفهر,افعللّ,IVq,imperative,active,2fs,1,اِكْفَهِرِّي
376_430,اِكْفَهَرَّ,كفهر,افعللّ,IVq,imperative,active,2fp,1,اِكْفَهْرِرْنَ
377_430,اِضْمَحَلَّ,ضمحل,افعللّ,IVq,past,active,3ms,1,اِضْمَحَلَّ
377_430,اِضْمَحَلَّ,ضمحل,افعللّ,IVq,past,active,3md,1,اِضْمَحَلَّا
377_430,اِضْمَحَلَّ,ضمحل,افعللّ,IVq,past,active,3mp,1,اِضْمَحَلُّوا
377_430,اِضْمَحَلَّ,ضمحل,افعللّ,IVq,past,active,3fs,1,اِضْمَحَلَّتْ
377_430,اِضْمَحَلَّ,ضمحل,افعللّ,IVq,past,active,3fd,1,اِضْمَحَلَّتَا
377_430,اِضْمَحَلَّ,ضمحل,افعللّ,IVq,past,active,3fp,1,اِضْمَحْلَلْنَ
377_430,اِضْمَحَلَّ,ضمحل,افعللّ,IVq,past,active,2ms,1,اِضْمَحْلَلْتَ
377_430,اِضْمَحَلَّ,ضمحل,افعللّ,IVq,past,active,2d,1,اِضْمَحْلَلْتُما
377_430,اِضْمَحَلَّ,ضمحل,افعللّ,IVq,past,active,2mp,1,اِضْمَحْلَلْتُمْ
377_430,اِضْمَحَلَّ,ضمحل,افعللّ,IVq,past,active,2fs,1,اِضْمَحْلَلْتِ
377_430,اِضْمَحَلَّ,ضمحل,افعللّ,IVq,past,active,2fp,1,اِضْمَحْلَلْتُنَّ
377_430,اِضْمَحَلَّ,ضمحل,افعللّ,IVq,past,active,1s,1,اِضْمَحْلَلْتُ
377_430,اِضْمَحَلَّ,ضمحل,افعللّ,IVq,past,active,1p,1,اِضْمَحْلَلْنا
377_430,اِضْمَحَلَّ,ضمحل,افعللّ,IVq,indicative,active,3ms,1,يَضْمَحِلُّ
377_430,اِضْمَحَلَّ,ضمحل,افعللّ,IVq,indicative,active,3md,1,يَضْمَحِلَّانِ
377_430,اِضْمَحَلَّ,ضمحل,افعللّ,IVq,indicative,active,3mp,1,يَضْمَحِلُّونَ
377_430,اِضْمَحَلَّ,ضمحل,افعللّ,IVq,indicative,active,3fs,1,تَضْمَحِلُّ
377_430,اِضْمَحَلَّ,ضمحل,افعللّ,IVq,indicative,active,3fd,1,تَضْمَحِلَّانِ
377_430,اِضْمَحَلَّ,ضمحل,افعللّ,IVq,indicative,active,3fp,1,يَضْمَحْلِلْنَ
377_430,اِضْمَحَلَّ,ضمحل,افعللّ,IVq,indicative,active,2ms,1,تَضْمَحِلُّ
377_430,اِضْمَحَلَّ,ضمحل,افعللّ,IVq,indicative,active,2d,1,تَضْمَحِلَّانِ
377_430,اِضْمَحَلَّ,ضمحل,افعللّ,IVq,indicative,active,2mp,1,تَضْمَحِلُّونَ
377_430,اِضْمَحَلَّ,ضمحل,افعللّ,IVq,indicative,active,2fs,1,تَضْمَحِلِّينَ
377_430,اِضْمَحَلَّ,ضمحل,افعللّ,IVq,indicative,active,2fp,1,تَضْمَحْلِلْنَ
377_430,اِضْمَحَلَّ,ضمحل,افعللّ,IVq,indicative,active,1s,1,أَضْمَحِلُّ
377_430,اِضْمَحَلَّ,ضمحل,افعللّ,IVq,indicative,active,1p,1,نَضْمَحِلُّ
377_430,اِضْمَحَلَّ,ضمحل,افعللّ,IVq,imperative,active,2ms,1,اِضْمَحْلِلْ
377_430,اِضْمَحَلَّ,ضمحل,افعللّ,IVq,imperative,active,2d,1,اِضْمَحِلَّا
377_430,اِضْمَحَلَّ,ضمحل,افعللّ,IVq,imperative,active,2mp,1,اِضْمَحِلُّوا
377_430,اِضْمَحَلَّ,ضمحل,افعللّ,IVq,imperative,active,2fs,1,اِضْمَحِلِّي
377_430,اِضْمَحَلَّ,ضمحل,افعللّ,IVq,imperative,active,2fp,1,اِضْمَحْلِلْنَ
378_434,اِزْرَأَمَّ,زرأم,افعللّ,IVq,past,active,3ms,1,اِزْرَأَمَّ
378_434,اِزْرَأَمَّ,زرأم,افعللّ,IVq,past,active,3md,1,اِزْرَأَمَّا
378_434,اِزْرَأَمَّ,زرأم,افعللّ,IVq,past,active,3mp,1,اِزْرَأَمُّوا
378_434,اِزْرَأَمَّ,زرأم,افعللّ,IVq,past,active,3fs,1,اِزْرَأَمَّتْ
378_434,اِزْرَأَمَّ,زرأم,افعللّ,IVq,past,active,3fd,1,اِزْرَأَمَّتا
378_434,اِزْرَأَمَّ,زرأم,افعللّ,IVq,past,active,3fp,1,اِزْرَأْمَمْنَ
378_434,اِزْرَأَمَّ,زرأم,افعللّ,IVq,past,active,2ms,1,اِزْرَأْمَمْتَ
378_434,اِزْرَأَمَّ,زرأم,افعللّ,IVq,past,active,2d,1,اِزْرَأْمَمْتُما
378_434,اِزْرَأَمَّ,زرأم,افعللّ,IVq,past,active,2mp,1,اِزْرَأْمَمْتُمْ
378_434,اِزْرَأَمَّ,زرأم,افعللّ,IVq,past,active,2fs,1,اِزْرَأْمَمْتِ
378_434,اِزْرَأَمَّ,زرأم,افعللّ,IVq,past,active,2fp,1,اِزْرَأْمَمْتُنَّ
378_434,اِزْرَأَمَّ,زرأم,افعللّ,IVq,past,active,1s,1,اِزْرَأْمَمْتُ
378_434,اِزْرَأَمَّ,زرأم,افعللّ,IVq,past,active,1p,1,اِزْرَأْمَمْنا
378_434,اِزْرَأَمَّ,زرأم,افعللّ,IVq,indicative,active,3ms,1,يَزْرَئِمُّ
378_434,اِزْرَأَمَّ,زرأم,افعللّ,IVq,indicative,active,3md,1,يَزْرَئِمَّانِ
378_434,اِزْرَأَمَّ,زرأم,افعللّ,IVq,indicative,active,3mp,1,يَزْرَئِمُّونَ
378_434,اِزْرَأَمَّ,زرأم,افعللّ,IVq,indicative,active,3fs,1,تَزْرَئِمُّ
378_434,اِزْرَأَمَّ,زرأم,افعللّ,IVq,indicative,active,3fd,1,تَزْرَئِمَّانِ
378_434,اِزْرَأَمَّ,زرأم,افعللّ,IVq,indicative,active,3fp,1,يَزْرَأْمِمْنَ
378_434,اِزْرَأَمَّ,زرأم,افعللّ,IVq,indicative,active,2ms,1,تَزْرَئِمُّ
378_434,اِزْرَأَمَّ,زرأم,افعللّ,IVq,indicative,active,2d,1,تَزْرَئِمَّانِ
378_434,اِزْرَأَمَّ,زرأم,افعللّ,IVq,indicative,active,2mp,1,تَزْرَئِمُّونَ
378_434,اِزْرَأَمَّ,زرأم,افعللّ,IVq,indicative,active,2fs,1,تَزْرَئِمّينَ
378_434,اِزْرَأَمَّ,زرأم,افعللّ,IVq,indicative,active,2fp,1,تَزْرَأْمِمْنَ
378_434,اِزْرَأَمَّ,زرأم,افعللّ,IVq,indicative,active,1s,1,أَزْرَئِمُّ
378_434,اِزْرَأَمَّ,زرأم,افعللّ,IVq,indicative,active,1p,1,نَزْرَئِمُّ
378_434,اِزْرَأَمَّ,زرأم,افعللّ,IVq,imperative,active,2ms,1,اِزْرَأْمِمْ
378_434,اِزْرَأَمَّ,زرأم,افعللّ,IVq,imperative,active,2d,1,اِزْرَئِمَّا
378_434,اِزْرَأَمَّ,زرأم,افعللّ,IVq,imperative,active,2mp,1,اِزْرَئِمُّوا
378_434,اِزْرَأَمَّ,زرأم,افعللّ,IVq,imperative,active,2fs,1,اِزْرَئِمِّي
378_434,اِزْرَأَمَّ,زرأم,افعللّ,IVq,imperative,active,2fp,1,اِزْرَأْمِمْنَ
379_434,اِطْمَأَنَّ,طمأن,افعللّ,IVq,past,active,3ms,1,اِطْمَأَنَّ
379_434,اِطْمَأَنَّ,طمأن,افعللّ,IVq,past,active,3md,1,اِطْمَأَنَّا
379_434,اِطْمَأَنَّ,طمأن,افعللّ,IVq,past,active,3mp,1,اِطْمَأَنُّوا
379_434,اِطْمَأَنَّ,طمأن,افعللّ,IVq,past,active,3fs,1,اِطْمَأَنَّتْ
379_434,اِطْمَأَنَّ,طمأن,افعللّ,IVq,past,active,3fd,1,اِطْمَأَنَّتا
379_434,اِطْمَأَنَّ,طمأن,افعللّ,IVq,past,active,3fp,1,اِطْمَأْنَنَّ
379_434,اِطْمَأَنَّ,طمأن,افعللّ,IVq,past,active,2ms,1,اِطْمَأْنَنْتَ
379_434,اِطْمَأَنَّ,طمأن,افعللّ,IVq,past,active,2d,1,اِطْمَأْنَنْتُما
379_434,اِطْمَأَنَّ,طمأن,افعللّ,IVq,past,active,2mp,1,اِطْمَأْنَنْتُمْ
379_434,اِطْمَأَنَّ,طمأن,افعللّ,IVq,past,active,2fs,1,اِطْمَأْنَنْتِ
379_434,اِطْمَأَنَّ,طمأن,افعللّ,IVq,past,active,2fp,1,اِطْمَأْنَنْتُنَّ
379_434,اِطْمَأَنَّ,طمأن,افعللّ,IVq,past,active,1s,1,اِطْمَأْنَنْتُ
379_434,اِطْمَأَنَّ,طمأن,افعللّ,IVq,past,active,1p,1,اِطْمَأْنَنَّا
379_434,اِطْمَأَنَّ,طمأن,افعللّ,IVq,indicative,active,3ms,1,يَطْمَئِنُّ
379_434,اِطْمَأَنَّ,طمأن,افعللّ,IVq,indicative,active,3md,1,يَطْمَئِنَّانِ
379_434,اِطْمَأَنَّ,طمأن,افعللّ,IVq,indicative,active,3mp,1,يَطْمَئِنُّونَ
379_434,اِطْمَأَنَّ,طمأن,افعللّ,IVq,indicative,active,3fs,1,تَطْمَئِنُّ
379_434,اِطْمَأَنَّ,طمأن,افعللّ,IVq,indicative,active,3fd,1,تَطْمَئِنَّانِ
379_434,اِطْمَأَنَّ,طمأن,افعللّ,IVq,indicative,active,3fp,1,يَطْمَأْنِنَّ
379_434,اِطْمَأَنَّ,طمأن,افعللّ,IVq,indicative,active,2ms,1,تَطْمَئِنُّ
379_434,اِطْمَأَنَّ,طمأن,افعللّ,IVq,indicative,active,2d,1,تَطْمَئِنَّانِ
379_434,اِطْمَأَنَّ,طمأن,افعللّ,IVq,indicative,active,2mp,1,تَطْمَئِنُّونَ
379_434,اِطْمَأَنَّ,طمأن,افعللّ,IVq,indicative,active,2fs,1,تَطْمَئِنِّينَ
379_434,اِطْمَأَنَّ,طمأن,افعللّ,IVq,indicative,active,2fp,1,تَطْمَأْنِنَّ
379_434,اِطْمَأَنَّ,طمأن,افعللّ,IVq,indicative,active,1s,1,أَطْمَئِنُّ
379_434,اِطْمَأَنَّ,طمأن,افعللّ,IVq,indicative,active,1p,1,نَطْمَئِنُّ
379_434,اِطْمَأَنَّ,طمأن,افعللّ,IVq,imperative,active,2ms,1,اِطْمَأْنِنْ
379_434,اِطْمَأَنَّ,طمأن,افعللّ,IVq,imperative,active,2d,1,اِطْمَئِنَّا
379_434,اِطْمَأَنَّ,طمأن,افعللّ,IVq,imperative,active,2mp,1,اِطْمَئِنُّوا
379_434,اِطْمَأَنَّ,طمأن,افعللّ,IVq,imperative,active,2fs,1,اِطْمَئِنِّي
379_434,اِطْمَأَنَّ,طمأن,افعللّ,IVq,imperative,active,2fp,1,اِطْمَأْنِنَّ
380_115,يَمَنَ,يمن,فعَل يفعُل,I,past,active,3ms,1,يَمَنَ
380_115,يَمَنَ,يمن,فعَل يفعُل,I,past,active,3md,1,يَمَنا
380_115,يَمَنَ,يمن,فعَل يفعُل,I,past,active,3mp,1,يَمَنُوا
380_115,يَمَنَ,يمن,فعَل يفعُل,I,past,active,3fs,1,يَمَنَتْ
380_115,يَمَنَ,يمن,فعَل يفعُل,I,past,active,3fd,1,يَمَنَتا
380_115,يَمَنَ,يمن,فعَل يفعُل,I,past,active,3fp,1,يَمَنَّ
380_115,يَمَنَ,يمن,فعَل يفعُل,I,past,active,2ms,1,يَمَنْتَ
380_115,يَمَنَ,يمن,فعَل يفعُل,I,past,active,2d,1,يَمَنْتُما
380_115,يَمَنَ,يمن,فعَل يفعُل,I,past,active,2mp,1,يَمَنْتُمْ
380_115,يَمَنَ,يمن,فعَل يفعُل,I,past,active,2fs,1,يَمَنْتِ
380_115,يَمَنَ,يمن,فعَل يفعُل,I,past,active,2fp,1,يَمَنْتُنَّ
380_115,يَمَنَ,يمن,فعَل يفعُل,I,past,active,1s,1,يَمَنْتُ
380_115,يَمَنَ,يمن,فعَل يفعُل,I,past,active,1p,1,يَمَنَّا
380_115,يَمَنَ,يمن,فعَل يفعُل,I,past,passive,3ms,1,يُمِنَ
380_115,يَمَنَ,يمن,فعَل يفعُل,I,past,passive,3md,1,يُمِنا
380_115,يَمَنَ,يمن,فعَل يفعُل,I,past,passive,3mp,1,يُمِنُوا
380_115,يَمَنَ,يمن,فعَل يفعُل,I,past,passive,3fs,1,يُمِنَتْ
380_115,يَمَنَ,يمن,فعَل يفعُل,I,past,passive,3fd,1,يُمِنَتا
380_115,يَمَنَ,يمن,فعَل يفعُل,I,past,passive,3fp,1,يُمِنَّ
380_115,يَمَنَ,يمن,فعَل يفعُل,I,past,passive,2ms,1,يُمِنْتَ
380_115,يَمَنَ,يمن,فعَل يفعُل,I,past,passive,2d,1,يُمِنْتُما
380_115,يَمَنَ,يمن,فعَل يفعُل,I,past,passive,2mp,1,يُمِنْتُمْ
380_115,يَمَنَ,يمن,فعَل يفعُل,I,past,passive,2fs,1,يُمِنْتِ
380_115,يَمَنَ,يمن,فعَل يفعُل,I,past,passive,2fp,1,يُمِنْتُنَّ
380_115,يَمَنَ,يمن,فعَل يفعُل,I,past,passive,1s,1,يُمِنْتُ
380_115,يَمَنَ,يمن,فعَل يفعُل,I,past,passive,1p,1,يُمِنَّا
380_115,يَمَنَ,يمن,فعَل يفعُل,I,indicative,active,3ms,1,يَيْمُنُ
380_115,يَمَنَ,يمن,فعَل يفعُل,I,indicative,active,3md,1,يَيْمُنانِ
380_115,يَمَنَ,يمن,فعَل يفعُل,I,indicative,active,3mp,1,يَيْمُنُونَ
380_115,يَمَنَ,يمن,فعَل يفعُل,I,indicative,active,3fs,1,تَيْمُنُ
380_115,يَمَنَ,يمن,فعَل يفعُل,I,indicative,active,3fd,1,تَيْمُنانِ
380_115,يَمَنَ,يمن,فعَل يفعُل,I,indicative,active,3fp,1,يَيْمُنَّ
380_115,يَمَنَ,يمن,فعَل يفعُل,I,indicative,active,2ms,1,تَيْمُنُ
380_115,يَمَنَ,يمن,فعَل يفعُل,I,indicative,active,2d,1,تَيْمُنانِ
380_115,يَمَنَ,يمن,فعَل يفعُل,I,indicative,active,2mp,1,تَيْمُنُونَ
380_115,يَمَنَ,يمن,فعَل يفعُل,I,indicative,active,2fs,1,تَيْمُنِينَ
380_115,يَمَنَ,يمن,فعَل يفعُل,I,indicative,active,2fp,1,تَيْمُنَّ
380_115,يَمَنَ,يمن,فعَل يفعُل,I,indicative,active,1s,1,أَيْمُنُ
380_115,يَمَنَ,يمن,فعَل يفعُل,I,indicative,active,1p,1,نَيْمُنُ
380_115,يَمَنَ,يمن,فعَل يفعُل,I,indicative,passive,3ms,1,يُوْمَنُ
380_115,يَمَنَ,يمن,فعَل يفعُل,I,indicative,passive,3md,1,يُوْمَنانِ
380_115,يَمَنَ,يمن,فعَل يفعُل,I,indicative,passive,3mp,1,يُوْمَنُونَ
380_115,يَمَنَ,يمن,فعَل يفعُل,I,indicative,passive,3fs,1,تُوْمَنُ
380_115,يَمَنَ,يمن,فعَل يفعُل,I,indicative,passive,3fd,1,تُوْمَنانِ
380_115,يَمَنَ,يمن,فعَل يفعُل,I,indicative,passive,3fp,1,يُوْمَنَّ
380_115,يَمَنَ,يمن,فعَل يفعُل,I,indicative,passive,2ms,1,تُوْمَنُ
380_115,يَمَنَ,يمن,فعَل يفعُل,I,indicative,passive,2d,1,تُوْمَنانِ
380_115,يَمَنَ,يمن,فعَل يفعُل,I,indicative,passive,2mp,1,تُوْمَنُونَ
380_115,يَمَنَ,يمن,فعَل يفعُل,I,indicative,passive,2fs,1,تُوْمَنِينَ
380_115,يَمَنَ,يمن,فعَل يفعُل,I,indicative,passive,2fp,1,تُوْمَنَّ
380_115,يَمَنَ,يمن,فعَل يفعُل,I,indicative,passive,1s,1,أُوْمَنُ
380_115,يَمَنَ,يمن,فعَل يفعُل,I,indicative,passive,1p,1,نُوْمَنُ
380_115,يَمَنَ,يمن,فعَل يفعُل,I,imperative,active,2ms,1,اُوْمُنْ
380_115,يَمَنَ,يمن,فعَل يفعُل,I,imperative,active,2d,1,اُوْمُنا
380_115,يَمَنَ,يمن,فعَل يفعُل,I,imperative,active,2mp,1,اُوْمُنُوا
380_115,يَمَنَ,يمن,فعَل يفعُل,I,imperative,active,2fs,1,اُوْمُنِي
380_115,يَمَنَ,يمن,فعَل يفعُل,I,imperative,active,2fp,1,اُوْمُنَّ
381_427,اِهْبَيَّخَ,هبيخ,افعنلل,IIIq,past,active,3ms,1,اِهْبَيَّخَ
381_427,اِهْبَيَّخَ,هبيخ,افعنلل,IIIq,past,active,3md,1,اِهْبَيَّخَا
381_427,اِهْبَيَّخَ,هبيخ,افعنلل,IIIq,past,active,3mp,1,اِهْبَيَّخُوا
381_427,اِهْبَيَّخَ,هبيخ,افعنلل,IIIq,past,active,3fs,1,اِهْبَيَّخَتْ
381_427,اِهْبَيَّخَ,هبيخ,افعنلل,IIIq,past,active,3fd,1,اِهْبَيَّخَتَا
381_427,اِهْبَيَّخَ,هبيخ,افعنلل,IIIq,past,active,3fp,1,اِهْبَيَّخْنَ
381_427,اِهْبَيَّخَ,هبيخ,افعنلل,IIIq,past,active,2ms,1,اِهْبَيَّخْتَ
381_427,اِهْبَيَّخَ,هبيخ,افعنلل,IIIq,past,active,2d,1,اِهْبَيَّخْتُمَا
381_427,اِهْبَيَّخَ,هبيخ,افعنلل,IIIq,past,active,2mp,1,اِهْبَيَّخْتُمْ
381_427,اِهْبَيَّخَ,هبيخ,افعنلل,IIIq,past,active,2fs,1,اِهْبَيَّخْتِ
381_427,اِهْبَيَّخَ,هبيخ,افعنلل,IIIq,past,active,2fp,1,اِهْبَيَّخْتُنَّ
381_427,اِهْبَيَّخَ,هبيخ,افعنلل,IIIq,past,active,1s,1,اِهْبَيَّخْتُ
381_427,اِهْبَيَّخَ,هبيخ,افعنلل,IIIq,past,active,1p,1,اِهْبَيَّخْنَا
381_427,اِهْبَيَّخَ,هبيخ,افعنلل,IIIq,indicative,active,3ms,1,يَهْبَيِّخُ
381_427,اِهْبَيَّخَ,هبيخ,افعنلل,IIIq,indicative,active,3md,1,يَهْبَيِّخَانِ
381_427,اِهْبَيَّخَ,هبيخ,افعنلل,IIIq,indicative,active,3mp,1,يَهْبَيِّخُونَ
381_427,اِهْبَيَّخَ,هبيخ,افعنلل,IIIq,indicative,active,3fs,1,تَهْبَيِّخُ
381_427,اِهْبَيَّخَ,هبيخ,افعنلل,IIIq,indicative,active,3fd,1,تَهْبَيِّخَانِ
381_427,اِهْبَيَّخَ,هبيخ,افعنلل,IIIq,indicative,active,3fp,1,يَهْبَيِّخْنَ
381_427,اِهْبَيَّخَ,هبيخ,افعنلل,IIIq,indicative,active,2ms,1,تَهْبَيِّخُ
381_427,اِهْبَيَّخَ,هبيخ,افعنلل,IIIq,indicative,active,2d,1,تَهْبَيِّخَانِ
381_427,اِهْبَيَّخَ,هبيخ,افعنلل,IIIq,indicative,active,2mp,1,تَهْبَيِّخُونَ
381_427,اِهْبَيَّخَ,هبيخ,افعنلل,IIIq,indicative,active,2fs,1,تَهْبَيِّخِينَ
381_427,اِهْبَيَّخَ,هبيخ,افعنلل,IIIq,indicative,active,2fp,1,تَهْبَيِّخْنَ
381_427,اِهْبَيَّخَ,هبيخ,افعنلل,IIIq,indicative,active,1s,1,أَهْبَيِّخُ
381_427,اِهْبَيَّخَ,هبيخ,افعنلل,IIIq,indicative,active,1p,1,نَهْبَيِّخُ
381_427,اِهْبَيَّخَ,هبيخ,افعنلل,IIIq,imperative,active,2ms,1,اِهْبَيِّخْ
381_427,اِهْبَيَّخَ,هبيخ,افعنلل,IIIq,imperative,active,2d,1,اِهْبَيِّخَا
381_427,اِهْبَيَّخَ,هبيخ,افعنلل,IIIq,imperative,active,2mp,1,اِهْبَيِّخُوا
381_427,اِهْبَيَّخَ,هبيخ,افعنلل,IIIq,imperative,active,2fs,1,اِهْبَيِّخِي
381_427,اِهْبَيَّخَ,هبيخ,افعنلل,IIIq,imperative,active,2fp,1,اِهْبَيِّخْنَ
382_117,أَخا,أخو,فعَل يفعُل,I,past,active,3ms,1,أَخا
382_117,أَخا,أخو,فعَل يفعُل,I,past,active,3md,1,أَخَوَا
382_117,أَخا,أخو,فعَل يفعُل,I,past,active,3mp,1,أَخَوْا
382_117,أَخا,أخو,فعَل يفعُل,I,past,active,3fs,1,أَخَتْ
382_117,أَخا,أخو,فعَل يفعُل,I,past,active,3fd,1,أَخَتا
382_117,أَخا,أخو,فعَل يفعُل,I,past,active,3fp,1,أَخَوْنَ
382_117,أَخا,أخو,فعَل يفعُل,I,past,active,2ms,1,أَخَوْتَ
382_117,أَخا,أخو,فعَل يفعُل,I,past,active,2d,1,أَخَوْتُما
382_117,أَخا,أخو,فعَل يفعُل,I,past,active,2mp,1,أَخَوْتُمْ
382_117,أَخا,أخو,فعَل يفعُل,I,past,active,2fs,1,أَخَوْتِ
382_117,أَخا,أخو,فعَل يفعُل,I,past,active,2fp,1,أَخَوْتُنَّ
382_117,أَخا,أخو,فعَل يفعُل,I,past,active,1s,1,أَخَوْتُ
382_117,أَخا,أخو,فعَل يفعُل,I,past,active,1p,1,أَخَوْنا
382_117,أَخا,أخو,فعَل يفعُل,I,indicative,active,3ms,1,يَأْخُو
382_117,أَخا,أخو,فعَل يفعُل,I,indicative,active,3md,1,يَأْخُوَانِ
382_117,أَخا,أخو,فعَل يفعُل,I,indicative,active,3mp,1,يَأْخُونَ
382_117,أَخا,أخو,فعَل يفعُل,I,indicative,active,3fs,1,تَأْخُو
382_117,أَخا,أخو,فعَل يفعُل,I,indicative,active,3fd,1,تَأْخُوَانِ
382_117,أَخا,أخو,فعَل يفعُل,I,indicative,active,3fp,1,يَأْخُونَ
382_117,أَخا,أخو,فعَل يفعُل,I,indicative,active,2ms,1,تَأْخُو
382_117,أَخا,أخو,فعَل يفعُل,I,indicative,active,2d,1,تَأْخُوَانِ
382_117,أَخا,أخو,فعَل يفعُل,I,indicative,active,2mp,1,تَأْخُونَ
382_117,أَخا,أخو,فعَل يفعُل,I,indicative,active,2fs,1,تَأْخِينَ
382_117,أَخا,أخو,فعَل يفعُل,I,indicative,active,2fp,1,تَأْخُونَ
382_117,أَخا,أخو,فعَل يفعُل,I,indicative,active,1s,1,آخُو
382_117,أَخا,أخو,فعَل يفعُل,I,indicative,active,1p,1,نَأْخُو
382_117,أَخا,أخو,فعَل يفعُل,I,imperative,active,2ms,1,اُوْخُ
382_117,أَخا,أخو,فعَل يفعُل,I,imperative,active,2d,1,اُوْخُوَا
382_117,أَخا,أخو,فعَل يفعُل,I,imperative,active,2mp,1,اُوْخُوا
382_117,أَخا,أخو,فعَل يفعُل,I,imperative,active,2fs,1,اُوْخِي
382_117,أَخا,أخو,فعَل يفعُل,I,imperative,active,2fp,1,اُوْخُونَ
383_126,آضَ,أيض,فعَل يفعِل,I,past,active,3ms,1,آضَ
383_126,آضَ,أيض,فعَل يفعِل,I,past,active,3md,1,آضا
383_126,آضَ,أيض,فعَل يفعِل,I,past,active,3mp,1,آضُوا
383_126,آضَ,أيض,فعَل يفعِل,I,past,active,3fs,1,آضَتْ
383_126,آضَ,أيض,فعَل يفعِل,I,past,active,3fd,1,آضَتَا
383_126,آضَ,أيض,فعَل يفعِل,I,past,active,3fp,1,إِضْنَ
383_126,آضَ,أيض,فعَل يفعِل,I,past,active,2ms,1,إِضْتَ
383_126,آضَ,أيض,فعَل يفعِل,I,past,active,2d,1,إِضْتُما
383_126,آضَ,أيض,فعَل يفعِل,I,past,active,2mp,1,إِضْتُمْ
383_126,آضَ,أيض,فعَل يفعِل,I,past,active,2fs,1,إِضْتِ
383_126,آضَ,أيض,فعَل يفعِل,I,past,active,2fp,1,إِضْتُنَّ
383_126,آضَ,أيض,فعَل يفعِل,I,past,active,1s,1,إِضْتُ
383_126,آضَ,أيض,فعَل يفعِل,I,past,active,1p,1,إِضْنا
383_126,آضَ,أيض,فعَل يفعِل,I,indicative,active,3ms,1,يَئيضُ
383_126,آضَ,أيض,فعَل يفعِل,I,indicative,active,3md,1,يَئيضانِ
383_126,آضَ,أيض,فعَل يفعِل,I,indicative,active,3mp,1,يَئيضونَ
383_126,آضَ,أيض,فعَل يفعِل,I,indicative,active,3fs,1,تَئيضُ
383_126,آضَ,أيض,فعَل يفعِل,I,indicative,active,3fd,1,تَئيضانِ
383_126,آضَ,أيض,فعَل يفعِل,I,indicative,active,3fp,1,يَئِضْنَ
383_126,آضَ,أيض,فعَل يفعِل,I,indicative,active,2ms,1,تَئيضُ
383_126,آضَ,أيض,فعَل يفعِل,I,indicative,active,2d,1,تَئيضانِ
383_126,آضَ,أيض,فعَل يفعِل,I,indicative,active,2mp,1,تَئيضونَ
383_126,آضَ,أيض,فعَل يفعِل,I,indicative,active,2fs,1,تَئيضينَ
383_126,آضَ,أيض,فعَل يفعِل,I,indicative,active,2fp,1,تَئِضْنَ
383_126,آضَ,أيض,فعَل يفعِل,I,indicative,active,1s,1,أَئيضُ
383_126,آضَ,أيض,فعَل يفعِل,I,indicative,active,1p,1,نَئيضُ
383_126,آضَ,أيض,فعَل يفعِل,I,imperative,active,2ms,1,اِضْ
383_126,آضَ,أيض,فعَل يفعِل,I,imperative,active,2d,1,إيضا
383_126,آضَ,أيض,فعَل يفعِل,I,imperative,active,2mp,1,إيضُوا
383_126,آضَ,أيض,فعَل يفعِل,I,imperative,active,2fs,1,إيضي
383_126,آضَ,أيض,فعَل يفعِل,I,imperative,active,2fp,1,اِضْنَ
384_135,وَبَأَ,وبأ,فعَل يفعَل,I,past,active,3ms,1,وَبَأَ
384_135,وَبَأَ,وبأ,فعَل يفعَل,I,past,active,3md,1,وَبَآ
384_135,وَبَأَ,وبأ,فعَل يفعَل,I,past,active,3mp,1,وَبَؤُوا
384_135,وَبَأَ,وبأ,فعَل يفعَل,I,past,active,3fs,1,وَبَأَتْ
384_135,وَبَأَ,وبأ,فعَل يفعَل,I,past,active,3fd,1,وَبَأَتَا
384_135,وَبَأَ,وبأ,فعَل يفعَل,I,past,active,3fp,1,وَبَأْنَ
384_135,وَبَأَ,وبأ,فعَل يفعَل,I,past,active,2ms,1,وَبَأْتَ
384_135,وَبَأَ,وبأ,فعَل يفعَل,I,past,active,2d,1,وَبَأْتُما
384_135,وَبَأَ,وبأ,فعَل يفعَل,I,past,active,2mp,1,وَبَأْتُمْ
384_135,وَبَأَ,وبأ,فعَل يفعَل,I,past,active,2fs,1,وَبَأْتِ
384_135,وَبَأَ,وبأ,فعَل يفعَل,I,past,active,2fp,1,وَبَأْتُنَّ
384_135,وَبَأَ,وبأ,فعَل يفعَل,I,past,active,1s,1,وَبَأْتُ
384_135,وَبَأَ,وبأ,فعَل يفعَل,I,past,active,1p,1,وَبَأْنَا
384_135,وَبَأَ,وبأ,فعَل يفعَل,I,indicative,active,3ms,1,يَوْبَأُ
384_135,وَبَأَ,وبأ,فعَل يفعَل,I,indicative,active,3md,1,يَوْبَآنِ
384_135,وَبَأَ,وبأ,فعَل يفعَل,I,indicative,active,3mp,1,يَوْبَؤونَ
384_135,وَبَأَ,وبأ,فعَل يفعَل,I,indicative,active,3fs,1,تَوْبَأُ
384_135,وَبَأَ,وبأ,فعَل يفعَل,I,indicative,active,3fd,1,تَوْبَآنِ
384_135,وَبَأَ,وبأ,فعَل يفعَل,I,indicative,active,3fp,1,يَوْبَأْنَ
384_135,وَبَأَ,وبأ,فعَل يفعَل,I,indicative,active,2ms,1,تَوْبَأُ
384_135,وَبَأَ,وبأ,فعَل يفعَل,I,indicative,active,2d,1,تَوْبَآنِ
384_135,وَبَأَ,وبأ,فعَل يفعَل,I,indicative,active,2mp,1,تَوْبَؤونَ
384_135,وَبَأَ,وبأ,فعَل يفعَل,I,indicative,active,2fs,1,تَوْبَئِينَ
384_135,وَبَأَ,وبأ,فعَل يفعَل,I,indicative,active,2fp,1,تَوْبَأْنَ
384_135,وَبَأَ,وبأ,فعَل يفعَل,I,indicative,active,1s,1,أَوْبَأُ
384_135,وَبَأَ,وبأ,فعَل يفعَل,I,indicative,active,1p,1,نَوْبَأُ
384_135,وَبَأَ,وبأ,فعَل يفعَل,I,imperative,active,2ms,1,إِيبَأْ
384_135,وَبَأَ,وبأ,فعَل يفعَل,I,imperative,active,2d,1,إِيبَآ
384_135,وَبَأَ,وبأ,فعَل يفعَل,I,imperative,active,2mp,1,إِيبَؤُوا
384_135,وَبَأَ,وبأ,فعَل يفعَل,I,imperative,active,2fs,1,إِيبَئِي
384_135,وَبَأَ,وبأ,فعَل يفعَل,I,imperative,active,2fp,1,إِيبَأْنَ
385_137,فَأَى,فأي,فعَل يفعَل,I,past,active,3ms,1,فَأَى
385_137,فَأَى,فأي,فعَل يفعَل,I,past,active,3md,1,فَأَيا
385_137,فَأَى,فأي,فعَل يفعَل,I,past,active,3mp,1,فَأَوْا
385_137,فَأَى,فأي,فعَل يفعَل,I,past,active,3fs,1,فَأَتْ
385_137,فَأَى,فأي,فعَل يفعَل,I,past,active,3fd,1,فَأَتا
385_137,فَأَى,فأي,فعَل يفعَل,I,past,active,3fp,1,فَأَيْنَ
385_137,فَأَى,فأي,فعَل يفعَل,I,past,active,2ms,1,فَأَيْتَ
385_137,فَأَى,فأي,فعَل يفعَل,I,past,active,2d,1,فَأَيْتُما
385_137,فَأَى,فأي,فعَل يفعَل,I,past,active,2mp,1,فَأَيْتُمْ
385_137,فَأَى,فأي,فعَل يفعَل,I,past,active,2fs,1,فَأَيْتِ
385_137,فَأَى,فأي,فعَل يفعَل,I,past,active,2fp,1,فَأَيْتُنَّ
385_137,فَأَى,فأي,فعَل يفعَل,I,past,active,1s,1,فَأَيْتُ
385_137,فَأَى,فأي,فعَل يفعَل,I,past,active,1p,1,فَأَيْنا
385_137,فَأَى,فأي,فعَل يفعَل,I,indicative,active,3ms,1,يَفْأَى
385_137,فَأَى,فأي,فعَل يفعَل,I,indicative,active,3md,1,يَفْأَيانِ
385_137,فَأَى,فأي,فعَل يفعَل,I,indicative,active,3mp,1,يَفْأَوْنَ
385_137,فَأَى,فأي,فعَل يفعَل,I,indicative,active,3fs,1,تَفْأَى
385_137,فَأَى,فأي,فعَل يفعَل,I,indicative,active,3fd,1,تَفْأَيانِ
385_137,فَأَى,فأي,فعَل يفعَل,I,indicative,active,3fp,1,يَفْأَيْنَ
385_137,فَأَى,فأي,فعَل يفعَل,I,indicative,active,2ms,1,تَفْأَى
385_137,فَأَى,فأي,فعَل يفعَل,I,indicative,active,2d,1,تَفْأَيانِ
385_137,فَأَى,فأي,فعَل يفعَل,I,indicative,active,2mp,1,تَفْأَوْنَ
385_137,فَأَى,فأي,فعَل يفعَل,I,indicative,active,2fs,1,تَفْأَيْنَ
385_137,فَأَى,فأي,فعَل يفعَل,I,indicative,active,2fp,1,تَفْأَيْنَ
385_137,فَأَى,فأي,فعَل يفعَل,I,indicative,active,1s,1,أَفْأَى
385_137,فَأَى,فأي,فعَل يفعَل,I,indicative,active,1p,1,نَفْأَى
385_137,فَأَى,فأي,فعَل يفعَل,I,imperative,active,2ms,1,اِفْأَ
385_137,فَأَى,فأي,فعَل يفعَل,I,imperative,active,2d,1,اِفْأَيا
385_137,فَأَى,فأي,فعَل يفعَل,I,imperative,active,2mp,1,اِفْأَوْا
385_137,فَأَى,فأي,فعَل يفعَل,I,imperative,active,2fs,1,اِفْأَيْ
385_137,فَأَى,فأي,فعَل يفعَل,I,imperative,active,2fp,1,اِفْأَيْنَ
386_200,بَدَّلَ,بدل,فعّل,II,past,active,3ms,1,بَدَّلَ
386_200,بَدَّلَ,بدل,فعّل,II,past,active,3md,1,بَدَّلا
386_200,بَدَّلَ,بدل,فعّل,II,past,active,3mp,1,بَدَّلُوا
386_200,بَدَّلَ,بدل,فعّل,II,past,active,3fs,1,بَدَّلَتْ
386_200,بَدَّلَ,بدل,فعّل,II,past,active,3fd,1,بَدَّلَتا
386_200,بَدَّلَ,بدل,فعّل,II,past,active,3fp,1,بَدَّلْنَ
386_200,بَدَّلَ,بدل,فعّل,II,past,active,2ms,1,بَدَّلْتَ
386_200,بَدَّلَ,بدل,فعّل,II,past,active,2d,1,بَدَّلْتُما
386_200,بَدَّلَ,بدل,فعّل,II,past,active,2mp,1,بَدَّلْتُمْ
386_200,بَدَّلَ,بدل,فعّل,II,past,active,2fs,1,بَدَّلْتِ
386_200,بَدَّلَ,بدل,فعّل,II,past,active,2fp,1,بَدَّلْتُنَّ
386_200,بَدَّلَ,بدل,فعّل,II,past,active,1s,1,بَدَّلْتُ
386_200,بَدَّلَ,بدل,فعّل,II,past,active,1p,1,بَدَّلْنا
386_200,بَدَّلَ,بدل,فعّل,II,indicative,active,3ms,1,يُبَدِّلُ
386_200,بَدَّلَ,بدل,فعّل,II,indicative,active,3md,1,يُبَدِّلَانِ
386_200,بَدَّلَ,بدل,فعّل,II,indicative,active,3mp,1,يُبَدِّلونَ
386_200,بَدَّلَ,بدل,فعّل,II,indicative,active,3fs,1,تُبَدِّلُ
386_200,بَدَّلَ,بدل,فعّل,II,indicative,active,3fd,1,تُبَدِّلَانِ
386_200,بَدَّلَ,بدل,فعّل,II,indicative,active,3fp,1,يُبَدِّلْنَ
386_200,بَدَّلَ,بدل,فعّل,II,indicative,active,2ms,1,تُبَدِّلُ
386_200,بَدَّلَ,بدل,فعّل,II,indicative,active,2d,1,تُبَدِّلَانِ
386_200,بَدَّلَ,بدل,فعّل,II,indicative,active,2mp,1,تُبَدِّلونَ
386_200,بَدَّلَ,بدل,فعّل,II,indicative,active,2fs,1,تُبَدِّلِينَ
386_200,بَدَّلَ,بدل,فعّل,II,indicative,active,2fp,1,تُبَدِّلْنَ
386_200,بَدَّلَ,بدل,فعّل,II,indicative,active,1s,1,أُبَدِّلُ
386_200,بَدَّلَ,بدل,فعّل,II,indicative,active,1p,1,نُبَدِّلُ
386_200,بَدَّلَ,بدل,فعّل,II,imperative,active,2ms,1,بَدِّلْ
386_200,بَدَّلَ,بدل,فعّل,II,imperative,active,2d,1,بَدِّلا
386_200,بَدَّلَ,بدل,فعّل,II,imperative,active,2mp,1,بَدِّلُوا
386_200,بَدَّلَ,بدل,فعّل,II,imperative,active,2fs,1,بَدِّلي
386_200,بَدَّلَ,بدل,فعّل,II,imperative,active,2fp,1,بَدِّلْنَ
387_201,أَمَّمَ,أمم,فعّل,II,past,active,3ms,1,أَمَّمَ
387_201,أَمَّمَ,أمم,فعّل,II,past,active,3md,1,أَمَّما
387_201,أَمَّمَ,أمم,فعّل,II,past,active,3mp,1,أَمَّمُوا
387_201,أَمَّمَ,أمم,فعّل,II,past,active,3fs,1,أَمَّمَتْ
387_201,أَمَّمَ,أمم,فعّل,II,past,active,3fd,1,أَمَّمَتا
387_201,أَمَّمَ,أمم,فعّل,II,past,active,3fp,1,أَمَّمْنَ
387_201,أَمَّمَ,أمم,فعّل,II,past,active,2ms,1,أَمَّمْتَ
387_201,أَمَّمَ,أمم,فعّل,II,past,active,2d,1,أَمَّمْتُما
387_201,أَمَّمَ,أمم,فعّل,II,past,active,2mp,1,أَمَّمْتُمْ
387_201,أَمَّمَ,أمم,فعّل,II,past,active,2fs,1,أَمَّمْتِ
387_201,أَمَّمَ,أمم,فعّل,II,past,active,2fp,1,أَمَّمْتُنَّ
387_201,أَمَّمَ,أمم,فعّل,II,past,active,1s,1,أَمَّمْتُ
387_201,أَمَّمَ,أمم,فعّل,II,past,active,1p,1,أَمَّمْنا
387_201,أَمَّمَ,أمم,فعّل,II,indicative,active,3ms,1,يُؤَمِّمُ
387_201,أَمَّمَ,أمم,فعّل,II,indicative,active,3md,1,يُؤَمِّمانِ
387_201,أَمَّمَ,أمم,فعّل,II,indicative,active,3mp,1,يُؤَمِّمونَ
387_201,أَمَّمَ,أمم,فعّل,II,indicative,active,3fs,1,تُؤَمِّمُ
387_201,أَمَّمَ,أمم,فعّل,II,indicative,active,3fd,1,تُؤَمِّمانِ
387_201,أَمَّمَ,أمم,فعّل,II,indicative,active,3fp,1,يُؤَمِّمْنَ
387_201,أَمَّمَ,أمم,فعّل,II,indicative,active,2ms,1,تُؤَمِّمُ
387_201,أَمَّمَ,أمم,فعّل,II,indicative,active,2d,1,تُؤَمِّمانِ
387_201,أَمَّمَ,أمم,فعّل,II,indicative,active,2mp,1,تُؤَمِّمونَ
387_201,أَمَّمَ,أمم,فعّل,II,indicative,active,2fs,1,تُؤَمِّمِينَ
387_201,أَمَّمَ,أمم,فعّل,II,indicative,active,2fp,1,تُؤَمِّمْنَ
387_201,أَمَّمَ,أمم,فعّل,II,indicative,active,1s,1,أُؤَمِّمُ
387_201,أَمَّمَ,أمم,فعّل,II,indicative,active,1p,1,نُؤَمِّمُ
387_201,أَمَّمَ,أمم,فعّل,II,imperative,active,2ms,1,أَمِّمْ
387_201,أَمَّمَ,أمم,فعّل,II,imperative,active,2d,1,أَمِّما
387_201,أَمَّمَ,أمم,فعّل,II,imperative,active,2mp,1,أَمِّمُوا
387_201,أَمَّمَ,أمم,فعّل,II,imperative,active,2fs,1,أَمِّمي
387_201,أَمَّمَ,أمم,فعّل,II,imperative,active,2fp,1,أَمِّمْنَ
388_201,جَنَّنَ,جنن,فعّل,II,past,active,3ms,1,جَنَّنَ
388_201,جَنَّنَ,جنن,فعّل,II,past,active,3md,1,جَنَّنا
388_201,جَنَّنَ,جنن,فعّل,II,past,active,3mp,1,جَنَّنُوا
388_201,جَنَّنَ,جنن,فعّل,II,past,active,3fs,1,جَنَّنَتْ
388_201,جَنَّنَ,جنن,فعّل,II,past,active,3fd,1,جَنَّنَتا
388_201,جَنَّنَ,جنن,فعّل,II,past,active,3fp,1,جَنَّنَّ
388_201,جَنَّنَ,جنن,فعّل,II,past,active,2ms,1,جَنَّنْتَ
388_201,جَنَّنَ,جنن,فعّل,II,past,active,2d,1,جَنَّنْتُما
388_201,جَنَّنَ,جنن,فعّل,II,past,active,2mp,1,جَنَّنْتُمْ
388_201,جَنَّنَ,جنن,فعّل,II,past,active,2fs,1,جَنَّنْتِ
388_201,جَنَّنَ,جنن,فعّل,II,past,active,2fp,1,جَنَّنْتُنَّ
388_201,جَنَّنَ,جنن,فعّل,II,past,active,1s,1,جَنَّنْتُ
388_201,جَنَّنَ,جنن,فعّل,II,past,active,1p,1,جَنَّنَّا
388_201,جَنَّنَ,جنن,فعّل,II,indicative,active,3ms,1,يُجَنِّنُ
388_201,جَنَّنَ,جنن,فعّل,II,indicative,active,3md,1,يُجَنِّنانِ
388_201,جَنَّنَ,جنن,فعّل,II,indicative,active,3mp,1,يُجَنِّنونَ
388_201,جَنَّنَ,جنن,فعّل,II,indicative,active,3fs,1,تُجَنِّنُ
388_201,جَنَّنَ,جنن,فعّل,II,indicative,active,3fd,1,تُجَنِّنانِ
388_201,جَنَّنَ,جنن,فعّل,II,indicative,active,3fp,1,يُجَنِّنَّ
388_201,جَنَّنَ,جنن,فعّل,II,indicative,active,2ms,1,تُجَنِّنُ
388_201,جَنَّنَ,جنن,فعّل,II,indicative,active,2d,1,تُجَنِّنانِ
388_201,جَنَّنَ,جنن,فعّل,II,indicative,active,2mp,1,تُجَنِّنونَ
388_201,جَنَّنَ,جنن,فعّل,II,indicative,active,2fs,1,تُجَنِّنِينَ
388_201,جَنَّنَ,جنن,فعّل,II,indicative,active,2fp,1,تُجَنِّنَّ
388_201,جَنَّنَ,جنن,فعّل,II,indicative,active,1s,1,أُجَنِّنُ
388_201,جَنَّنَ,جنن,فعّل,II,indicative,active,1p,1,نُجَنِّنُ
388_201,جَنَّنَ,جنن,فعّل,II,imperative,active,2ms,1,جَنِّنْ
388_201,جَنَّنَ,جنن,فعّل,II,imperative,active,2d,1,جَنِّنا
388_201,جَنَّنَ,جنن,فعّل,II,imperative,active,2mp,1,جَنِّنُوا
388_201,جَنَّنَ,جنن,فعّل,II,imperative,active,2fs,1,جَنِّني
388_201,جَنَّنَ,جنن,فعّل,II,imperative,active,2fp,1,جَنِّنَّ
389_206,أَيَّدَ,أيد,فعّل,II,past,active,3ms,1,أَيَّدَ
389_206,أَيَّدَ,أيد,فعّل,II,past,active,3md,1,أَيَّدا
389_206,أَيَّدَ,أيد,فعّل,II,past,active,3mp,1,أَيَّدُوا
389_206,أَيَّدَ,أيد,فعّل,II,past,active,3fs,1,أَيَّدَتْ
389_206,أَيَّدَ,أيد,فعّل,II,past,active,3fd,1,أَيَّدَتَا
389_206,أَيَّدَ,أيد,فعّل,II,past,active,3fp,1,أَيَّدْنَ
389_206,أَيَّدَ,أيد,فعّل,II,past,active,2ms,1,أَيَّدْتَ
389_206,أَيَّدَ,أيد,فعّل,II,past,active,2d,1,أَيَّدْتُما
389_206,أَيَّدَ,أيد,فعّل,II,past,active,2mp,1,أَيَّدْتُمْ
389_206,أَيَّدَ,أيد,فعّل,II,past,active,2fs,1,أَيَّدْتِ
389_206,أَيَّدَ,أيد,فعّل,II,past,active,2fp,1,أَيَّدْتُنَّ
389_206,أَيَّدَ,أيد,فعّل,II,past,active,1s,1,أَيَّدْتُ
389_206,أَيَّدَ,أيد,فعّل,II,past,active,1p,1,أَيَّدْنا
389_206,أَيَّدَ,أيد,فعّل,II,indicative,active,3ms,1,يُؤَيِّدُ
389_206,أَيَّدَ,أيد,فعّل,II,indicative,active,3md,1,يُؤَيِّدانِ
389_206,أَيَّدَ,أيد,فعّل,II,indicative,active,3mp,1,يُؤَيِّدونَ
389_206,أَيَّدَ,أيد,فعّل,II,indicative,active,3fs,1,تُؤَيِّدُ
389_206,أَيَّدَ,أيد,فعّل,II,indicative,active,3fd,1,تُؤَيِّدانِ
389_206,أَيَّدَ,أيد,فعّل,II,indicative,active,3fp,1,يُؤَيِّدْنَ
389_206,أَيَّدَ,أيد,فعّل,II,indicative,active,2ms,1,تُؤَيِّدُ
389_206,أَيَّدَ,أيد,فعّل,II,indicative,active,2d,1,تُؤَيِّدانِ
389_206,أَيَّدَ,أيد,فعّل,II,indicative,active,2mp,1,تُؤَيِّدونَ
389_206,أَيَّدَ,أيد,فعّل,II,indicative,active,2fs,1,تُؤَيِّدِينَ
389_206,أَيَّدَ,أيد,فعّل,II,indicative,active,2fp,1,تُؤَيِّدْنَ
389_206,أَيَّدَ,أيد,فعّل,II,indicative,active,1s,1,أُؤَيِّدُ
389_206,أَيَّدَ,أيد,فعّل,II,indicative,active,1p,1,نُؤَيِّدُ
389_206,أَيَّدَ,أيد,فعّل,II,imperative,active,2ms,1,أَيِّدْ
389_206,أَيَّدَ,أيد,فعّل,II,imperative,active,2d,1,أَيِّدا
389_206,أَيَّدَ,أيد,فعّل,II,imperative,active,2mp,1,أَيِّدُوا
389_206,أَيَّدَ,أيد,فعّل,II,imperative,active,2fs,1,أَيِّدي
389_206,أَيَّدَ,أيد,فعّل,II,imperative,active,2fp,1,أَيِّدْنَ
390_211,فارَرَ,فرر,فاعل,III,past,active,3ms,1,فارَرَ
390_211,فارَرَ,فرر,فاعل,III,past,active,3md,1,فارَرا
390_211,فارَرَ,فرر,فاعل,III,past,active,3mp,1,فارَرُوا
390_211,فارَرَ,فرر,فاعل,III,past,active,3fs,1,فارَرَتْ
390_211,فارَرَ,فرر,فاعل,III,past,active,3fd,1,فارَرَتَا
390_211,فارَرَ,فرر,فاعل,III,past,active,3fp,1,فارَرْنَ
390_211,فارَرَ,فرر,فاعل,III,past,active,2ms,1,فارَرْتَ
390_211,فارَرَ,فرر,فاعل,III,past,active,2d,1,فارَرْتُما
390_211,فارَرَ,فرر,فاعل,III,past,active,2mp,1,فارَرْتُمْ
390_211,فارَرَ,فرر,فاعل,III,past,active,2fs,1,فارَرْتِ
390_211,فارَرَ,فرر,فاعل,III,past,active,2fp,1,فارَرْتُنَّ
390_211,فارَرَ,فرر,فاعل,III,past,active,1s,1,فارَرْتُ
390_211,فارَرَ,فرر,فاعل,III,past,active,1p,1,فارَرْنا
390_211,فارَرَ,فرر,فاعل,III,indicative,active,3ms,1,يُفارِرُ
390_211,فارَرَ,فرر,فاعل,III,indicative,active,3md,1,يُفارِرانِ
390_211,فارَرَ,فرر,فاعل,III,indicative,active,3mp,1,يُفارِرونَ
390_211,فارَرَ,فرر,فاعل,III,indicative,active,3fs,1,تُفارِرُ
390_211,فارَرَ,فرر,فاعل,III,indicative,active,3fd,1,تُفارِرانِ
390_211,فارَرَ,فرر,فاعل,III,indicative,active,3fp,1,يُفارِرْنَ
390_211,فارَرَ,فرر,فاعل,III,indicative,active,2ms,1,تُفارِرُ
390_211,فارَرَ,فرر,فاعل,III,indicative,active,2d,1,تُفارِرانِ
390_211,فارَرَ,فرر,فاعل,III,indicative,active,2mp,1,تُفارِرونَ
390_211,فارَرَ,فرر,فاعل,III,indicative,active,2fs,1,تُفارِرينَ
390_211,فارَرَ,فرر,فاعل,III,indicative,active,2fp,1,تُفارِرْنَ
390_211,فارَرَ,فرر,فاعل,III,indicative,active,1s,1,أُفارِرُ
390_211,فارَرَ,فرر,فاعل,III,indicative,active,1p,1,نُفارِرُ
390_211,فارَرَ,فرر,فاعل,III,imperative,active,2ms,1,فارِرْ
390_211,فارَرَ,فرر,فاعل,III,imperative,active,2d,1,فارِرا
390_211,فارَرَ,فرر,فاعل,III,imperative,active,2mp,1,فارِرُوا
390_211,فارَرَ,فرر,فاعل,III,imperative,active,2fs,1,فارِري
390_211,فارَرَ,فرر,فاعل,III,imperative,active,2fp,1,فارِرْنَ
391_212,آدَبَ,أدب,فاعل,III,past,active,3ms,1,آدَبَ
391_212,آدَبَ,أدب,فاعل,III,past,active,3md,1,آدَبا
391_212,آدَبَ,أدب,فاعل,III,past,active,3mp,1,آدَبوا
391_212,آدَبَ,أدب,فاعل,III,past,active,3fs,1,آدَبَتْ
391_212,آدَبَ,أدب,فاعل,III,past,active,3fd,1,آدَبَتا
391_212,آدَبَ,أدب,فاعل,III,past,active,3fp,1,آدَبْنَ
391_212,آدَبَ,أدب,فاعل,III,past,active,2ms,1,آدَبْتَ
391_212,آدَبَ,أدب,فاعل,III,past,active,2d,1,آدَبْتُما
391_212,آدَبَ,أدب,فاعل,III,past,active,2mp,1,آدَبْتُمْ
391_212,آدَبَ,أدب,فاعل,III,past,active,2fs,1,آدَبْتِ
391_212,آدَبَ,أدب,فاعل,III,past,active,2fp,1,آدَبْتُنَّ
391_212,آدَبَ,أدب,فاعل,III,past,active,1s,1,آدَبْتُ
391_212,آدَبَ,أدب,فاعل,III,past,active,1p,1,آدَبْنا
391_212,آدَبَ,أدب,فاعل,III,indicative,active,3ms,1,يُؤَادِبُ
391_212,آدَبَ,أدب,فاعل,III,indicative,active,3md,1,يُؤَادِبانِ
391_212,آدَبَ,أدب,فاعل,III,indicative,active,3mp,1,يُؤَادِبونَ
391_212,آدَبَ,أدب,فاعل,III,indicative,active,3fs,1,تُؤَادِبُ
391_212,آدَبَ,أدب,فاعل,III,indicative,active,3fd,1,تُؤَادِبانِ
391_212,آدَبَ,أدب,فاعل,III,indicative,active,3fp,1,يُؤَادِبْنَ
391_212,آدَبَ,أدب,فاعل,III,indicative,active,2ms,1,تُؤَادِبُ
391_212,آدَبَ,أدب,فاعل,III,indicative,active,2d,1,تُؤَادِبانِ
391_212,آدَبَ,أدب,فاعل,III,indicative,active,2mp,1,تُؤَادِبونَ
391_212,آدَبَ,أدب,فاعل,III,indicative,active,2fs,1,تُؤَادِبينَ
391_212,آدَبَ,أدب,فاعل,III,indicative,active,2fp,1,تُؤَادِبْنَ
391_212,آدَبَ,أدب,فاعل,III,indicative,active,1s,1,أُؤَادِبُ
391_212,آدَبَ,أدب,فاعل,III,indicative,active,1p,1,نُؤَادِبُ
391_212,آدَبَ,أدب,فاعل,III,imperative,active,2ms,1,آدِبْ
391_212,آدَبَ,أدب,فاعل,III,imperative,active,2d,1,آدِبا
391_212,آدَبَ,أدب,فاعل,III,imperative,active,2mp,1,آدِبوا
391_212,آدَبَ,أدب,فاعل,III,imperative,active,2fs,1,آدِبي
391_212,آدَبَ,أدب,فاعل,III,imperative,active,2fp,1,آدِبْنَ
392_213,سَاءَلَ,سأل,فاعل,III,past,active,3ms,1,سَاءَلَ
392_213,سَاءَلَ,سأل,فاعل,III,past,active,3md,1,سَاءَلا
392_213,سَاءَلَ,سأل,فاعل,III,past,active,3mp,1,سَاءَلوا
392_213,سَاءَلَ,سأل,فاعل,III,past,active,3fs,1,سَاءَلَتْ
392_213,سَاءَلَ,سأل,فاعل,III,past,active,3fd,1,سَاءَلَتا
392_213,سَاءَلَ,سأل,فاعل,III,past,active,3fp,1,سَاءَلْنَ
392_213,سَاءَلَ,سأل,فاعل,III,past,active,2ms,1,سَاءَلْتَ
392_213,سَاءَلَ,سأل,فاعل,III,past,active,2d,1,سَاءَلْتُما
392_213,سَاءَلَ,سأل,فاعل,III,past,active,2mp,1,سَاءَلْتُمْ
392_213,سَاءَلَ,سأل,فاعل,III,past,active,2fs,1,سَاءَلْتِ
392_213,سَاءَلَ,سأل,فاعل,III,past,active,2fp,1,سَاءَلْتُنَّ
392_213,سَاءَلَ,سأل,فاعل,III,past,active,1s,1,سَاءَلْتُ
392_213,سَاءَلَ,سأل,فاعل,III,past,active,1p,1,سَاءَلْنا
392_213,سَاءَلَ,سأل,فاعل,III,indicative,active,3ms,1,يُسَائِلُ
392_213,سَاءَلَ,سأل,فاعل,III,indicative,active,3md,1,يُسَائِلانِ
392_213,سَاءَلَ,سأل,فاعل,III,indicative,active,3mp,1,يُسَائِلونَ
392_213,سَاءَلَ,سأل,فاعل,III,indicative,active,3fs,1,تُسَائِلُ
392_213,سَاءَلَ,سأل,فاعل,III,indicative,active,3fd,1,تُسَائِلانِ
392_213,سَاءَلَ,سأل,فاعل,III,indicative,active,3fp,1,يُسَائِلْنَ
392_213,سَاءَلَ,سأل,فاعل,III,indicative,active,2ms,1,تُسَائِلُ
392_213,سَاءَلَ,سأل,فاعل,III,indicative,active,2d,1,تُسَائِلانِ
392_213,سَاءَلَ,سأل,فاعل,III,indicative,active,2mp,1,تُسَائِلونَ
392_213,سَاءَلَ,سأل,فاعل,III,indicative,active,2fs,1,تُسَائِلينَ
392_213,سَاءَلَ,سأل,فاعل,III,indicative,active,2fp,1,تُسَائِلْنَ
392_213,سَاءَلَ,سأل,فاعل,III,indicative,active,1s,1,أُسَائِلُ
392_213,سَاءَلَ,سأل,فاعل,III,indicative,active,1p,1,نُسَائِلُ
392_213,سَاءَلَ,سأل,فاعل,III,imperative,active,2ms,1,سَائِلْ
392_213,سَاءَلَ,سأل,فاعل,III,imperative,active,2d,1,سَائِلا
392_213,سَاءَلَ,سأل,فاعل,III,imperative,active,2mp,1,سَائِلوا
392_213,سَاءَلَ,سأل,فاعل,III,imperative,active,2fs,1,سَائِلي
392_213,سَاءَلَ,سأل,فاعل,III,imperative,active,2fp,1,سَائِلْنَ
393_213,لَاءَمَ,لءم,فاعل,III,past,active,3ms,1,لَاءَمَ
393_213,لَاءَمَ,لءم,فاعل,III,past,active,3md,1,لَاءَما
393_213,لَاءَمَ,لءم,فاعل,III,past,active,3mp,1,لَاءَموا
393_213,لَاءَمَ,لءم,فاعل,III,past,active,3fs,1,لَاءَمَتْ
393_213,لَاءَمَ,لءم,فاعل,III,past,active,3fd,1,لَاءَمَتا
393_213,لَاءَمَ,لءم,فاعل,III,past,active,3fp,1,لَاءَمْنَ
393_213,لَاءَمَ,لءم,فاعل,III,past,active,2ms,1,لَاءَمْتَ
393_213,لَاءَمَ,لءم,فاعل,III,past,active,2d,1,لَاءَمْتُما
393_213,لَاءَمَ,لءم,فاعل,III,past,active,2mp,1,لَاءَمْتُمْ
393_213,لَاءَمَ,لءم,فاعل,III,past,active,2fs,1,لَاءَمْتِ
393_213,لَاءَمَ,لءم,فاعل,III,past,active,2fp,1,لَاءَمْتُنَّ
393_213,لَاءَمَ,لءم,فاعل,III,past,active,1s,1,لَاءَمْتُ
393_213,لَاءَمَ,لءم,فاعل,III,past,active,1p,1,لَاءَمْنا
393_213,لَاءَمَ,لءم,فاعل,III,indicative,active,3ms,1,يُلَائِمُ
393_213,لَاءَمَ,لءم,فاعل,III,indicative,active,3md,1,يُلَائِمانِ
393_213,لَاءَمَ,لءم,فاعل,III,indicative,active,3mp,1,يُلَائِمونَ
393_213,لَاءَمَ,لءم,فاعل,III,indicative,active,3fs,1,تُلَائِمُ
393_213,لَاءَمَ,لءم,فاعل,III,indicative,active,3fd,1,تُلَائِمانِ
393_213,لَاءَمَ,لءم,فاعل,III,indicative,active,3fp,1,يُلَائِمْنَ
393_213,لَاءَمَ,لءم,فاعل,III,indicative,active,2ms,1,تُلَائِمُ
393_213,لَاءَمَ,لءم,فاعل,III,indicative,active,2d,1,تُلَائِمانِ
393_213,لَاءَمَ,لءم,فاعل,III,indicative,active,2mp,1,تُلَائِمونَ
393_213,لَاءَمَ,لءم,فاعل,III,indicative,active,2fs,1,تُلَائِمينَ
393_213,لَاءَمَ,لءم,فاعل,III,indicative,active,2fp,1,تُلَائِمْنَ
393_213,لَاءَمَ,لءم,فاعل,III,indicative,active,1s,1,أُلَائِمُ
393_213,لَاءَمَ,لءم,فاعل,III,indicative,active,1p,1,نُلَائِمُ
393_213,لَاءَمَ,لءم,فاعل,III,imperative,active,2ms,1,لَائِمْ
393_213,لَاءَمَ,لءم,فاعل,III,imperative,active,2d,1,لَائِما
393_213,لَاءَمَ,لءم,فاعل,III,imperative,active,2mp,1,لَائِموا
393_213,لَاءَمَ,لءم,فاعل,III,imperative,active,2fs,1,لَائِمي
393_213,لَاءَمَ,لءم,فاعل,III,imperative,active,2fp,1,لَائِمْنَ
394_219,آوَى,أوي,فاعل,III,past,active,3ms,1,آوَى
394_219,آوَى,أوي,فاعل,III,past,active,3md,1,آوَيا
394_219,آوَى,أوي,فاعل,III,past,active,3mp,1,آوَوْا
394_219,آوَى,أوي,فاعل,III,past,active,3fs,1,آوَتْ
394_219,آوَى,أوي,فاعل,III,past,active,3fd,1,آوَتَا
394_219,آوَى,أوي,فاعل,III,past,active,3fp,1,آوَيْنَ
394_219,آوَى,أوي,فاعل,III,past,active,2ms,1,آوَيْتَ
394_219,آوَى,أوي,فاعل,III,past,active,2d,1,آوَيْتُما
394_219,آوَى,أوي,فاعل,III,past,active,2mp,1,آوَيْتُمْ
394_219,آوَى,أوي,فاعل,III,past,active,2fs,1,آوَيْتِ
394_219,آوَى,أوي,فاعل,III,past,active,2fp,1,آوَيْتُنَّ
394_219,آوَى,أوي,فاعل,III,past,active,1s,1,آوَيْتُ
394_219,آوَى,أوي,فاعل,III,past,active,1p,1,آوَيْنا
394_219,آوَى,أوي,فاعل,III,indicative,active,3ms,1,يُؤاوي
394_219,آوَى,أوي,فاعل,III,indicative,active,3md,1,يُؤاوِيانِ
394_219,آوَى,أوي,فاعل,III,indicative,active,3mp,1,يُؤاوُونَ
394_219,آوَى,أوي,فاعل,III,indicative,active,3fs,1,تُؤاوي
394_219,آوَى,أوي,فاعل,III,indicative,active,3fd,1,تُؤاوِيانِ
394_219,آوَى,أوي,فاعل,III,indicative,active,3fp,1,يُؤاوينَ
394_219,آوَى,أوي,فاعل,III,indicative,active,2ms,1,تُؤاوي
394_219,آوَى,أوي,فاعل,III,indicative,active,2d,1,تُؤاوِيانِ
394_219,آوَى,أوي,فاعل,III,indicative,active,2mp,1,تُؤاوُونَ
394_219,آوَى,أوي,فاعل,III,indicative,active,2fs,1,تُؤاوِينَ
394_219,آوَى,أوي,فاعل,III,indicative,active,2fp,1,تُؤاوينَ
394_219,آوَى,أوي,فاعل,III,indicative,active,1s,1,أُؤاوي
394_219,آوَى,أوي,فاعل,III,indicative,active,1p,1,نُؤاوي
394_219,آوَى,أوي,فاعل,III,imperative,active,2ms,1,آوِ
394_219,آوَى,أوي,فاعل,III,imperative,active,2d,1,آويا
394_219,آوَى,أوي,فاعل,III,imperative,active,2mp,1,آوُوا
394_219,آوَى,أوي,فاعل,III,imperative,active,2fs,1,آوِي
394_219,آوَى,أوي,فاعل,III,imperative,active,2fp,1,آوينَ
395_222,آجَرَ,أجر,أفعل,IV,past,active,3ms,1,آجَرَ
395_222,آجَرَ,أجر,أفعل,IV,past,active,3md,1,آجَرا
395_222,آجَرَ,أجر,أفعل,IV,past,active,3mp,1,آجَروا
395_222,آجَرَ,أجر,أفعل,IV,past,active,3fs,1,آجَرَتْ
395_222,آجَرَ,أجر,أفعل,IV,past,active,3fd,1,آجَرَتَا
395_222,آجَرَ,أجر,أفعل,IV,past,active,3fp,1,آجَرْنَ
395_222,آجَرَ,أجر,أفعل,IV,past,active,2ms,1,آجَرْتَ
395_222,آجَرَ,أجر,أفعل,IV,past,active,2d,1,آجَرْتُما
395_222,آجَرَ,أجر,أفعل,IV,past,active,2mp,1,آجَرْتُمْ
395_222,آجَرَ,أجر,أفعل,IV,past,active,2fs,1,آجَرْتِ
395_222,آجَرَ,أجر,أفعل,IV,past,active,2fp,1,آجَرْتُنَّ
395_222,آجَرَ,أجر,أفعل,IV,past,active,1s,1,آجَرْتُ
395_222,آجَرَ,أجر,أفعل,IV,past,active,1p,1,آجَرْنا
395_222,آجَرَ,أجر,أفعل,IV,indicative,active,3ms,1,يُؤْجِرُ
395_222,آجَرَ,أجر,أفعل,IV,indicative,active,3md,1,يُؤْجِرانِ
395_222,آجَرَ,أجر,أفعل,IV,indicative,active,3mp,1,يُؤْجِرونَ
395_222,آجَرَ,أجر,أفعل,IV,indicative,active,3fs,1,تُؤْجِرُ
395_222,آجَرَ,أجر,أفعل,IV,indicative,active,3fd,1,تُؤْجِرانِ
395_222,آجَرَ,أجر,أفعل,IV,indicative,active,3fp,1,يُؤْجِرْنَ
395_222,آجَرَ,أجر,أفعل,IV,indicative,active,2ms,1,تُؤْجِرُ
395_222,آجَرَ,أجر,أفعل,IV,indicative,active,2d,1,تُؤْجِرانِ
395_222,آجَرَ,أجر,أفعل,IV,indicative,active,2mp,1,تُؤْجِرونَ
395_222,آجَرَ,أجر,أفعل,IV,indicative,active,2fs,1,تُؤْجِرِينَ
395_222,آجَرَ,أجر,أفعل,IV,indicative,active,2fp,1,تُؤْجِرْنَ
395_222,آجَرَ,أجر,أفعل,IV,indicative,active,1s,1,أُؤْجِرُ
395_222,آجَرَ,أجر,أفعل,IV,indicative,active,1p,1,نُؤْجِرُ
395_222,آجَرَ,أجر,أفعل,IV,imperative,active,2ms,1,آجِرْ
395_222,آجَرَ,أجر,أفعل,IV,imperative,active,2d,1,آجِرا
395_222,آجَرَ,أجر,أفعل,IV,imperative,active,2mp,1,آجِروا
395_222,آجَرَ,أجر,أفعل,IV,imperative,active,2fs,1,آجِري
395_222,آجَرَ,أجر,أفعل,IV,imperative,active,2fp,1,آجِرْنَ
396_222,آذَنَ,أذن,أفعل,IV,past,active,3ms,1,آذَنَ
396_222,آذَنَ,أذن,أفعل,IV,past,active,3md,1,آذَنا
396_222,آذَنَ,أذن,أفعل,IV,past,active,3mp,1,آذَنوا
396_222,آذَنَ,أذن,أفعل,IV,past,active,3fs,1,آذَنَتْ
396_222,آذَنَ,أذن,أفعل,IV,past,active,3fd,1,آذَنَتا
396_222,آذَنَ,أذن,أفعل,IV,past,active,3fp,1,آذَنَّ
396_222,آذَنَ,أذن,أفعل,IV,past,active,2ms,1,آذَنْتَ
396_222,آذَنَ,أذن,أفعل,IV,past,active,2d,1,آذَنْتُما
396_222,آذَنَ,أذن,أفعل,IV,past,active,2mp,1,آذَنْتُمْ
396_222,آذَنَ,أذن,أفعل,IV,past,active,2fs,1,آذَنْتِ
396_222,آذَنَ,أذن,أفعل,IV,past,active,2fp,1,آذَنْتُنَّ
396_222,آذَنَ,أذن,أفعل,IV,past,active,1s,1,آذَنْتُ
396_222,آذَنَ,أذن,أفعل,IV,past,active,1p,1,آذَنّا
396_222,آذَنَ,أذن,أفعل,IV,indicative,active,3ms,1,يُؤْذِنُ
396_222,آذَنَ,أذن,أفعل,IV,indicative,active,3md,1,يُؤْذِنانِ
396_222,آذَنَ,أذن,أفعل,IV,indicative,active,3mp,1,يُؤْذِنونَ
396_222,آذَنَ,أذن,أفعل,IV,indicative,active,3fs,1,تُؤْذِنُ
396_222,آذَنَ,أذن,أفعل,IV,indicative,active,3fd,1,تُؤْذِنانِ
396_222,آذَنَ,أذن,أفعل,IV,indicative,active,3fp,1,يُؤْذِنَّ
396_222,آذَنَ,أذن,أفعل,IV,indicative,active,2ms,1,تُؤْذِنُ
396_222,آذَنَ,أذن,أفعل,IV,indicative,active,2d,1,تُؤْذِنانِ
396_222,آذَنَ,أذن,أفعل,IV,indicative,active,2mp,1,تُؤْذِنونَ
396_222,آذَنَ,أذن,أفعل,IV,indicative,active,2fs,1,تُؤْذِنينَ
396_222,آذَنَ,أذن,أفعل,IV,indicative,active,2fp,1,تُؤْذِنَّ
396_222,آذَنَ,أذن,أفعل,IV,indicative,active,1s,1,أُؤْذِنُ
396_222,آذَنَ,أذن,أفعل,IV,indicative,active,1p,1,نُؤْذِنُ
396_222,آذَنَ,أذن,أفعل,IV,imperative,active,2ms,1,آذِنْ
396_222,آذَنَ,أذن,أفعل,IV,imperative,active,2d,1,آذِنا
396_222,آذَنَ,أذن,أفعل,IV,imperative,active,2mp,1,آذِنوا
396_222,آذَنَ,أذن,أفعل,IV,imperative,active,2fs,1,آذِني
396_222,آذَنَ,أذن,أفعل,IV,imperative,active,2fp,1,آذِنَّ
397_226,أَثْوَبَ,ثوب,أفعل,IV,past,active,3ms,1,أَثْوَبَ
397_226,أَثْوَبَ,ثوب,أفعل,IV,past,active,3md,1,أَثْوَبا
397_226,أَثْوَبَ,ثوب,أفعل,IV,past,active,3mp,1,أَثْوَبُوا
397_226,أَثْوَبَ,ثوب,أفعل,IV,past,active,3fs,1,أَثْوَبَتْ
397_226,أَثْوَبَ,ثوب,أفعل,IV,past,active,3fd,1,أَثْوَبَتا
397_226,أَثْوَبَ,ثوب,أفعل,IV,past,active,3fp,1,أَثْوَبْنَ
397_226,أَثْوَبَ,ثوب,أفعل,IV,past,active,2ms,1,أَثْوَبْتَ
397_226,أَثْوَبَ,ثوب,أفعل,IV,past,active,2d,1,أَثْوَبْتُما
397_226,أَثْوَبَ,ثوب,أفعل,IV,past,active,2mp,1,أَثْوَبْتُمْ
397_226,أَثْوَبَ,ثوب,أفعل,IV,past,active,2fs,1,أَثْوَبْتِ
397_226,أَثْوَبَ,ثوب,أفعل,IV,past,active,2fp,1,أَثْوَبْتُنَّ
397_226,أَثْوَبَ,ثوب,أفعل,IV,past,active,1s,1,أَثْوَبْتُ
397_226,أَثْوَبَ,ثوب,أفعل,IV,past,active,1p,1,أَثْوَبْنا
397_226,أَثْوَبَ,ثوب,أفعل,IV,indicative,active,3ms,1,يُثْوِبُ
397_226,أَثْوَبَ,ثوب,أفعل,IV,indicative,active,3md,1,يُثْوِبانِ
397_226,أَثْوَبَ,ثوب,أفعل,IV,indicative,active,3mp,1,يُثْوِبونَ
397_226,أَثْوَبَ,ثوب,أفعل,IV,indicative,active,3fs,1,تُثْوِبُ
397_226,أَثْوَبَ,ثوب,أفعل,IV,indicative,active,3fd,1,تُثْوِبانِ
397_226,أَثْوَبَ,ثوب,أفعل,IV,indicative,active,3fp,1,يُثْوِبْنَ
397_226,أَثْوَبَ,ثوب,أفعل,IV,indicative,active,2ms,1,تُثْوِبُ
397_226,أَثْوَبَ,ثوب,أفعل,IV,indicative,active,2d,1,تُثْوِبانِ
397_226,أَثْوَبَ,ثوب,أفعل,IV,indicative,active,2mp,1,تُثْوِبونَ
397_226,أَثْوَبَ,ثوب,أفعل,IV,indicative,active,2fs,1,تُثْوِبِينَ
397_226,أَثْوَبَ,ثوب,أفعل,IV,indicative,active,2fp,1,تُثْوِبْنَ
397_226,أَثْوَبَ,ثوب,أفعل,IV,indicative,active,1s,1,أُثْوِبُ
397_226,أَثْوَبَ,ثوب,أفعل,IV,indicative,active,1p,1,نُثْوِبُ
397_226,أَثْوَبَ,ثوب,أفعل,IV,imperative,active,2ms,1,أَثْوِبْ
397_226,أَثْوَبَ,ثوب,أفعل,IV,imperative,active,2d,1,أَثْوِبا
397_226,أَثْوَبَ,ثوب,أفعل,IV,imperative,active,2mp,1,أَثْوِبُوا
397_226,أَثْوَبَ,ثوب,أفعل,IV,imperative,active,2fs,1,أَثْوِبِي
397_226,أَثْوَبَ,ثوب,أفعل,IV,imperative,active,2fp,1,أَثْوِبْنَ
398_241,تَعاثَثَ,عثث,تفاعل,VI,past,active,3ms,1,تَعاثَثَ
398_241,تَعاثَثَ,عثث,تفاعل,VI,past,active,3md,1,تَعاثَثا
398_241,تَعاثَثَ,عثث,تفاعل,VI,past,active,3mp,1,تَعاثَثُوا
398_241,تَعاثَثَ,عثث,تفاعل,VI,past,active,3fs,1,تَعاثَثَتْ
398_241,تَعاثَثَ,عثث,تفاعل,VI,past,active,3fd,1,تَعاثَثَتا
398_241,تَعاثَثَ,عثث,تفاعل,VI,past,active,3fp,1,تَعاثَثْنَ
398_241,تَعاثَثَ,عثث,تفاعل,VI,past,active,2ms,1,تَعاثَثْتَ
398_241,تَعاثَثَ,عثث,تفاعل,VI,past,active,2d,1,تَعاثَثْتُما
398_241,تَعاثَثَ,عثث,تفاعل,VI,past,active,2mp,1,تَعاثَثْتُمْ
398_241,تَعاثَثَ,عثث,تفاعل,VI,past,active,2fs,1,تَعاثَثْتِ
398_241,تَعاثَثَ,عثث,تفاعل,VI,past,active,2fp,1,تَعاثَثْتُنَّ
398_241,تَعاثَثَ,عثث,تفاعل,VI,past,active,1s,1,تَعاثَثْتُ
398_241,تَعاثَثَ,عثث,تفاعل,VI,past,active,1p,1,تَعاثَثْنا
398_241,تَعاثَثَ,عثث,تفاعل,VI,indicative,active,3ms,1,يَتَعاثَثُ
398_241,تَعاثَثَ,عثث,تفاعل,VI,indicative,active,3md,1,يَتَعاثَثانِ
398_241,تَعاثَثَ,عثث,تفاعل,VI,indicative,active,3mp,1,يَتَعاثَثُونَ
398_241,تَعاثَثَ,عثث,تفاعل,VI,indicative,active,3fs,1,تَتَعاثَثُ
398_241,تَعاثَثَ,عثث,تفاعل,VI,indicative,active,3fd,1,تَتَعاثَثانِ
398_241,تَعاثَثَ,عثث,تفاعل,VI,indicative,active,3fp,1,يَتَعاثَثْنَ
398_241,تَعاثَثَ,عثث,تفاعل,VI,indicative,active,2ms,1,تَتَعاثَثُ
398_241,تَعاثَثَ,عثث,تفاعل,VI,indicative,active,2d,1,تَتَعاثَثانِ
398_241,تَعاثَثَ,عثث,تفاعل,VI,indicative,active,2mp,1,تَتَعاثَثُونَ
398_241,تَعاثَثَ,عثث,تفاعل,VI,indicative,active,2fs,1,تَتَعاثَثِينَ
398_241,تَعاثَثَ,عثث,تفاعل,VI,indicative,active,2fp,1,تَتَعاثَثْنَ
398_241,تَعاثَثَ,عثث,تفاعل,VI,indicative,active,1s,1,أَتَعاثَثُ
398_241,تَعاثَثَ,عثث,تفاعل,VI,indicative,active,1p,1,نَتَعاثَثُ
398_241,تَعاثَثَ,عثث,تفاعل,VI,imperative,active,2ms,1,تَعاثَثْ
398_241,تَعاثَثَ,عثث,تفاعل,VI,imperative,active,2d,1,تَعاثَثا
398_241,تَعاثَثَ,عثث,تفاعل,VI,imperative,active,2mp,1,تَعاثَثُوا
398_241,تَعاثَثَ,عثث,تفاعل,VI,imperative,active,2fs,1,تَعاثَثِي
398_241,تَعاثَثَ,عثث,تفاعل,VI,imperative,active,2fp,1,تَعاثَثْنَ
399_241,تَغاضَضَ,غضض,تفاعل,VI,past,active,3ms,1,تَغاضَضَ
399_241,تَغاضَضَ,غضض,تفاعل,VI,past,active,3md,1,تَغاضَضا
399_241,تَغاضَضَ,غضض,تفاعل,VI,past,active,3mp,1,تَغاضَضُوا
399_241,تَغاضَضَ,غضض,تفاعل,VI,past,active,3fs,1,تَغاضَضَتْ
399_241,تَغاضَضَ,غضض,تفاعل,VI,past,active,3fd,1,تَغاضَضَتا
399_241,تَغاضَضَ,غضض,تفاعل,VI,past,active,3fp,1,تَغاضَضْنَ
399_241,تَغاضَضَ,غضض,تفاعل,VI,past,active,2ms,1,تَغاضَضْتَ
399_241,تَغاضَضَ,غضض,تفاعل,VI,past,active,2d,1,تَغاضَضْتُما
399_241,تَغاضَضَ,غضض,تفاعل,VI,past,active,2mp,1,تَغاضَضْتُمْ
399_241,تَغاضَضَ,غضض,تفاعل,VI,past,active,2fs,1,تَغاضَضْتِ
399_241,تَغاضَضَ,غضض,تفاعل,VI,past,active,2fp,1,تَغاضَضْتُنَّ
399_241,تَغاضَضَ,غضض,تفاعل,VI,past,active,1s,1,تَغاضَضْتُ
399_241,تَغاضَضَ,غضض,تفاعل,VI,past,active,1p,1,تَغاضَضْنا
399_241,تَغاضَضَ,غضض,تفاعل,VI,indicative,active,3ms,1,يَتَغاضَضُ
399_241,تَغاضَضَ,غضض,تفاعل,VI,indicative,active,3md,1,يَتَغاضَضانِ
399_241,تَغاضَضَ,غضض,تفاعل,VI,indicative,active,3mp,1,يَتَغاضَضُونَ
399_241,تَغاضَضَ,غضض,تفاعل,VI,indicative,active,3fs,1,تَتَغاضَضُ
399_241,تَغاضَضَ,غضض,تفاعل,VI,indicative,active,3fd,1,تَتَغاضَضانِ
399_241,تَغاضَضَ,غضض,تفاعل,VI,indicative,active,3fp,1,يَتَغاضَضْنَ
399_241,تَغاضَضَ,غضض,تفاعل,VI,indicative,active,2ms,1,تَتَغاضَضُ
399_241,تَغاضَضَ,غضض,تفاعل,VI,indicative,active,2d,1,تَتَغاضَضانِ
399_241,تَغاضَضَ,غضض,تفاعل,VI,indicative,active,2mp,1,تَتَغاضَضُونَ
399_241,تَغاضَضَ,غضض,تفاعل,VI,indicative,active,2fs,1,تَتَغاضَضِينَ
399_241,تَغاضَضَ,غضض,تفاعل,VI,indicative,active,2fp,1,تَتَغاضَضْنَ
399_241,تَغاضَضَ,غضض,تفاعل,VI,indicative,active,1s,1,أَتَغاضَضُ
399_241,تَغاضَضَ,غضض,تفاعل,VI,indicative,active,1p,1,نَتَغاضَضُ
399_241,تَغاضَضَ,غضض,تفاعل,VI,imperative,active,2ms,1,تَغاضَضْ
399_241,تَغاضَضَ,غضض,تفاعل,VI,imperative,active,2d,1,تَغاضَضا
399_241,تَغاضَضَ,غضض,تفاعل,VI,imperative,active,2mp,1,تَغاضَضُوا
399_241,تَغاضَضَ,غضض,تفاعل,VI,imperative,active,2fs,1,تَغاضَضِي
399_241,تَغاضَضَ,غضض,تفاعل,VI,imperative,active,2fp,1,تَغاضَضْنَ
400_242,تَآمَرَ,أمر,تفاعل,VI,past,active,3ms,1,تَآمَرَ
400_242,تَآمَرَ,أمر,تفاعل,VI,past,active,3md,1,تَآمَرا
400_242,تَآمَرَ,أمر,تفاعل,VI,past,active,3mp,1,تَآمَروا
400_242,تَآمَرَ,أمر,تفاعل,VI,past,active,3fs,1,تَآمَرَتْ
400_242,تَآمَرَ,أمر,تفاعل,VI,past,active,3fd,1,تَآمَرَتا
400_242,تَآمَرَ,أمر,تفاعل,VI,past,active,3fp,1,تَآمَرْنَ
400_242,تَآمَرَ,أمر,تفاعل,VI,past,active,2ms,1,تَآمَرْتَ
400_242,تَآمَرَ,أمر,تفاعل,VI,past,active,2d,1,تَآمَرْتُما
400_242,تَآمَرَ,أمر,تفاعل,VI,past,active,2mp,1,تَآمَرْتُمْ
400_242,تَآمَرَ,أمر,تفاعل,VI,past,active,2fs,1,تَآمَرْتِ
400_242,تَآمَرَ,أمر,تفاعل,VI,past,active,2fp,1,تَآمَرْتُنَّ
400_242,تَآمَرَ,أمر,تفاعل,VI,past,active,1s,1,تَآمَرْتُ
400_242,تَآمَرَ,أمر,تفاعل,VI,past,active,1p,1,تَآمَرْنا
400_242,تَآمَرَ,أمر,تفاعل,VI,indicative,active,3ms,1,يَتَآمَرُ
400_242,تَآمَرَ,أمر,تفاعل,VI,indicative,active,3md,1,يَتَآمَرانِ
400_242,تَآمَرَ,أمر,تفاعل,VI,indicative,active,3mp,1,يَتَآمَرونَ
400_242,تَآمَرَ,أمر,تفاعل,VI,indicative,active,3fs,1,تَتَآمَرُ
400_242,تَآمَرَ,أمر,تفاعل,VI,indicative,active,3fd,1,تَتَآمَرانِ
400_242,تَآمَرَ,أمر,تفاعل,VI,indicative,active,3fp,1,يَتَآمَرْنَ
400_242,تَآمَرَ,أمر,تفاعل,VI,indicative,active,2ms,1,تَتَآمَرُ
400_242,تَآمَرَ,أمر,تفاعل,VI,indicative,active,2d,1,تَتَآمَرانِ
400_242,تَآمَرَ,أمر,تفاعل,VI,indicative,active,2mp,1,تَتَآمَرونَ
400_242,تَآمَرَ,أمر,تفاعل,VI,indicative,active,2fs,1,تَتَآمَرينَ
400_242,تَآمَرَ,أمر,تفاعل,VI,indicative,active,2fp,1,تَتَآمَرْنَ
400_242,تَآمَرَ,أمر,تفاعل,VI,indicative,active,1s,1,أَتَآمَرُ
400_242,تَآمَرَ,أمر,تفاعل,VI,indicative,active,1p,1,نَتَآمَرُ
400_242,تَآمَرَ,أمر,تفاعل,VI,imperative,active,2ms,1,تَآمَرْ
400_242,تَآمَرَ,أمر,تفاعل,VI,imperative,active,2d,1,تَآمَرا
400_242,تَآمَرَ,أمر,تفاعل,VI,imperative,active,2mp,1,تَآمَروا
400_242,تَآمَرَ,أمر,تفاعل,VI,imperative,active,2fs,1,تَآمَري
400_242,تَآمَرَ,أمر,تفاعل,VI,imperative,active,2fp,1,تَآمَرْنَ
401_242,تَآلَفَ,ألف,تفاعل,VI,past,active,3ms,1,تَآلَفَ
401_242,تَآلَفَ,ألف,تفاعل,VI,past,active,3md,1,تَآلَفا
401_242,تَآلَفَ,ألف,تفاعل,VI,past,active,3mp,1,تَآلَفوا
401_242,تَآلَفَ,ألف,تفاعل,VI,past,active,3fs,1,تَآلَفَتْ
401_242,تَآلَفَ,ألف,تفاعل,VI,past,active,3fd,1,تَآلَفَتا
401_242,تَآلَفَ,ألف,تفاعل,VI,past,active,3fp,1,تَآلَفْنَ
401_242,تَآلَفَ,ألف,تفاعل,VI,past,active,2ms,1,تَآلَفْتَ
401_242,تَآلَفَ,ألف,تفاعل,VI,past,active,2d,1,تَآلَفْتُما
401_242,تَآلَفَ,ألف,تفاعل,VI,past,active,2mp,1,تَآلَفْتُمْ
401_242,تَآلَفَ,ألف,تفاعل,VI,past,active,2fs,1,تَآلَفْتِ
401_242,تَآلَفَ,ألف,تفاعل,VI,past,active,2fp,1,تَآلَفْتُنَّ
401_242,تَآلَفَ,ألف,تفاعل,VI,past,active,1s,1,تَآلَفْتُ
401_242,تَآلَفَ,ألف,تفاعل,VI,past,active,1p,1,تَآلَفْنا
401_242,تَآلَفَ,ألف,تفاعل,VI,indicative,active,3ms,1,يَتَآلَفُ
401_242,تَآلَفَ,ألف,تفاعل,VI,indicative,active,3md,1,يَتَآلَفانِ
401_242,تَآلَفَ,ألف,تفاعل,VI,indicative,active,3mp,1,يَتَآلَفونَ
401_242,تَآلَفَ,ألف,تفاعل,VI,indicative,active,3fs,1,تَتَآلَفُ
401_242,تَآلَفَ,ألف,تفاعل,VI,indicative,active,3fd,1,تَتَآلَفانِ
401_242,تَآلَفَ,ألف,تفاعل,VI,indicative,active,3fp,1,يَتَآلَفْنَ
401_242,تَآلَفَ,ألف,تفاعل,VI,indicative,active,2ms,1,تَتَآلَفُ
401_242,تَآلَفَ,ألف,تفاعل,VI,indicative,active,2d,1,تَتَآلَفانِ
401_242,تَآلَفَ,ألف,تفاعل,VI,indicative,active,2mp,1,تَتَآلَفونَ
401_242,تَآلَفَ,ألف,تفاعل,VI,indicative,active,2fs,1,تَتَآلَفينَ
401_242,تَآلَفَ,ألف,تفاعل,VI,indicative,active,2fp,1,تَتَآلَفْنَ
401_242,تَآلَفَ,ألف,تفاعل,VI,indicative,active,1s,1,أَتَآلَفُ
401_242,تَآلَفَ,ألف,تفاعل,VI,indicative,active,1p,1,نَتَآلَفُ
401_242,تَآلَفَ,ألف,تفاعل,VI,imperative,active,2ms,1,تَآلَفْ
401_242,تَآلَفَ,ألف,تفاعل,VI,imperative,active,2d,1,تَآلَفا
401_242,تَآلَفَ,ألف,تفاعل,VI,imperative,active,2mp,1,تَآلَفوا
401_242,تَآلَفَ,ألف,تفاعل,VI,imperative,active,2fs,1,تَآلَفي
401_242,تَآلَفَ,ألف,تفاعل,VI,imperative,active,2fp,1,تَآلَفْنَ
402_246,تَباوَأَ,بوأ,تفاعل,VI,past,active,3ms,1,تَباوَأَ
402_246,تَباوَأَ,بوأ,تفاعل,VI,past,active,3md,1,تَباوَآ
402_246,تَباوَأَ,بوأ,تفاعل,VI,past,active,3mp,1,تَباوَؤُوا
402_246,تَباوَأَ,بوأ,تفاعل,VI,past,active,3fs,1,تَباوَأَتْ
402_246,تَباوَأَ,بوأ,تفاعل,VI,past,active,3fd,1,تَباوَأَتَا
402_246,تَباوَأَ,بوأ,تفاعل,VI,past,active,3fp,1,تَباوَأْنَ
402_246,تَباوَأَ,بوأ,تفاعل,VI,past,active,2ms,1,تَباوَأْتَ
402_246,تَباوَأَ,بوأ,تفاعل,VI,past,active,2d,1,تَباوَأْتُما
402_246,تَباوَأَ,بوأ,تفاعل,VI,past,active,2mp,1,تَباوَأْتُمْ
402_246,تَباوَأَ,بوأ,تفاعل,VI,past,active,2fs,1,تَباوَأْتِ
402_246,تَباوَأَ,بوأ,تفاعل,VI,past,active,2fp,1,تَباوَأْتُنَّ
402_246,تَباوَأَ,بوأ,تفاعل,VI,past,active,1s,1,تَباوَأْتُ
402_246,تَباوَأَ,بوأ,تفاعل,VI,past,active,1p,1,تَباوَأْنَا
402_246,تَباوَأَ,بوأ,تفاعل,VI,indicative,active,3ms,1,يَتَباوَأُ
402_246,تَباوَأَ,بوأ,تفاعل,VI,indicative,active,3md,1,يَتَباوَآنِ
402_246,تَباوَأَ,بوأ,تفاعل,VI,indicative,active,3mp,1,يَتَباوَؤُونَ
402_246,تَباوَأَ,بوأ,تفاعل,VI,indicative,active,3fs,1,تَتَباوَأُ
402_246,تَباوَأَ,بوأ,تفاعل,VI,indicative,active,3fd,1,تَتَباوَآنِ
402_246,تَباوَأَ,بوأ,تفاعل,VI,indicative,active,3fp,1,يَتَباوَأْنَ
402_246,تَباوَأَ,بوأ,تفاعل,VI,indicative,active,2ms,1,تَتَباوَأُ
402_246,تَباوَأَ,بوأ,تفاعل,VI,indicative,active,2d,1,تَتَباوَآنِ
402_246,تَباوَأَ,بوأ,تفاعل,VI,indicative,active,2mp,1,تَتَباوَؤُونَ
402_246,تَباوَأَ,بوأ,تفاعل,VI,indicative,active,2fs,1,تَتَباوَئِينَ
402_246,تَباوَأَ,بوأ,تفاعل,VI,indicative,active,2fp,1,تَتَباوَأْنَ
402_246,تَباوَأَ,بوأ,تفاعل,VI,indicative,active,1s,1,أَتَباوَأُ
402_246,تَباوَأَ,بوأ,تفاعل,VI,indicative,active,1p,1,نَتَباوَأُ
402_246,تَباوَأَ,بوأ,تفاعل,VI,imperative,active,2ms,1,تَباوَأْ
402_246,تَباوَأَ,بوأ,تفاعل,VI,imperative,active,2d,1,تَباوَآ
402_246,تَباوَأَ,بوأ,تفاعل,VI,imperative,active,2mp,1,تَباوَؤُوا
402_246,تَباوَأَ,بوأ,تفاعل,VI,imperative,active,2fs,1,تَباوَئِي
402_246,تَباوَأَ,بوأ,تفاعل,VI,imperative,active,2fp,1,تَباوَأْنَ
403_250,اِمَّدَحَ,مدح,انفعل,VII,past,active,3ms,1,اِمَّدَحَ
403_250,اِمَّدَحَ,مدح,انفعل,VII,past,active,3md,1,اِمَّدَحا
403_250,اِمَّدَحَ,مدح,انفعل,VII,past,active,3mp,1,اِمَّدَحُوا
403_250,اِمَّدَحَ,مدح,انفعل,VII,past,active,3fs,1,اِمَّدَحَتْ
403_250,اِمَّدَحَ,مدح,انفعل,VII,past,active,3fd,1,اِمَّدَحَتا
403_250,اِمَّدَحَ,مدح,انفعل,VII,past,active,3fp,1,اِمَّدَحْنَ
403_250,اِمَّدَحَ,مدح,انفعل,VII,past,active,2ms,1,اِمَّدَحْتَ
403_250,اِمَّدَحَ,مدح,انفعل,VII,past,active,2d,1,اِمَّدَحْتُما
403_250,اِمَّدَحَ,مدح,انفعل,VII,past,active,2mp,1,اِمَّدَحْتُمْ
403_250,اِمَّدَحَ,مدح,انفعل,VII,past,active,2fs,1,اِمَّدَحْتِ
403_250,اِمَّدَحَ,مدح,انفعل,VII,past,active,2fp,1,اِمَّدَحْتُنَّ
403_250,اِمَّدَحَ,مدح,انفعل,VII,past,active,1s,1,اِمَّدَحْتُ
403_250,اِمَّدَحَ,مدح,انفعل,VII,past,active,1p,1,اِمَّدَحْنا
403_250,اِمَّدَحَ,مدح,انفعل,VII,indicative,active,3ms,1,يَمَّدِحُ
403_250,اِمَّدَحَ,مدح,انفعل,VII,indicative,active,3md,1,يَمَّدِحانِ
403_250,اِمَّدَحَ,مدح,انفعل,VII,indicative,active,3mp,1,يَمَّدِحونَ
403_250,اِمَّدَحَ,مدح,انفعل,VII,indicative,active,3fs,1,تَمَّدِحُ
403_250,اِمَّدَحَ,مدح,انفعل,VII,indicative,active,3fd,1,تَمَّدِحانِ
403_250,اِمَّدَحَ,مدح,انفعل,VII,indicative,active,3fp,1,يَمَّدِحْنَ
403_250,اِمَّدَحَ,مدح,انفعل,VII,indicative,active,2ms,1,تَمَّدِحُ
403_250,اِمَّدَحَ,مدح,انفعل,VII,indicative,active,2d,1,تَمَّدِحانِ
403_250,اِمَّدَحَ,مدح,انفعل,VII,indicative,active,2mp,1,تَمَّدِحونَ
403_250,اِمَّدَحَ,مدح,انفعل,VII,indicative,active,2fs,1,تَمَّدِحينَ
403_250,اِمَّدَحَ,مدح,انفعل,VII,indicative,active,2fp,1,تَمَّدِحْنَ
403_250,اِمَّدَحَ,مدح,انفعل,VII,indicative,active,1s,1,أَمَّدِحُ
403_250,اِمَّدَحَ,مدح,انفعل,VII,indicative,active,1p,1,نَمَّدِحُ
403_250,اِمَّدَحَ,مدح,انفعل,VII,imperative,active,2ms,1,اِمَّدِحْ
403_250,اِمَّدَحَ,مدح,انفعل,VII,imperative,active,2d,1,اِمَّدِحا
403_250,اِمَّدَحَ,مدح,انفعل,VII,imperative,active,2mp,1,اِمَّدِحُوا
403_250,اِمَّدَحَ,مدح,انفعل,VII,imperative,active,2fs,1,اِمَّدِحي
403_250,اِمَّدَحَ,مدح,انفعل,VII,imperative,active,2fp,1,اِمَّدِحْنَ
404_250,اِنَّمَسَ,نمس,انفعل,VII,past,active,3ms,1,اِنَّمَسَ
404_250,اِنَّمَسَ,نمس,انفعل,VII,past,active,3md,1,اِنَّمَسا
404_250,اِنَّمَسَ,نمس,انفعل,VII,past,active,3mp,1,اِنَّمَسُوا
404_250,اِنَّمَسَ,نمس,انفعل,VII,past,active,3fs,1,اِنَّمَسَتْ
404_250,اِنَّمَسَ,نمس,انفعل,VII,past,active,3fd,1,اِنَّمَسَتا
404_250,اِنَّمَسَ,نمس,انفعل,VII,past,active,3fp,1,اِنَّمَسْنَ
404_250,اِنَّمَسَ,نمس,انفعل,VII,past,active,2ms,1,اِنَّمَسْتَ
404_250,اِنَّمَسَ,نمس,انفعل,VII,past,active,2d,1,اِنَّمَسْتُما
404_250,اِنَّمَسَ,نمس,انفعل,VII,past,active,2mp,1,اِنَّمَسْتُمْ
404_250,اِنَّمَسَ,نمس,انفعل,VII,past,active,2fs,1,اِنَّمَسْتِ
404_250,اِنَّمَسَ,نمس,انفعل,VII,past,active,2fp,1,اِنَّمَسْتُنَّ
404_250,اِنَّمَسَ,نمس,انفعل,VII,past,active,1s,1,اِنَّمَسْتُ
404_250,اِنَّمَسَ,نمس,انفعل,VII,past,active,1p,1,اِنَّمَسْنا
404_250,اِنَّمَسَ,نمس,انفعل,VII,indicative,active,3ms,1,يَنَّمِسُ
404_250,اِنَّمَسَ,نمس,انفعل,VII,indicative,active,3md,1,يَنَّمِسانِ
404_250,اِنَّمَسَ,نمس,انفعل,VII,indicative,active,3mp,1,يَنَّمِسونَ
404_250,اِنَّمَسَ,نمس,انفعل,VII,indicative,active,3fs,1,تَنَّمِسُ
404_250,اِنَّمَسَ,نمس,انفعل,VII,indicative,active,3fd,1,تَنَّمِسانِ
404_250,اِنَّمَسَ,نمس,انفعل,VII,indicative,active,3fp,1,يَنَّمِسْنَ
404_250,اِنَّمَسَ,نمس,انفعل,VII,indicative,active,2ms,1,تَنَّمِسُ
404_250,اِنَّمَسَ,نمس,انفعل,VII,indicative,active,2d,1,تَنَّمِسانِ
404_250,اِنَّمَسَ,نمس,انفعل,VII,indicative,active,2mp,1,تَنَّمِسونَ
404_250,اِنَّمَسَ,نمس,انفعل,VII,indicative,active,2fs,1,تَنَّمِسينَ
404_250,اِنَّمَسَ,نمس,انفعل,VII,indicative,active,2fp,1,تَنَّمِسْنَ
404_250,اِنَّمَسَ,نمس,انفعل,VII,indicative,active,1s,1,أَنَّمِسُ
404_250,اِنَّمَسَ,نمس,انفعل,VII,indicative,active,1p,1,نَنَّمِسُ
404_250,اِنَّمَسَ,نمس,انفعل,VII,imperative,active,2ms,1,اِنَّمِسْ
404_250,اِنَّمَسَ,نمس,انفعل,VII,imperative,active,2d,1,اِنَّمِسا
404_250,اِنَّمَسَ,نمس,انفعل,VII,imperative,active,2mp,1,اِنَّمِسُوا
404_250,اِنَّمَسَ,نمس,انفعل,VII,imperative,active,2fs,1,اِنَّمِسي
404_250,اِنَّمَسَ,نمس,انفعل,VII,imperative,active,2fp,1,اِنَّمِسْنَ
405_256,اِنْسَيَأَ,سيأ,انفعل,VII,past,active,3ms,1,اِنْسَيَأَ
405_256,اِنْسَيَأَ,سيأ,انفعل,VII,past,active,3md,1,اِنْسَيَآ
405_256,اِنْسَيَأَ,سيأ,انفعل,VII,past,active,3mp,1,اِنْسَيَؤُوا
405_256,اِنْسَيَأَ,سيأ,انفعل,VII,past,active,3fs,1,اِنْسَيَأَتْ
405_256,اِنْسَيَأَ,سيأ,انفعل,VII,past,active,3fd,1,اِنْسَيَأَتَا
405_256,اِنْسَيَأَ,سيأ,انفعل,VII,past,active,3fp,1,اِنْسَيَأْنَ
405_256,اِنْسَيَأَ,سيأ,انفعل,VII,past,active,2ms,1,اِنْسَيَأْتَ
405_256,اِنْسَيَأَ,سيأ,انفعل,VII,past,active,2d,1,اِنْسَيَأْتُما
405_256,اِنْسَيَأَ,سيأ,انفعل,VII,past,active,2mp,1,اِنْسَيَأْتُمْ
405_256,اِنْسَيَأَ,سيأ,انفعل,VII,past,active,2fs,1,اِنْسَيَأْتِ
405_256,اِنْسَيَأَ,سيأ,انفعل,VII,past,active,2fp,1,اِنْسَيَأْتُنَّ
405_256,اِنْسَيَأَ,سيأ,انفعل,VII,past,active,1s,1,اِنْسَيَأْتُ
405_256,اِنْسَيَأَ,سيأ,انفعل,VII,past,active,1p,1,اِنْسَيَأْنَا
405_256,اِنْسَيَأَ,سيأ,انفعل,VII,indicative,active,3ms,1,يَنْسَيِئُ
405_256,اِنْسَيَأَ,سيأ,انفعل,VII,indicative,active,3md,1,يَنْسَيِئَانِ
405_256,اِنْسَيَأَ,سيأ,انفعل,VII,indicative,active,3mp,1,يَنْسَيِئُونَ
405_256,اِنْسَيَأَ,سيأ,انفعل,VII,indicative,active,3fs,1,تَنْسَيِئُ
405_256,اِنْسَيَأَ,سيأ,انفعل,VII,indicative,active,3fd,1,تَنْسَيِئَانِ
405_256,اِنْسَيَأَ,سيأ,انفعل,VII,indicative,active,3fp,1,يَنْسَيِئْنَ
405_256,اِنْسَيَأَ,سيأ,انفعل,VII,indicative,active,2ms,1,تَنْسَيِئُ
405_256,اِنْسَيَأَ,سيأ,انفعل,VII,indicative,active,2d,1,تَنْسَيِئَانِ
405_256,اِنْسَيَأَ,سيأ,انفعل,VII,indicative,active,2mp,1,تَنْسَيِئُونَ
405_256,اِنْسَيَأَ,سيأ,انفعل,VII,indicative,active,2fs,1,تَنْسَيِئِينَ
405_256,اِنْسَيَأَ,سيأ,انفعل,VII,indicative,active,2fp,1,تَنْسَيِئْنَ
405_256,اِنْسَيَأَ,سيأ,انفعل,VII,indicative,active,1s,1,أَنْسَيِئُ
405_256,اِنْسَيَأَ,سيأ,انفعل,VII,indicative,active,1p,1,نَنْسَيِئُ
405_256,اِنْسَيَأَ,سيأ,انفعل,VII,imperative,active,2ms,1,اِنْسَيِئْ
405_256,اِنْسَيَأَ,سيأ,انفعل,VII,imperative,active,2d,1,اِنْسَيِئا
405_256,اِنْسَيَأَ,سيأ,انفعل,VII,imperative,active,2mp,1,اِنْسَيِئُوا
405_256,اِنْسَيَأَ,سيأ,انفعل,VII,imperative,active,2fs,1,اِنْسَيِئِي
405_256,اِنْسَيَأَ,سيأ,انفعل,VII,imperative,active,2fp,1,اِنْسَيِئْنَ
406_260,اِدَّعَمَ,دعم,افتعل,VIII,past,active,3ms,1,اِدَّعَمَ
406_260,اِدَّعَمَ,دعم,افتعل,VIII,past,active,3md,1,اِدَّعَما
406_260,اِدَّعَمَ,دعم,افتعل,VIII,past,active,3mp,1,اِدَّعَمُوا
406_260,اِدَّعَمَ,دعم,افتعل,VIII,past,active,3fs,1,اِدَّعَمَتْ
406_260,اِدَّعَمَ,دعم,افتعل,VIII,past,active,3fd,1,اِدَّعَمَتا
406_260,اِدَّعَمَ,دعم,افتعل,VIII,past,active,3fp,1,اِدَّعَمْنَ
406_260,اِدَّعَمَ,دعم,افتعل,VIII,past,active,2ms,1,اِدَّعَمْتَ
406_260,اِدَّعَمَ,دعم,افتعل,VIII,past,active,2d,1,اِدَّعَمْتُما
406_260,اِدَّعَمَ,دعم,افتعل,VIII,past,active,2mp,1,اِدَّعَمْتُمْ
406_260,اِدَّعَمَ,دعم,افتعل,VIII,past,active,2fs,1,اِدَّعَمْتِ
406_260,اِدَّعَمَ,دعم,افتعل,VIII,past,active,2fp,1,اِدَّعَمْتُنَّ
406_260,اِدَّعَمَ,دعم,افتعل,VIII,past,active,1s,1,اِدَّعَمْتُ
406_260,اِدَّعَمَ,دعم,افتعل,VIII,past,active,1p,1,اِدَّعَمْنا
406_260,اِدَّعَمَ,دعم,افتعل,VIII,indicative,active,3ms,1,يَدَّعِمُ
406_260,اِدَّعَمَ,دعم,افتعل,VIII,indicative,active,3md,1,يَدَّعِمانِ
406_260,اِدَّعَمَ,دعم,افتعل,VIII,indicative,active,3mp,1,يَدَّعِمونَ
406_260,اِدَّعَمَ,دعم,افتعل,VIII,indicative,active,3fs,1,تَدَّعِمُ
406_260,اِدَّعَمَ,دعم,افتعل,VIII,indicative,active,3fd,1,تَدَّعِمانِ
406_260,اِدَّعَمَ,دعم,افتعل,VIII,indicative,active,3fp,1,يَدَّعِمْنَ
406_260,اِدَّعَمَ,دعم,افتعل,VIII,indicative,active,2ms,1,تَدَّعِمُ
406_260,اِدَّعَمَ,دعم,افتعل,VIII,indicative,active,2d,1,تَدَّعِمانِ
406_260,اِدَّعَمَ,دعم,افتعل,VIII,indicative,active,2mp,1,تَدَّعِمونَ
406_260,اِدَّعَمَ,دعم,افتعل,VIII,indicative,active,2fs,1,تَدَّعِمينَ
406_260,اِدَّعَمَ,دعم,افتعل,VIII,indicative,active,2fp,1,تَدَّعِمْنَ
406_260,اِدَّعَمَ,دعم,افتعل,VIII,indicative,active,1s,1,أَدَّعِمُ
406_260,اِدَّعَمَ,دعم,افتعل,VIII,indicative,active,1p,1,نَدَّعِمُ
406_260,اِدَّعَمَ,دعم,افتعل,VIII,imperative,active,2ms,1,اِدَّعِمْ
406_260,اِدَّعَمَ,دعم,افتعل,VIII,imperative,active,2d,1,اِدَّعِما
406_260,اِدَّعَمَ,دعم,افتعل,VIII,imperative,active,2mp,1,اِدَّعِمُوا
406_260,اِدَّعَمَ,دعم,افتعل,VIII,imperative,active,2fs,1,اِدَّعِمي
406_260,اِدَّعَمَ,دعم,افتعل,VIII,imperative,active,2fp,1,اِدَّعِمْنَ
407_260,اِطَّلَبَ,طلب,افتعل,VIII,past,active,3ms,1,اِطَّلَبَ
407_260,اِطَّلَبَ,طلب,افتعل,VIII,past,active,3md,1,اِطَّلَبا
407_260,اِطَّلَبَ,طلب,افتعل,VIII,past,active,3mp,1,اِطَّلَبُوا
407_260,اِطَّلَبَ,طلب,افتعل,VIII,past,active,3fs,1,اِطَّلَبَتْ
407_260,اِطَّلَبَ,طلب,افتعل,VIII,past,active,3fd,1,اِطَّلَبَتا
407_260,اِطَّلَبَ,طلب,افتعل,VIII,past,active,3fp,1,اِطَّلَبْنَ
407_260,اِطَّلَبَ,طلب,افتعل,VIII,past,active,2ms,1,اِطَّلَبْتَ
407_260,اِطَّلَبَ,طلب,افتعل,VIII,past,active,2d,1,اِطَّلَبْتُما
407_260,اِطَّلَبَ,طلب,افتعل,VIII,past,active,2mp,1,اِطَّلَبْتُمْ
407_260,اِطَّلَبَ,طلب,افتعل,VIII,past,active,2fs,1,اِطَّلَبْتِ
407_260,اِطَّلَبَ,طلب,افتعل,VIII,past,active,2fp,1,اِطَّلَبْتُنَّ
407_260,اِطَّلَبَ,طلب,افتعل,VIII,past,active,1s,1,اِطَّلَبْتُ
407_260,اِطَّلَبَ,طلب,افتعل,VIII,past,active,1p,1,اِطَّلَبْنا
407_260,اِطَّلَبَ,طلب,افتعل,VIII,indicative,active,3ms,1,يَطَّلِبُ
407_260,اِطَّلَبَ,طلب,افتعل,VIII,indicative,active,3md,1,يَطَّلِبانِ
407_260,اِطَّلَبَ,طلب,افتعل,VIII,indicative,active,3mp,1,يَطَّلِبونَ
407_260,اِطَّلَبَ,طلب,افتعل,VIII,indicative,active,3fs,1,تَطَّلِبُ
407_260,اِطَّلَبَ,طلب,افتعل,VIII,indicative,active,3fd,1,تَطَّلِبانِ
407_260,اِطَّلَبَ,طلب,افتعل,VIII,indicative,active,3fp,1,يَطَّلِبْنَ
407_260,اِطَّلَبَ,طلب,افتعل,VIII,indicative,active,2ms,1,تَطَّلِبُ
407_260,اِطَّلَبَ,طلب,افتعل,VIII,indicative,active,2d,1,تَطَّلِبانِ
407_260,اِطَّلَبَ,طلب,افتعل,VIII,indicative,active,2mp,1,تَطَّلِبونَ
407_260,اِطَّلَبَ,طلب,افتعل,VIII,indicative,active,2fs,1,تَطَّلِبينَ
407_260,اِطَّلَبَ,طلب,افتعل,VIII,indicative,active,2fp,1,تَطَّلِبْنَ
407_260,اِطَّلَبَ,طلب,افتعل,VIII,indicative,active,1s,1,أَطَّلِبُ
407_260,اِطَّلَبَ,طلب,افتعل,VIII,indicative,active,1p,1,نَطَّلِبُ
407_260,اِطَّلَبَ,طلب,افتعل,VIII,imperative,active,2ms,1,اِطَّلِبْ
407_260,اِطَّلَبَ,طلب,افتعل,VIII,imperative,active,2d,1,اِطَّلِبا
407_260,اِطَّلَبَ,طلب,افتعل,VIII,imperative,active,2mp,1,اِطَّلِبُوا
407_260,اِطَّلَبَ,طلب,افتعل,VIII,imperative,active,2fs,1,اِطَّلِبِي
407_260,اِطَّلَبَ,طلب,افتعل,VIII,imperative,active,2fp,1,اِطَّلِبْنَ
408_260,اِذَّكَرَ,ذكر,افتعل,VIII,past,active,3ms,1,اِذَّكَرَ
408_260,اِذَّكَرَ,ذكر,افتعل,VIII,past,active,3md,1,اِذَّكَرا
408_260,اِذَّكَرَ,ذكر,افتعل,VIII,past,active,3mp,1,اِذَّكَروا
408_260,اِذَّكَرَ,ذكر,افتعل,VIII,past,active,3fs,1,اِذَّكَرَتْ
408_260,اِذَّكَرَ,ذكر,افتعل,VIII,past,active,3fd,1,اِذَّكَرَتَا
408_260,اِذَّكَرَ,ذكر,افتعل,VIII,past,active,3fp,1,اِذَّكَرْنَ
408_260,اِذَّكَرَ,ذكر,افتعل,VIII,past,active,2ms,1,اِذَّكَرْتَ
408_260,اِذَّكَرَ,ذكر,افتعل,VIII,past,active,2d,1,اِذَّكَرْتُما
408_260,اِذَّكَرَ,ذكر,افتعل,VIII,past,active,2mp,1,اِذَّكَرْتُمْ
408_260,اِذَّكَرَ,ذكر,افتعل,VIII,past,active,2fs,1,اِذَّكَرْتِ
408_260,اِذَّكَرَ,ذكر,افتعل,VIII,past,active,2fp,1,اِذَّكَرْتُنَّ
408_260,اِذَّكَرَ,ذكر,افتعل,VIII,past,active,1s,1,اِذَّكَرْتُ
408_260,اِذَّكَرَ,ذكر,افتعل,VIII,past,active,1p,1,اِذَّكَرْنا
408_260,اِذَّكَرَ,ذكر,افتعل,VIII,indicative,active,3ms,1,يَذَّكِرُ
408_260,اِذَّكَرَ,ذكر,افتعل,VIII,indicative,active,3md,1,يَذَّكِرانِ
408_260,اِذَّكَرَ,ذكر,افتعل,VIII,indicative,active,3mp,1,يَذَّكِرونَ
408_260,اِذَّكَرَ,ذكر,افتعل,VIII,indicative,active,3fs,1,تَذَّكِرُ
408_260,اِذَّكَرَ,ذكر,افتعل,VIII,indicative,active,3fd,1,تَذَّكِرانِ
408_260,اِذَّكَرَ,ذكر,افتعل,VIII,indicative,active,3fp,1,يَذَّكِرْنَ
408_260,اِذَّكَرَ,ذكر,افتعل,VIII,indicative,active,2ms,1,تَذَّكِرُ
408_260,اِذَّكَرَ,ذكر,افتعل,VIII,indicative,active,2d,1,تَذَّكِرانِ
408_260,اِذَّكَرَ,ذكر,افتعل,VIII,indicative,active,2mp,1,تَذَّكِرونَ
408_260,اِذَّكَرَ,ذكر,افتعل,VIII,indicative,active,2fs,1,تَذَّكِرينَ
408_260,اِذَّكَرَ,ذكر,افتعل,VIII,indicative,active,2fp,1,تَذَّكِرْنَ
408_260,اِذَّكَرَ,ذكر,افتعل,VIII,indicative,active,1s,1,أَذَّكِرُ
408_260,اِذَّكَرَ,ذكر,افتعل,VIII,indicative,active,1p,1,نَذَّكِرُ
408_260,اِذَّكَرَ,ذكر,افتعل,VIII,imperative,active,2ms,1,اِذَّكِرْ
408_260,اِذَّكَرَ,ذكر,افتعل,VIII,imperative,active,2d,1,اِذَّكِرا
408_260,اِذَّكَرَ,ذكر,افتعل,VIII,imperative,active,2mp,1,اِذَّكِروا
408_260,اِذَّكَرَ,ذكر,افتعل,VIII,imperative,active,2fs,1,اِذَّكِري
408_260,اِذَّكَرَ,ذكر,افتعل,VIII,imperative,active,2fp,1,اِذَّكِرْنَ
409_262,اِتَّحَدَ,أحد,افتعل,VIII,past,active,3ms,1,اِتَّحَدَ
409_262,اِتَّحَدَ,أحد,افتعل,VIII,past,active,3md,1,اِتَّحَدَا
409_262,اِتَّحَدَ,أحد,افتعل,VIII,past,active,3mp,1,اِتَّحَدُوا
409_262,اِتَّحَدَ,أحد,افتعل,VIII,past,active,3fs,1,اِتَّحَدَتْ
409_262,اِتَّحَدَ,أحد,افتعل,VIII,past,active,3fd,1,اِتَّحَدَتَا
409_262,اِتَّحَدَ,أحد,افتعل,VIII,past,active,3fp,1,اِتَّحَدْنَ
409_262,اِتَّحَدَ,أحد,افتعل,VIII,past,active,2ms,1,اِتَّحَدْتَ
409_262,اِتَّحَدَ,أحد,افتعل,VIII,past,active,2d,1,اِتَّحَدْتُما
409_262,اِتَّحَدَ,أحد,افتعل,VIII,past,active,2mp,1,اِتَّحَدْتُمْ
409_262,اِتَّحَدَ,أحد,افتعل,VIII,past,active,2fs,1,اِتَّحَدْتِ
409_262,اِتَّحَدَ,أحد,افتعل,VIII,past,active,2fp,1,اِتَّحَدْتُنَّ
409_262,اِتَّحَدَ,أحد,افتعل,VIII,past,active,1s,1,اِتَّحَدْتُ
409_262,اِتَّحَدَ,أحد,افتعل,VIII,past,active,1p,1,اِتَّحَدْنا
409_262,اِتَّحَدَ,أحد,افتعل,VIII,indicative,active,3ms,1,يَتَّحِدُ
409_262,اِتَّحَدَ,أحد,افتعل,VIII,indicative,active,3md,1,يَتَّحِدانِ
409_262,اِتَّحَدَ,أحد,افتعل,VIII,indicative,active,3mp,1,يَتَّحِدُونَ
409_262,اِتَّحَدَ,أحد,افتعل,VIII,indicative,active,3fs,1,تَتَّحِدُ
409_262,اِتَّحَدَ,أحد,افتعل,VIII,indicative,active,3fd,1,تَتَّحِدانِ
409_262,اِتَّحَدَ,أحد,افتعل,VIII,indicative,active,3fp,1,يَتَّحِدْنَ
409_262,اِتَّحَدَ,أحد,افتعل,VIII,indicative,active,2ms,1,تَتَّحِدُ
409_262,اِتَّحَدَ,أحد,افتعل,VIII,indicative,active,2d,1,تَتَّحِدانِ
409_262,اِتَّحَدَ,أحد,افتعل,VIII,indicative,active,2mp,1,تَتَّحِدُونَ
409_262,اِتَّحَدَ,أحد,افتعل,VIII,indicative,active,2fs,1,تَتَّحِدينَ
409_262,اِتَّحَدَ,أحد,افتعل,VIII,indicative,active,2fp,1,تَتَّحِدْنَ
409_262,اِتَّحَدَ,أحد,افتعل,VIII,indicative,active,1s,1,أَتَّحِدُ
409_262,اِتَّحَدَ,أحد,افتعل,VIII,indicative,active,1p,1,نَتَّحِدُ
409_262,اِتَّحَدَ,أحد,افتعل,VIII,imperative,active,2ms,1,اِتَّحِدْ
409_262,اِتَّحَدَ,أحد,افتعل,VIII,imperative,active,2d,1,اِتَّحِدا
409_262,اِتَّحَدَ,أحد,افتعل,VIII,imperative,active,2mp,1,اِتَّحِدُوا
409_262,اِتَّحَدَ,أحد,افتعل,VIII,imperative,active,2fs,1,اِتَّحِدي
409_262,اِتَّحَدَ,أحد,افتعل,VIII,imperative,active,2fp,1,اِتَّحِدْنَ
410_262,اِتَّزَرَ,أزر,افتعل,VIII,past,active,3ms,1,اِتَّزَرَ
410_262,اِتَّزَرَ,أزر,افتعل,VIII,past,active,3md,1,اِتَّزَرا
410_262,اِتَّزَرَ,أزر,افتعل,VIII,past,active,3mp,1,اِتَّزَرُوا
410_262,اِتَّزَرَ,أزر,افتعل,VIII,past,active,3fs,1,اِتَّزَرَتْ
410_262,اِتَّزَرَ,أزر,افتعل,VIII,past,active,3fd,1,اِتَّزَرَتَا
410_262,اِتَّزَرَ,أزر,افتعل,VIII,past,active,3fp,1,اِتَّزَرْنَ
410_262,اِتَّزَرَ,أزر,افتعل,VIII,past,active,2ms,1,اِتَّزَرْتَ
410_262,اِتَّزَرَ,أزر,افتعل,VIII,past,active,2d,1,اِتَّزَرْتُما
410_262,اِتَّزَرَ,أزر,افتعل,VIII,past,active,2mp,1,اِتَّزَرْتُمْ
410_262,اِتَّزَرَ,أزر,افتعل,VIII,past,active,2fs,1,اِتَّزَرْتِ
410_262,اِتَّزَرَ,أزر,افتعل,VIII,past,active,2fp,1,اِتَّزَرْتُنَّ
410_262,اِتَّزَرَ,أزر,افتعل,VIII,past,active,1s,1,اِتَّزَرْتُ
410_262,اِتَّزَرَ,أزر,افتعل,VIII,past,active,1p,1,اِتَّزَرْنا
410_262,اِتَّزَرَ,أزر,افتعل,VIII,indicative,active,3ms,1,يَتَّزِرُ
410_262,اِتَّزَرَ,أزر,افتعل,VIII,indicative,active,3md,1,يَتَّزِرانِ
410_262,اِتَّزَرَ,أزر,افتعل,VIII,indicative,active,3mp,1,يَتَّزِرُونَ
410_262,اِتَّزَرَ,أزر,افتعل,VIII,indicative,active,3fs,1,تَتَّزِرُ
410_262,اِتَّزَرَ,أزر,افتعل,VIII,indicative,active,3fd,1,تَتَّزِرانِ
410_262,اِتَّزَرَ,أزر,افتعل,VIII,indicative,active,3fp,1,يَتَّزِرْنَ
410_262,اِتَّزَرَ,أزر,افتعل,VIII,indicative,active,2ms,1,تَتَّزِرُ
410_262,اِتَّزَرَ,أزر,افتعل,VIII,indicative,active,2d,1,تَتَّزِرانِ
410_262,اِتَّزَرَ,أزر,افتعل,VIII,indicative,active,2mp,1,تَتَّزِرُونَ
410_262,اِتَّزَرَ,أزر,افتعل,VIII,indicative,active,2fs,1,تَتَّزِرينَ
410_262,اِتَّزَرَ,أزر,افتعل,VIII,indicative,active,2fp,1,تَتَّزِرْنَ
410_262,اِتَّزَرَ,أزر,افتعل,VIII,indicative,active,1s,1,أَتَّزِرُ
410_262,اِتَّزَرَ,أزر,افتعل,VIII,indicative,active,1p,1,نَتَّزِرُ
410_262,اِتَّزَرَ,أزر,افتعل,VIII,imperative,active,2ms,1,اِتَّزِرْ
410_262,اِتَّزَرَ,أزر,افتعل,VIII,imperative,active,2d,1,اِتَّزِرا
410_262,اِتَّزَرَ,أزر,افتعل,VIII,imperative,active,2mp,1,اِتَّزِرُوا
410_262,اِتَّزَرَ,أزر,افتعل,VIII,imperative,active,2fs,1,اِتَّزِرِي
410_262,اِتَّزَرَ,أزر,افتعل,VIII,imperative,active,2fp,1,اِتَّزِرْنَ
411_263,اِتَّأَمَ,تأم,افتعل,VIII,past,active,3ms,1,اِتَّأَمَ
411_263,اِتَّأَمَ,تأم,افتعل,VIII,past,active,3md,1,اِتَّأَما
411_263,اِتَّأَمَ,تأم,افتعل,VIII,past,active,3mp,1,اِتَّأَمُوا
411_263,اِتَّأَمَ,تأم,افتعل,VIII,past,active,3fs,1,اِتَّأَمَتْ
411_263,اِتَّأَمَ,تأم,افتعل,VIII,past,active,3fd,1,اِتَّأَمَتَا
411_263,اِتَّأَمَ,تأم,افتعل,VIII,past,active,3fp,1,اِتَّأَمْنَ
411_263,اِتَّأَمَ,تأم,افتعل,VIII,past,active,2ms,1,اِتَّأَمْتَ
411_263,اِتَّأَمَ,تأم,افتعل,VIII,past,active,2d,1,اِتَّأَمْتُما
411_263,اِتَّأَمَ,تأم,افتعل,VIII,past,active,2mp,1,اِتَّأَمْتُمْ
411_263,اِتَّأَمَ,تأم,افتعل,VIII,past,active,2fs,1,اِتَّأَمْتِ
411_263,اِتَّأَمَ,تأم,افتعل,VIII,past,active,2fp,1,اِتَّأَمْتُنَّ
411_263,اِتَّأَمَ,تأم,افتعل,VIII,past,active,1s,1,اِتَّأَمْتُ
411_263,اِتَّأَمَ,تأم,افتعل,VIII,past,active,1p,1,اِتَّأَمْنا
411_263,اِتَّأَمَ,تأم,افتعل,VIII,indicative,active,3ms,1,يَتَّئِمُ
411_263,اِتَّأَمَ,تأم,افتعل,VIII,indicative,active,3md,1,يَتَّئِمانِ
411_263,اِتَّأَمَ,تأم,افتعل,VIII,indicative,active,3mp,1,يَتَّئِمونَ
411_263,اِتَّأَمَ,تأم,افتعل,VIII,indicative,active,3fs,1,تَتَّئِمُ
411_263,اِتَّأَمَ,تأم,افتعل,VIII,indicative,active,3fd,1,تَتَّئِمانِ
411_263,اِتَّأَمَ,تأم,افتعل,VIII,indicative,active,3fp,1,يَتَّئِمْنَ
411_263,اِتَّأَمَ,تأم,افتعل,VIII,indicative,active,2ms,1,تَتَّئِمُ
411_263,اِتَّأَمَ,تأم,افتعل,VIII,indicative,active,2d,1,تَتَّئِمانِ
411_263,اِتَّأَمَ,تأم,افتعل,VIII,indicative,active,2mp,1,تَتَّئِمونَ
411_263,اِتَّأَمَ,تأم,افتعل,VIII,indicative,active,2fs,1,تَتَّئِمِينَ
411_263,اِتَّأَمَ,تأم,افتعل,VIII,indicative,active,2fp,1,تَتَّئِمْنَ
411_263,اِتَّأَمَ,تأم,افتعل,VIII,indicative,active,1s,1,أَتَّئِمُ
411_263,اِتَّأَمَ,تأم,افتعل,VIII,indicative,active,1p,1,نَتَّئِمُ
411_263,اِتَّأَمَ,تأم,افتعل,VIII,imperative,active,2ms,1,اِتَّئِمْ
411_263,اِتَّأَمَ,تأم,افتعل,VIII,imperative,active,2d,1,اِتَّئِما
411_263,اِتَّأَمَ,تأم,افتعل,VIII,imperative,active,2mp,1,اِتَّئِمُوا
411_263,اِتَّأَمَ,تأم,افتعل,VIII,imperative,active,2fs,1,اِتَّئِمِي
411_263,اِتَّأَمَ,تأم,افتعل,VIII,imperative,active,2fp,1,اِتَّئِمْنَ
412_265,اِتَّزَنَ,وزن,افتعل,VIII,past,active,3ms,1,اِتَّزَنَ
412_265,اِتَّزَنَ,وزن,افتعل,VIII,past,active,3md,1,اِتَّزَنا
412_265,اِتَّزَنَ,وزن,افتعل,VIII,past,active,3mp,1,اِتَّزَنوا
412_265,اِتَّزَنَ,وزن,افتعل,VIII,past,active,3fs,1,اِتَّزَنَتْ
412_265,اِتَّزَنَ,وزن,افتعل,VIII,past,active,3fd,1,اِتَّزَنَتا
412_265,اِتَّزَنَ,وزن,افتعل,VIII,past,active,3fp,1,اِتَّزَنَّ
412_265,اِتَّزَنَ,وزن,افتعل,VIII,past,active,2ms,1,اِتَّزَنْتَ
412_265,اِتَّزَنَ,وزن,افتعل,VIII,past,active,2d,1,اِتَّزَنْتُما
412_265,اِتَّزَنَ,وزن,افتعل,VIII,past,active,2mp,1,اِتَّزَنْتُمْ
412_265,اِتَّزَنَ,وزن,افتعل,VIII,past,active,2fs,1,اِتَّزَنْتِ
412_265,اِتَّزَنَ,وزن,افتعل,VIII,past,active,2fp,1,اِتَّزَنْتُنَّ
412_265,اِتَّزَنَ,وزن,افتعل,VIII,past,active,1s,1,اِتَّزَنْتُ
412_265,اِتَّزَنَ,وزن,افتعل,VIII,past,active,1p,1,اِتَّزَنَّا
412_265,اِتَّزَنَ,وزن,افتعل,VIII,indicative,active,3ms,1,يَتَّزِنُ
412_265,اِتَّزَنَ,وزن,افتعل,VIII,indicative,active,3md,1,يَتَّزِنانِ
412_265,اِتَّزَنَ,وزن,افتعل,VIII,indicative,active,3mp,1,يَتَّزِنونَ
412_265,اِتَّزَنَ,وزن,افتعل,VIII,indicative,active,3fs,1,تَتَّزِنُ
412_265,اِتَّزَنَ,وزن,افتعل,VIII,indicative,active,3fd,1,تَتَّزِنانِ
412_265,اِتَّزَنَ,وزن,افتعل,VIII,indicative,active,3fp,1,يَتَّزِنَّ
412_265,اِتَّزَنَ,وزن,افتعل,VIII,indicative,active,2ms,1,تَتَّزِنُ
412_265,اِتَّزَنَ,وزن,افتعل,VIII,indicative,active,2d,1,تَتَّزِنانِ
412_265,اِتَّزَنَ,وزن,افتعل,VIII,indicative,active,2mp,1,تَتَّزِنونَ
412_265,اِتَّزَنَ,وزن,افتعل,VIII,indicative,active,2fs,1,تَتَّزِنينَ
412_265,اِتَّزَنَ,وزن,افتعل,VIII,indicative,active,2fp,1,تَتَّزِنَّ
412_265,اِتَّزَنَ,وزن,افتعل,VIII,indicative,active,1s,1,أَتَّزِنُ
412_265,اِتَّزَنَ,وزن,افتعل,VIII,indicative,active,1p,1,نَتَّزِنُ
412_265,اِتَّزَنَ,وزن,افتعل,VIII,imperative,active,2ms,1,اِتَّزِنْ
412_265,اِتَّزَنَ,وزن,افتعل,VIII,imperative,active,2d,1,اِتَّزِنا
412_265,اِتَّزَنَ,وزن,افتعل,VIII,imperative,active,2mp,1,اِتَّزِنوا
412_265,اِتَّزَنَ,وزن,افتعل,VIII,imperative,active,2fs,1,اِتَّزِني
412_265,اِتَّزَنَ,وزن,افتعل,VIII,imperative,active,2fp,1,اِتَّزِنَّ
413_265,اِتَّصَفَ,وصف,افتعل,VIII,past,active,3ms,1,اِتَّصَفَ
413_265,اِتَّصَفَ,وصف,افتعل,VIII,past,active,3md,1,اِتَّصَفا
413_265,اِتَّصَفَ,وصف,افتعل,VIII,past,active,3mp,1,اِتَّصَفوا
413_265,اِتَّصَفَ,وصف,افتعل,VIII,past,active,3fs,1,اِتَّصَفَتْ
413_265,اِتَّصَفَ,وصف,افتعل,VIII,past,active,3fd,1,اِتَّصَفَتا
413_265,اِتَّصَفَ,وصف,افتعل,VIII,past,active,3fp,1,اِتَّصَفْنَ
413_265,اِتَّصَفَ,وصف,افتعل,VIII,past,active,2ms,1,اِتَّصَفْتَ
413_265,اِتَّصَفَ,وصف,افتعل,VIII,past,active,2d,1,اِتَّصَفْتُما
413_265,اِتَّصَفَ,وصف,افتعل,VIII,past,active,2mp,1,اِتَّصَفْتُمْ
413_265,اِتَّصَفَ,وصف,افتعل,VIII,past,active,2fs,1,اِتَّصَفْتِ
413_265,اِتَّصَفَ,وصف,افتعل,VIII,past,active,2fp,1,اِتَّصَفْتُنَّ
413_265,اِتَّصَفَ,وصف,افتعل,VIII,past,active,1s,1,اِتَّصَفْتُ
413_265,اِتَّصَفَ,وصف,افتعل,VIII,past,active,1p,1,اِتَّصَفْنا
413_265,اِتَّصَفَ,وصف,افتعل,VIII,indicative,active,3ms,1,يَتَّصِفُ
413_265,اِتَّصَفَ,وصف,افتعل,VIII,indicative,active,3md,1,يَتَّصِفانِ
413_265,اِتَّصَفَ,وصف,افتعل,VIII,indicative,active,3mp,1,يَتَّصِفونَ
413_265,اِتَّصَفَ,وصف,افتعل,VIII,indicative,active,3fs,1,تَتَّصِفُ
413_265,اِتَّصَفَ,وصف,افتعل,VIII,indicative,active,3fd,1,تَتَّصِفانِ
413_265,اِتَّصَفَ,وصف,افتعل,VIII,indicative,active,3fp,1,يَتَّصِفْنَ
413_265,اِتَّصَفَ,وصف,افتعل,VIII,indicative,active,2ms,1,تَتَّصِفُ
413_265,اِتَّصَفَ,وصف,افتعل,VIII,indicative,active,2d,1,تَتَّصِفانِ
413_265,اِتَّصَفَ,وصف,افتعل,VIII,indicative,active,2mp,1,تَتَّصِفونَ
413_265,اِتَّصَفَ,وصف,افتعل,VIII,indicative,active,2fs,1,تَتَّصِفينَ
413_265,اِتَّصَفَ,وصف,افتعل,VIII,indicative,active,2fp,1,تَتَّصِفْنَ
413_265,اِتَّصَفَ,وصف,افتعل,VIII,indicative,active,1s,1,أَتَّصِفُ
413_265,اِتَّصَفَ,وصف,افتعل,VIII,indicative,active,1p,1,نَتَّصِفُ
413_265,اِتَّصَفَ,وصف,افتعل,VIII,imperative,active,2ms,1,اِتَّصِفْ
413_265,اِتَّصَفَ,وصف,افتعل,VIII,imperative,active,2d,1,اِتَّصِفا
413_265,اِتَّصَفَ,وصف,افتعل,VIII,imperative,active,2mp,1,اِتَّصِفوا
413_265,اِتَّصَفَ,وصف,افتعل,VIII,imperative,active,2fs,1,اِتَّصِفي
413_265,اِتَّصَفَ,وصف,افتعل,VIII,imperative,active,2fp,1,اِتَّصِفْنَ
414_266,اِعْتَوَلَ,عول,افتعل,VIII,past,active,3ms,1,اِعْتَوَلَ
414_266,اِعْتَوَلَ,عول,افتعل,VIII,past,active,3md,1,اِعْتَوَلا
414_266,اِعْتَوَلَ,عول,افتعل,VIII,past,active,3mp,1,اِعْتَوَلوا
414_266,اِعْتَوَلَ,عول,افتعل,VIII,past,active,3fs,1,اِعْتَوَلَتْ
414_266,اِعْتَوَلَ,عول,افتعل,VIII,past,active,3fd,1,اِعْتَوَلَتا
414_266,اِعْتَوَلَ,عول,افتعل,VIII,past,active,3fp,1,اِعْتَوَلْنَ
414_266,اِعْتَوَلَ,عول,افتعل,VIII,past,active,2ms,1,اِعْتَوَلْتَ
414_266,اِعْتَوَلَ,عول,افتعل,VIII,past,active,2d,1,اِعْتَوَلْتُما
414_266,اِعْتَوَلَ,عول,افتعل,VIII,past,active,2mp,1,اِعْتَوَلْتُمْ
414_266,اِعْتَوَلَ,عول,افتعل,VIII,past,active,2fs,1,اِعْتَوَلْتِ
414_266,اِعْتَوَلَ,عول,افتعل,VIII,past,active,2fp,1,اِعْتَوَلْتُنَّ
414_266,اِعْتَوَلَ,عول,افتعل,VIII,past,active,1s,1,اِعْتَوَلْتُ
414_266,اِعْتَوَلَ,عول,افتعل,VIII,past,active,1p,1,اِعْتَوَلْنا
414_266,اِعْتَوَلَ,عول,افتعل,VIII,indicative,active,3ms,1,يَعْتَوِلُ
414_266,اِعْتَوَلَ,عول,افتعل,VIII,indicative,active,3md,1,يَعْتَوِلانِ
414_266,اِعْتَوَلَ,عول,افتعل,VIII,indicative,active,3mp,1,يَعْتَوِلونَ
414_266,اِعْتَوَلَ,عول,افتعل,VIII,indicative,active,3fs,1,تَعْتَوِلُ
414_266,اِعْتَوَلَ,عول,افتعل,VIII,indicative,active,3fd,1,تَعْتَوِلانِ
414_266,اِعْتَوَلَ,عول,افتعل,VIII,indicative,active,3fp,1,يَعْتَوِلْنَ
414_266,اِعْتَوَلَ,عول,افتعل,VIII,indicative,active,2ms,1,تَعْتَوِلُ
414_266,اِعْتَوَلَ,عول,افتعل,VIII,indicative,active,2d,1,تَعْتَوِلانِ
414_266,اِعْتَوَلَ,عول,افتعل,VIII,indicative,active,2mp,1,تَعْتَوِلونَ
414_266,اِعْتَوَلَ,عول,افتعل,VIII,indicative,active,2fs,1,تَعْتَوِلينَ
414_266,اِعْتَوَلَ,عول,افتعل,VIII,indicative,active,2fp,1,تَعْتَوِلْنَ
414_266,اِعْتَوَلَ,عول,افتعل,VIII,indicative,active,1s,1,أَعْتَوِلُ
414_266,اِعْتَوَلَ,عول,افتعل,VIII,indicative,active,1p,1,نَعْتَوِلُ
414_266,اِعْتَوَلَ,عول,افتعل,VIII,imperative,active,2ms,1,اِعْتَوِلْ
414_266,اِعْتَوَلَ,عول,افتعل,VIII,imperative,active,2d,1,اِعْتَوِلا
414_266,اِعْتَوَلَ,عول,افتعل,VIII,imperative,active,2mp,1,اِعْتَوِلوا
414_266,اِعْتَوَلَ,عول,افتعل,VIII,imperative,active,2fs,1,اِعْتَوِلِي
414_266,اِعْتَوَلَ,عول,افتعل,VIII,imperative,active,2fp,1,اِعْتَوِلْنَ
415_267,اِئْتَسَى,أسي,افتعل,VIII,past,active,3ms,1,اِئْتَسَى
415_267,اِئْتَسَى,أسي,افتعل,VIII,past,active,3md,1,اِئْتَسَيا
415_267,اِئْتَسَى,أسي,افتعل,VIII,past,active,3mp,1,اِئْتَسَوْا
415_267,اِئْتَسَى,أسي,افتعل,VIII,past,active,3fs,1,اِئْتَسَتْ
415_267,اِئْتَسَى,أسي,افتعل,VIII,past,active,3fd,1,اِئْتَسَتا
415_267,اِئْتَسَى,أسي,افتعل,VIII,past,active,3fp,1,اِئْتَسَيْنَ
415_267,اِئْتَسَى,أسي,افتعل,VIII,past,active,2ms,1,اِئْتَسَيْتَ
415_267,اِئْتَسَى,أسي,افتعل,VIII,past,active,2d,1,اِئْتَسَيْتُما
415_267,اِئْتَسَى,أسي,افتعل,VIII,past,active,2mp,1,اِئْتَسَيْتُمْ
415_267,اِئْتَسَى,أسي,افتعل,VIII,past,active,2fs,1,اِئْتَسَيْتِ
415_267,اِئْتَسَى,أسي,افتعل,VIII,past,active,2fp,1,اِئْتَسَيْتُنَّ
415_267,اِئْتَسَى,أسي,افتعل,VIII,past,active,1s,1,اِئْتَسَيْتُ
415_267,اِئْتَسَى,أسي,افتعل,VIII,past,active,1p,1,اِئْتَسَيْنا
415_267,اِئْتَسَى,أسي,افتعل,VIII,indicative,active,3ms,1,يَأْتَسِي
415_267,اِئْتَسَى,أسي,افتعل,VIII,indicative,active,3md,1,يَأْتَسِيانِ
415_267,اِئْتَسَى,أسي,افتعل,VIII,indicative,active,3mp,1,يَأْتَسُونَ
415_267,اِئْتَسَى,أسي,افتعل,VIII,indicative,active,3fs,1,تَأْتَسِي
415_267,اِئْتَسَى,أسي,افتعل,VIII,indicative,active,3fd,1,تَأْتَسِيانِ
415_267,اِئْتَسَى,أسي,افتعل,VIII,indicative,active,3fp,1,يَأْتَسِينَ
415_267,اِئْتَسَى,أسي,افتعل,VIII,indicative,active,2ms,1,تَأْتَسِي
415_267,اِئْتَسَى,أسي,افتعل,VIII,indicative,active,2d,1,تَأْتَسِيانِ
415_267,اِئْتَسَى,أسي,افتعل,VIII,indicative,active,2mp,1,تَأْتَسُونَ
415_267,اِئْتَسَى,أسي,افتعل,VIII,indicative,active,2fs,1,تَأْتَسينَ
415_267,اِئْتَسَى,أسي,افتعل,VIII,indicative,active,2fp,1,تَأْتَسِينَ
415_267,اِئْتَسَى,أسي,افتعل,VIII,indicative,active,1s,1,أَأْتَسِي
415_267,اِئْتَسَى,أسي,افتعل,VIII,indicative,active,1p,1,نَأْتَسِي
415_267,اِئْتَسَى,أسي,افتعل,VIII,imperative,active,2ms,1,اِئْتَسِ
415_267,اِئْتَسَى,أسي,افتعل,VIII,imperative,active,2d,1,اِئْتَسِيا
415_267,اِئْتَسَى,أسي,افتعل,VIII,imperative,active,2mp,1,اِئْتَسُوا
415_267,اِئْتَسَى,أسي,افتعل,VIII,imperative,active,2fs,1,اِئْتَسي
415_267,اِئْتَسَى,أسي,افتعل,VIII,imperative,active,2fp,1,اِئْتَسِينَ
416_268,اِتَّقَى,وقو,افتعل,VIII,past,active,3ms,1,اِتَّقَى
416_268,اِتَّقَى,وقو,افتعل,VIII,past,active,3md,1,اِتَّقَيا
416_268,اِتَّقَى,وقو,افتعل,VIII,past,active,3mp,1,اِتَّقَوْا
416_268,اِتَّقَى,وقو,افتعل,VIII,past,active,3fs,1,اِتَّقَتْ
416_268,اِتَّقَى,وقو,افتعل,VIII,past,active,3fd,1,اِتَّقَتا
416_268,اِتَّقَى,وقو,افتعل,VIII,past,active,3fp,1,اِتَّقَيْنَ
416_268,اِتَّقَى,وقو,افتعل,VIII,past,active,2ms,1,اِتَّقَيْتَ
416_268,اِتَّقَى,وقو,افتعل,VIII,past,active,2d,1,اِتَّقَيْتُما
416_268,اِتَّقَى,وقو,افتعل,VIII,past,active,2mp,1,اِتَّقَيْتُمْ
416_268,اِتَّقَى,وقو,افتعل,VIII,past,active,2fs,1,اِتَّقَيْتِ
416_268,اِتَّقَى,وقو,افتعل,VIII,past,active,2fp,1,اِتَّقَيْتُنَّ
416_268,اِتَّقَى,وقو,افتعل,VIII,past,active,1s,1,اِتَّقَيْتُ
416_268,اِتَّقَى,وقو,افتعل,VIII,past,active,1p,1,اِتَّقَيْنا
416_268,اِتَّقَى,وقو,افتعل,VIII,indicative,active,3ms,1,يَتَّقِي
416_268,اِتَّقَى,وقو,افتعل,VIII,indicative,active,3md,1,يَتَّقِيانِ
416_268,اِتَّقَى,وقو,افتعل,VIII,indicative,active,3mp,1,يَتَّقونَ
416_268,اِتَّقَى,وقو,افتعل,VIII,indicative,active,3fs,1,تَتَّقِي
416_268,اِتَّقَى,وقو,افتعل,VIII,indicative,active,3fd,1,تَتَّقِيانِ
416_268,اِتَّقَى,وقو,افتعل,VIII,indicative,active,3fp,1,يَتَّقِينَ
416_268,اِتَّقَى,وقو,افتعل,VIII,indicative,active,2ms,1,تَتَّقِي
416_268,اِتَّقَى,وقو,افتعل,VIII,indicative,active,2d,1,تَتَّقِيانِ
416_268,اِتَّقَى,وقو,افتعل,VIII,indicative,active,2mp,1,تَتَّقونَ
416_268,اِتَّقَى,وقو,افتعل,VIII,indicative,active,2fs,1,تَتَّقينَ
416_268,اِتَّقَى,وقو,افتعل,VIII,indicative,active,2fp,1,تَتَّقِينَ
416_268,اِتَّقَى,وقو,افتعل,VIII,indicative,active,1s,1,أَتَّقِي
416_268,اِتَّقَى,وقو,افتعل,VIII,indicative,active,1p,1,نَتَّقِي
416_268,اِتَّقَى,وقو,افتعل,VIII,imperative,active,2ms,1,اِتَّقِ
416_268,اِتَّقَى,وقو,افتعل,VIII,imperative,active,2d,1,اِتَّقِيا
416_268,اِتَّقَى,وقو,افتعل,VIII,imperative,active,2mp,1,اِتَّقوا
416_268,اِتَّقَى,وقو,افتعل,VIII,imperative,active,2fs,1,اِتَّقي
416_268,اِتَّقَى,وقو,افتعل,VIII,imperative,active,2fp,1,اِتَّقِينَ
417_286,اِسْتَجْوَبَ,جوب,استفعل,X,past,active,3ms,1,اِسْتَجْوَبَ
417_286,اِسْتَجْوَبَ,جوب,استفعل,X,past,active,3md,1,اِسْتَجْوَبَا
417_286,اِسْتَجْوَبَ,جوب,استفعل,X,past,active,3mp,1,اِسْتَجْوَبُوا
417_286,اِسْتَجْوَبَ,جوب,استفعل,X,past,active,3fs,1,اِسْتَجْوَبَتْ
417_286,اِسْتَجْوَبَ,جوب,استفعل,X,past,active,3fd,1,اِسْتَجْوَبَتا
417_286,اِسْتَجْوَبَ,جوب,استفعل,X,past,active,3fp,1,اِسْتَجْوَبْنَ
417_286,اِسْتَجْوَبَ,جوب,استفعل,X,past,active,2ms,1,اِسْتَجْوَبْتَ
417_286,اِسْتَجْوَبَ,جوب,استفعل,X,past,active,2d,1,اِسْتَجْوَبْتُما
417_286,اِسْتَجْوَبَ,جوب,استفعل,X,past,active,2mp,1,اِسْتَجْوَبْتُمْ
417_286,اِسْتَجْوَبَ,جوب,استفعل,X,past,active,2fs,1,اِسْتَجْوَبْتِ
417_286,اِسْتَجْوَبَ,جوب,استفعل,X,past,active,2fp,1,اِسْتَجْوَبْتُنَّ
417_286,اِسْتَجْوَبَ,جوب,استفعل,X,past,active,1s,1,اِسْتَجْوَبْتُ
417_286,اِسْتَجْوَبَ,جوب,استفعل,X,past,active,1p,1,اِسْتَجْوَبْنا
417_286,اِسْتَجْوَبَ,جوب,استفعل,X,indicative,active,3ms,1,يَسْتَجْوِبُ
417_286,اِسْتَجْوَبَ,جوب,استفعل,X,indicative,active,3md,1,يَسْتَجْوِبَانِ
417_286,اِسْتَجْوَبَ,جوب,استفعل,X,indicative,active,3mp,1,يَسْتَجْوِبُونَ
417_286,اِسْتَجْوَبَ,جوب,استفعل,X,indicative,active,3fs,1,تَسْتَجْوِبُ
417_286,اِسْتَجْوَبَ,جوب,استفعل,X,indicative,active,3fd,1,تَسْتَجْوِبَانِ
417_286,اِسْتَجْوَبَ,جوب,استفعل,X,indicative,active,3fp,1,يَسْتَجْوِبْنَ
417_286,اِسْتَجْوَبَ,جوب,استفعل,X,indicative,active,2ms,1,تَسْتَجْوِبُ
417_286,اِسْتَجْوَبَ,جوب,استفعل,X,indicative,active,2d,1,تَسْتَجْوِبَانِ
417_286,اِسْتَجْوَبَ,جوب,استفعل,X,indicative,active,2mp,1,تَسْتَجْوِبُونَ
417_286,اِسْتَجْوَبَ,جوب,استفعل,X,indicative,active,2fs,1,تَسْتَجْوِبينَ
417_286,اِسْتَجْوَبَ,جوب,استفعل,X,indicative,active,2fp,1,تَسْتَجْوِبْنَ
417_286,اِسْتَجْوَبَ,جوب,استفعل,X,indicative,active,1s,1,أَسْتَجْوِبُ
417_286,اِسْتَجْوَبَ,جوب,استفعل,X,indicative,active,1p,1,نَسْتَجْوِبُ
417_286,اِسْتَجْوَبَ,جوب,استفعل,X,imperative,active,2ms,1,اِسْتَجْوِبْ
417_286,اِسْتَجْوَبَ,جوب,استفعل,X,imperative,active,2d,1,اِسْتَجْوِبَا
417_286,اِسْتَجْوَبَ,جوب,استفعل,X,imperative,active,2mp,1,اِسْتَجْوِبُوا
417_286,اِسْتَجْوَبَ,جوب,استفعل,X,imperative,active,2fs,1,اِسْتَجْوِبِي
417_286,اِسْتَجْوَبَ,جوب,استفعل,X,imperative,active,2fp,1,اِسْتَجْوِبْنَ
418_290,اِقْلَوَّدَ,قلد,افعوّل,XIII,past,active,3ms,1,اِقْلَوَّدَ
418_290,اِقْلَوَّدَ,قلد,افعوّل,XIII,past,active,3md,1,اِقْلَوَّدا
418_290,اِقْلَوَّدَ,قلد,افعوّل,XIII,past,active,3mp,1,اِقْلَوَّدُوا
418_290,اِقْلَوَّدَ,قلد,افعوّل,XIII,past,active,3fs,1,اِقْلَوَّدَتْ
418_290,اِقْلَوَّدَ,قلد,افعوّل,XIII,past,active,3fd,1,اِقْلَوَّدَتَا
418_290,اِقْلَوَّدَ,قلد,افعوّل,XIII,past,active,3fp,1,اِقْلَوَّدْنَ
418_290,اِقْلَوَّدَ,قلد,افعوّل,XIII,past,active,2ms,1,اِقْلَوَّدْتَ
418_290,اِقْلَوَّدَ,قلد,افعوّل,XIII,past,active,2d,1,اِقْلَوَّدْتُما
418_290,اِقْلَوَّدَ,قلد,افعوّل,XIII,past,active,2mp,1,اِقْلَوَّدْتُمْ
418_290,اِقْلَوَّدَ,قلد,افعوّل,XIII,past,active,2fs,1,اِقْلَوَّدْتِ
418_290,اِقْلَوَّدَ,قلد,افعوّل,XIII,past,active,2fp,1,اِقْلَوَّدْتُنَّ
418_290,اِقْلَوَّدَ,قلد,افعوّل,XIII,past,active,1s,1,اِقْلَوَّدْتُ
418_290,اِقْلَوَّدَ,قلد,افعوّل,XIII,past,active,1p,1,اِقْلَوَّدْنا
418_290,اِقْلَوَّدَ,قلد,افعوّل,XIII,indicative,active,3ms,1,يَقْلَوِّدُ
418_290,اِقْلَوَّدَ,قلد,افعوّل,XIII,indicative,active,3md,1,يَقْلَوِّدانِ
418_290,اِقْلَوَّدَ,قلد,افعوّل,XIII,indicative,active,3mp,1,يَقْلَوِّدونَ
418_290,اِقْلَوَّدَ,قلد,افعوّل,XIII,indicative,active,3fs,1,تَقْلَوِّدُ
418_290,اِقْلَوَّدَ,قلد,افعوّل,XIII,indicative,active,3fd,1,تَقْلَوِّدانِ
418_290,اِقْلَوَّدَ,قلد,افعوّل,XIII,indicative,active,3fp,1,يَقْلَوِّدْنَ
418_290,اِقْلَوَّدَ,قلد,افعوّل,XIII,indicative,active,2ms,1,تَقْلَوِّدُ
418_290,اِقْلَوَّدَ,قلد,افعوّل,XIII,indicative,active,2d,1,تَقْلَوِّدانِ
418_290,اِقْلَوَّدَ,قلد,افعوّل,XIII,indicative,active,2mp,1,تَقْلَوِّدونَ
418_290,اِقْلَوَّدَ,قلد,افعوّل,XIII,indicative,active,2fs,1,تَقْلَوِّدينَ
418_290,اِقْلَوَّدَ,قلد,افعوّل,XIII,indicative,active,2fp,1,تَقْلَوِّدْنَ
418_290,اِقْلَوَّدَ,قلد,افعوّل,XIII,indicative,active,1s,1,أَقْلَوِّدُ
418_290,اِقْلَوَّدَ,قلد,افعوّل,XIII,indicative,active,1p,1,نَقْلَوِّدُ
418_290,اِقْلَوَّدَ,قلد,افعوّل,XIII,imperative,active,2ms,1,اِقْلَوِّدْ
418_290,اِقْلَوَّدَ,قلد,افعوّل,XIII,imperative,active,2d,1,اِقْلَوِّدا
418_290,اِقْلَوَّدَ,قلد,افعوّل,XIII,imperative,active,2mp,1,اِقْلَوِّدُوا
418_290,اِقْلَوَّدَ,قلد,افعوّل,XIII,imperative,active,2fs,1,اِقْلَوِّدِي
418_290,اِقْلَوَّدَ,قلد,افعوّل,XIII,imperative,active,2fp,1,اِقْلَوِّدْنَ
419_295,اِيراقَّ,ورق,افعالّ,XI,past,active,3ms,1,اِيراقَّ
419_295,اِيراقَّ,ورق,افعالّ,XI,past,active,3md,1,اِيراقَّا
419_295,اِيراقَّ,ورق,افعالّ,XI,past,active,3mp,1,اِيراقُّوا
419_295,اِيراقَّ,ورق,افعالّ,XI,past,active,3fs,1,اِيراقَّتْ
419_295,اِيراقَّ,ورق,افعالّ,XI,past,active,3fd,1,اِيراقَّتَا
419_295,اِيراقَّ,ورق,افعالّ,XI,past,active,3fp,1,اِيراقَقْنَ
419_295,اِيراقَّ,ورق,افعالّ,XI,past,active,2ms,1,اِيراقَقْتَ
419_295,اِيراقَّ,ورق,افعالّ,XI,past,active,2d,1,اِيراقَقْتُما
419_295,اِيراقَّ,ورق,افعالّ,XI,past,active,2mp,1,اِيراقَقْتُمْ
419_295,اِيراقَّ,ورق,افعالّ,XI,past,active,2fs,1,اِيراقَقْتِ
419_295,اِيراقَّ,ورق,افعالّ,XI,past,active,2fp,1,اِيراقَقْتُنَّ
419_295,اِيراقَّ,ورق,افعالّ,XI,past,active,1s,1,اِيراقَقْتُ
419_295,اِيراقَّ,ورق,افعالّ,XI,past,active,1p,1,اِيراقَقْنا
419_295,اِيراقَّ,ورق,افعالّ,XI,indicative,active,3ms,1,يَوْراقُّ
419_295,اِيراقَّ,ورق,افعالّ,XI,indicative,active,3md,1,يَوْراقَّانِ
419_295,اِيراقَّ,ورق,افعالّ,XI,indicative,active,3mp,1,يَوْراقُّونَ
419_295,اِيراقَّ,ورق,افعالّ,XI,indicative,active,3fs,1,تَوْراقُّ
419_295,اِيراقَّ,ورق,افعالّ,XI,indicative,active,3fd,1,تَوْراقَّانِ
419_295,اِيراقَّ,ورق,افعالّ,XI,indicative,active,3fp,1,يَوْراقِقْنَ
419_295,اِيراقَّ,ورق,افعالّ,XI,indicative,active,2ms,1,تَوْراقُّ
419_295,اِيراقَّ,ورق,افعالّ,XI,indicative,active,2d,1,تَوْراقَّانِ
419_295,اِيراقَّ,ورق,افعالّ,XI,indicative,active,2mp,1,تَوْراقُّونَ
419_295,اِيراقَّ,ورق,افعالّ,XI,indicative,active,2fs,1,تَوْراقِّينَ
419_295,اِيراقَّ,ورق,افعالّ,XI,indicative,active,2fp,1,تَوْراقِقْنَ
419_295,اِيراقَّ,ورق,افعالّ,XI,indicative,active,1s,1,أَوْراقُّ
419_295,اِيراقَّ,ورق,افعالّ,XI,indicative,active,1p,1,نَوْراقُّ
419_295,اِيراقَّ,ورق,افعالّ,XI,imperative,active,2ms,1,اِيراقِقْ
419_295,اِيراقَّ,ورق,افعالّ,XI,imperative,active,2d,1,اِيراقَّا
419_295,اِيراقَّ,ورق,افعالّ,XI,imperative,active,2mp,1,اِيراقُّوا
419_295,اِيراقَّ,ورق,افعالّ,XI,imperative,active,2fs,1,اِيراقِّي
419_295,اِيراقَّ,ورق,افعالّ,XI,imperative,active,2fp,1,اِيراقِقْنَ
420_295,اِيرادَّ,ورد,افعالّ,XI,past,active,3ms,1,اِيرادَّ
420_295,اِيرادَّ,ورد,افعالّ,XI,past,active,3md,1,اِيرادَّا
420_295,اِيرادَّ,ورد,افعالّ,XI,past,active,3mp,1,اِيرادُّوا
420_295,اِيرادَّ,ورد,افعالّ,XI,past,active,3fs,1,اِيرادَّتْ
420_295,اِيرادَّ,ورد,افعالّ,XI,past,active,3fd,1,اِيرادَّتَا
420_295,اِيرادَّ,ورد,افعالّ,XI,past,active,3fp,1,اِيرادَدْنَ
420_295,اِيرادَّ,ورد,افعالّ,XI,past,active,2ms,1,اِيرادَدْتَ
420_295,اِيرادَّ,ورد,افعالّ,XI,past,active,2d,1,اِيرادَدْتُما
420_295,اِيرادَّ,ورد,افعالّ,XI,past,active,2mp,1,اِيرادَدْتُمْ
420_295,اِيرادَّ,ورد,افعالّ,XI,past,active,2fs,1,اِيرادَدْتِ
420_295,اِيرادَّ,ورد,افعالّ,XI,past,active,2fp,1,اِيرادَدْتُنَّ
420_295,اِيرادَّ,ورد,افعالّ,XI,past,active,1s,1,اِيرادَدْتُ
420_295,اِيرادَّ,ورد,افعالّ,XI,past,active,1p,1,اِيرادَدْنا
420_295,اِيرادَّ,ورد,افعالّ,XI,indicative,active,3ms,1,يَوْرادُّ
420_295,اِيرادَّ,ورد,افعالّ,XI,indicative,active,3md,1,يَوْرادَّانِ
420_295,اِيرادَّ,ورد,افعالّ,XI,indicative,active,3mp,1,يَوْرادُّونَ
420_295,اِيرادَّ,ورد,افعالّ,XI,indicative,active,3fs,1,تَوْرادُّ
420_295,اِيرادَّ,ورد,افعالّ,XI,indicative,active,3fd,1,تَوْرادَّانِ
420_295,اِيرادَّ,ورد,افعالّ,XI,indicative,active,3fp,1,يَوْرادِدْنَ
420_295,اِيرادَّ,ورد,افعالّ,XI,indicative,active,2ms,1,تَوْرادُّ
420_295,اِيرادَّ,ورد,افعالّ,XI,indicative,active,2d,1,تَوْرادَّانِ
420_295,اِيرادَّ,ورد,افعالّ,XI,indicative,active,2mp,1,تَوْرادُّونَ
420_295,اِيرادَّ,ورد,افعالّ,XI,indicative,active,2fs,1,تَوْرادِّينَ
420_295,اِيرادَّ,ورد,افعالّ,XI,indicative,active,2fp,1,تَوْرادِدْنَ
420_295,اِيرادَّ,ورد,افعالّ,XI,indicative,active,1s,1,أَوْرادُّ
420_295,اِيرادَّ,ورد,افعالّ,XI,indicative,active,1p,1,نَوْرادُّ
420_295,اِيرادَّ,ورد,افعالّ,XI,imperative,active,2ms,1,اِيرادِدْ
420_295,اِيرادَّ,ورد,افعالّ,XI,imperative,active,2d,1,اِيرادَّا
420_295,اِيرادَّ,ورد,افعالّ,XI,imperative,active,2mp,1,اِيرادُّوا
420_295,اِيرادَّ,ورد,افعالّ,XI,imperative,active,2fs,1,اِيرادِّي
420_295,اِيرادَّ,ورد,افعالّ,XI,imperative,active,2fp,1,اِيرادِدْنَ
421_296,اِحْوالَّ,حول,افعالّ,XI,past,active,3ms,1,اِحْوالَّ
421_296,اِحْوالَّ,حول,افعالّ,XI,past,active,3md,1,اِحْوالَّا
421_296,اِحْوالَّ,حول,افعالّ,XI,past,active,3mp,1,اِحْوالُّوا
421_296,اِحْوالَّ,حول,افعالّ,XI,past,active,3fs,1,اِحْوالَّتْ
421_296,اِحْوالَّ,حول,افعالّ,XI,past,active,3fd,1,اِحْوالَّتا
421_296,اِحْوالَّ,حول,افعالّ,XI,past,active,3fp,1,اِحْوالَلْنَ
421_296,اِحْوالَّ,حول,افعالّ,XI,past,active,2ms,1,اِحْوالَلْتَ
421_296,اِحْوالَّ,حول,افعالّ,XI,past,active,2d,1,اِحْوالَلْتُما
421_296,اِحْوالَّ,حول,افعالّ,XI,past,active,2mp,1,اِحْوالَلْتُمْ
421_296,اِحْوالَّ,حول,افعالّ,XI,past,active,2fs,1,اِحْوالَلْتِ
421_296,اِحْوالَّ,حول,افعالّ,XI,past,active,2fp,1,اِحْوالَلْتُنَّ
421_296,اِحْوالَّ,حول,افعالّ,XI,past,active,1s,1,اِحْوالَلْتُ
421_296,اِحْوالَّ,حول,افعالّ,XI,past,active,1p,1,اِحْوالَلْنَا
421_296,اِحْوالَّ,حول,افعالّ,XI,indicative,active,3ms,1,يَحْوالُّ
421_296,اِحْوالَّ,حول,افعالّ,XI,indicative,active,3md,1,يَحْوالَّانِ
421_296,اِحْوالَّ,حول,افعالّ,XI,indicative,active,3mp,1,يَحْوالُّونَ
421_296,اِحْوالَّ,حول,افعالّ,XI,indicative,active,3fs,1,تَحْوالُّ
421_296,اِحْوالَّ,حول,افعالّ,XI,indicative,active,3fd,1,تَحْوالَّانِ
421_296,اِحْوالَّ,حول,افعالّ,XI,indicative,active,3fp,1,يَحْوالِلْنَ
421_296,اِحْوالَّ,حول,افعالّ,XI,indicative,active,2ms,1,تَحْوالُّ
421_296,اِحْوالَّ,حول,افعالّ,XI,indicative,active,2d,1,تَحْوالَّانِ
421_296,اِحْوالَّ,حول,افعالّ,XI,indicative,active,2mp,1,تَحْوالُّونَ
421_296,اِحْوالَّ,حول,افعالّ,XI,indicative,active,2fs,1,تَحْوالِّينَ
421_296,اِحْوالَّ,حول,افعالّ,XI,indicative,active,2fp,1,تَحْوالِلْنَ
421_296,اِحْوالَّ,حول,افعالّ,XI,indicative,active,1s,1,أَحْوالُّ
421_296,اِحْوالَّ,حول,افعالّ,XI,indicative,active,1p,1,نَحْوالُّ
421_296,اِحْوالَّ,حول,افعالّ,XI,imperative,active,2ms,1,اِحْوالِلْ
421_296,اِحْوالَّ,حول,افعالّ,XI,imperative,active,2d,1,اِحْوالَّا
421_296,اِحْوالَّ,حول,افعالّ,XI,imperative,active,2mp,1,اِحْوالُّوا
421_296,اِحْوالَّ,حول,افعالّ,XI,imperative,active,2fs,1,اِحْوالِّي
421_296,اِحْوالَّ,حول,افعالّ,XI,imperative,active,2fp,1,اِحْوالِلْنَ
422_296,اِزْيانَّ,زين,افعالّ,XI,past,active,3ms,1,اِزْيانَّ
422_296,اِزْيانَّ,زين,افعالّ,XI,past,active,3md,1,اِزْيانَّا
422_296,اِزْيانَّ,زين,افعالّ,XI,past,active,3mp,1,اِزْيانُّوا
422_296,اِزْيانَّ,زين,افعالّ,XI,past,active,3fs,1,اِزْيانَّتْ
422_296,اِزْيانَّ,زين,افعالّ,XI,past,active,3fd,1,اِزْيانَّتا
422_296,اِزْيانَّ,زين,افعالّ,XI,past,active,3fp,1,اِزْيانَنَّ
422_296,اِزْيانَّ,زين,افعالّ,XI,past,active,2ms,1,اِزْيانَنْتَ
422_296,اِزْيانَّ,زين,افعالّ,XI,past,active,2d,1,اِزْيانَنْتُما
422_296,اِزْيانَّ,زين,افعالّ,XI,past,active,2mp,1,اِزْيانَنْتُمْ
422_296,اِزْيانَّ,زين,افعالّ,XI,past,active,2fs,1,اِزْيانَنْتِ
422_296,اِزْيانَّ,زين,افعالّ,XI,past,active,2fp,1,اِزْيانَنْتُنَّ
422_296,اِزْيانَّ,زين,افعالّ,XI,past,active,1s,1,اِزْيانَنْتُ
422_296,اِزْيانَّ,زين,افعالّ,XI,past,active,1p,1,اِزْيانَنَّا
422_296,اِزْيانَّ,زين,افعالّ,XI,indicative,active,3ms,1,يَزْيانُّ
422_296,اِزْيانَّ,زين,افعالّ,XI,indicative,active,3md,1,يَزْيانَّانِ
422_296,اِزْيانَّ,زين,افعالّ,XI,indicative,active,3mp,1,يَزْيانُّونَ
422_296,اِزْيانَّ,زين,افعالّ,XI,indicative,active,3fs,1,تَزْيانُّ
422_296,اِزْيانَّ,زين,افعالّ,XI,indicative,active,3fd,1,تَزْيانَّانِ
422_296,اِزْيانَّ,زين,افعالّ,XI,indicative,active,3fp,1,يَزْيانِنَّ
422_296,اِزْيانَّ,زين,افعالّ,XI,indicative,active,2ms,1,تَزْيانُّ
422_296,اِزْيانَّ,زين,افعالّ,XI,indicative,active,2d,1,تَزْيانَّانِ
422_296,اِزْيانَّ,زين,افعالّ,XI,indicative,active,2mp,1,تَزْيانُّونَ
422_296,اِزْيانَّ,زين,افعالّ,XI,indicative,active,2fs,1,تَزْيانِّينَ
422_296,اِزْيانَّ,زين,افعالّ,XI,indicative,active,2fp,1,تَزْيانِنَّ
422_296,اِزْيانَّ,زين,افعالّ,XI,indicative,active,1s,1,أَزْيانُّ
422_296,اِزْيانَّ,زين,افعالّ,XI,indicative,active,1p,1,نَزْيانُّ
422_296,اِزْيانَّ,زين,افعالّ,XI,imperative,active,2ms,1,اِزْيانِنْ
422_296,اِزْيانَّ,زين,افعالّ,XI,imperative,active,2d,1,اِزْيانَّا
422_296,اِزْيانَّ,زين,افعالّ,XI,imperative,active,2mp,1,اِزْيانُّوا
422_296,اِزْيانَّ,زين,افعالّ,XI,imperative,active,2fs,1,اِزْيانِّي
422_296,اِزْيانَّ,زين,افعالّ,XI,imperative,active,2fp,1,اِزْيانِنَّ
423_297,اِشْرَوْرَى,شرو,افعوعل,XII,past,active,3ms,1,اِشْرَوْرَى
423_297,اِشْرَوْرَى,شرو,افعوعل,XII,past,active,3md,1,اِشْرَوْرَيا
423_297,اِشْرَوْرَى,شرو,افعوعل,XII,past,active,3mp,1,اِشْرَوْرَوْا
423_297,اِشْرَوْرَى,شرو,افعوعل,XII,past,active,3fs,1,اِشْرَوْرَتْ
423_297,اِشْرَوْرَى,شرو,افعوعل,XII,past,active,3fd,1,اِشْرَوْرَتا
423_297,اِشْرَوْرَى,شرو,افعوعل,XII,past,active,3fp,1,اِشْرَوْرَيْنَ
423_297,اِشْرَوْرَى,شرو,افعوعل,XII,past,active,2ms,1,اِشْرَوْرَيْتَ
423_297,اِشْرَوْرَى,شرو,افعوعل,XII,past,active,2d,1,اِشْرَوْرَيْتُما
423_297,اِشْرَوْرَى,شرو,افعوعل,XII,past,active,2mp,1,اِشْرَوْرَيْتُمْ
423_297,اِشْرَوْرَى,شرو,افعوعل,XII,past,active,2fs,1,اِشْرَوْرَيْتِ
423_297,اِشْرَوْرَى,شرو,افعوعل,XII,past,active,2fp,1,اِشْرَوْرَيْتُنَّ
423_297,اِشْرَوْرَى,شرو,افعوعل,XII,past,active,1s,1,اِشْرَوْرَيْتُ
423_297,اِشْرَوْرَى,شرو,افعوعل,XII,past,active,1p,1,اِشْرَوْرَيْنا
423_297,اِشْرَوْرَى,شرو,افعوعل,XII,indicative,active,3ms,1,يَشْرَوْري
423_297,اِشْرَوْرَى,شرو,افعوعل,XII,indicative,active,3md,1,يَشْرَوْريانِ
423_297,اِشْرَوْرَى,شرو,افعوعل,XII,indicative,active,3mp,1,يَشْرَوْرُونَ
423_297,اِشْرَوْرَى,شرو,افعوعل,XII,indicative,active,3fs,1,تَشْرَوْري
423_297,اِشْرَوْرَى,شرو,افعوعل,XII,indicative,active,3fd,1,تَشْرَوْريانِ
423_297,اِشْرَوْرَى,شرو,افعوعل,XII,indicative,active,3fp,1,يَشْرَوْرينَ
423_297,اِشْرَوْرَى,شرو,افعوعل,XII,indicative,active,2ms,1,تَشْرَوْري
423_297,اِشْرَوْرَى,شرو,افعوعل,XII,indicative,active,2d,1,تَشْرَوْريانِ
423_297,اِشْرَوْرَى,شرو,افعوعل,XII,indicative,active,2mp,1,تَشْرَوْرُونَ
423_297,اِشْرَوْرَى,شرو,افعوعل,XII,indicative,active,2fs,1,تَشْرَوْرينَ
423_297,اِشْرَوْرَى,شرو,افعوعل,XII,indicative,active,2fp,1,تَشْرَوْرينَ
423_297,اِشْرَوْرَى,شرو,افعوعل,XII,indicative,active,1s,1,أَشْرَوْري
423_297,اِشْرَوْرَى,شرو,افعوعل,XII,indicative,active,1p,1,نَشْرَوْري
423_297,اِشْرَوْرَى,شرو,افعوعل,XII,imperative,active,2ms,1,اِشْرَوْرِ
423_297,اِشْرَوْرَى,شرو,افعوعل,XII,imperative,active,2d,1,اِشْرَوْريا
423_297,اِشْرَوْرَى,شرو,افعوعل,XII,imperative,active,2mp,1,اِشْرَوْروا
423_297,اِشْرَوْرَى,شرو,افعوعل,XII,imperative,active,2fs,1,اِشْرَوْرِي
423_297,اِشْرَوْرَى,شرو,افعوعل,XII,imperative,active,2fp,1,اِشْرَوْرينَ
424_316,سَيْطَرَ,سيطر,فعلل,Iq,past,active,3ms,1,سَيْطَرَ
424_316,سَيْطَرَ,سيطر,فعلل,Iq,past,active,3md,1,سَيْطَرا
424_316,سَيْطَرَ,سيطر,فعلل,Iq,past,active,3mp,1,سَيْطَروا
424_316,سَيْطَرَ,سيطر,فعلل,Iq,past,active,3fs,1,سَيْطَرَتْ
424_316,سَيْطَرَ,سيطر,فعلل,Iq,past,active,3fd,1,سَيْطَرَتَا
424_316,سَيْطَرَ,سيطر,فعلل,Iq,past,active,3fp,1,سَيْطَرْنَ
424_316,سَيْطَرَ,سيطر,فعلل,Iq,past,active,2ms,1,سَيْطَرْتَ
424_316,سَيْطَرَ,سيطر,فعلل,Iq,past,active,2d,1,سَيْطَرْتُما
424_316,سَيْطَرَ,سيطر,فعلل,Iq,past,active,2mp,1,سَيْطَرْتُمْ
424_316,سَيْطَرَ,سيطر,فعلل,Iq,past,active,2fs,1,سَيْطَرْتِ
424_316,سَيْطَرَ,سيطر,فعلل,Iq,past,active,2fp,1,سَيْطَرْتُنَّ
424_316,سَيْطَرَ,سيطر,فعلل,Iq,past,active,1s,1,سَيْطَرْتُ
424_316,سَيْطَرَ,سيطر,فعلل,Iq,past,active,1p,1,سَيْطَرْنا
424_316,سَيْطَرَ,سيطر,فعلل,Iq,indicative,active,3ms,1,يُسَيْطِرُ
424_316,سَيْطَرَ,سيطر,فعلل,Iq,indicative,active,3md,1,يُسَيْطِرانِ
424_316,سَيْطَرَ,سيطر,فعلل,Iq,indicative,active,3mp,1,يُسَيْطِرونَ
424_316,سَيْطَرَ,سيطر,فعلل,Iq,indicative,active,3fs,1,تُسَيْطِرُ
424_316,سَيْطَرَ,سيطر,فعلل,Iq,indicative,active,3fd,1,تُسَيْطِرانِ
424_316,سَيْطَرَ,سيطر,فعلل,Iq,indicative,active,3fp,1,يُسَيْطِرْنَ
424_316,سَيْطَرَ,سيطر,فعلل,Iq,indicative,active,2ms,1,تُسَيْطِرُ
424_316,سَيْطَرَ,سيطر,فعلل,Iq,indicative,active,2d,1,تُسَيْطِرانِ
424_316,سَيْطَرَ,سيطر,فعلل,Iq,indicative,active,2mp,1,تُسَيْطِرونَ
424_316,سَيْطَرَ,سيطر,فعلل,Iq,indicative,active,2fs,1,تُسَيْطِرِينَ
424_316,سَيْطَرَ,سيطر,فعلل,Iq,indicative,active,2fp,1,تُسَيْطِرْنَ
424_316,سَيْطَرَ,سيطر,فعلل,Iq,indicative,active,1s,1,أُسَيْطِرُ
424_316,سَيْطَرَ,سيطر,فعلل,Iq,indicative,active,1p,1,نُسَيْطِرُ
424_316,سَيْطَرَ,سيطر,فعلل,Iq,imperative,active,2ms,1,سَيْطِرْ
424_316,سَيْطَرَ,سيطر,فعلل,Iq,imperative,active,2d,1,سَيْطِرا
424_316,سَيْطَرَ,سيطر,فعلل,Iq,imperative,active,2mp,1,سَيْطِروا
424_316,سَيْطَرَ,سيطر,فعلل,Iq,imperative,active,2fs,1,سَيْطِري
424_316,سَيْطَرَ,سيطر,فعلل,Iq,imperative,active,2fp,1,سَيْطِرْنَ
425_416,تَفَيْلَقَ,فيلق,تفعلل,IIq,past,active,3ms,1,تَفَيْلَقَ
425_416,تَفَيْلَقَ,فيلق,تفعلل,IIq,past,active,3md,1,تَفَيْلَقَا
425_416,تَفَيْلَقَ,فيلق,تفعلل,IIq,past,active,3mp,1,تَفَيْلَقوا
425_416,تَفَيْلَقَ,فيلق,تفعلل,IIq,past,active,3fs,1,تَفَيْلَقَتْ
425_416,تَفَيْلَقَ,فيلق,تفعلل,IIq,past,active,3fd,1,تَفَيْلَقَتَا
425_416,تَفَيْلَقَ,فيلق,تفعلل,IIq,past,active,3fp,1,تَفَيْلَقْنَ
425_416,تَفَيْلَقَ,فيلق,تفعلل,IIq,past,active,2ms,1,تَفَيْلَقْتَ
425_416,تَفَيْلَقَ,فيلق,تفعلل,IIq,past,active,2d,1,تَفَيْلَقْتُما
425_416,تَفَيْلَقَ,فيلق,تفعلل,IIq,past,active,2mp,1,تَفَيْلَقْتُمْ
425_416,تَفَيْلَقَ,فيلق,تفعلل,IIq,past,active,2fs,1,تَفَيْلَقْتِ
425_416,تَفَيْلَقَ,فيلق,تفعلل,IIq,past,active,2fp,1,تَفَيْلَقْتُنَّ
425_416,تَفَيْلَقَ,فيلق,تفعلل,IIq,past,active,1s,1,تَفَيْلَقْتُ
425_416,تَفَيْلَقَ,فيلق,تفعلل,IIq,past,active,1p,1,تَفَيْلَقْنا
425_416,تَفَيْلَقَ,فيلق,تفعلل,IIq,indicative,active,3ms,1,يَتَفَيْلَقُ
425_416,تَفَيْلَقَ,فيلق,تفعلل,IIq,indicative,active,3md,1,يَتَفَيْلَقَانِ
425_416,تَفَيْلَقَ,فيلق,تفعلل,IIq,indicative,active,3mp,1,يَتَفَيْلَقونَ
425_416,تَفَيْلَقَ,فيلق,تفعلل,IIq,indicative,active,3fs,1,تَتَفَيْلَقُ
425_416,تَفَيْلَقَ,فيلق,تفعلل,IIq,indicative,active,3fd,1,تَتَفَيْلَقَانِ
425_416,تَفَيْلَقَ,فيلق,تفعلل,IIq,indicative,active,3fp,1,يَتَفَيْلَقْنَ
425_416,تَفَيْلَقَ,فيلق,تفعلل,IIq,indicative,active,2ms,1,تَتَفَيْلَقُ
425_416,تَفَيْلَقَ,فيلق,تفعلل,IIq,indicative,active,2d,1,تَتَفَيْلَقَانِ
425_416,تَفَيْلَقَ,فيلق,تفعلل,IIq,indicative,active,2mp,1,تَتَفَيْلَقونَ
425_416,تَفَيْلَقَ,فيلق,تفعلل,IIq,indicative,active,2fs,1,تَتَفَيْلَقينَ
425_416,تَفَيْلَقَ,فيلق,تفعلل,IIq,indicative,active,2fp,1,تَتَفَيْلَقْنَ
425_416,تَفَيْلَقَ,فيلق,تفعلل,IIq,indicative,active,1s,1,أَتَفَيْلَقُ
425_416,تَفَيْلَقَ,فيلق,تفعلل,IIq,indicative,active,1p,1,نَتَفَيْلَقُ
425_416,تَفَيْلَقَ,فيلق,تفعلل,IIq,imperative,active,2ms,1,تَفَيْلَقْ
425_416,تَفَيْلَقَ,فيلق,تفعلل,IIq,imperative,active,2d,1,تَفَيْلَقَا
425_416,تَفَيْلَقَ,فيلق,تفعلل,IIq,imperative,active,2mp,1,تَفَيْلَقوا
425_416,تَفَيْلَقَ,فيلق,تفعلل,IIq,imperative,active,2fs,1,تَفَيْلَقي
425_416,تَفَيْلَقَ,فيلق,تفعلل,IIq,imperative,active,2fp,1,تَفَيْلَقْنَ
426_418,تَوَحْوَحَ,وحوح,تفعلل,IIq,past,active,3ms,1,تَوَحْوَحَ
426_418,تَوَحْوَحَ,وحوح,تفعلل,IIq,past,active,3md,1,تَوَحْوَحا
426_418,تَوَحْوَحَ,وحوح,تفعلل,IIq,past,active,3mp,1,تَوَحْوَحُوا
426_418,تَوَحْوَحَ,وحوح,تفعلل,IIq,past,active,3fs,1,تَوَحْوَحَتْ
426_418,تَوَحْوَحَ,وحوح,تفعلل,IIq,past,active,3fd,1,تَوَحْوَحَتا
426_418,تَوَحْوَحَ,وحوح,تفعلل,IIq,past,active,3fp,1,تَوَحْوَحْنَ
426_418,تَوَحْوَحَ,وحوح,تفعلل,IIq,past,active,2ms,1,تَوَحْوَحْتَ
426_418,تَوَحْوَحَ,وحوح,تفعلل,IIq,past,active,2d,1,تَوَحْوَحْتُما
426_418,تَوَحْوَحَ,وحوح,تفعلل,IIq,past,active,2mp,1,تَوَحْوَحْتُمْ
426_418,تَوَحْوَحَ,وحوح,تفعلل,IIq,past,active,2fs,1,تَوَحْوَحْتِ
426_418,تَوَحْوَحَ,وحوح,تفعلل,IIq,past,active,2fp,1,تَوَحْوَحْتُنَّ
426_418,تَوَحْوَحَ,وحوح,تفعلل,IIq,past,active,1s,1,تَوَحْوَحْتُ
426_418,تَوَحْوَحَ,وحوح,تفعلل,IIq,past,active,1p,1,تَوَحْوَحْنا
426_418,تَوَحْوَحَ,وحوح,تفعلل,IIq,indicative,active,3ms,1,يَتَوَحْوَحُ
426_418,تَوَحْوَحَ,وحوح,تفعلل,IIq,indicative,active,3md,1,يَتَوَحْوَحَانِ
426_418,تَوَحْوَحَ,وحوح,تفعلل,IIq,indicative,active,3mp,1,يَتَوَحْوَحونَ
426_418,تَوَحْوَحَ,وحوح,تفعلل,IIq,indicative,active,3fs,1,تَتَوَحْوَحُ
426_418,تَوَحْوَحَ,وحوح,تفعلل,IIq,indicative,active,3fd,1,تَتَوَحْوَحَانِ
426_418,تَوَحْوَحَ,وحوح,تفعلل,IIq,indicative,active,3fp,1,يَتَوَحْوَحْنَ
426_418,تَوَحْوَحَ,وحوح,تفعلل,IIq,indicative,active,2ms,1,تَتَوَحْوَحُ
426_418,تَوَحْوَحَ,وحوح,تفعلل,IIq,indicative,active,2d,1,تَتَوَحْوَحَانِ
426_418,تَوَحْوَحَ,وحوح,تفعلل,IIq,indicative,active,2mp,1,تَتَوَحْوَحونَ
426_418,تَوَحْوَحَ,وحوح,تفعلل,IIq,indicative,active,2fs,1,تَتَوَحْوَحِينَ
426_418,تَوَحْوَحَ,وحوح,تفعلل,IIq,indicative,active,2fp,1,تَتَوَحْوَحْنَ
426_418,تَوَحْوَحَ,وحوح,تفعلل,IIq,indicative,active,1s,1,أَتَوَحْوَحُ
426_418,تَوَحْوَحَ,وحوح,تفعلل,IIq,indicative,active,1p,1,نَتَوَحْوَحُ
426_418,تَوَحْوَحَ,وحوح,تفعلل,IIq,imperative,active,2ms,1,تَوَحْوَحْ
426_418,تَوَحْوَحَ,وحوح,تفعلل,IIq,imperative,active,2d,1,تَوَحْوَحا
426_418,تَوَحْوَحَ,وحوح,تفعلل,IIq,imperative,active,2mp,1,تَوَحْوَحُوا
426_418,تَوَحْوَحَ,وحوح,تفعلل,IIq,imperative,active,2fs,1,تَوَحْوَحي
426_418,تَوَحْوَحَ,وحوح,تفعلل,IIq,imperative,active,2fp,1,تَوَحْوَحْنَ
427_418,تَوَلْوَلَ,ولول,تفعلل,IIq,past,active,3ms,1,تَوَلْوَلَ
427_418,تَوَلْوَلَ,ولول,تفعلل,IIq,past,active,3md,1,تَوَلْوَلا
427_418,تَوَلْوَلَ,ولول,تفعلل,IIq,past,active,3mp,1,تَوَلْوَلُوا
427_418,تَوَلْوَلَ,ولول,تفعلل,IIq,past,active,3fs,1,تَوَلْوَلَتْ
427_418,تَوَلْوَلَ,ولول,تفعلل,IIq,past,active,3fd,1,تَوَلْوَلَتا
427_418,تَوَلْوَلَ,ولول,تفعلل,IIq,past,active,3fp,1,تَوَلْوَلْنَ
427_418,تَوَلْوَلَ,ولول,تفعلل,IIq,past,active,2ms,1,تَوَلْوَلْتَ
427_418,تَوَلْوَلَ,ولول,تفعلل,IIq,past,active,2d,1,تَوَلْوَلْتُما
427_418,تَوَلْوَلَ,ولول,تفعلل,IIq,past,active,2mp,1,تَوَلْوَلْتُمْ
427_418,تَوَلْوَلَ,ولول,تفعلل,IIq,past,active,2fs,1,تَوَلْوَلْتِ
427_418,تَوَلْوَلَ,ولول,تفعلل,IIq,past,active,2fp,1,تَوَلْوَلْتُنَّ
427_418,تَوَلْوَلَ,ولول,تفعلل,IIq,past,active,1s,1,تَوَلْوَلْتُ
427_418,تَوَلْوَلَ,ولول,تفعلل,IIq,past,active,1p,1,تَوَلْوَلْنا
427_418,تَوَلْوَلَ,ولول,تفعلل,IIq,indicative,active,3ms,1,يَتَوَلْوَلُ
427_418,تَوَلْوَلَ,ولول,تفعلل,IIq,indicative,active,3md,1,يَتَوَلْوَلَانِ
427_418,تَوَلْوَلَ,ولول,تفعلل,IIq,indicative,active,3mp,1,يَتَوَلْوَلونَ
427_418,تَوَلْوَلَ,ولول,تفعلل,IIq,indicative,active,3fs,1,تَتَوَلْوَلُ
427_418,تَوَلْوَلَ,ولول,تفعلل,IIq,indicative,active,3fd,1,تَتَوَلْوَلَانِ
427_418,تَوَلْوَلَ,ولول,تفعلل,IIq,indicative,active,3fp,1,يَتَوَلْوَلْنَ
427_418,تَوَلْوَلَ,ولول,تفعلل,IIq,indicative,active,2ms,1,تَتَوَلْوَلُ
427_418,تَوَلْوَلَ,ولول,تفعلل,IIq,indicative,active,2d,1,تَتَوَلْوَلَانِ
427_418,تَوَلْوَلَ,ولول,تفعلل,IIq,indicative,active,2mp,1,تَتَوَلْوَلونَ
427_418,تَوَلْوَلَ,ولول,تفعلل,IIq,indicative,active,2fs,1,تَتَوَلْوَلِينَ
427_418,تَوَلْوَلَ,ولول,تفعلل,IIq,indicative,active,2fp,1,تَتَوَلْوَلْنَ
427_418,تَوَلْوَلَ,ولول,تفعلل,IIq,indicative,active,1s,1,أَتَوَلْوَلُ
427_418,تَوَلْوَلَ,ولول,تفعلل,IIq,indicative,active,1p,1,نَتَوَلْوَلُ
427_418,تَوَلْوَلَ,ولول,تفعلل,IIq,imperative,active,2ms,1,تَوَلْوَلْ
427_418,تَوَلْوَلَ,ولول,تفعلل,IIq,imperative,active,2d,1,تَوَلْوَلا
427_418,تَوَلْوَلَ,ولول,تفعلل,IIq,imperative,active,2mp,1,تَوَلْوَلُوا
427_418,تَوَلْوَلَ,ولول,تفعلل,IIq,imperative,active,2fs,1,تَوَلْوَلي
427_418,تَوَلْوَلَ,ولول,تفعلل,IIq,imperative,active,2fp,1,تَوَلْوَلْنَ
428_116,آلَ,أول,فعَل يفعُل,I,past,active,3ms,1,آلَ
428_116,آلَ,أول,فعَل يفعُل,I,past,active,3md,1,آلا
428_116,آلَ,أول,فعَل يفعُل,I,past,active,3mp,1,آلُوا
428_116,آلَ,أول,فعَل يفعُل,I,past,active,3fs,1,آلَتْ
428_116,آلَ,أول,فعَل يفعُل,I,past,active,3fd,1,آلَتا
428_116,آلَ,أول,فعَل يفعُل,I,past,active,3fp,1,أُلْنَ
428_116,آلَ,أول,فعَل يفعُل,I,past,active,2ms,1,أُلْتَ
428_116,آلَ,أول,فعَل يفعُل,I,past,active,2d,1,أُلْتُما
428_116,آلَ,أول,فعَل يفعُل,I,past,active,2mp,1,أُلْتُمْ
428_116,آلَ,أول,فعَل يفعُل,I,past,active,2fs,1,أُلْتِ
428_116,آلَ,أول,فعَل يفعُل,I,past,active,2fp,1,أُلْتُنَّ
428_116,آلَ,أول,فعَل يفعُل,I,past,active,1s,1,أُلْتُ
428_116,آلَ,أول,فعَل يفعُل,I,past,active,1p,1,أُلْنَا
428_116,آلَ,أول,فعَل يفعُل,I,indicative,active,3ms,1,يَؤُولُ
428_116,آلَ,أول,فعَل يفعُل,I,indicative,active,3md,1,يَؤُولانِ
428_116,آلَ,أول,فعَل يفعُل,I,indicative,active,3mp,1,يَؤُولُونَ
428_116,آلَ,أول,فعَل يفعُل,I,indicative,active,3fs,1,تَؤُولُ
428_116,آلَ,أول,فعَل يفعُل,I,indicative,active,3fd,1,تَؤُولانِ
428_116,آلَ,أول,فعَل يفعُل,I,indicative,active,3fp,1,يَؤُلْنَ
428_116,آلَ,أول,فعَل يفعُل,I,indicative,active,2ms,1,تَؤُولُ
428_116,آلَ,أول,فعَل يفعُل,I,indicative,active,2d,1,تَؤُولانِ
428_116,آلَ,أول,فعَل يفعُل,I,indicative,active,2mp,1,تَؤُولُونَ
428_116,آلَ,أول,فعَل يفعُل,I,indicative,active,2fs,1,تَؤُولينَ
428_116,آلَ,أول,فعَل يفعُل,I,indicative,active,2fp,1,تَؤُلْنَ
428_116,آلَ,أول,فعَل يفعُل,I,indicative,active,1s,1,أَؤُولُ
428_116,آلَ,أول,فعَل يفعُل,I,indicative,active,1p,1,نَؤُولُ
428_116,آلَ,أول,فعَل يفعُل,I,imperative,active,2ms,1,اُلْ
428_116,آلَ,أول,فعَل يفعُل,I,imperative,active,2d,1,أُولا
428_116,آلَ,أول,فعَل يفعُل,I,imperative,active,2mp,1,أُولُوا
428_116,آلَ,أول,فعَل يفعُل,I,imperative,active,2fs,1,أُولِي
428_116,آلَ,أول,فعَل يفعُل,I,imperative,active,2fp,1,اُلْنَ
429_122,أَبَتَ,أبت,فعَل يفعِل,I,past,active,3ms,1,أَبَتَ
429_122,أَبَتَ,أبت,فعَل يفعِل,I,past,active,3md,1,أَبَتا
429_122,أَبَتَ,أبت,فعَل يفعِل,I,past,active,3mp,1,أَبَتُوا
429_122,أَبَتَ,أبت,فعَل يفعِل,I,past,active,3fs,1,أَبَتَتْ
429_122,أَبَتَ,أبت,فعَل يفعِل,I,past,active,3fp,1,أَبَتْنَ
429_122,أَبَتَ,أبت,فعَل يفعِل,I,past,active,2ms,1,أَبَتَّ
429_122,أَبَتَ,أبت,فعَل يفعِل,I,past,active,2d,1,أَبَتُّمَا
429_122,أَبَتَ,أبت,فعَل يفعِل,I,past,active,2mp,1,أَبَتُّمْ
429_122,أَبَتَ,أبت,فعَل يفعِل,I,past,active,2fs,1,أَبَتِّ
429_122,أَبَتَ,أبت,فعَل يفعِل,I,past,active,2fp,1,أَبَتُّنَّ
429_122,أَبَتَ,أبت,فعَل يفعِل,I,past,active,1s,1,أَبَتُّ
429_122,أَبَتَ,أبت,فعَل يفعِل,I,past,active,1p,1,أَبَتْنَا
429_122,أَبَتَ,أبت,فعَل يفعِل,I,indicative,active,3ms,1,يَأْبِتُ
429_122,أَبَتَ,أبت,فعَل يفعِل,I,indicative,active,3md,1,يَأْبِتانِ
429_122,أَبَتَ,أبت,فعَل يفعِل,I,indicative,active,3mp,1,يَأْبِتُونَ
429_122,أَبَتَ,أبت,فعَل يفعِل,I,indicative,active,3fs,1,تَأْبِتُ
429_122,أَبَتَ,أبت,فعَل يفعِل,I,indicative,active,3fd,1,تَأْبِتانِ
429_122,أَبَتَ,أبت,فعَل يفعِل,I,indicative,active,3fp,1,يَأْبِتْنَ
429_122,أَبَتَ,أبت,فعَل يفعِل,I,indicative,active,2ms,1,تَأْبِتُ
429_122,أَبَتَ,أبت,فعَل يفعِل,I,indicative,active,2d,1,تَأْبِتانِ
429_122,أَبَتَ,أبت,فعَل يفعِل,I,indicative,active,2mp,1,تَأْبِتُونَ
429_122,أَبَتَ,أبت,فعَل يفعِل,I,indicative,active,2fs,1,تَأْبِتينَ
429_122,أَبَتَ,أبت,فعَل يفعِل,I,indicative,active,2fp,1,تَأْبِتْنَ
429_122,أَبَتَ,أبت,فعَل يفعِل,I,indicative,active,1s,1,آبِتُ
429_122,أَبَتَ,أبت,فعَل يفعِل,I,indicative,active,1p,1,نَأْبِتُ
429_122,أَبَتَ,أبت,فعَل يفعِل,I,imperative,active,2ms,1,اِيْبِتْ
429_122,أَبَتَ,أبت,فعَل يفعِل,I,imperative,active,2d,1,اِيْبِتا
429_122,أَبَتَ,أبت,فعَل يفعِل,I,imperative,active,2mp,1,اِيْبِتُوا
429_122,أَبَتَ,أبت,فعَل يفعِل,I,imperative,active,2fs,1,اِيْبِتي
429_122,أَبَتَ,أبت,فعَل يفعِل,I,imperative,active,2fp,1,اِيْبِتْنَ
430_125,يَتَمَ,يتم,فعَل يفعِل,I,past,active,3ms,1,يَتَمَ
430_125,يَتَمَ,يتم,فعَل يفعِل,I,past,active,3md,1,يَتَمَا
430_125,يَتَمَ,يتم,فعَل يفعِل,I,past,active,3mp,1,يَتَمُوا
430_125,يَتَمَ,يتم,فعَل يفعِل,I,past,active,3fs,1,يَتَمَتْ
430_125,يَتَمَ,يتم,فعَل يفعِل,I,past,active,3fd,1,يَتَمَتَا
430_125,يَتَمَ,يتم,فعَل يفعِل,I,past,active,3fp,1,يَتَمْنَ
430_125,يَتَمَ,يتم,فعَل يفعِل,I,past,active,2ms,1,يَتَمْتَ
430_125,يَتَمَ,يتم,فعَل يفعِل,I,past,active,2d,1,يَتَمْتُما
430_125,يَتَمَ,يتم,فعَل يفعِل,I,past,active,2mp,1,يَتَمْتُمْ
430_125,يَتَمَ,يتم,فعَل يفعِل,I,past,active,2fs,1,يَتَمْتِ
430_125,يَتَمَ,يتم,فعَل يفعِل,I,past,active,2fp,1,يَتَمْتُنَّ
430_125,يَتَمَ,يتم,فعَل يفعِل,I,past,active,1s,1,يَتَمْتُ
430_125,يَتَمَ,يتم,فعَل يفعِل,I,past,active,1p,1,يَتَمْنا
430_125,يَتَمَ,يتم,فعَل يفعِل,I,indicative,active,3ms,1,يَيْتِمُ
430_125,يَتَمَ,يتم,فعَل يفعِل,I,indicative,active,3md,1,يَيْتِمَانِ
430_125,يَتَمَ,يتم,فعَل يفعِل,I,indicative,active,3mp,1,يَيْتِمونَ
430_125,يَتَمَ,يتم,فعَل يفعِل,I,indicative,active,3fs,1,تَيْتِمُ
430_125,يَتَمَ,يتم,فعَل يفعِل,I,indicative,active,3fd,1,تَيْتِمَانِ
430_125,يَتَمَ,يتم,فعَل يفعِل,I,indicative,active,3fp,1,يَيْتِمْنَ
430_125,يَتَمَ,يتم,فعَل يفعِل,I,indicative,active,2ms,1,تَيْتِمُ
430_125,يَتَمَ,يتم,فعَل يفعِل,I,indicative,active,2d,1,تَيْتِمَانِ
430_125,يَتَمَ,يتم,فعَل يفعِل,I,indicative,active,2mp,1,تَيْتِمونَ
430_125,يَتَمَ,يتم,فعَل يفعِل,I,indicative,active,2fs,1,تَيْتِمينَ
430_125,يَتَمَ,يتم,فعَل يفعِل,I,indicative,active,2fp,1,تَيْتِمْنَ
430_125,يَتَمَ,يتم,فعَل يفعِل,I,indicative,active,1s,1,أَيْتِمُ
430_125,يَتَمَ,يتم,فعَل يفعِل,I,indicative,active,1p,1,نَيْتِمُ
430_125,يَتَمَ,يتم,فعَل يفعِل,I,imperative,active,2ms,1,اِيْتِمْ
430_125,يَتَمَ,يتم,فعَل يفعِل,I,imperative,active,2d,1,اِيْتِمَا
430_125,يَتَمَ,يتم,فعَل يفعِل,I,imperative,active,2mp,1,اِيْتِمُوا
430_125,يَتَمَ,يتم,فعَل يفعِل,I,imperative,active,2fs,1,اِيْتِمي
430_125,يَتَمَ,يتم,فعَل يفعِل,I,imperative,active,2fp,1,اِيْتِمْنَ
431_126,جاءَ,جيأ,فعَل يفعِل,I,past,active,3ms,1,جاءَ
431_126,جاءَ,جيأ,فعَل يفعِل,I,past,active,3md,1,جاءا
431_126,جاءَ,جيأ,فعَل يفعِل,I,past,active,3mp,1,جاؤُوا
431_126,جاءَ,جيأ,فعَل يفعِل,I,past,active,3fs,1,جاءَتْ
431_126,جاءَ,جيأ,فعَل يفعِل,I,past,active,3fd,1,جاءَتا
431_126,جاءَ,جيأ,فعَل يفعِل,I,past,active,3fp,1,جِئْنَ
431_126,جاءَ,جيأ,فعَل يفعِل,I,past,active,2ms,1,جِئْتَ
431_126,جاءَ,جيأ,فعَل يفعِل,I,past,active,2d,1,جِئْتُما
431_126,جاءَ,جيأ,فعَل يفعِل,I,past,active,2mp,1,جِئْتُمْ
431_126,جاءَ,جيأ,فعَل يفعِل,I,past,active,2fs,1,جِئْتِ
431_126,جاءَ,جيأ,فعَل يفعِل,I,past,active,2fp,1,جِئْتُنَّ
431_126,جاءَ,جيأ,فعَل يفعِل,I,past,active,1s,1,جِئْتُ
431_126,جاءَ,جيأ,فعَل يفعِل,I,past,active,1p,1,جِئْنا
431_126,جاءَ,جيأ,فعَل يفعِل,I,indicative,active,3ms,1,يَجيءُ
431_126,جاءَ,جيأ,فعَل يفعِل,I,indicative,active,3fs,1,تَجيءُ
431_126,جاءَ,جيأ,فعَل يفعِل,I,indicative,active,3fd,1,تَجيئَانِ
431_126,جاءَ,جيأ,فعَل يفعِل,I,indicative,active,3fp,1,يَجِئْنَ
431_126,جاءَ,جيأ,فعَل يفعِل,I,indicative,active,2ms,1,تَجيءُ
431_126,جاءَ,جيأ,فعَل يفعِل,I,indicative,active,2d,1,تَجيئَانِ
431_126,جاءَ,جيأ,فعَل يفعِل,I,indicative,active,2mp,1,تَجيئُونَ
431_126,جاءَ,جيأ,فعَل يفعِل,I,indicative,active,2fs,1,تَجيئينَ
431_126,جاءَ,جيأ,فعَل يفعِل,I,indicative,active,2fp,1,تَجِئْنَ
431_126,جاءَ,جيأ,فعَل يفعِل,I,indicative,active,1s,1,أَجيءُ
431_126,جاءَ,جيأ,فعَل يفعِل,I,indicative,active,1p,1,نَجيءُ
431_126,جاءَ,جيأ,فعَل يفعِل,I,imperative,active,2ms,1,جِئْ
431_126,جاءَ,جيأ,فعَل يفعِل,I,imperative,active,2d,1,جيئا
431_126,جاءَ,جيأ,فعَل يفعِل,I,imperative,active,2mp,1,جيئُوا
431_126,جاءَ,جيأ,فعَل يفعِل,I,imperative,active,2fs,1,جيئي
431_126,جاءَ,جيأ,فعَل يفعِل,I,imperative,active,2fp,1,جِئْنَ
432_133,مَأَنَ,مأن,فعَل يفعَل,I,past,active,3ms,1,مَأَنَ
432_133,مَأَنَ,مأن,فعَل يفعَل,I,past,active,3md,1,مَأَنا
432_133,مَأَنَ,مأن,فعَل يفعَل,I,past,active,3mp,1,مَأَنُوا
432_133,مَأَنَ,مأن,فعَل يفعَل,I,past,active,3fs,1,مَأَنَتْ
432_133,مَأَنَ,مأن,فعَل يفعَل,I,past,active,3fd,1,مَأَنَتا
432_133,مَأَنَ,مأن,فعَل يفعَل,I,past,active,3fp,1,مَأَنَّ
432_133,مَأَنَ,مأن,فعَل يفعَل,I,past,active,2ms,1,مَأَنْتَ
432_133,مَأَنَ,مأن,فعَل يفعَل,I,past,active,2d,1,مَأَنْتُمَا
432_133,مَأَنَ,مأن,فعَل يفعَل,I,past,active,2mp,1,مَأَنْتُمْ
432_133,مَأَنَ,مأن,فعَل يفعَل,I,past,active,2fs,1,مَأَنْتِ
432_133,مَأَنَ,مأن,فعَل يفعَل,I,past,active,2fp,1,مَأَنْتُنَّ
432_133,مَأَنَ,مأن,فعَل يفعَل,I,past,active,1s,1,مَأَنْتُ
432_133,مَأَنَ,مأن,فعَل يفعَل,I,past,active,1p,1,مَأَنَّا
432_133,مَأَنَ,مأن,فعَل يفعَل,I,indicative,active,3ms,1,يَمْأَنُ
432_133,مَأَنَ,مأن,فعَل يفعَل,I,indicative,active,3md,1,يَمْأَنَانِ
432_133,مَأَنَ,مأن,فعَل يفعَل,I,indicative,active,3mp,1,يَمْأَنونَ
432_133,مَأَنَ,مأن,فعَل يفعَل,I,indicative,active,3fs,1,تَمْأَنُ
432_133,مَأَنَ,مأن,فعَل يفعَل,I,indicative,active,3fd,1,تَمْأَنَانِ
432_133,مَأَنَ,مأن,فعَل يفعَل,I,indicative,active,3fp,1,يَمْأَنَّ
432_133,مَأَنَ,مأن,فعَل يفعَل,I,indicative,active,2ms,1,تَمْأَنُ
432_133,مَأَنَ,مأن,فعَل يفعَل,I,indicative,active,2d,1,تَمْأَنَانِ
432_133,مَأَنَ,مأن,فعَل يفعَل,I,indicative,active,2mp,1,تَمْأَنونَ
432_133,مَأَنَ,مأن,فعَل يفعَل,I,indicative,active,2fs,1,تَمْأَنينَ
432_133,مَأَنَ,مأن,فعَل يفعَل,I,indicative,active,2fp,1,تَمْأَنَّ
432_133,مَأَنَ,مأن,فعَل يفعَل,I,indicative,active,1s,1,أَمْأَنُ
432_133,مَأَنَ,مأن,فعَل يفعَل,I,indicative,active,1p,1,نَمْأَنُ
432_133,مَأَنَ,مأن,فعَل يفعَل,I,imperative,active,2ms,1,اِمْأَنْ
432_133,مَأَنَ,مأن,فعَل يفعَل,I,imperative,active,2ms,2,مَنْ
432_133,مَأَنَ,مأن,فعَل يفعَل,I,imperative,active,2d,1,اِمْأَنا
432_133,مَأَنَ,مأن,فعَل يفعَل,I,imperative,active,2mp,1,اِمْأَنُوا
432_133,مَأَنَ,مأن,فعَل يفعَل,I,imperative,active,2fs,1,اِمْأَني
432_133,مَأَنَ,مأن,فعَل يفعَل,I,imperative,active,2fp,1,اِمْأَنَّ
433_136,سالَ,سول,فعَل يفعَل,I,past,active,3ms,1,سالَ
433_136,سالَ,سول,فعَل يفعَل,I,past,active,3md,1,سالا
433_136,سالَ,سول,فعَل يفعَل,I,past,active,3mp,1,سالُوا
433_136,سالَ,سول,فعَل يفعَل,I,past,active,3fs,1,سالَتْ
433_136,سالَ,سول,فعَل يفعَل,I,past,active,3fd,1,سالَتا
433_136,سالَ,سول,فعَل يفعَل,I,past,active,3fp,1,سَلْنَ
433_136,سالَ,سول,فعَل يفعَل,I,past,active,2ms,1,سَلْتَ
433_136,سالَ,سول,فعَل يفعَل,I,past,active,2d,1,سَلْتُما
433_136,سالَ,سول,فعَل يفعَل,I,past,active,2mp,1,سَلْتُمْ
433_136,سالَ,سول,فعَل يفعَل,I,past,active,2fs,1,سَلْتِ
433_136,سالَ,سول,فعَل يفعَل,I,past,active,2fp,1,سَلْتُنَّ
433_136,سالَ,سول,فعَل يفعَل,I,past,active,1s,1,سَلْتُ
433_136,سالَ,سول,فعَل يفعَل,I,past,active,1p,1,سَلْنا
433_136,سالَ,سول,فعَل يفعَل,I,indicative,active,3ms,1,يَسالُ
433_136,سالَ,سول,فعَل يفعَل,I,indicative,active,3md,1,يَسالانِ
433_136,سالَ,سول,فعَل يفعَل,I,indicative,active,3mp,1,يَسالونَ
433_136,سالَ,سول,فعَل يفعَل,I,indicative,active,3fs,1,تَسالُ
433_136,سالَ,سول,فعَل يفعَل,I,indicative,active,3fd,1,تَسالانِ
433_136,سالَ,سول,فعَل يفعَل,I,indicative,active,3fp,1,يَسَلْنَ
433_136,سالَ,سول,فعَل يفعَل,I,indicative,active,2ms,1,تَسالُ
433_136,سالَ,سول,فعَل يفعَل,I,indicative,active,2d,1,تَسالانِ
433_136,سالَ,سول,فعَل يفعَل,I,indicative,active,2mp,1,تَسالونَ
433_136,سالَ,سول,فعَل يفعَل,I,indicative,active,2fs,1,تَسالِينَ
433_136,سالَ,سول,فعَل يفعَل,I,indicative,active,2fp,1,تَسَلْنَ
433_136,سالَ,سول,فعَل يفعَل,I,indicative,active,1s,1,أَسالُ
433_136,سالَ,سول,فعَل يفعَل,I,indicative,active,1p,1,نَسالُ
433_136,سالَ,سول,فعَل يفعَل,I,imperative,active,2ms,1,سَلْ
433_136,سالَ,سول,فعَل يفعَل,I,imperative,active,2d,1,سالا
433_136,سالَ,سول,فعَل يفعَل,I,imperative,active,2mp,1,سالُوا
433_136,سالَ,سول,فعَل يفعَل,I,imperative,active,2fs,1,سالي
433_136,سالَ,سول,فعَل يفعَل,I,imperative,active,2fp,1,سَلْنَ
434_141,عَشَّ,عشش,فعَل يفعُل,I,past,active,3ms,1,عَشَّ
434_141,عَشَّ,عشش,فعَل يفعُل,I,past,active,3md,1,عَشَّا
434_141,عَشَّ,عشش,فعَل يفعُل,I,past,active,3mp,1,عَشُّوا
434_141,عَشَّ,عشش,فعَل يفعُل,I,past,active,3fs,1,عَشَّتْ
434_141,عَشَّ,عشش,فعَل يفعُل,I,past,active,3fd,1,عَشَّتا
434_141,عَشَّ,عشش,فعَل يفعُل,I,past,active,3fp,1,عَشُشْنَ
434_141,عَشَّ,عشش,فعَل يفعُل,I,past,active,2ms,1,عَشُشْتَ
434_141,عَشَّ,عشش,فعَل يفعُل,I,past,active,2d,1,عَشُشْتُما
434_141,عَشَّ,عشش,فعَل يفعُل,I,past,active,2mp,1,عَشُشْتُمْ
434_141,عَشَّ,عشش,فعَل يفعُل,I,past,active,2fs,1,عَشُشْتِ
434_141,عَشَّ,عشش,فعَل يفعُل,I,past,active,2fp,1,عَشُشْتُنَّ
434_141,عَشَّ,عشش,فعَل يفعُل,I,past,active,1s,1,عَشُشْتُ
434_141,عَشَّ,عشش,فعَل يفعُل,I,past,active,1p,1,عَشُشْنا
434_141,عَشَّ,عشش,فعَل يفعُل,I,indicative,active,3ms,1,يَعُشُّ
434_141,عَشَّ,عشش,فعَل يفعُل,I,indicative,active,3md,1,يَعُشَّانِ
434_141,عَشَّ,عشش,فعَل يفعُل,I,indicative,active,3mp,1,يَعُشُّونَ
434_141,عَشَّ,عشش,فعَل يفعُل,I,indicative,active,3fs,1,تَعُشُّ
434_141,عَشَّ,عشش,فعَل يفعُل,I,indicative,active,3fd,1,تَعُشَّانِ
434_141,عَشَّ,عشش,فعَل يفعُل,I,indicative,active,3fp,1,يَعْشُشْنَ
434_141,عَشَّ,عشش,فعَل يفعُل,I,indicative,active,2ms,1,تَعُشُّ
434_141,عَشَّ,عشش,فعَل يفعُل,I,indicative,active,2d,1,تَعُشَّانِ
434_141,عَشَّ,عشش,فعَل يفعُل,I,indicative,active,2mp,1,تَعُشُّونَ
434_141,عَشَّ,عشش,فعَل يفعُل,I,indicative,active,2fs,1,تَعُشّينَ
434_141,عَشَّ,عشش,فعَل يفعُل,I,indicative,active,2fp,1,تَعْشُشْنَ
434_141,عَشَّ,عشش,فعَل يفعُل,I,indicative,active,1s,1,أَعُشُّ
434_141,عَشَّ,عشش,فعَل يفعُل,I,indicative,active,1p,1,نَعُشُّ
434_141,عَشَّ,عشش,فعَل يفعُل,I,imperative,active,2ms,1,عُشَّ
434_141,عَشَّ,عشش,فعَل يفعُل,I,imperative,active,2ms,2,اُعْشُشْ
434_141,عَشَّ,عشش,فعَل يفعُل,I,imperative,active,2d,1,عُشَّا
434_141,عَشَّ,عشش,فعَل يفعُل,I,imperative,active,2mp,1,عُشُّوا
434_141,عَشَّ,عشش,فعَل يفعُل,I,imperative,active,2fs,1,عُشِّي
434_141,عَشَّ,عشش,فعَل يفعُل,I,imperative,active,2fp,1,اُعْشُشْنَ
435_141,فَكَّ,فكك,فعَل يفعُل,I,past,active,3ms,1,فَكَّ
435_141,فَكَّ,فكك,فعَل يفعُل,I,past,active,3md,1,فَكَّا
435_141,فَكَّ,فكك,فعَل يفعُل,I,past,active,3mp,1,فَكُّوا
435_141,فَكَّ,فكك,فعَل يفعُل,I,past,active,3fs,1,فَكَّتْ
435_141,فَكَّ,فكك,فعَل يفعُل,I,past,active,3fd,1,فَكَّتا
435_141,فَكَّ,فكك,فعَل يفعُل,I,past,active,3fp,1,فَكُكْنَ
435_141,فَكَّ,فكك,فعَل يفعُل,I,past,active,2ms,1,فَكُكْتَ
435_141,فَكَّ,فكك,فعَل يفعُل,I,past,active,2d,1,فَكُكْتُما
435_141,فَكَّ,فكك,فعَل يفعُل,I,past,active,2mp,1,فَكُكْتُمْ
435_141,فَكَّ,فكك,فعَل يفعُل,I,past,active,2fs,1,فَكُكْتِ
435_141,فَكَّ,فكك,فعَل يفعُل,I,past,active,2fp,1,فَكُكْتُنَّ
435_141,فَكَّ,فكك,فعَل يفعُل,I,past,active,1s,1,فَكُكْتُ
435_141,فَكَّ,فكك,فعَل يفعُل,I,past,active,1p,1,فَكُكْنا
435_141,فَكَّ,فكك,فعَل يفعُل,I,indicative,active,3ms,1,يَفُكُّ
435_141,فَكَّ,فكك,فعَل يفعُل,I,indicative,active,3md,1,يَفُكَّانِ
435_141,فَكَّ,فكك,فعَل يفعُل,I,indicative,active,3mp,1,يَفُكُّونَ
435_141,فَكَّ,فكك,فعَل يفعُل,I,indicative,active,3fs,1,تَفُكُّ
435_141,فَكَّ,فكك,فعَل يفعُل,I,indicative,active,3fd,1,تَفُكَّانِ
435_141,فَكَّ,فكك,فعَل يفعُل,I,indicative,active,3fp,1,يَفْكُكْنَ
435_141,فَكَّ,فكك,فعَل يفعُل,I,indicative,active,2ms,1,تَفُكُّ
435_141,فَكَّ,فكك,فعَل يفعُل,I,indicative,active,2d,1,تَفُكَّانِ
435_141,فَكَّ,فكك,فعَل يفعُل,I,indicative,active,2mp,1,تَفُكُّونَ
435_141,فَكَّ,فكك,فعَل يفعُل,I,indicative,active,2fs,1,تَفُكِّينَ
435_141,فَكَّ,فكك,فعَل يفعُل,I,indicative,active,2fp,1,تَفْكُكْنَ
435_141,فَكَّ,فكك,فعَل يفعُل,I,indicative,active,1s,1,أَفُكُّ
435_141,فَكَّ,فكك,فعَل يفعُل,I,indicative,active,1p,1,نَفُكُّ
435_141,فَكَّ,فكك,فعَل يفعُل,I,imperative,active,2ms,1,فُكَّ
435_141,فَكَّ,فكك,فعَل يفعُل,I,imperative,active,2ms,2,اُفْكُكْ
435_141,فَكَّ,فكك,فعَل يفعُل,I,imperative,active,2d,1,فُكَّا
435_141,فَكَّ,فكك,فعَل يفعُل,I,imperative,active,2mp,1,فُكُّوا
435_141,فَكَّ,فكك,فعَل يفعُل,I,imperative,active,2fs,1,فُكِّي
435_141,فَكَّ,فكك,فعَل يفعُل,I,imperative,active,2fp,1,اُفْكُكْنَ
436_153,شَئِزَ,شئز,فعِل يفعَل,I,past,active,3ms,1,شَئِزَ
436_153,شَئِزَ,شئز,فعِل يفعَل,I,past,active,3md,1,شَئِزا
436_153,شَئِزَ,شئز,فعِل يفعَل,I,past,active,3mp,1,شَئِزوا
436_153,شَئِزَ,شئز,فعِل يفعَل,I,past,active,3fs,1,شَئِزَتْ
436_153,شَئِزَ,شئز,فعِل يفعَل,I,past,active,3fd,1,شَئِزَتا
436_153,شَئِزَ,شئز,فعِل يفعَل,I,past,active,3fp,1,شَئِزْنَ
436_153,شَئِزَ,شئز,فعِل يفعَل,I,past,active,2ms,1,شَئِزْتَ
436_153,شَئِزَ,شئز,فعِل يفعَل,I,past,active,2d,1,شَئِزْتُما
436_153,شَئِزَ,شئز,فعِل يفعَل,I,past,active,2mp,1,شَئِزْتُمْ
436_153,شَئِزَ,شئز,فعِل يفعَل,I,past,active,2fs,1,شَئِزْتِ
436_153,شَئِزَ,شئز,فعِل يفعَل,I,past,active,2fp,1,شَئِزْتُنَّ
436_153,شَئِزَ,شئز,فعِل يفعَل,I,past,active,1s,1,شَئِزْتُ
436_153,شَئِزَ,شئز,فعِل يفعَل,I,past,active,1p,1,شَئِزْنا
436_153,شَئِزَ,شئز,فعِل يفعَل,I,indicative,active,3ms,1,يَشْأَزُ
436_153,شَئِزَ,شئز,فعِل يفعَل,I,indicative,active,3md,1,يَشْأَزَانِ
436_153,شَئِزَ,شئز,فعِل يفعَل,I,indicative,active,3mp,1,يَشْأَزونَ
436_153,شَئِزَ,شئز,فعِل يفعَل,I,indicative,active,3fs,1,تَشْأَزُ
436_153,شَئِزَ,شئز,فعِل يفعَل,I,indicative,active,3fd,1,تَشْأَزَانِ
436_153,شَئِزَ,شئز,فعِل يفعَل,I,indicative,active,3fp,1,يَشْأَزْنَ
436_153,شَئِزَ,شئز,فعِل يفعَل,I,indicative,active,2ms,1,تَشْأَزُ
436_153,شَئِزَ,شئز,فعِل يفعَل,I,indicative,active,2d,1,تَشْأَزَانِ
436_153,شَئِزَ,شئز,فعِل يفعَل,I,indicative,active,2mp,1,تَشْأَزونَ
436_153,شَئِزَ,شئز,فعِل يفعَل,I,indicative,active,2fs,1,تَشْأَزِينَ
436_153,شَئِزَ,شئز,فعِل يفعَل,I,indicative,active,2fp,1,تَشْأَزْنَ
436_153,شَئِزَ,شئز,فعِل يفعَل,I,indicative,active,1s,1,أَشْأَزُ
436_153,شَئِزَ,شئز,فعِل يفعَل,I,indicative,active,1p,1,نَشْأَزُ
436_153,شَئِزَ,شئز,فعِل يفعَل,I,imperative,active,2ms,1,اِشْأَزْ
436_153,شَئِزَ,شئز,فعِل يفعَل,I,imperative,active,2d,1,اِشْأَزا
436_153,شَئِزَ,شئز,فعِل يفعَل,I,imperative,active,2mp,1,اِشْأَزُوا
436_153,شَئِزَ,شئز,فعِل يفعَل,I,imperative,active,2fs,1,اِشْأَزي
436_153,شَئِزَ,شئز,فعِل يفعَل,I,imperative,active,2fp,1,اِشْأَزْنَ
437_155,وَطِئَ,وطئ,فعِل يفعَل,I,past,active,3ms,1,وَطِئَ
437_155,وَطِئَ,وطئ,فعِل يفعَل,I,past,active,3md,1,وَطِئا
437_155,وَطِئَ,وطئ,فعِل يفعَل,I,past,active,3mp,1,وَطِئُوا
437_155,وَطِئَ,وطئ,فعِل يفعَل,I,past,active,3fs,1,وَطِئَتْ
437_155,وَطِئَ,وطئ,فعِل يفعَل,I,past,active,3fd,1,وَطِئَتا
437_155,وَطِئَ,وطئ,فعِل يفعَل,I,past,active,3fp,1,وَطِئْنَ
437_155,وَطِئَ,وطئ,فعِل يفعَل,I,past,active,2ms,1,وَطِئْتَ
437_155,وَطِئَ,وطئ,فعِل يفعَل,I,past,active,2d,1,وَطِئْتُما
437_155,وَطِئَ,وطئ,فعِل يفعَل,I,past,active,2mp,1,وَطِئْتُمْ
437_155,وَطِئَ,وطئ,فعِل يفعَل,I,past,active,2fs,1,وَطِئْتِ
437_155,وَطِئَ,وطئ,فعِل يفعَل,I,past,active,2fp,1,وَطِئْتُنَّ
437_155,وَطِئَ,وطئ,فعِل يفعَل,I,past,active,1s,1,وَطِئْتُ
437_155,وَطِئَ,وطئ,فعِل يفعَل,I,past,active,1p,1,وَطِئْنا
437_155,وَطِئَ,وطئ,فعِل يفعَل,I,indicative,active,3ms,1,يَطَأُ
437_155,وَطِئَ,وطئ,فعِل يفعَل,I,indicative,active,3md,1,يَطَآنِ
437_155,وَطِئَ,وطئ,فعِل يفعَل,I,indicative,active,3mp,1,يَطَؤُونَ
437_155,وَطِئَ,وطئ,فعِل يفعَل,I,indicative,active,3fs,1,تَطَأُ
437_155,وَطِئَ,وطئ,فعِل يفعَل,I,indicative,active,3fd,1,تَطَآنِ
437_155,وَطِئَ,وطئ,فعِل يفعَل,I,indicative,active,3fp,1,يَطَأْنَ
437_155,وَطِئَ,وطئ,فعِل يفعَل,I,indicative,active,2ms,1,تَطَأُ
437_155,وَطِئَ,وطئ,فعِل يفعَل,I,indicative,active,2d,1,تَطَآنِ
437_155,وَطِئَ,وطئ,فعِل يفعَل,I,indicative,active,2mp,1,تَطَؤُونَ
437_155,وَطِئَ,وطئ,فعِل يفعَل,I,indicative,active,2fs,1,تَطَئِينَ
437_155,وَطِئَ,وطئ,فعِل يفعَل,I,indicative,active,2fp,1,تَطَأْنَ
437_155,وَطِئَ,وطئ,فعِل يفعَل,I,indicative,active,1s,1,أَطَأُ
437_155,وَطِئَ,وطئ,فعِل يفعَل,I,indicative,active,1p,1,نَطَأُ
437_155,وَطِئَ,وطئ,فعِل يفعَل,I,imperative,active,2ms,1,طَأْ
437_155,وَطِئَ,وطئ,فعِل يفعَل,I,imperative,active,2d,1,طَآ
437_155,وَطِئَ,وطئ,فعِل يفعَل,I,imperative,active,2mp,1,طَؤُوا
437_155,وَطِئَ,وطئ,فعِل يفعَل,I,imperative,active,2fs,1,طَئي
437_155,وَطِئَ,وطئ,فعِل يفعَل,I,imperative,active,2fp,1,طَأْنَ
438_206,أَوَّلَ,أول,فعّل,II,past,active,3ms,1,أَوَّلَ
438_206,أَوَّلَ,أول,فعّل,II,past,active,3md,1,أَوَّلا
438_206,أَوَّلَ,أول,فعّل,II,past,active,3mp,1,أَوَّلُوا
438_206,أَوَّلَ,أول,فعّل,II,past,active,3fs,1,أَوَّلَتْ
438_206,أَوَّلَ,أول,فعّل,II,past,active,3fd,1,أَوَّلَتا
438_206,أَوَّلَ,أول,فعّل,II,past,active,3fp,1,أَوَّلْنَ
438_206,أَوَّلَ,أول,فعّل,II,past,active,2ms,1,أَوَّلْتَ
438_206,أَوَّلَ,أول,فعّل,II,past,active,2d,1,أَوَّلْتُما
438_206,أَوَّلَ,أول,فعّل,II,past,active,2mp,1,أَوَّلْتُمْ
438_206,أَوَّلَ,أول,فعّل,II,past,active,2fs,1,أَوَّلْتِ
438_206,أَوَّلَ,أول,فعّل,II,past,active,2fp,1,أَوَّلْتُنَّ
438_206,أَوَّلَ,أول,فعّل,II,past,active,1s,1,أَوَّلْتُ
438_206,أَوَّلَ,أول,فعّل,II,past,active,1p,1,أَوَّلْنا
438_206,أَوَّلَ,أول,فعّل,II,indicative,active,3ms,1,يُؤَوِّلُ
438_206,أَوَّلَ,أول,فعّل,II,indicative,active,3md,1,يُؤَوِّلانِ
438_206,أَوَّلَ,أول,فعّل,II,indicative,active,3mp,1,يُؤَوِّلونَ
438_206,أَوَّلَ,أول,فعّل,II,indicative,active,3fs,1,تُؤَوِّلُ
438_206,أَوَّلَ,أول,فعّل,II,indicative,active,3fd,1,تُؤَوِّلانِ
438_206,أَوَّلَ,أول,فعّل,II,indicative,active,3fp,1,يُؤَوِّلْنَ
438_206,أَوَّلَ,أول,فعّل,II,indicative,active,2ms,1,تُؤَوِّلُ
438_206,أَوَّلَ,أول,فعّل,II,indicative,active,2d,1,تُؤَوِّلانِ
438_206,أَوَّلَ,أول,فعّل,II,indicative,active,2mp,1,تُؤَوِّلونَ
438_206,أَوَّلَ,أول,فعّل,II,indicative,active,2fs,1,تُؤَوِّلِينَ
438_206,أَوَّلَ,أول,فعّل,II,indicative,active,2fp,1,تُؤَوِّلْنَ
438_206,أَوَّلَ,أول,فعّل,II,indicative,active,1s,1,أُؤَوِّلُ
438_206,أَوَّلَ,أول,فعّل,II,indicative,active,1p,1,نُؤَوِّلُ
438_206,أَوَّلَ,أول,فعّل,II,imperative,active,2ms,1,أَوِّلْ
438_206,أَوَّلَ,أول,فعّل,II,imperative,active,2d,1,أَوِّلا
438_206,أَوَّلَ,أول,فعّل,II,imperative,active,2mp,1,أَوِّلُوا
438_206,أَوَّلَ,أول,فعّل,II,imperative,active,2fs,1,أَوِّلي
438_206,أَوَّلَ,أول,فعّل,II,imperative,active,2fp,1,أَوِّلْنَ
439_206,ضَوَّأَ,ضوء,فعّل,II,past,active,3ms,1,ضَوَّأَ
439_206,ضَوَّأَ,ضوء,فعّل,II,past,active,3md,1,ضَوَّآ
439_206,ضَوَّأَ,ضوء,فعّل,II,past,active,3mp,1,ضَوَّؤُوا
439_206,ضَوَّأَ,ضوء,فعّل,II,past,active,3fs,1,ضَوَّأَتْ
439_206,ضَوَّأَ,ضوء,فعّل,II,past,active,3fd,1,ضَوَّأَتا
439_206,ضَوَّأَ,ضوء,فعّل,II,past,active,3fp,1,ضَوَّأْنَ
439_206,ضَوَّأَ,ضوء,فعّل,II,past,active,2ms,1,ضَوَّأْتَ
439_206,ضَوَّأَ,ضوء,فعّل,II,past,active,2d,1,ضَوَّأْتُما
439_206,ضَوَّأَ,ضوء,فعّل,II,past,active,2mp,1,ضَوَّأْتُمْ
439_206,ضَوَّأَ,ضوء,فعّل,II,past,active,2fs,1,ضَوَّأْتِ
439_206,ضَوَّأَ,ضوء,فعّل,II,past,active,2fp,1,ضَوَّأْتُنَّ
439_206,ضَوَّأَ,ضوء,فعّل,II,past,active,1s,1,ضَوَّأْتُ
439_206,ضَوَّأَ,ضوء,فعّل,II,past,active,1p,1,ضَوَّأْنا
439_206,ضَوَّأَ,ضوء,فعّل,II,indicative,active,3ms,1,يُضَوِّئُ
439_206,ضَوَّأَ,ضوء,فعّل,II,indicative,active,3md,1,يُضَوِّئَانِ
439_206,ضَوَّأَ,ضوء,فعّل,II,indicative,active,3mp,1,يُضَوِّئُونَ
439_206,ضَوَّأَ,ضوء,فعّل,II,indicative,active,3fs,1,تُضَوِّئُ
439_206,ضَوَّأَ,ضوء,فعّل,II,indicative,active,3fd,1,تُضَوِّئَانِ
439_206,ضَوَّأَ,ضوء,فعّل,II,indicative,active,3fp,1,يُضَوِّئْنَ
439_206,ضَوَّأَ,ضوء,فعّل,II,indicative,active,2ms,1,تُضَوِّئُ
439_206,ضَوَّأَ,ضوء,فعّل,II,indicative,active,2d,1,تُضَوِّئَانِ
439_206,ضَوَّأَ,ضوء,فعّل,II,indicative,active,2mp,1,تُضَوِّئُونَ
439_206,ضَوَّأَ,ضوء,فعّل,II,indicative,active,2fs,1,تُضَوِّئِينَ
439_206,ضَوَّأَ,ضوء,فعّل,II,indicative,active,2fp,1,تُضَوِّئْنَ
439_206,ضَوَّأَ,ضوء,فعّل,II,indicative,active,1s,1,أُضَوِّئُ
439_206,ضَوَّأَ,ضوء,فعّل,II,indicative,active,1p,1,نُضَوِّئُ
439_206,ضَوَّأَ,ضوء,فعّل,II,imperative,active,2ms,1,ضَوِّئْ
439_206,ضَوَّأَ,ضوء,فعّل,II,imperative,active,2d,1,ضَوِّئَا
439_206,ضَوَّأَ,ضوء,فعّل,II,imperative,active,2mp,1,ضَوِّئُوا
439_206,ضَوَّأَ,ضوء,فعّل,II,imperative,active,2fs,1,ضَوِّئِي
439_206,ضَوَّأَ,ضوء,فعّل,II,imperative,active,2fp,1,ضَوِّئْنَ
440_211,عالَلَ,علل,فاعل,III,past,active,3ms,1,عالَلَ
440_211,عالَلَ,علل,فاعل,III,past,active,3md,1,عالَلا
440_211,عالَلَ,علل,فاعل,III,past,active,3mp,1,عالَلُوا
440_211,عالَلَ,علل,فاعل,III,past,active,3fs,1,عالَلَتْ
440_211,عالَلَ,علل,فاعل,III,past,active,3fd,1,عالَلَتَا
440_211,عالَلَ,علل,فاعل,III,past,active,3fp,1,عالَلْنَ
440_211,عالَلَ,علل,فاعل,III,past,active,2ms,1,عالَلْتَ
440_211,عالَلَ,علل,فاعل,III,past,active,2d,1,عالَلْتُما
440_211,عالَلَ,علل,فاعل,III,past,active,2mp,1,عالَلْتُمْ
440_211,عالَلَ,علل,فاعل,III,past,active,2fs,1,عالَلْتِ
440_211,عالَلَ,علل,فاعل,III,past,active,2fp,1,عالَلْتُنَّ
440_211,عالَلَ,علل,فاعل,III,past,active,1s,1,عالَلْتُ
440_211,عالَلَ,علل,فاعل,III,past,active,1p,1,عالَلْنا
440_211,عالَلَ,علل,فاعل,III,indicative,active,3ms,1,يُعالِلُ
440_211,عالَلَ,علل,فاعل,III,indicative,active,3md,1,يُعالِلانِ
440_211,عالَلَ,علل,فاعل,III,indicative,active,3mp,1,يُعالِلونَ
440_211,عالَلَ,علل,فاعل,III,indicative,active,3fs,1,تُعالِلُ
440_211,عالَلَ,علل,فاعل,III,indicative,active,3fd,1,تُعالِلانِ
440_211,عالَلَ,علل,فاعل,III,indicative,active,3fp,1,يُعالِلْنَ
440_211,عالَلَ,علل,فاعل,III,indicative,active,2ms,1,تُعالِلُ
440_211,عالَلَ,علل,فاعل,III,indicative,active,2d,1,تُعالِلانِ
440_211,عالَلَ,علل,فاعل,III,indicative,active,2mp,1,تُعالِلونَ
440_211,عالَلَ,علل,فاعل,III,indicative,active,2fs,1,تُعالِلينَ
440_211,عالَلَ,علل,فاعل,III,indicative,active,2fp,1,تُعالِلْنَ
440_211,عالَلَ,علل,فاعل,III,indicative,active,1s,1,أُعالِلُ
440_211,عالَلَ,علل,فاعل,III,indicative,active,1p,1,نُعالِلُ
440_211,عالَلَ,علل,فاعل,III,imperative,active,2ms,1,عالِلْ
440_211,عالَلَ,علل,فاعل,III,imperative,active,2d,1,عالِلا
440_211,عالَلَ,علل,فاعل,III,imperative,active,2mp,1,عالِلُوا
440_211,عالَلَ,علل,فاعل,III,imperative,active,2fs,1,عالِلي
440_211,عالَلَ,علل,فاعل,III,imperative,active,2fp,1,عالِلْنَ
441_216,ناوَأَ,نوأ,فاعل,III,past,active,3ms,1,ناوَأَ
441_216,ناوَأَ,نوأ,فاعل,III,past,active,3md,1,ناوَآ
441_216,ناوَأَ,نوأ,فاعل,III,past,active,3mp,1,ناوَؤُوا
441_216,ناوَأَ,نوأ,فاعل,III,past,active,3fs,1,ناوَأَتْ
441_216,ناوَأَ,نوأ,فاعل,III,past,active,3fd,1,ناوَأَتا
441_216,ناوَأَ,نوأ,فاعل,III,past,active,3fp,1,ناوَأْنَ
441_216,ناوَأَ,نوأ,فاعل,III,past,active,2ms,1,ناوَأْتَ
441_216,ناوَأَ,نوأ,فاعل,III,past,active,2d,1,ناوَأْتُما
441_216,ناوَأَ,نوأ,فاعل,III,past,active,2mp,1,ناوَأْتُمْ
441_216,ناوَأَ,نوأ,فاعل,III,past,active,2fs,1,ناوَأْتِ
441_216,ناوَأَ,نوأ,فاعل,III,past,active,2fp,1,ناوَأْتُنَّ
441_216,ناوَأَ,نوأ,فاعل,III,past,active,1s,1,ناوَأْتُ
441_216,ناوَأَ,نوأ,فاعل,III,past,active,1p,1,ناوَأْنا
441_216,ناوَأَ,نوأ,فاعل,III,indicative,active,3ms,1,يُناوِئُ
441_216,ناوَأَ,نوأ,فاعل,III,indicative,active,3md,1,يُناوِئَانِ
441_216,ناوَأَ,نوأ,فاعل,III,indicative,active,3mp,1,يُناوِئُونَ
441_216,ناوَأَ,نوأ,فاعل,III,indicative,active,3fs,1,تُناوِئُ
441_216,ناوَأَ,نوأ,فاعل,III,indicative,active,3fd,1,تُناوِئَانِ
441_216,ناوَأَ,نوأ,فاعل,III,indicative,active,3fp,1,يُناوِئْنَ
441_216,ناوَأَ,نوأ,فاعل,III,indicative,active,2ms,1,تُناوِئُ
441_216,ناوَأَ,نوأ,فاعل,III,indicative,active,2d,1,تُناوِئَانِ
441_216,ناوَأَ,نوأ,فاعل,III,indicative,active,2mp,1,تُناوِئُونَ
441_216,ناوَأَ,نوأ,فاعل,III,indicative,active,2fs,1,تُناوِئِينَ
441_216,ناوَأَ,نوأ,فاعل,III,indicative,active,2fp,1,تُناوِئْنَ
441_216,ناوَأَ,نوأ,فاعل,III,indicative,active,1s,1,أُناوِئُ
441_216,ناوَأَ,نوأ,فاعل,III,indicative,active,1p,1,نُناوِئُ
441_216,ناوَأَ,نوأ,فاعل,III,imperative,active,2ms,1,ناوِئْ
441_216,ناوَأَ,نوأ,فاعل,III,imperative,active,2d,1,ناوِئَا
441_216,ناوَأَ,نوأ,فاعل,III,imperative,active,2mp,1,ناوِئُوا
441_216,ناوَأَ,نوأ,فاعل,III,imperative,active,2fs,1,ناوِئِي
441_216,ناوَأَ,نوأ,فاعل,III,imperative,active,2fp,1,ناوِئْنَ
442_218,واخَى,وخي,فاعل,III,past,active,3ms,1,واخَى
442_218,واخَى,وخي,فاعل,III,past,active,3md,1,واخَيا
442_218,واخَى,وخي,فاعل,III,past,active,3mp,1,واخَوْا
442_218,واخَى,وخي,فاعل,III,past,active,3fs,1,واخَتْ
442_218,واخَى,وخي,فاعل,III,past,active,3fd,1,واخَتا
442_218,واخَى,وخي,فاعل,III,past,active,3fp,1,واخَيْنَ
442_218,واخَى,وخي,فاعل,III,past,active,2ms,1,واخَيْتَ
442_218,واخَى,وخي,فاعل,III,past,active,2d,1,واخَيْتُما
442_218,واخَى,وخي,فاعل,III,past,active,2mp,1,واخَيْتُمْ
442_218,واخَى,وخي,فاعل,III,past,active,2fs,1,واخَيْتِ
442_218,واخَى,وخي,فاعل,III,past,active,2fp,1,واخَيْتُنَّ
442_218,واخَى,وخي,فاعل,III,past,active,1s,1,واخَيْتُ
442_218,واخَى,وخي,فاعل,III,past,active,1p,1,واخَيْنَا
442_218,واخَى,وخي,فاعل,III,indicative,active,3ms,1,يواخي
442_218,واخَى,وخي,فاعل,III,indicative,active,3md,1,يُواخِيانِ
442_218,واخَى,وخي,فاعل,III,indicative,active,3mp,1,يواخونَ
442_218,واخَى,وخي,فاعل,III,indicative,active,3fs,1,تواخي
442_218,واخَى,وخي,فاعل,III,indicative,active,3fd,1,تُواخِيانِ
442_218,واخَى,وخي,فاعل,III,indicative,active,3fp,1,يُواخينَ
442_218,واخَى,وخي,فاعل,III,indicative,active,2ms,1,تواخي
442_218,واخَى,وخي,فاعل,III,indicative,active,2d,1,تُواخِيانِ
442_218,واخَى,وخي,فاعل,III,indicative,active,2mp,1,تواخونَ
442_218,واخَى,وخي,فاعل,III,indicative,active,2fs,1,تواخينَ
442_218,واخَى,وخي,فاعل,III,indicative,active,2fp,1,تُواخينَ
442_218,واخَى,وخي,فاعل,III,indicative,active,1s,1,أُواخي
442_218,واخَى,وخي,فاعل,III,indicative,active,1p,1,نُواخي
442_218,واخَى,وخي,فاعل,III,imperative,active,2ms,1,واخِ
442_218,واخَى,وخي,فاعل,III,imperative,active,2d,1,واخِيا
442_218,واخَى,وخي,فاعل,III,imperative,active,2mp,1,واخوا
442_218,واخَى,وخي,فاعل,III,imperative,active,2fs,1,واخي
442_218,واخَى,وخي,فاعل,III,imperative,active,2fp,1,واخينَ
443_223,أَثْأَرَ,ثأر,أفعل,IV,past,active,3ms,1,أَثْأَرَ
443_223,أَثْأَرَ,ثأر,أفعل,IV,past,active,3md,1,أَثْأَرَا
443_223,أَثْأَرَ,ثأر,أفعل,IV,past,active,3mp,1,أَثْأَروا
443_223,أَثْأَرَ,ثأر,أفعل,IV,past,active,3fs,1,أَثْأَرَتْ
443_223,أَثْأَرَ,ثأر,أفعل,IV,past,active,3fd,1,أَثْأَرَتَا
443_223,أَثْأَرَ,ثأر,أفعل,IV,past,active,3fp,1,أَثْأَرْنَ
443_223,أَثْأَرَ,ثأر,أفعل,IV,past,active,2ms,1,أَثْأَرْتَ
443_223,أَثْأَرَ,ثأر,أفعل,IV,past,active,2d,1,أَثْأَرْتُمَا
443_223,أَثْأَرَ,ثأر,أفعل,IV,past,active,2mp,1,أَثْأَرْتُمْ
443_223,أَثْأَرَ,ثأر,أفعل,IV,past,active,2fs,1,أَثْأَرْتِ
443_223,أَثْأَرَ,ثأر,أفعل,IV,past,active,2fp,1,أَثْأَرْتُنَّ
443_223,أَثْأَرَ,ثأر,أفعل,IV,past,active,1s,1,أَثْأَرْتُ
443_223,أَثْأَرَ,ثأر,أفعل,IV,past,active,1p,1,أَثْأَرْنا
443_223,أَثْأَرَ,ثأر,أفعل,IV,indicative,active,3ms,1,يُثْئِرُ
443_223,أَثْأَرَ,ثأر,أفعل,IV,indicative,active,3md,1,يُثْئِرانِ
443_223,أَثْأَرَ,ثأر,أفعل,IV,indicative,active,3mp,1,يُثْئِرونَ
443_223,أَثْأَرَ,ثأر,أفعل,IV,indicative,active,3fs,1,تُثْئِرُ
443_223,أَثْأَرَ,ثأر,أفعل,IV,indicative,active,3fd,1,تُثْئِرانِ
443_223,أَثْأَرَ,ثأر,أفعل,IV,indicative,active,3fp,1,يُثْئِرْنَ
443_223,أَثْأَرَ,ثأر,أفعل,IV,indicative,active,2ms,1,تُثْئِرُ
443_223,أَثْأَرَ,ثأر,أفعل,IV,indicative,active,2d,1,تُثْئِرانِ
443_223,أَثْأَرَ,ثأر,أفعل,IV,indicative,active,2mp,1,تُثْئِرونَ
443_223,أَثْأَرَ,ثأر,أفعل,IV,indicative,active,2fs,1,تُثْئِرِينَ
443_223,أَثْأَرَ,ثأر,أفعل,IV,indicative,active,2fp,1,تُثْئِرْنَ
443_223,أَثْأَرَ,ثأر,أفعل,IV,indicative,active,1s,1,أُثْئِرُ
443_223,أَثْأَرَ,ثأر,أفعل,IV,indicative,active,1p,1,نُثْئِرُ
443_223,أَثْأَرَ,ثأر,أفعل,IV,imperative,active,2ms,1,أَثْئِرْ
443_223,أَثْأَرَ,ثأر,أفعل,IV,imperative,active,2d,1,أَثْئِرَا
443_223,أَثْأَرَ,ثأر,أفعل,IV,imperative,active,2mp,1,أَثْئِروا
443_223,أَثْأَرَ,ثأر,أفعل,IV,imperative,active,2fs,1,أَثْئِري
443_223,أَثْأَرَ,ثأر,أفعل,IV,imperative,active,2fp,1,أَثْئِرْنَ
444_226,أَنْيَأَ,نيأ,أفعل,IV,past,active,3ms,1,أَنْيَأَ
444_226,أَنْيَأَ,نيأ,أفعل,IV,past,active,3md,1,أَنْيَآ
444_226,أَنْيَأَ,نيأ,أفعل,IV,past,active,3mp,1,أَنْيَؤُوا
444_226,أَنْيَأَ,نيأ,أفعل,IV,past,active,3fs,1,أَنْيَأَتْ
444_226,أَنْيَأَ,نيأ,أفعل,IV,past,active,3fd,1,أَنْيَأَتا
444_226,أَنْيَأَ,نيأ,أفعل,IV,past,active,3fp,1,أَنْيَأْنَ
444_226,أَنْيَأَ,نيأ,أفعل,IV,past,active,2ms,1,أَنْيَأْتَ
444_226,أَنْيَأَ,نيأ,أفعل,IV,past,active,2d,1,أَنْيَأْتُما
444_226,أَنْيَأَ,نيأ,أفعل,IV,past,active,2mp,1,أَنْيَأْتُمْ
444_226,أَنْيَأَ,نيأ,أفعل,IV,past,active,2fs,1,أَنْيَأْتِ
444_226,أَنْيَأَ,نيأ,أفعل,IV,past,active,2fp,1,أَنْيَأْتُنَّ
444_226,أَنْيَأَ,نيأ,أفعل,IV,past,active,1s,1,أَنْيَأْتُ
444_226,أَنْيَأَ,نيأ,أفعل,IV,past,active,1p,1,أَنْيَأْنا
444_226,أَنْيَأَ,نيأ,أفعل,IV,indicative,active,3ms,1,يُنْيِئُ
444_226,أَنْيَأَ,نيأ,أفعل,IV,indicative,active,3md,1,يُنْيِئَانِ
444_226,أَنْيَأَ,نيأ,أفعل,IV,indicative,active,3mp,1,يُنْيِئُونَ
444_226,أَنْيَأَ,نيأ,أفعل,IV,indicative,active,3fs,1,تُنْيِئُ
444_226,أَنْيَأَ,نيأ,أفعل,IV,indicative,active,3fd,1,تُنْيِئَانِ
444_226,أَنْيَأَ,نيأ,أفعل,IV,indicative,active,3fp,1,يُنْيِئْنَ
444_226,أَنْيَأَ,نيأ,أفعل,IV,indicative,active,2ms,1,تُنْيِئُ
444_226,أَنْيَأَ,نيأ,أفعل,IV,indicative,active,2d,1,تُنْيِئَانِ
444_226,أَنْيَأَ,نيأ,أفعل,IV,indicative,active,2mp,1,تُنْيِئُونَ
444_226,أَنْيَأَ,نيأ,أفعل,IV,indicative,active,2fs,1,تُنْيِئينَ
444_226,أَنْيَأَ,نيأ,أفعل,IV,indicative,active,2fp,1,تُنْيِئْنَ
444_226,أَنْيَأَ,نيأ,أفعل,IV,indicative,active,1s,1,أُنْيِئُ
444_226,أَنْيَأَ,نيأ,أفعل,IV,indicative,active,1p,1,نُنْيِئُ
444_226,أَنْيَأَ,نيأ,أفعل,IV,imperative,active,2ms,1,أَنْيِئْ
444_226,أَنْيَأَ,نيأ,أفعل,IV,imperative,active,2d,1,أَنْيِئَا
444_226,أَنْيَأَ,نيأ,أفعل,IV,imperative,active,2mp,1,أَنْيِئُوا
444_226,أَنْيَأَ,نيأ,أفعل,IV,imperative,active,2fs,1,أَنْيِئي
444_226,أَنْيَأَ,نيأ,أفعل,IV,imperative,active,2fp,1,أَنْيِئْنَ
445_227,أَرَى,رأو,أفعل,IV,past,active,3ms,1,أَرَى
445_227,أَرَى,رأو,أفعل,IV,past,active,3ms,2,أَرْأَى
445_227,أَرَى,رأو,أفعل,IV,past,active,3md,1,أَرَيَا
445_227,أَرَى,رأو,أفعل,IV,past,active,3mp,1,أَرَوْا
445_227,أَرَى,رأو,أفعل,IV,past,active,3fs,1,أَرَتْ
445_227,أَرَى,رأو,أفعل,IV,past,active,3fd,1,أَرَتَا
445_227,أَرَى,رأو,أفعل,IV,past,active,3fp,1,أَرَيْنَ
445_227,أَرَى,رأو,أفعل,IV,past,active,2ms,1,أَرَيْتَ
445_227,أَرَى,رأو,أفعل,IV,past,active,2d,1,أَرَيْتُما
445_227,أَرَى,رأو,أفعل,IV,past,active,2mp,1,أَرَيْتُمْ
445_227,أَرَى,رأو,أفعل,IV,past,active,2fs,1,أَرَيْتِ
445_227,أَرَى,رأو,أفعل,IV,past,active,2fp,1,أَرَيْتُنَّ
445_227,أَرَى,رأو,أفعل,IV,past,active,1s,1,أَرَيْتُ
445_227,أَرَى,رأو,أفعل,IV,past,active,1p,1,أَرَيْنا
445_227,أَرَى,رأو,أفعل,IV,indicative,active,3ms,1,يُرِي
445_227,أَرَى,رأو,أفعل,IV,indicative,active,3ms,2,يُرْئِي
445_227,أَرَى,رأو,أفعل,IV,indicative,active,3md,1,يُرِيانِ
445_227,أَرَى,رأو,أفعل,IV,indicative,active,3mp,1,يُرُونَ
445_227,أَرَى,رأو,أفعل,IV,indicative,active,3fs,1,تُرِي
445_227,أَرَى,رأو,أفعل,IV,indicative,active,3fd,1,تُرِيانِ
445_227,أَرَى,رأو,أفعل,IV,indicative,active,3fp,1,يُرِينَ
445_227,أَرَى,رأو,أفعل,IV,indicative,active,2ms,1,تُرِي
445_227,أَرَى,رأو,أفعل,IV,indicative,active,2d,1,تُرِيانِ
445_227,أَرَى,رأو,أفعل,IV,indicative,active,2mp,1,تُرُونَ
445_227,أَرَى,رأو,أفعل,IV,indicative,active,2fs,1,تُرِينَ
445_227,أَرَى,رأو,أفعل,IV,indicative,active,2fp,1,تُرِينَ
445_227,أَرَى,رأو,أفعل,IV,indicative,active,1s,1,أُرِي
445_227,أَرَى,رأو,أفعل,IV,indicative,active,1p,1,نُرِي
445_227,أَرَى,رأو,أفعل,IV,imperative,active,2ms,1,أَرِ
445_227,أَرَى,رأو,أفعل,IV,imperative,active,2d,1,أَرِيَا
445_227,أَرَى,رأو,أفعل,IV,imperative,active,2mp,1,أَرُوا
445_227,أَرَى,رأو,أفعل,IV,imperative,active,2fs,1,أَرِي
445_227,أَرَى,رأو,أفعل,IV,imperative,active,2fp,1,أَرِينَ
446_228,أَوْدَى,ودي,أفعل,IV,past,active,3ms,1,أَوْدَى
446_228,أَوْدَى,ودي,أفعل,IV,past,active,3md,1,أَوْدَيا
446_228,أَوْدَى,ودي,أفعل,IV,past,active,3mp,1,أَوْدَوْا
446_228,أَوْدَى,ودي,أفعل,IV,past,active,3fs,1,أَوْدَتْ
446_228,أَوْدَى,ودي,أفعل,IV,past,active,3fd,1,أَوْدَتَا
446_228,أَوْدَى,ودي,أفعل,IV,past,active,3fp,1,أَوْدَيْنَ
446_228,أَوْدَى,ودي,أفعل,IV,past,active,2ms,1,أَوْدَيْتَ
446_228,أَوْدَى,ودي,أفعل,IV,past,active,2d,1,أَوْدَيْتُما
446_228,أَوْدَى,ودي,أفعل,IV,past,active,2mp,1,أَوْدَيْتُمْ
446_228,أَوْدَى,ودي,أفعل,IV,past,active,2fs,1,أَوْدَيْتِ
446_228,أَوْدَى,ودي,أفعل,IV,past,active,2fp,1,أَوْدَيْتُنَّ
446_228,أَوْدَى,ودي,أفعل,IV,past,active,1s,1,أَوْدَيْتُ
446_228,أَوْدَى,ودي,أفعل,IV,past,active,1p,1,أَوْدَيْنا
446_228,أَوْدَى,ودي,أفعل,IV,indicative,active,3ms,1,يُوْدِي
446_228,أَوْدَى,ودي,أفعل,IV,indicative,active,3md,1,يُودِيَانِ
446_228,أَوْدَى,ودي,أفعل,IV,indicative,active,3mp,1,يُوْدُونَ
446_228,أَوْدَى,ودي,أفعل,IV,indicative,active,3fs,1,تُودِي
446_228,أَوْدَى,ودي,أفعل,IV,indicative,active,3fd,1,تُوْدِيَانِ
446_228,أَوْدَى,ودي,أفعل,IV,indicative,active,3fp,1,يُوْدِينَ
446_228,أَوْدَى,ودي,أفعل,IV,indicative,active,2ms,1,تُودِي
446_228,أَوْدَى,ودي,أفعل,IV,indicative,active,2d,1,تُودِيَانِ
446_228,أَوْدَى,ودي,أفعل,IV,indicative,active,2mp,1,تُوْدُونَ
446_228,أَوْدَى,ودي,أفعل,IV,indicative,active,2fs,1,تُوْدِينَ
446_228,أَوْدَى,ودي,أفعل,IV,indicative,active,2fp,1,تُوْدِينَ
446_228,أَوْدَى,ودي,أفعل,IV,indicative,active,1s,1,أُؤْدِي
446_228,أَوْدَى,ودي,أفعل,IV,indicative,active,1p,1,نُوْدِي
446_228,أَوْدَى,ودي,أفعل,IV,imperative,active,2ms,1,أَوْدِ
446_228,أَوْدَى,ودي,أفعل,IV,imperative,active,2d,1,أَوْدِيا
446_228,أَوْدَى,ودي,أفعل,IV,imperative,active,2mp,1,أَوْدُوا
446_228,أَوْدَى,ودي,أفعل,IV,imperative,active,2fs,1,أَوْدِي
446_228,أَوْدَى,ودي,أفعل,IV,imperative,active,2fp,1,أَوْدِيْنَ
447_246,تَآدَى,أدي,تفاعل,VI,past,active,3ms,1,تَآدَى
447_246,تَآدَى,أدي,تفاعل,VI,past,active,3md,1,تَآدَيا
447_246,تَآدَى,أدي,تفاعل,VI,past,active,3mp,1,تَآدَوْا
447_246,تَآدَى,أدي,تفاعل,VI,past,active,3fs,1,تَآدَتْ
447_246,تَآدَى,أدي,تفاعل,VI,past,active,3fd,1,تَآدَتا
447_246,تَآدَى,أدي,تفاعل,VI,past,active,3fp,1,تَآدَيْنَ
447_246,تَآدَى,أدي,تفاعل,VI,past,active,2ms,1,تَآدَيْتَ
447_246,تَآدَى,أدي,تفاعل,VI,past,active,2d,1,تَآدَيْتُما
447_246,تَآدَى,أدي,تفاعل,VI,past,active,2mp,1,تَآدَيْتُمْ
447_246,تَآدَى,أدي,تفاعل,VI,past,active,2fs,1,تَآدَيْتِ
447_246,تَآدَى,أدي,تفاعل,VI,past,active,2fp,1,تَآدَيْتُنَّ
447_246,تَآدَى,أدي,تفاعل,VI,past,active,1s,1,تَآدَيْتُ
447_246,تَآدَى,أدي,تفاعل,VI,past,active,1p,1,تَآدَيْنا
447_246,تَآدَى,أدي,تفاعل,VI,indicative,active,3ms,1,يَتَآدَى
447_246,تَآدَى,أدي,تفاعل,VI,indicative,active,3md,1,يَتَآدَيانِ
447_246,تَآدَى,أدي,تفاعل,VI,indicative,active,3mp,1,يَتَآدَوْنَ
447_246,تَآدَى,أدي,تفاعل,VI,indicative,active,3fs,1,تَتَآدَى
447_246,تَآدَى,أدي,تفاعل,VI,indicative,active,3fd,1,تَتَآدَيانِ
447_246,تَآدَى,أدي,تفاعل,VI,indicative,active,3fp,1,يَتَآدَيْنَ
447_246,تَآدَى,أدي,تفاعل,VI,indicative,active,2ms,1,تَتَآدَى
447_246,تَآدَى,أدي,تفاعل,VI,indicative,active,2d,1,تَتَآدَيانِ
447_246,تَآدَى,أدي,تفاعل,VI,indicative,active,2mp,1,تَتَآدَوْنَ
447_246,تَآدَى,أدي,تفاعل,VI,indicative,active,2fs,1,تَتَآدَيْنَ
447_246,تَآدَى,أدي,تفاعل,VI,indicative,active,2fp,1,تَتَآدَيْنَ
447_246,تَآدَى,أدي,تفاعل,VI,indicative,active,1s,1,أَتَآدَى
447_246,تَآدَى,أدي,تفاعل,VI,indicative,active,1p,1,نَتَآدَى
447_246,تَآدَى,أدي,تفاعل,VI,imperative,active,2ms,1,تَآدَ
447_246,تَآدَى,أدي,تفاعل,VI,imperative,active,2d,1,تَآدَيا
447_246,تَآدَى,أدي,تفاعل,VI,imperative,active,2mp,1,تَآدَوْا
447_246,تَآدَى,أدي,تفاعل,VI,imperative,active,2fs,1,تَآدَيْ
447_246,تَآدَى,أدي,تفاعل,VI,imperative,active,2fp,1,تَآدَيْنَ
448_247,تَراءَى,رأو,تفاعل,VI,past,active,3ms,1,تَراءَى
448_247,تَراءَى,رأو,تفاعل,VI,past,active,3md,1,تَراءَيا
448_247,تَراءَى,رأو,تفاعل,VI,past,active,3mp,1,تَراءَوْا
448_247,تَراءَى,رأو,تفاعل,VI,past,active,3fs,1,تَراءَتْ
448_247,تَراءَى,رأو,تفاعل,VI,past,active,3fd,1,تَراءَتا
448_247,تَراءَى,رأو,تفاعل,VI,past,active,3fp,1,تَراءَيْنَ
448_247,تَراءَى,رأو,تفاعل,VI,past,active,2ms,1,تَراءَيْتَ
448_247,تَراءَى,رأو,تفاعل,VI,past,active,2d,1,تَراءَيْتُما
448_247,تَراءَى,رأو,تفاعل,VI,past,active,2mp,1,تَراءَيْتُمْ
448_247,تَراءَى,رأو,تفاعل,VI,past,active,2fs,1,تَراءَيْتِ
448_247,تَراءَى,رأو,تفاعل,VI,past,active,2fp,1,تَراءَيْتُنَّ
448_247,تَراءَى,رأو,تفاعل,VI,past,active,1s,1,تَراءَيْتُ
448_247,تَراءَى,رأو,تفاعل,VI,past,active,1p,1,تَراءَيْنَا
448_247,تَراءَى,رأو,تفاعل,VI,indicative,active,3ms,1,يَتَراءَى
448_247,تَراءَى,رأو,تفاعل,VI,indicative,active,3md,1,يَتَراءَيَانِ
448_247,تَراءَى,رأو,تفاعل,VI,indicative,active,3mp,1,يَتَراءَوْنَ
448_247,تَراءَى,رأو,تفاعل,VI,indicative,active,3fs,1,تَتَراءَى
448_247,تَراءَى,رأو,تفاعل,VI,indicative,active,3fd,1,تَتَراءَيَانِ
448_247,تَراءَى,رأو,تفاعل,VI,indicative,active,3fp,1,يَتَراءَيْنَ
448_247,تَراءَى,رأو,تفاعل,VI,indicative,active,2ms,1,تَتَراءَى
448_247,تَراءَى,رأو,تفاعل,VI,indicative,active,2d,1,تَتَراءَيَانِ
448_247,تَراءَى,رأو,تفاعل,VI,indicative,active,2mp,1,تَتَراءَوْنَ
448_247,تَراءَى,رأو,تفاعل,VI,indicative,active,2fs,1,تَتَراءَيْنَ
448_247,تَراءَى,رأو,تفاعل,VI,indicative,active,2fp,1,تَتَراءَيْنَ
448_247,تَراءَى,رأو,تفاعل,VI,indicative,active,1s,1,أَتَراءَى
448_247,تَراءَى,رأو,تفاعل,VI,indicative,active,1p,1,نَتَراءَى
448_247,تَراءَى,رأو,تفاعل,VI,imperative,active,2ms,1,تَراءَ
448_247,تَراءَى,رأو,تفاعل,VI,imperative,active,2d,1,تَراءَيا
448_247,تَراءَى,رأو,تفاعل,VI,imperative,active,2mp,1,تَراءَوْا
448_247,تَراءَى,رأو,تفاعل,VI,imperative,active,2fs,1,تَراءَيْ
448_247,تَراءَى,رأو,تفاعل,VI,imperative,active,2fp,1,تَراءَيْنَ
449_247,تَشاءَى,شأو,تفاعل,VI,past,active,3ms,1,تَشاءَى
449_247,تَشاءَى,شأو,تفاعل,VI,past,active,3md,1,تَشاءَيا
449_247,تَشاءَى,شأو,تفاعل,VI,past,active,3mp,1,تَشاءَوْا
449_247,تَشاءَى,شأو,تفاعل,VI,past,active,3fs,1,تَشاءَتْ
449_247,تَشاءَى,شأو,تفاعل,VI,past,active,3fd,1,تَشاءَتا
449_247,تَشاءَى,شأو,تفاعل,VI,past,active,3fp,1,تَشاءَيْنَ
449_247,تَشاءَى,شأو,تفاعل,VI,past,active,2ms,1,تَشاءَيْتَ
449_247,تَشاءَى,شأو,تفاعل,VI,past,active,2d,1,تَشاءَيْتُما
449_247,تَشاءَى,شأو,تفاعل,VI,past,active,2mp,1,تَشاءَيْتُمْ
449_247,تَشاءَى,شأو,تفاعل,VI,past,active,2fs,1,تَشاءَيْتِ
449_247,تَشاءَى,شأو,تفاعل,VI,past,active,2fp,1,تَشاءَيْتُنَّ
449_247,تَشاءَى,شأو,تفاعل,VI,past,active,1s,1,تَشاءَيْتُ
449_247,تَشاءَى,شأو,تفاعل,VI,past,active,1p,1,تَشاءَيْنا
449_247,تَشاءَى,شأو,تفاعل,VI,indicative,active,3ms,1,يَتَشاءَى
449_247,تَشاءَى,شأو,تفاعل,VI,indicative,active,3md,1,يَتَشاءَيَانِ
449_247,تَشاءَى,شأو,تفاعل,VI,indicative,active,3mp,1,يَتَشاءَوْنَ
449_247,تَشاءَى,شأو,تفاعل,VI,indicative,active,3fs,1,تَتَشاءَى
449_247,تَشاءَى,شأو,تفاعل,VI,indicative,active,3fd,1,تَتَشاءَيَانِ
449_247,تَشاءَى,شأو,تفاعل,VI,indicative,active,3fp,1,يَتَشاءَيْنَ
449_247,تَشاءَى,شأو,تفاعل,VI,indicative,active,2ms,1,تَتَشاءَى
449_247,تَشاءَى,شأو,تفاعل,VI,indicative,active,2d,1,تَتَشاءَيَانِ
449_247,تَشاءَى,شأو,تفاعل,VI,indicative,active,2mp,1,تَتَشاءَوْنَ
449_247,تَشاءَى,شأو,تفاعل,VI,indicative,active,2fs,1,تَتَشاءَيْنَ
449_247,تَشاءَى,شأو,تفاعل,VI,indicative,active,2fp,1,تَتَشاءَيْنَ
449_247,تَشاءَى,شأو,تفاعل,VI,indicative,active,1s,1,أَتَشاءَى
449_247,تَشاءَى,شأو,تفاعل,VI,indicative,active,1p,1,نَتَشاءَى
449_247,تَشاءَى,شأو,تفاعل,VI,imperative,active,2ms,1,تَشاءَ
449_247,تَشاءَى,شأو,تفاعل,VI,imperative,active,2d,1,تَشاءَيا
449_247,تَشاءَى,شأو,تفاعل,VI,imperative,active,2mp,1,تَشاءَوْا
449_247,تَشاءَى,شأو,تفاعل,VI,imperative,active,2fs,1,تَشاءَيْ
449_247,تَشاءَى,شأو,تفاعل,VI,imperative,active,2fp,1,تَشاءَيْنَ
450_249,تَوَايَلَ,ويل,تفاعل,VI,past,active,3ms,1,تَوَايَلَ
450_249,تَوَايَلَ,ويل,تفاعل,VI,past,active,3md,1,تَوَايَلا
450_249,تَوَايَلَ,ويل,تفاعل,VI,past,active,3mp,1,تَوَايَلوا
450_249,تَوَايَلَ,ويل,تفاعل,VI,past,active,3fs,1,تَوَايَلَتْ
450_249,تَوَايَلَ,ويل,تفاعل,VI,past,active,3fd,1,تَوَايَلَتَا
450_249,تَوَايَلَ,ويل,تفاعل,VI,past,active,3fp,1,تَوَايَلْنَ
450_249,تَوَايَلَ,ويل,تفاعل,VI,past,active,2ms,1,تَوَايَلْتَ
450_249,تَوَايَلَ,ويل,تفاعل,VI,past,active,2d,1,تَوَايَلْتُما
450_249,تَوَايَلَ,ويل,تفاعل,VI,past,active,2mp,1,تَوَايَلْتُمْ
450_249,تَوَايَلَ,ويل,تفاعل,VI,past,active,2fs,1,تَوَايَلْتِ
450_249,تَوَايَلَ,ويل,تفاعل,VI,past,active,2fp,1,تَوَايَلْتُنَّ
450_249,تَوَايَلَ,ويل,تفاعل,VI,past,active,1s,1,تَوَايَلْتُ
450_249,تَوَايَلَ,ويل,تفاعل,VI,past,active,1p,1,تَوَايَلْنا
450_249,تَوَايَلَ,ويل,تفاعل,VI,indicative,active,3ms,1,يَتَوَايَلُ
450_249,تَوَايَلَ,ويل,تفاعل,VI,indicative,active,3md,1,يَتَوَايَلَانِ
450_249,تَوَايَلَ,ويل,تفاعل,VI,indicative,active,3mp,1,يَتَوَايَلونَ
450_249,تَوَايَلَ,ويل,تفاعل,VI,indicative,active,3fs,1,تَتَوَايَلُ
450_249,تَوَايَلَ,ويل,تفاعل,VI,indicative,active,3fd,1,تَتَوَايَلَانِ
450_249,تَوَايَلَ,ويل,تفاعل,VI,indicative,active,3fp,1,يَتَوَايَلْنَ
450_249,تَوَايَلَ,ويل,تفاعل,VI,indicative,active,2ms,1,تَتَوَايَلُ
450_249,تَوَايَلَ,ويل,تفاعل,VI,indicative,active,2d,1,تَتَوَايَلَانِ
450_249,تَوَايَلَ,ويل,تفاعل,VI,indicative,active,2mp,1,تَتَوَايَلونَ
450_249,تَوَايَلَ,ويل,تفاعل,VI,indicative,active,2fs,1,تَتَوَايَلِينَ
450_249,تَوَايَلَ,ويل,تفاعل,VI,indicative,active,2fp,1,تَتَوَايَلْنَ
450_249,تَوَايَلَ,ويل,تفاعل,VI,indicative,active,1s,1,أَتَوَايَلُ
450_249,تَوَايَلَ,ويل,تفاعل,VI,indicative,active,1p,1,نَتَوَايَلُ
450_249,تَوَايَلَ,ويل,تفاعل,VI,imperative,active,2ms,1,تَوَايَلْ
450_249,تَوَايَلَ,ويل,تفاعل,VI,imperative,active,2d,1,تَوَايَلا
450_249,تَوَايَلَ,ويل,تفاعل,VI,imperative,active,2mp,1,تَوَايَلوا
450_249,تَوَايَلَ,ويل,تفاعل,VI,imperative,active,2fs,1,تَوَايَلِي
450_249,تَوَايَلَ,ويل,تفاعل,VI,imperative,active,2fp,1,تَوَايَلْنَ
451_256,اِنْآدَ,أيد,انفعل,VII,past,active,3ms,1,اِنْآدَ
451_256,اِنْآدَ,أيد,انفعل,VII,past,active,3md,1,اِنْآدا
451_256,اِنْآدَ,أيد,انفعل,VII,past,active,3mp,1,اِنْآدُوا
451_256,اِنْآدَ,أيد,انفعل,VII,past,active,3fs,1,اِنْآدَتْ
451_256,اِنْآدَ,أيد,انفعل,VII,past,active,3fd,1,اِنْآدَتَا
451_256,اِنْآدَ,أيد,انفعل,VII,past,active,3fp,1,اِنْأَدْنَ
451_256,اِنْآدَ,أيد,انفعل,VII,past,active,2ms,1,اِنْأَدْتَ
451_256,اِنْآدَ,أيد,انفعل,VII,past,active,2d,1,اِنْأَدْتُما
451_256,اِنْآدَ,أيد,انفعل,VII,past,active,2mp,1,اِنْأَدْتُمْ
451_256,اِنْآدَ,أيد,انفعل,VII,past,active,2fs,1,اِنْأَدْتِ
451_256,اِنْآدَ,أيد,انفعل,VII,past,active,2fp,1,اِنْأَدْتُنَّ
451_256,اِنْآدَ,أيد,انفعل,VII,past,active,1s,1,اِنْأَدْتُ
451_256,اِنْآدَ,أيد,انفعل,VII,indicative,active,3ms,1,يَنْآدُ
451_256,اِنْآدَ,أيد,انفعل,VII,indicative,active,3md,1,يَنْآدَانِ
451_256,اِنْآدَ,أيد,انفعل,VII,indicative,active,3mp,1,يَنْآدُونَ
451_256,اِنْآدَ,أيد,انفعل,VII,indicative,active,3fs,1,تَنْآدُ
451_256,اِنْآدَ,أيد,انفعل,VII,indicative,active,3fd,1,تَنْآدَانِ
451_256,اِنْآدَ,أيد,انفعل,VII,indicative,active,2ms,1,تَنْآدُ
451_256,اِنْآدَ,أيد,انفعل,VII,indicative,active,2d,1,تَنْآدَانِ
451_256,اِنْآدَ,أيد,انفعل,VII,indicative,active,2mp,1,تَنْآدُونَ
451_256,اِنْآدَ,أيد,انفعل,VII,indicative,active,2fs,1,تَنْآدِينَ
451_256,اِنْآدَ,أيد,انفعل,VII,indicative,active,2fp,1,تَنْأَدْنَ
451_256,اِنْآدَ,أيد,انفعل,VII,indicative,active,1s,1,أَنْآدُ
451_256,اِنْآدَ,أيد,انفعل,VII,indicative,active,1p,1,نَنْآدُ
451_256,اِنْآدَ,أيد,انفعل,VII,imperative,active,2ms,1,اِنْأَدْ
451_256,اِنْآدَ,أيد,انفعل,VII,imperative,active,2d,1,اِنْآدا
451_256,اِنْآدَ,أيد,انفعل,VII,imperative,active,2mp,1,اِنْآدُوا
451_256,اِنْآدَ,أيد,انفعل,VII,imperative,active,2fs,1,اِنْآدِي
451_256,اِنْآدَ,أيد,انفعل,VII,imperative,active,2fp,1,اِنْأَدْنَ
452_263,اِرْتَأَسَ,رأس,افتعل,VIII,past,active,3ms,1,اِرْتَأَسَ
452_263,اِرْتَأَسَ,رأس,افتعل,VIII,past,active,3md,1,اِرْتَأَسا
452_263,اِرْتَأَسَ,رأس,افتعل,VIII,past,active,3mp,1,اِرْتَأَسوا
452_263,اِرْتَأَسَ,رأس,افتعل,VIII,past,active,3fs,1,اِرْتَأَسَتْ
452_263,اِرْتَأَسَ,رأس,افتعل,VIII,past,active,3fd,1,اِرْتَأَسَتا
452_263,اِرْتَأَسَ,رأس,افتعل,VIII,past,active,3fp,1,اِرْتَأَسْنَ
452_263,اِرْتَأَسَ,رأس,افتعل,VIII,past,active,2ms,1,اِرْتَأَسْتَ
452_263,اِرْتَأَسَ,رأس,افتعل,VIII,past,active,2d,1,اِرْتَأَسْتُما
452_263,اِرْتَأَسَ,رأس,افتعل,VIII,past,active,2mp,1,اِرْتَأَسْتُمْ
452_263,اِرْتَأَسَ,رأس,افتعل,VIII,past,active,2fs,1,اِرْتَأَسْتِ
452_263,اِرْتَأَسَ,رأس,افتعل,VIII,past,active,2fp,1,اِرْتَأَسْتُنَّ
452_263,اِرْتَأَسَ,رأس,افتعل,VIII,past,active,1s,1,اِرْتَأَسْتُ
452_263,اِرْتَأَسَ,رأس,افتعل,VIII,past,active,1p,1,اِرْتَأَسْنا
452_263,اِرْتَأَسَ,رأس,افتعل,VIII,indicative,active,3ms,1,يَرْتَئِسُ
452_263,اِرْتَأَسَ,رأس,افتعل,VIII,indicative,active,3md,1,يَرْتَئِسانِ
452_263,اِرْتَأَسَ,رأس,افتعل,VIII,indicative,active,3mp,1,يَرْتَئِسونَ
452_263,اِرْتَأَسَ,رأس,افتعل,VIII,indicative,active,3fs,1,تَرْتَئِسُ
452_263,اِرْتَأَسَ,رأس,افتعل,VIII,indicative,active,3fd,1,تَرْتَئِسانِ
452_263,اِرْتَأَسَ,رأس,افتعل,VIII,indicative,active,3fp,1,يَرْتَئِسْنَ
452_263,اِرْتَأَسَ,رأس,افتعل,VIII,indicative,active,2ms,1,تَرْتَئِسُ
452_263,اِرْتَأَسَ,رأس,افتعل,VIII,indicative,active,2d,1,تَرْتَئِسانِ
452_263,اِرْتَأَسَ,رأس,افتعل,VIII,indicative,active,2mp,1,تَرْتَئِسونَ
452_263,اِرْتَأَسَ,رأس,افتعل,VIII,indicative,active,2fs,1,تَرْتَئِسينَ
452_263,اِرْتَأَسَ,رأس,افتعل,VIII,indicative,active,2fp,1,تَرْتَئِسْنَ
452_263,اِرْتَأَسَ,رأس,افتعل,VIII,indicative,active,1s,1,أَرْتَئِسُ
452_263,اِرْتَأَسَ,رأس,افتعل,VIII,indicative,active,1p,1,نَرْتَئِسُ
452_263,اِرْتَأَسَ,رأس,افتعل,VIII,imperative,active,2ms,1,اِرْتَئِسْ
452_263,اِرْتَأَسَ,رأس,افتعل,VIII,imperative,active,2d,1,اِرْتَئِسا
452_263,اِرْتَأَسَ,رأس,افتعل,VIII,imperative,active,2mp,1,اِرْتَئِسوا
452_263,اِرْتَأَسَ,رأس,افتعل,VIII,imperative,active,2fs,1,اِرْتَئِسِي
452_263,اِرْتَأَسَ,رأس,افتعل,VIII,imperative,active,2fp,1,اِرْتَئِسْنَ
453_263,اِظَّأَرَ,ظأر,افتعل,VIII,past,active,3ms,1,اِظَّأَرَ
453_263,اِظَّأَرَ,ظأر,افتعل,VIII,past,active,3md,1,اِظَّأَرا
453_263,اِظَّأَرَ,ظأر,افتعل,VIII,past,active,3mp,1,اِظَّأَرُوا
453_263,اِظَّأَرَ,ظأر,افتعل,VIII,past,active,3fs,1,اِظَّأَرَتْ
453_263,اِظَّأَرَ,ظأر,افتعل,VIII,past,active,3fd,1,اِظَّأَرَتا
453_263,اِظَّأَرَ,ظأر,افتعل,VIII,past,active,3fp,1,اِظَّأَرْنَ
453_263,اِظَّأَرَ,ظأر,افتعل,VIII,past,active,2ms,1,اِظَّأَرْتَ
453_263,اِظَّأَرَ,ظأر,افتعل,VIII,past,active,2d,1,اِظَّأَرْتُما
453_263,اِظَّأَرَ,ظأر,افتعل,VIII,past,active,2mp,1,اِظَّأَرْتُمْ
453_263,اِظَّأَرَ,ظأر,افتعل,VIII,past,active,2fs,1,اِظَّأَرْتِ
453_263,اِظَّأَرَ,ظأر,افتعل,VIII,past,active,2fp,1,اِظَّأَرْتُنَّ
453_263,اِظَّأَرَ,ظأر,افتعل,VIII,past,active,1s,1,اِظَّأَرْتُ
453_263,اِظَّأَرَ,ظأر,افتعل,VIII,past,active,1p,1,اِظَّأَرْنا
453_263,اِظَّأَرَ,ظأر,افتعل,VIII,indicative,active,3ms,1,يَظَّئِرُ
453_263,اِظَّأَرَ,ظأر,افتعل,VIII,indicative,active,3md,1,يَظَّئِرانِ
453_263,اِظَّأَرَ,ظأر,افتعل,VIII,indicative,active,3mp,1,يَظَّئِرونَ
453_263,اِظَّأَرَ,ظأر,افتعل,VIII,indicative,active,3fs,1,تَظَّئِرُ
453_263,اِظَّأَرَ,ظأر,افتعل,VIII,indicative,active,3fd,1,تَظَّئِرانِ
453_263,اِظَّأَرَ,ظأر,افتعل,VIII,indicative,active,3fp,1,يَظَّئِرْنَ
453_263,اِظَّأَرَ,ظأر,افتعل,VIII,indicative,active,2ms,1,تَظَّئِرُ
453_263,اِظَّأَرَ,ظأر,افتعل,VIII,indicative,active,2d,1,تَظَّئِرانِ
453_263,اِظَّأَرَ,ظأر,افتعل,VIII,indicative,active,2mp,1,تَظَّئِرونَ
453_263,اِظَّأَرَ,ظأر,افتعل,VIII,indicative,active,2fs,1,تَظَّئِرِينَ
453_263,اِظَّأَرَ,ظأر,افتعل,VIII,indicative,active,2fp,1,تَظَّئِرْنَ
453_263,اِظَّأَرَ,ظأر,افتعل,VIII,indicative,active,1s,1,أَظَّئِرُ
453_263,اِظَّأَرَ,ظأر,افتعل,VIII,indicative,active,1p,1,نَظَّئِرُ
453_263,اِظَّأَرَ,ظأر,افتعل,VIII,imperative,active,2ms,1,اِظَّئِرْ
453_263,اِظَّأَرَ,ظأر,افتعل,VIII,imperative,active,2d,1,اِظَّئِرا
453_263,اِظَّأَرَ,ظأر,افتعل,VIII,imperative,active,2mp,1,اِظَّئِرُوا
453_263,اِظَّأَرَ,ظأر,افتعل,VIII,imperative,active,2fs,1,اِظَّئِرِي
453_263,اِظَّأَرَ,ظأر,افتعل,VIII,imperative,active,2fp,1,اِظَّئِرْنَ
454_267,اِدَّعَى,دعو,افتعل,VIII,past,active,3ms,1,اِدَّعَى
454_267,اِدَّعَى,دعو,افتعل,VIII,past,active,3md,1,اِدَّعَيا
454_267,اِدَّعَى,دعو,افتعل,VIII,past,active,3mp,1,اِدَّعَوْا
454_267,اِدَّعَى,دعو,افتعل,VIII,past,active,3fs,1,اِدَّعَتْ
454_267,اِدَّعَى,دعو,افتعل,VIII,past,active,3fd,1,اِدَّعَتا
454_267,اِدَّعَى,دعو,افتعل,VIII,past,active,3fp,1,اِدَّعَيْنَ
454_267,اِدَّعَى,دعو,افتعل,VIII,past,active,2ms,1,اِدَّعَيْتَ
454_267,اِدَّعَى,دعو,افتعل,VIII,past,active,2d,1,اِدَّعَيْتُما
454_267,اِدَّعَى,دعو,افتعل,VIII,past,active,2mp,1,اِدَّعَيْتُمْ
454_267,اِدَّعَى,دعو,افتعل,VIII,past,active,2fs,1,اِدَّعَيْتِ
454_267,اِدَّعَى,دعو,افتعل,VIII,past,active,2fp,1,اِدَّعَيْتُنَّ
454_267,اِدَّعَى,دعو,افتعل,VIII,past,active,1s,1,اِدَّعَيْتُ
454_267,اِدَّعَى,دعو,افتعل,VIII,past,active,1p,1,اِدَّعَيْنا
454_267,اِدَّعَى,دعو,افتعل,VIII,indicative,active,3ms,1,يَدَّعي
454_267,اِدَّعَى,دعو,افتعل,VIII,indicative,active,3md,1,يَدَّعِيَانِ
454_267,اِدَّعَى,دعو,افتعل,VIII,indicative,active,3mp,1,يَدَّعُونَ
454_267,اِدَّعَى,دعو,افتعل,VIII,indicative,active,3fs,1,تَدَّعي
454_267,اِدَّعَى,دعو,افتعل,VIII,indicative,active,3fd,1,تَدَّعِيَانِ
454_267,اِدَّعَى,دعو,افتعل,VIII,indicative,active,3fp,1,يَدَّعينَ
454_267,اِدَّعَى,دعو,افتعل,VIII,indicative,active,2ms,1,تَدَّعي
454_267,اِدَّعَى,دعو,افتعل,VIII,indicative,active,2d,1,تَدَّعِيَانِ
454_267,اِدَّعَى,دعو,افتعل,VIII,indicative,active,2mp,1,تَدَّعُونَ
454_267,اِدَّعَى,دعو,افتعل,VIII,indicative,active,2fs,1,تَدَّعينَ
454_267,اِدَّعَى,دعو,افتعل,VIII,indicative,active,2fp,1,تَدَّعينَ
454_267,اِدَّعَى,دعو,افتعل,VIII,indicative,active,1s,1,أَدَّعي
454_267,اِدَّعَى,دعو,افتعل,VIII,indicative,active,1p,1,نَدَّعي
454_267,اِدَّعَى,دعو,افتعل,VIII,imperative,active,2ms,1,اِدَّعِ
454_267,اِدَّعَى,دعو,افتعل,VIII,imperative,active,2d,1,اِدَّعِيا
454_267,اِدَّعَى,دعو,افتعل,VIII,imperative,active,2mp,1,اِدَّعُوا
454_267,اِدَّعَى,دعو,افتعل,VIII,imperative,active,2fs,1,اِدَّعي
454_267,اِدَّعَى,دعو,افتعل,VIII,imperative,active,2fp,1,اِدَّعينَ
455_267,اِطَّلَى,طلو,افتعل,VIII,past,active,3ms,1,اِطَّلَى
455_267,اِطَّلَى,طلو,افتعل,VIII,past,active,3md,1,اِطَّلَيا
455_267,اِطَّلَى,طلو,افتعل,VIII,past,active,3mp,1,اِطَّلَوْا
455_267,اِطَّلَى,طلو,افتعل,VIII,past,active,3fs,1,اِطَّلَتْ
455_267,اِطَّلَى,طلو,افتعل,VIII,past,active,3fd,1,اِطَّلَتا
455_267,اِطَّلَى,طلو,افتعل,VIII,past,active,3fp,1,اِطَّلَيْنَ
455_267,اِطَّلَى,طلو,افتعل,VIII,past,active,2ms,1,اِطَّلَيْتَ
455_267,اِطَّلَى,طلو,افتعل,VIII,past,active,2d,1,اِطَّلَيْتُما
455_267,اِطَّلَى,طلو,افتعل,VIII,past,active,2mp,1,اِطَّلَيْتُمْ
455_267,اِطَّلَى,طلو,افتعل,VIII,past,active,2fs,1,اِطَّلَيْتِ
455_267,اِطَّلَى,طلو,افتعل,VIII,past,active,2fp,1,اِطَّلَيْتُنَّ
455_267,اِطَّلَى,طلو,افتعل,VIII,past,active,1s,1,اِطَّلَيْتُ
455_267,اِطَّلَى,طلو,افتعل,VIII,past,active,1p,1,اِطَّلَيْنا
455_267,اِطَّلَى,طلو,افتعل,VIII,indicative,active,3ms,1,يَطَّلي
455_267,اِطَّلَى,طلو,افتعل,VIII,indicative,active,3md,1,يَطَّلِيَانِ
455_267,اِطَّلَى,طلو,افتعل,VIII,indicative,active,3mp,1,يَطَّلُونَ
455_267,اِطَّلَى,طلو,افتعل,VIII,indicative,active,3fs,1,تَطَّلي
455_267,اِطَّلَى,طلو,افتعل,VIII,indicative,active,3fd,1,تَطَّلِيَانِ
455_267,اِطَّلَى,طلو,افتعل,VIII,indicative,active,3fp,1,يَطَّلينَ
455_267,اِطَّلَى,طلو,افتعل,VIII,indicative,active,2ms,1,تَطَّلي
455_267,اِطَّلَى,طلو,افتعل,VIII,indicative,active,2d,1,تَطَّلِيَانِ
455_267,اِطَّلَى,طلو,افتعل,VIII,indicative,active,2mp,1,تَطَّلُونَ
455_267,اِطَّلَى,طلو,افتعل,VIII,indicative,active,2fs,1,تَطَّلِينَ
455_267,اِطَّلَى,طلو,افتعل,VIII,indicative,active,2fp,1,تَطَّلينَ
455_267,اِطَّلَى,طلو,افتعل,VIII,indicative,active,1s,1,أَطَّلي
455_267,اِطَّلَى,طلو,افتعل,VIII,indicative,active,1p,1,نَطَّلي
455_267,اِطَّلَى,طلو,افتعل,VIII,imperative,active,2ms,1,اِطَّلِ
455_267,اِطَّلَى,طلو,افتعل,VIII,imperative,active,2d,1,اِطَّلِيا
455_267,اِطَّلَى,طلو,افتعل,VIII,imperative,active,2mp,1,اِطَّلُوا
455_267,اِطَّلَى,طلو,افتعل,VIII,imperative,active,2fs,1,اِطَّلي
455_267,اِطَّلَى,طلو,افتعل,VIII,imperative,active,2fp,1,اِطَّلينَ
456_268,اِتَّدَى,ودي,افتعل,VIII,past,active,3ms,1,اِتَّدَى
456_268,اِتَّدَى,ودي,افتعل,VIII,past,active,3md,1,اِتَّدَيا
456_268,اِتَّدَى,ودي,افتعل,VIII,past,active,3mp,1,اِتَّدَوْا
456_268,اِتَّدَى,ودي,افتعل,VIII,past,active,3fs,1,اِتَّدَتْ
456_268,اِتَّدَى,ودي,افتعل,VIII,past,active,3fd,1,اِتَّدَتَا
456_268,اِتَّدَى,ودي,افتعل,VIII,past,active,3fp,1,اِتَّدَيْنَ
456_268,اِتَّدَى,ودي,افتعل,VIII,past,active,2ms,1,اِتَّدَيْتَ
456_268,اِتَّدَى,ودي,افتعل,VIII,past,active,2d,1,اِتَّدَيْتُما
456_268,اِتَّدَى,ودي,افتعل,VIII,past,active,2mp,1,اِتَّدَيْتُمْ
456_268,اِتَّدَى,ودي,افتعل,VIII,past,active,2fs,1,اِتَّدَيْتِ
456_268,اِتَّدَى,ودي,افتعل,VIII,past,active,2fp,1,اِتَّدَيْتُنَّ
456_268,اِتَّدَى,ودي,افتعل,VIII,past,active,1s,1,اِتَّدَيْتُ
456_268,اِتَّدَى,ودي,افتعل,VIII,past,active,1p,1,اِتَّدَيْنا
456_268,اِتَّدَى,ودي,افتعل,VIII,indicative,active,3ms,1,يَتَّدِي
456_268,اِتَّدَى,ودي,افتعل,VIII,indicative,active,3md,1,يَتَّدِيانِ
456_268,اِتَّدَى,ودي,افتعل,VIII,indicative,active,3mp,1,يَتَّدونَ
456_268,اِتَّدَى,ودي,افتعل,VIII,indicative,active,3fs,1,تَتَّدِي
456_268,اِتَّدَى,ودي,افتعل,VIII,indicative,active,3fd,1,تَتَّدِيانِ
456_268,اِتَّدَى,ودي,افتعل,VIII,indicative,active,2ms,1,تَتَّدِي
456_268,اِتَّدَى,ودي,افتعل,VIII,indicative,active,2d,1,تَتَّدِيانِ
456_268,اِتَّدَى,ودي,افتعل,VIII,indicative,active,2mp,1,تَتَّدونَ
456_268,اِتَّدَى,ودي,افتعل,VIII,indicative,active,2fs,1,تَتَّدينَ
456_268,اِتَّدَى,ودي,افتعل,VIII,indicative,active,2fp,1,تَتَّدِينَ
456_268,اِتَّدَى,ودي,افتعل,VIII,indicative,active,1s,1,أَتَّدِي
456_268,اِتَّدَى,ودي,افتعل,VIII,indicative,active,1p,1,نَتَّدِي
456_268,اِتَّدَى,ودي,افتعل,VIII,imperative,active,2ms,1,اِتَّدِ
456_268,اِتَّدَى,ودي,افتعل,VIII,imperative,active,2d,1,اِتَّدِيا
456_268,اِتَّدَى,ودي,افتعل,VIII,imperative,active,2mp,1,اِتَّدوا
456_268,اِتَّدَى,ودي,افتعل,VIII,imperative,active,2fs,1,اِتَّدي
456_268,اِتَّدَى,ودي,افتعل,VIII,imperative,active,2fp,1,اِتَّدِينَ
457_297,اِعْمايَّ,عمي,افعالّ,XI,past,active,3ms,1,اِعْمايَّ
457_297,اِعْمايَّ,عمي,افعالّ,XI,past,active,3md,1,اِعْمايَّا
457_297,اِعْمايَّ,عمي,افعالّ,XI,past,active,3mp,1,اِعْمايُّوا
457_297,اِعْمايَّ,عمي,افعالّ,XI,past,active,3fs,1,اِعْمايَّتْ
457_297,اِعْمايَّ,عمي,افعالّ,XI,past,active,3fd,1,اِعْمايَّتا
457_297,اِعْمايَّ,عمي,افعالّ,XI,past,active,3fp,1,اِعْمايَيْنَ
457_297,اِعْمايَّ,عمي,افعالّ,XI,past,active,2ms,1,اِعْمايَيْتَ
457_297,اِعْمايَّ,عمي,افعالّ,XI,past,active,2d,1,اِعْمايَيْتُما
457_297,اِعْمايَّ,عمي,افعالّ,XI,past,active,2mp,1,اِعْمايَيْتُمْ
457_297,اِعْمايَّ,عمي,افعالّ,XI,past,active,2fs,1,اِعْمايَيْتِ
457_297,اِعْمايَّ,عمي,افعالّ,XI,past,active,2fp,1,اِعْمايَيْتُنَّ
457_297,اِعْمايَّ,عمي,افعالّ,XI,past,active,1s,1,اِعْمايَيْتُ
457_297,اِعْمايَّ,عمي,افعالّ,XI,past,active,1p,1,اِعْمايَيْنَا
457_297,اِعْمايَّ,عمي,افعالّ,XI,indicative,active,3ms,1,يَعْمايُّ
457_297,اِعْمايَّ,عمي,افعالّ,XI,indicative,active,3md,1,يَعْمايَّانِ
457_297,اِعْمايَّ,عمي,افعالّ,XI,indicative,active,3mp,1,يَعْمايُّونَ
457_297,اِعْمايَّ,عمي,افعالّ,XI,indicative,active,3fs,1,تَعْمايُّ
457_297,اِعْمايَّ,عمي,افعالّ,XI,indicative,active,3fd,1,تَعْمايَّانِ
457_297,اِعْمايَّ,عمي,افعالّ,XI,indicative,active,3fp,1,يَعْمايِيْنَ
457_297,اِعْمايَّ,عمي,افعالّ,XI,indicative,active,2ms,1,تَعْمايُّ
457_297,اِعْمايَّ,عمي,افعالّ,XI,indicative,active,2d,1,تَعْمايَّانِ
457_297,اِعْمايَّ,عمي,افعالّ,XI,indicative,active,2mp,1,تَعْمايُّونَ
457_297,اِعْمايَّ,عمي,افعالّ,XI,indicative,active,2fs,1,تَعْمايِّينَ
457_297,اِعْمايَّ,عمي,افعالّ,XI,indicative,active,2fp,1,تَعْمايِيْنَ
457_297,اِعْمايَّ,عمي,افعالّ,XI,indicative,active,1s,1,أَعْمايُّ
457_297,اِعْمايَّ,عمي,افعالّ,XI,indicative,active,1p,1,نَعْمايُّ
457_297,اِعْمايَّ,عمي,افعالّ,XI,imperative,active,2ms,1,اِعْمايَّ
457_297,اِعْمايَّ,عمي,افعالّ,XI,imperative,active,2d,1,اِعْمايَّا
457_297,اِعْمايَّ,عمي,افعالّ,XI,imperative,active,2mp,1,اِعْمايُّوا
457_297,اِعْمايَّ,عمي,افعالّ,XI,imperative,active,2fs,1,اِعْمايِّيْ
457_297,اِعْمايَّ,عمي,افعالّ,XI,imperative,active,2fp,1,اِعْمايِيْنَ
458_311,زَأْزَأَ,زأزأ,فعلل,Iq,past,active,3ms,1,زَأْزَأَ
458_311,زَأْزَأَ,زأزأ,فعلل,Iq,past,active,3md,1,زَأْزَآ
458_311,زَأْزَأَ,زأزأ,فعلل,Iq,past,active,3mp,1,زَأْزَؤُوا
458_311,زَأْزَأَ,زأزأ,فعلل,Iq,past,active,3fs,1,زَأْزَأَتْ
458_311,زَأْزَأَ,زأزأ,فعلل,Iq,past,active,3fd,1,زَأْزَأَتا
458_311,زَأْزَأَ,زأزأ,فعلل,Iq,past,active,3fp,1,زَأْزَأْنَ
458_311,زَأْزَأَ,زأزأ,فعلل,Iq,past,active,2ms,1,زَأْزَأْتَ
458_311,زَأْزَأَ,زأزأ,فعلل,Iq,past,active,2d,1,زَأْزَأْتُما
458_311,زَأْزَأَ,زأزأ,فعلل,Iq,past,active,2mp,1,زَأْزَأْتُمْ
458_311,زَأْزَأَ,زأزأ,فعلل,Iq,past,active,2fs,1,زَأْزَأْتِ
458_311,زَأْزَأَ,زأزأ,فعلل,Iq,past,active,2fp,1,زَأْزَأْتُنَّ
458_311,زَأْزَأَ,زأزأ,فعلل,Iq,past,active,1s,1,زَأْزَأْتُ
458_311,زَأْزَأَ,زأزأ,فعلل,Iq,past,active,1p,1,زَأْزَأْنا
458_311,زَأْزَأَ,زأزأ,فعلل,Iq,indicative,active,3ms,1,يُزَأْزِئُ
458_311,زَأْزَأَ,زأزأ,فعلل,Iq,indicative,active,3md,1,يُزَأْزِئَانِ
458_311,زَأْزَأَ,زأزأ,فعلل,Iq,indicative,active,3mp,1,يُزَأْزِئُونَ
458_311,زَأْزَأَ,زأزأ,فعلل,Iq,indicative,active,3fs,1,تُزَأْزِئُ
458_311,زَأْزَأَ,زأزأ,فعلل,Iq,indicative,active,3fd,1,تُزَأْزِئَانِ
458_311,زَأْزَأَ,زأزأ,فعلل,Iq,indicative,active,3fp,1,يُزَأْزِئْنَ
458_311,زَأْزَأَ,زأزأ,فعلل,Iq,indicative,active,2ms,1,تُزَأْزِئُ
458_311,زَأْزَأَ,زأزأ,فعلل,Iq,indicative,active,2d,1,تُزَأْزِئَانِ
458_311,زَأْزَأَ,زأزأ,فعلل,Iq,indicative,active,2mp,1,تُزَأْزِئُونَ
458_311,زَأْزَأَ,زأزأ,فعلل,Iq,indicative,active,2fs,1,تُزَأْزِئِينَ
458_311,زَأْزَأَ,زأزأ,فعلل,Iq,indicative,active,2fp,1,تُزَأْزِئْنَ
458_311,زَأْزَأَ,زأزأ,فعلل,Iq,indicative,active,1s,1,أُزَأْزِئُ
458_311,زَأْزَأَ,زأزأ,فعلل,Iq,indicative,active,1p,1,نُزَأْزِئُ
458_311,زَأْزَأَ,زأزأ,فعلل,Iq,imperative,active,2ms,1,زَأْزِئْ
458_311,زَأْزَأَ,زأزأ,فعلل,Iq,imperative,active,2d,1,زَأْزِئَا
458_311,زَأْزَأَ,زأزأ,فعلل,Iq,imperative,active,2mp,1,زَأْزِئُوا
458_311,زَأْزَأَ,زأزأ,فعلل,Iq,imperative,active,2fs,1,زَأْزِئِي
458_311,زَأْزَأَ,زأزأ,فعلل,Iq,imperative,active,2fp,1,زَأْزِئْنَ
459_313,ثَأْلَلَ,ثألل,فعلل,Iq,past,active,3ms,1,ثَأْلَلَ
459_313,ثَأْلَلَ,ثألل,فعلل,Iq,past,active,3md,1,ثَأْلَلا
459_313,ثَأْلَلَ,ثألل,فعلل,Iq,past,active,3mp,1,ثَأْلَلوا
459_313,ثَأْلَلَ,ثألل,فعلل,Iq,past,active,3fs,1,ثَأْلَلَتْ
459_313,ثَأْلَلَ,ثألل,فعلل,Iq,past,active,3fd,1,ثَأْلَلَتا
459_313,ثَأْلَلَ,ثألل,فعلل,Iq,past,active,3fp,1,ثَأْلَلْنَ
459_313,ثَأْلَلَ,ثألل,فعلل,Iq,past,active,2ms,1,ثَأْلَلْتَ
459_313,ثَأْلَلَ,ثألل,فعلل,Iq,past,active,2d,1,ثَأْلَلْتُما
459_313,ثَأْلَلَ,ثألل,فعلل,Iq,past,active,2mp,1,ثَأْلَلْتُمْ
459_313,ثَأْلَلَ,ثألل,فعلل,Iq,past,active,2fs,1,ثَأْلَلْتِ
459_313,ثَأْلَلَ,ثألل,فعلل,Iq,past,active,2fp,1,ثَأْلَلْتُنَّ
459_313,ثَأْلَلَ,ثألل,فعلل,Iq,past,active,1s,1,ثَأْلَلْتُ
459_313,ثَأْلَلَ,ثألل,فعلل,Iq,past,active,1p,1,ثَأْلَلْنا
459_313,ثَأْلَلَ,ثألل,فعلل,Iq,indicative,active,3ms,1,يُثَأْلِلُ
459_313,ثَأْلَلَ,ثألل,فعلل,Iq,indicative,active,3md,1,يُثَأْلِلانِ
459_313,ثَأْلَلَ,ثألل,فعلل,Iq,indicative,active,3mp,1,يُثَأْلِلونَ
459_313,ثَأْلَلَ,ثألل,فعلل,Iq,indicative,active,3fs,1,تُثَأْلِلُ
459_313,ثَأْلَلَ,ثألل,فعلل,Iq,indicative,active,3fd,1,تُثَأْلِلانِ
459_313,ثَأْلَلَ,ثألل,فعلل,Iq,indicative,active,3fp,1,يُثَأْلِلْنَ
459_313,ثَأْلَلَ,ثألل,فعلل,Iq,indicative,active,2ms,1,تُثَأْلِلُ
459_313,ثَأْلَلَ,ثألل,فعلل,Iq,indicative,active,2d,1,تُثَأْلِلانِ
459_313,ثَأْلَلَ,ثألل,فعلل,Iq,indicative,active,2mp,1,تُثَأْلِلونَ
459_313,ثَأْلَلَ,ثألل,فعلل,Iq,indicative,active,2fs,1,تُثَأْلِلينَ
459_313,ثَأْلَلَ,ثألل,فعلل,Iq,indicative,active,2fp,1,تُثَأْلِلْنَ
459_313,ثَأْلَلَ,ثألل,فعلل,Iq,indicative,active,1s,1,أُثَأْلِلُ
459_313,ثَأْلَلَ,ثألل,فعلل,Iq,indicative,active,1p,1,نُثَأْلِلُ
459_313,ثَأْلَلَ,ثألل,فعلل,Iq,imperative,active,2ms,1,ثَأْلِلْ
459_313,ثَأْلَلَ,ثألل,فعلل,Iq,imperative,active,2d,1,ثَأْلِلا
459_313,ثَأْلَلَ,ثألل,فعلل,Iq,imperative,active,2mp,1,ثَأْلِلوا
459_313,ثَأْلَلَ,ثألل,فعلل,Iq,imperative,active,2fs,1,ثَأْلِلي
459_313,ثَأْلَلَ,ثألل,فعلل,Iq,imperative,active,2fp,1,ثَأْلِلْنَ
460_430,اِزْلَحَفَّ,زلحف,افعللّ,IVq,past,active,3ms,1,اِزْلَحَفَّ
460_430,اِزْلَحَفَّ,زلحف,افعللّ,IVq,past,active,3md,1,اِزْلَحَفَّا
460_430,اِزْلَحَفَّ,زلحف,افعللّ,IVq,past,active,3mp,1,اِزْلَحَفُّوا
460_430,اِزْلَحَفَّ,زلحف,افعللّ,IVq,past,active,3fs,1,اِزْلَحَفَّتْ
460_430,اِزْلَحَفَّ,زلحف,افعللّ,IVq,past,active,3fd,1,اِزْلَحَفَّتا
460_430,اِزْلَحَفَّ,زلحف,افعللّ,IVq,past,active,3fp,1,اِزْلَحْفَفْنَ
460_430,اِزْلَحَفَّ,زلحف,افعللّ,IVq,past,active,2ms,1,اِزْلَحْفَفْتَ
460_430,اِزْلَحَفَّ,زلحف,افعللّ,IVq,past,active,2d,1,اِزْلَحْفَفْتُما
460_430,اِزْلَحَفَّ,زلحف,افعللّ,IVq,past,active,2mp,1,اِزْلَحْفَفْتُمْ
460_430,اِزْلَحَفَّ,زلحف,افعللّ,IVq,past,active,2fs,1,اِزْلَحْفَفْتِ
460_430,اِزْلَحَفَّ,زلحف,افعللّ,IVq,past,active,2fp,1,اِزْلَحْفَفْتُنَّ
460_430,اِزْلَحَفَّ,زلحف,افعللّ,IVq,past,active,1s,1,اِزْلَحْفَفْتُ
460_430,اِزْلَحَفَّ,زلحف,افعللّ,IVq,past,active,1p,1,اِزْلَحْفَفْنَا
460_430,اِزْلَحَفَّ,زلحف,افعللّ,IVq,indicative,active,3ms,1,يَزْلَحِفُّ
460_430,اِزْلَحَفَّ,زلحف,افعللّ,IVq,indicative,active,3md,1,يَزْلَحِفَّانِ
460_430,اِزْلَحَفَّ,زلحف,افعللّ,IVq,indicative,active,3mp,1,يَزْلَحِفُّونَ
460_430,اِزْلَحَفَّ,زلحف,افعللّ,IVq,indicative,active,3fs,1,تَزْلَحِفُّ
460_430,اِزْلَحَفَّ,زلحف,افعللّ,IVq,indicative,active,3fd,1,تَزْلَحِفَّانِ
460_430,اِزْلَحَفَّ,زلحف,افعللّ,IVq,indicative,active,3fp,1,يَزْلَحْفِفْنَ
460_430,اِزْلَحَفَّ,زلحف,افعللّ,IVq,indicative,active,2ms,1,تَزْلَحِفُّ
460_430,اِزْلَحَفَّ,زلحف,افعللّ,IVq,indicative,active,2d,1,تَزْلَحِفَّانِ
460_430,اِزْلَحَفَّ,زلحف,افعللّ,IVq,indicative,active,2mp,1,تَزْلَحِفُّونَ
460_430,اِزْلَحَفَّ,زلحف,افعللّ,IVq,indicative,active,2fs,1,تَزْلَحِفّينَ
460_430,اِزْلَحَفَّ,زلحف,افعللّ,IVq,indicative,active,2fp,1,تَزْلَحْفِفْنَ
460_430,اِزْلَحَفَّ,زلحف,افعللّ,IVq,indicative,active,1s,1,أَزْلَحِفُّ
460_430,اِزْلَحَفَّ,زلحف,افعللّ,IVq,indicative,active,1p,1,نَزْلَحِفُّ
460_430,اِزْلَحَفَّ,زلحف,افعللّ,IVq,imperative,active,2ms,1,اِزْلَحْفِفْ
460_430,اِزْلَحَفَّ,زلحف,افعللّ,IVq,imperative,active,2d,1,اِزْلَحِفَّا
460_430,اِزْلَحَفَّ,زلحف,افعللّ,IVq,imperative,active,2mp,1,اِزْلَحِفُّوا
460_430,اِزْلَحَفَّ,زلحف,افعللّ,IVq,imperative,active,2fs,1,اِزْلَحِفِّي
460_430,اِزْلَحَفَّ,زلحف,افعللّ,IVq,imperative,active,2fp,1,اِزْلَحْفِفْنَ
461_137,رَأَى,رأي,فعَل يفعَل,I,past,active,3ms,1,رَأَى
461_137,رَأَى,رأي,فعَل يفعَل,I,past,active,3md,1,رَأَيَا
461_137,رَأَى,رأي,فعَل يفعَل,I,past,active,3mp,1,رَأَوْا
461_137,رَأَى,رأي,فعَل يفعَل,I,past,active,3fs,1,رَأَتْ
461_137,رَأَى,رأي,فعَل يفعَل,I,past,active,3fd,1,رَأَتَا
461_137,رَأَى,رأي,فعَل يفعَل,I,past,active,3fp,1,رَأَيْنَ
461_137,رَأَى,رأي,فعَل يفعَل,I,past,active,2ms,1,رَأَيْتَ
461_137,رَأَى,رأي,فعَل يفعَل,I,past,active,2d,1,رَأَيْتُمَا
461_137,رَأَى,رأي,فعَل يفعَل,I,past,active,2mp,1,رَأَيْتُمْ
461_137,رَأَى,رأي,فعَل يفعَل,I,past,active,2fs,1,رَأَيْتِ
461_137,رَأَى,رأي,فعَل يفعَل,I,past,active,2fp,1,رَأَيْتُنَّ
461_137,رَأَى,رأي,فعَل يفعَل,I,past,active,1s,1,رَأَيْتُ
461_137,رَأَى,رأي,فعَل يفعَل,I,past,active,1p,1,رَأَيْنَا
461_137,رَأَى,رأي,فعَل يفعَل,I,indicative,active,3ms,1,يَرَى
461_137,رَأَى,رأي,فعَل يفعَل,I,indicative,active,3ms,2,يَرْأَى
461_137,رَأَى,رأي,فعَل يفعَل,I,indicative,active,3md,1,يَرَيَانِ
461_137,رَأَى,رأي,فعَل يفعَل,I,indicative,active,3mp,1,يَرَوْنَ
461_137,رَأَى,رأي,فعَل يفعَل,I,indicative,active,3fs,1,تَرَى
461_137,رَأَى,رأي,فعَل يفعَل,I,indicative,active,3fs,2,تَرْأَى
461_137,رَأَى,رأي,فعَل يفعَل,I,indicative,active,3fd,1,تَرَيَانِ
461_137,رَأَى,رأي,فعَل يفعَل,I,indicative,active,3fp,1,يَرَيْنَ
461_137,رَأَى,رأي,فعَل يفعَل,I,indicative,active,2ms,1,تَرَى
461_137,رَأَى,رأي,فعَل يفعَل,I,indicative,active,2ms,2,تَرْأَى
461_137,رَأَى,رأي,فعَل يفعَل,I,indicative,active,2d,1,تَرَيَانِ
461_137,رَأَى,رأي,فعَل يفعَل,I,indicative,active,2mp,1,تَرَوْنَ
461_137,رَأَى,رأي,فعَل يفعَل,I,indicative,active,2fs,1,تَرَيْنَ
461_137,رَأَى,رأي,فعَل يفعَل,I,indicative,active,2fp,1,تَرَيْنَ
461_137,رَأَى,رأي,فعَل يفعَل,I,indicative,active,1s,1,أَرَى
461_137,رَأَى,رأي,فعَل يفعَل,I,indicative,active,1p,1,نَرَى
461_137,رَأَى,رأي,فعَل يفعَل,I,imperative,active,2ms,1,رَ
461_137,رَأَى,رأي,فعَل يفعَل,I,imperative,active,2d,1,رَيَا
461_137,رَأَى,رأي,فعَل يفعَل,I,imperative,active,2mp,1,رَوْا
461_137,رَأَى,رأي,فعَل يفعَل,I,imperative,active,2fs,1,رَيْ
461_137,رَأَى,رأي,فعَل يفعَل,I,imperative,active,2fp,1,رَيْنَ
462_165,يَبِسَ,يبس,فعِل يفعِل,I,past,active,3ms,1,يَبِسَ
462_165,يَبِسَ,يبس,فعِل يفعِل,I,past,active,3md,1,يَبِسَا
462_165,يَبِسَ,يبس,فعِل يفعِل,I,past,active,3mp,1,يَبِسُوا
462_165,يَبِسَ,يبس,فعِل يفعِل,I,past,active,3fs,1,يَبِسَتْ
462_165,يَبِسَ,يبس,فعِل يفعِل,I,past,active,3fd,1,يَبِسَتَا
462_165,يَبِسَ,يبس,فعِل يفعِل,I,past,active,3fp,1,يَبِسْنَ
462_165,يَبِسَ,يبس,فعِل يفعِل,I,past,active,2ms,1,يَبِسْتَ
462_165,يَبِسَ,يبس,فعِل يفعِل,I,past,active,2d,1,يَبِسْتُمَا
462_165,يَبِسَ,يبس,فعِل يفعِل,I,past,active,2mp,1,يَبِسْتُمْ
462_165,يَبِسَ,يبس,فعِل يفعِل,I,past,active,2fs,1,يَبِسْتِ
462_165,يَبِسَ,يبس,فعِل يفعِل,I,past,active,2fp,1,يَبِسْتُنَّ
462_165,يَبِسَ,يبس,فعِل يفعِل,I,past,active,1s,1,يَبِسْتُ
462_165,يَبِسَ,يبس,فعِل يفعِل,I,past,active,1p,1,يَبِسْنَا
462_165,يَبِسَ,يبس,فعِل يفعِل,I,indicative,active,3ms,1,يَيْبِسُ
462_165,يَبِسَ,يبس,فعِل يفعِل,I,indicative,active,3md,1,يَيْبِسَانِ
462_165,يَبِسَ,يبس,فعِل يفعِل,I,indicative,active,3mp,1,يَيْبِسُونَ
462_165,يَبِسَ,يبس,فعِل يفعِل,I,indicative,active,3fs,1,تَيْبِسُ
462_165,يَبِسَ,يبس,فعِل يفعِل,I,indicative,active,3fd,1,تَيْبِسَانِ
462_165,يَبِسَ,يبس,فعِل يفعِل,I,indicative,active,3fp,1,يَيْبِسْنَ
462_165,يَبِسَ,يبس,فعِل يفعِل,I,indicative,active,2ms,1,تَيْبِسُ
462_165,يَبِسَ,يبس,فعِل يفعِل,I,indicative,active,2d,1,تَيْبِسَانِ
462_165,يَبِسَ,يبس,فعِل يفعِل,I,indicative,active,2mp,1,تَيْبِسُونَ
462_165,يَبِسَ,يبس,فعِل يفعِل,I,indicative,active,2fs,1,تَيْبِسِينَ
462_165,يَبِسَ,يبس,فعِل يفعِل,I,indicative,active,2fp,1,تَيْبِسْنَ
462_165,يَبِسَ,يبس,فعِل يفعِل,I,indicative,active,1s,1,أَيْبِسُ
462_165,يَبِسَ,يبس,فعِل يفعِل,I,indicative,active,1p,1,نَيْبِسُ
462_165,يَبِسَ,يبس,فعِل يفعِل,I,imperative,active,2ms,1,اِيْبِسْ
462_165,يَبِسَ,يبس,فعِل يفعِل,I,imperative,active,2d,1,اِيْبِسَا
462_165,يَبِسَ,يبس,فعِل يفعِل,I,imperative,active,2mp,1,اِيْبِسُوا
462_165,يَبِسَ,يبس,فعِل يفعِل,I,imperative,active,2fs,1,اِيْبِسِي
462_165,يَبِسَ,يبس,فعِل يفعِل,I,imperative,active,2fp,1,اِيْبِسْنَ
